8503164475714,0011011111
7308164099532,1011111100
8608191734249,1110111101
5109271729176,1011000000
8301282159349,1111011101
8312173786146,1100100100
6407231513838,0110001000
5210192721628,0111010111
7312201419259,1001110010
8508262225990,0101000010
5705253373968,1011011001
7109234307365,1111011010
5909194006504,1110011101
8603202057559,0001101100
6904222248070,0111010101
6808204334950,0001010110
8711203896707,0011110101
7408024224735,0000101011
7302083564228,1111000101
7811073773428,1010011100
9302153142595,1011110101
8607231240711,0110100101
8809272895267,1011110010
5502233602810,1101001000
7903052967470,1100010011
8107081748332,1010111101
8911121015002,1110000011
6903283271454,1001001000
6210033130735,0011000000
5610262098897,0110001101
6607144022259,1011011111
5909252485507,0100101100
6811022427590,1010101001
9105201305418,1110001010
9810131306911,1110000111
5809244756340,1100000001
9005164050064,1101011010
9804164513757,1010001000
5610212160746,1001001111
6603121137164,1101110110
5511131732097,0101100010
7212133222474,1000000001
5910133397616,0111001111
9411262925863,1010101110
9212242536416,1100011100
5309081023523,0111101001
5305212919004,0110111001
6203204547033,1011011111
9501111891233,1111010011
8305154510578,1110100000
9705042711137,1010100011
8710253065693,0101001100
6503251754977,0110101101
8305013566066,1010011101
9707072557905,0001101100
9304224163694,1001010101
9405161113013,1000100011
5803184977819,1101000000
5311232993010,1110110011
8404134265217,1101111101
9803232599934,0110010010
6312042211364,0010111100
8202052986313,1010111111
6908022670680,1110100111
8906223736175,0000001000
5408042228385,0100011110
5902172979532,0111011101
6801034520882,1101000100
8801271792054,1000111011
7305051913139,1110010110
7802264559658,1111101111
8704163699698,0110101000
9005243085692,1100100101
5312183599439,0101001100
6908192299343,0110111111
7108014424955,1001011110
7810122179246,1101111111
9406081407993,0100101010
9104194557963,1101111000
7502191846448,0011001110
9905202645935,1100111010
9908233488111,0011001011
9306233990111,1100110000
7211251148457,0100001100
6511203469391,1000001110
8404034911331,0010111000
7105134246373,0000010011
7006041847028,0001110101
7003152579713,1111010111
6804263805780,0101011100
9803262375557,0011101100
9904112981237,1100100000
9605182931962,1110101011
8911262901607,0000111000
7710092163811,1001101101
6601061357131,1111100100
9411273973716,0001111001
5311213734763,1101011010
8505103339869,1101101011
7701161369408,1011111010
5804152940582,1110100111
5711073678261,1001111111
5407201276632,0110010001
5601034635544,0001011001
5004014994858,1000101001
7102251583486,1111011101
8606143835022,0100000110
7203261570415,0100010110
9410204540330,0001100100
9801232999903,1101010101
5203041787688,0101001001
6505152609132,0010000010
5201092411990,0010100101
6505233255658,0010000101
6002011973738,0001000101
8604281239531,1011100011
9105253524838,0101010001
6611023539916,1011001010
8301053223224,1011001111
6206162083578,1001000110
8011154129930,0101110111
6812114521264,1000011011
6002024660715,1110010110
6307042371769,1011010101
8303082040597,0100010000
9710044893665,1000101101
8305223087616,0000010001
7505034561802,1010000100
8512192458948,0101100101
9007174122805,0101001011
6903143347157,0111001100
6209242273105,1101011010
6905223042455,0111000101
7203121835202,1101010111
7410051799245,0101010110
8206022032163,0010110010
8809023601190,1110111100
6101122818999,1000011100
8106254511950,0010111110
7704274450564,0001110110
5504112785922,1001001110
9804223827125,1001010000
8607084285798,1101100111
5301071574235,0010100011
7612094891167,1001000111
8510202839592,0111000000
5806083775477,0011101010
6201224611338,0101111001
5208062209799,1011011000
5708281628637,1001100011
5107134634032,1010010110
5901132146297,0110101011
7702074957163,1101001101
5104163478590,0000010110
7411203509050,0100110100
6408263101580,0110001001
7001202912276,0010001001
9405061148902,1000000110
9709191416283,0011111010
7405251214817,0100011110
9308283441145,1110110001
5405052726772,0111000010
9602071024498,1001000000
8110173144518,1111100000
5807182142917,0010000111
7411183128552,0111111110
8312131455093,0110101011
8310124312005,0100111101
8803152184403,0011100100
9305104291741,0000001100
5902032718166,0000001001
5404271479161,0001111100
6003172372124,0011001001
7001284788515,1000111011
5304202404743,0011000100
9506133167854,0001101001
8708134022966,0111010100
5902121381882,1110101010
8706033624740,0110110101
7207154360371,1001001010
6002044030461,1110100111
5902153363163,1110111111
7609052797616,0010001011
7605043973673,0110011100
6602094029971,0111000110
9002101025250,1100110101
9712183189137,1000011000
9712144040097,0010101011
6303271399129,0111010001
7602283001606,1101111010
8202012743550,0101010101
9206061139328,1000101000
6609083084445,1010000110
5203141314217,0001110010
7301011852469,0111011110
7705232850527,1001001001
8206182595889,0000101100
7812272682105,1100101010
5308011818805,1100101011
8906222438316,1010110101
6411011265346,0001110100
6802063593721,1011111100
7211101474928,0100000000
7206131486608,0110100011
9002173830009,1111101001
6811033138947,1110010110
9712022424632,1111000100
6101102070801,0010000100
8204141185777,0111010001
5606261739576,1100000110
8501192288727,1110001001
6903091604877,1111010101
5611101528827,0111010010
6502193067090,0111111100
9812111731217,1001011100
5312122218377,0110001011
7807084239697,0000111001
8502183620643,0000110110
6403131019617,1001100010
6807202130298,0110110101
6011162474963,0001101111
5412284930799,1011000011
7910281054165,1101011000
7603171269150,1000111110
5206131861468,0101100001
5202112461672,1111101011
7102213069197,1111011100
7907113864141,0101100111
7511252083750,0111010111
6604124057888,1011111111
7107012818890,1101101101
9010224241961,0001011010
9112193106769,1101110101
5308093923598,1100101010
9805132051366,1000111001
8904111817050,0011111110
5106072482409,0000110001
9204124927878,1101001111
9903032757588,0101100110
7009101609842,1100101100
9309222725254,0000011000
9106092709379,1110000011
8610111637206,0110010110
8210202124226,1001010010
7604233349956,1001101001
9507243841386,0101110100
8904032904947,1100111011
8703272605087,1000111110
6510141585902,0010100001
7507282324132,1001101111
6910161714714,0010100100
6509222786277,1011110101
7003203936271,0000101100
7403154807564,1100111111
5206183165961,1010100010
6505274232297,1111011111
5507014217665,0011010011
8602263470437,1110111000
6806184491047,1111011010
7907043225621,0100101111
6810102506973,0110010001
8602051451286,0110011010
8403034075209,1111001101
8002053549475,0111000110
9609181103273,0010001101
9511084170321,0011000100
9310234128810,0111110010
7107111904233,0101110100
9806191347953,0011000110
7205263401829,0000010011
8707132377202,1100101100
7312031465018,1101011101
9808214519723,1101001011
7605161848332,1001111010
8001044938582,1101100000
5707172312304,0100011101
9902164692970,1000001010
5412263265882,1100111110
8410124832551,1000101100
5810112064331,0000001001
8411111943375,0110111011
7605104173911,1010110110
9605162500315,0000011000
8505273042489,1000100011
7907212886129,1001100101
9003104104476,1100110001
8708043340279,1000011000
9111261303627,0100011110
5609023734306,1110100001
7306013322370,1000100101
6107154057895,0000101001
8009164688927,1101110111
9807283246946,1110011110
8004062218298,1010011011
7409231946546,1001011010
5612281684950,0000010001
8107161147654,0011101100
6107171603270,1101101101
8204184467801,1111111000
9304191291143,0010001001
6602163995468,1111001101
7105192885827,0100001110
5111031099085,0100011100
7504231588065,0000100001
8012153011246,1110000101
5412053713626,1011011110
5310123900852,0100000111
5711261532495,0001101110
8512062106183,0001110111
7808271142388,0000111010
9710073370694,1111111111
7101191835778,1011100100
7712134776426,1110001010
8301281324039,0000011001
8207101173142,0111010110
9203011586722,0011011001
7102221199821,0001000110
7108243738988,1010100010
8611232104618,1100000011
9209042904290,0011110110
5702174565380,1100110011
6712203297199,0111010110
8811021705480,1011010110
9612083536828,0011011101
9803161396814,1000101110
9404104592723,1001101011
7506123138466,1010110101
5204224232062,1111111000
5201232287221,0011111110
5202272297695,1101110100
8105172403709,1100100111
5912233217640,0101010100
8205024820756,0100100110
8604021652850,1101001001
8212031590091,0011011001
8012054923199,1111010010
8211121626936,0111111100
6710014138138,0100010101
9009192567595,0011110011
8401213179834,0011100001
9501064839989,0001101011
6203071613957,1001000110
9303034258588,1101001100
5703134421231,1110110111
6411274570655,0000111011
6806213327244,0111100001
5401141840843,0110010011
8707274008679,1001100110
8503021779422,1101110111
9105273386175,1111011001
7302042866951,1000011111
5607113179987,0001101001
9803144079001,1101010000
6702142859992,0101111011
6510044035402,1100001000
6801021597849,0100110101
8607142209643,0011010110
8806211148994,0001101110
6603181220723,0110111011
9511222065448,1001001010
9109081376777,1111010100
7708213584618,0000110110
8506011937640,0110011110
6902222757014,0011001101
7612011913794,1011110011
7511211121806,1100011011
6302084665926,0110101111
8806111654485,1111100011
6203184426330,0011001101
7503012804718,1110100000
6507213394009,0110110001
9010212183889,0010011100
5001091261407,1000000110
9611092187181,1001101111
5310024358804,1110100100
7904042792724,0011101010
8802041843775,0000011000
9108103923831,0011101010
8104283066020,1000110101
5911044412291,0111111011
9607223093151,0111010110
8902201441368,0110001001
8504122992384,0111100111
9610061165021,0111101010
8903084425453,1000100100
7101133011657,0010001111
5701103016615,0010010101
6204024782199,0110011001
9312042831840,0000001000
8506191523198,1001011001
9105143304873,0010110110
7508161997040,1100010011
7302212786915,0001011100
8009162959849,0010111110
9108223934275,1101010111
8407054096305,0010110101
9506181559079,1110111011
5902151234308,0110110000
9904114407061,0101111000
7503164980706,0100101000
5304183040645,0000011101
5211084393099,1001000011
9904111388535,1100010010
5007214829480,1011111000
8210223618824,0110011010
9411234598447,1010000011
6303264557714,0001110101
9005262367738,0011000100
8912281462044,0101001101
8905282157307,0010101101
5810024537914,1110001000
9001023094573,0100101100
7110273866171,1000101001
9007113028938,1000100101
9307012576126,1101011000
5412032090794,0011110000
8809232340174,1100111101
9309232761355,1110001011
6708221864649,1000101101
9503133542883,0010011100
7601183977947,1011110000
5912223623097,1101000010
5011053228436,0000011110
8712162685824,1110011000
9401062479343,1001101111
5506284270201,1001010010
5910284279915,0000011101
5603243660511,0011000010
7102204297922,1000101011
7009204015582,1010111100
7809233092192,0111111010
5002233859719,1011100010
9309051353506,0000010110
7806263132517,1110110111
8509093371257,0001100111
6911023080000,1100001111
8608171147971,1010101101
6112094527222,0001010101
6608282152777,1000010100
6907021078639,1011010000
5102034030155,1101111000
5303201309947,0100011001
8306272922127,0010011100
7411174102114,0001000010
6412043213967,0000011000
6409223077789,0101010011
8009084159426,1000000011
9002053084563,0000110101
7907144650642,0100000101
6603022208984,0010011101
8805121419535,1011000101
8002263160182,0100001111
7504182230607,1011011000
8401221091107,0100010000
5004072811197,0111110000
9602272033921,1010011100
5207122390180,1100111100
6710271380641,1001001000
7803272647582,1110001011
6004224081419,1110110000
8510012935577,1001010011
9609024388031,0001111101
8708072688332,0101001111
5103063113070,0110011101
5112281714495,1010111111
7801163344744,0001010101
7604062521695,0101010110
8306171650437,0101111100
5202281195622,0101000100
8606024414246,0101000111
7701014842931,0001101110
6602063231764,0101100010
9001214690052,0001101101
8201073180155,1010111010
6511121719896,1110111010
5805172013071,1100010011
5801071638083,0000010010
8308173922623,0101111111
8301223319112,1101000000
9211274399274,1110110010
5006062719525,0001100111
7908143157967,1110101100
5106023861576,1101110100
9910021303668,1010100100
6008041519167,1000110000
5512052769098,0110110001
9312124049732,1101001111
7008204510039,1101110001
8710111420939,1000010011
7112162975512,1000101110
6905163462354,0101011011
8207182350913,0111100100
9603221303090,0111010001
8004113762122,1100000101
8808094030950,0011111000
8502062352073,1011011100
6507013318191,0100101010
7501134202122,0100100110
7907022686296,0111000100
7509252027751,0001000110
9810214220662,0110010011
7506081028657,1000000111
9808133271242,0101111101
5710104031140,0001111001
8009094065488,0101100011
6802012621803,0100001000
9608194781575,0000101011
8002031193051,0110010100
5903144444358,0011100100
9707162629848,0001011000
5205251168846,0100011011
9401271119843,1100000101
8208043873290,0000110110
6202271855030,0100100101
7507012791897,1010110011
7105151638001,0000000011
5711274751030,1011010101
9603264041716,0000010001
9908181224697,0000110110
7901233217380,1001001000
9312212927847,1100011100
9607161953498,1000101100
5510173810358,0100010111
9907104741047,1001101101
6504072303945,0110100100
5804113236858,1001110011
7502262293359,1111011100
9905052170623,0101011011
8403224801308,1100011101
6705271018878,1110110100
5204241487836,0110000111
9707023748314,1000010110
7308213472232,0001000101
9011123751812,0111101001
6506073096124,0011100101
6609254505477,0011011000
8701111782934,1010010010
7808051758033,0010011010
9510233764189,0010100001
9105253842374,0111011000
9902053429232,0110100010
5905034206346,0111100000
7108053708902,0100010100
8901203639212,0010101101
5109233871150,1111111110
8912143455635,0100011100
9107232179419,1110100000
5408081961918,0110011010
5212051587412,1101000010
7408023906754,0111001101
8905283851621,1101010100
9506264625309,1111001110
7209153917954,0101000111
7906102964933,0100110111
6409081977235,1011111111
7111221889237,1101001011
6202282693002,0010101011
8008232700159,1110000011
9804014749621,0101110111
6302233219099,1100111011
5112143618169,0111010000
5201134475076,0001110101
5306134249821,1111101000
5904094073654,0000010100
7105022170992,0011100011
8205011943752,1110111000
7404042834194,0001100000
6107243396571,0001001010
7605182088620,1111100111
6612012934117,1010101011
9707213541456,0100100111
7001211625799,1010101110
7303191604160,1001111110
5110213174751,0000001100
9002214829733,1110100000
9005204781877,0001010010
5212244479890,0001001111
9707112237961,0111010011
8007221025989,1101100111
8710051344537,0110010010
8602221108148,1010001101
7207162121259,1001100101
6209182760365,0100001111
8511131846099,1110010011
8802252245330,1100110111
7102212419202,1001010100
8010054259233,1001001010
9209104554592,0100110001
6004171630786,0110111010
7809043480664,1110010101
5803012935928,0001001000
9405164128247,0011011110
7708201895512,1001110011
5504283622794,1010010001
9710162738636,0110101011
7005202556335,1110100010
5812012967459,1001100110
9101082565925,1111001000
9706031415163,1110010011
6505131588599,1001001100
7105251816385,1011101111
6112013079819,0110110101
6802191333276,1010010111
5602044670805,1011111010
8502074381537,0101001111
5411093911995,0001111100
9810081635628,1001100111
7307041017301,1000010000
5708122238546,0000111000
7502101521416,0101001100
5508142344642,0000000100
6906034935173,0111000101
7908051201196,0011111111
6005121157433,1100111001
9104011035911,0011111011
5309281786211,0101101010
5404212994592,0011001011
9810222566634,1100000011
7303114516525,1010101011
8401093984728,1011010101
6701254326267,1011010100
6209271027994,1010000000
7408182354062,0111010111
7205153188059,0101111100
7002262749315,0110110111
7410212439323,1110111110
9211224275906,0010111100
7710143075236,0000001000
8507282104228,0100111010
9601284789396,0101100001
9011122829021,0101101110
9701152653167,0101010001
5708213228307,0110011011
7902243126403,1100000111
8308044538065,0110000010
5508064388910,1010011011
9204242506081,0011100000
5301234251746,1101001100
6104221409453,1101111110
8103202143785,0110111100
7005153421241,0011110110
5011102887771,0000110000
6606134366112,0011011001
8806041663337,0011011101
6601171775513,1000111111
7512082318061,0010110110
8412152569373,0110010101
5301022448626,1010110110
6712044342938,0010110100
5906074373141,0011001100
8706204916042,0011111011
8103164571793,0100011110
6602124037790,0011011000
7908164914415,1011110011
7008102331247,0001001111
9805151776685,0000110101
6505264148470,0001110000
7907193171122,0110111000
8901143429956,1111100010
6003212148954,0111110111
6209273906521,0011001001
9906093947006,1011011101
5501092480163,0111101111
8501191084257,1100010011
5902014865294,0100101001
7202211529355,0111010010
9206243458978,1010101011
9102262460779,1000110011
8808061567206,1000010110
6612031913286,1001011111
7504061692425,0100110100
6905042621213,1001011110
9509283870693,1101100111
9610041458533,0101000001
5110274263489,1011011111
8707134717700,1001010011
8502044121764,1101110011
8106104876561,1100011100
6204232528824,0010100011
7208162305914,0000101010
8501071147764,0111110011
6110234783554,0111010100
9406262856122,1000111100
7504232542826,0010110000
5402214493915,0011100110
6412161105537,0001100011
8205201664412,0010111001
8505091274724,0101101010
9208262558408,1000001100
7207253961204,1110101001
7511224941131,1011001101
8002123309918,0010110101
5711223067263,1110111111
7203084646348,0111000010
7005221320284,1100010010
6605254627662,0100000101
7311181183689,0110000001
8304174107329,1011010011
5206191624367,0011000111
6303152520450,1011000001
5712093477120,1111111110
8606021979345,0011110101
9002103909658,1000001110
7504101454373,1010000110
6607054164084,0010111100
9209044417060,1110101101
9812082492045,0000010100
8808161134213,1101011111
9403092857549,1101101101
5705032529961,1011101110
7303103965293,0111011010
9610063310441,1110110100
8610231694287,0000100100
6510112156791,0011010100
6912063276444,0011000011
9511111011553,0110011011
8905032683680,0111001011
5206024624423,0100000001
9106251375020,0010001000
7109164065979,0000111100
7505053720239,1011010100
6902224751836,1100101110
5311141893425,1011100101
7108021419821,1100011000
7209173867875,0001100101
5302174559374,1111101001
5208201727933,0011011010
8309233304405,0110001011
8708204976656,0111001010
9103221895717,0010000101
5305051783236,0000000111
7301114385776,0100010000
9612054088328,1000001111
9905181592849,1101000111
9808011975713,0100100110
7907271295578,0001000010
6901221203577,1100001111
8503041992628,0010001000
9810223642540,0101100000
8304162082722,1100101001
5301121854590,1101110111
8405262202289,1100011001
7512083479790,1001010101
9812263072818,0101101011
7409251196947,1100010011
9004041961885,0101001100
7312021620984,0010010101
5209133039487,0000011000
8412084630249,0010010100
7306243463452,0101100101
6512082528188,0111010111
5109172447055,1001000010
8711141169801,0100011011
9208014037702,0110010101
6506114074671,1001101001
6511134057354,1000000000
6402113242277,1110010101
6305042175946,1101101100
8109043422888,0010000100
6107133040419,1111011110
7407013961647,0110010000
7109242758413,0111000001
7801053009616,0001000000
6704094689813,1111010111
5512054526619,0110100110
9402253326700,1001000011
9310031935785,1101010001
7206143730464,0101100110
5503221930564,0010110101
5602022401562,0010001100
9401202740327,0101111011
9308142729318,0001001101
9008263481699,0111011101
5803202817006,0101101111
9312053773746,0001001000
5605153954287,0110011000
5308084771136,1110110000
9901263846514,1100010111
6204232866152,0010001110
6910072725906,1101010101
7007021028779,0000010010
7908252114243,1011101000
9410284478406,1011111000
7309242823490,0101101101
9705241671536,0100010110
6405174607053,1110000101
5812204638586,1001000010
5709232902899,0111010100
8205084835277,0001000000
7906193847941,0111111010
5410024999908,0110111010
7108222547600,1100100101
5210043381941,0000100011
5511042425575,0101000000
5009041911660,1100110111
9911201202353,0101111000
7912264019799,0100110010
8412094959126,0011011111
6503253081929,0100001001
8211134942828,1100111010
9402251460472,1100000110
9702052951363,0010101000
8411081569410,1110010110
8304094421199,1011101100
5403044150729,0001111010
5201152853889,0110111111
7705224027750,0010111110
6911013392201,0110101101
5402282140191,1111100110
9708012821278,1001000101
6004152006369,0000000011
6610112383539,1010000101
5709024869879,0101111000
6705283201509,1111110101
9609154010515,1000101010
5606113031044,0101001011
7205091560374,1000000110
9411024813562,1001110100
6408113214280,0111111100
8008071036662,1111000111
6603141104162,1100100110
6706264267502,0001011101
8404271492838,1001111000
9311194435905,1101001011
6412241228950,1111001101
9602014096357,0110001101
9702072875127,1000001000
5507154938552,0101110100
5002053194867,1111110110
7912112576275,0000111101
7908264316234,1111111100
5410192970785,1110111010
5707222630906,0100010100
5202131760277,0011011101
8202274805101,0110101011
8805204780390,1110011110
7110182777591,0111100111
9204211021478,0001011101
8501274182067,1100111111
6703221920621,1100001010
5010043365113,1000000100
7007081424354,1001001100
5004021122494,0100100101
9607193243500,1111011111
5206263837424,0110110100
7812072461184,0010111111
6711284415600,1011100110
6301272723392,0111011111
9509161327596,1101110011
6110164411331,1001000001
5312042497545,0111101111
9010012205356,0111010010
7107172602206,0101111001
8203123624764,1100010000
8605101086285,0100101110
9007023984774,1001010000
7711144083567,0101100010
9001244646429,0000111100
5809123198887,1110011011
6306241639082,1111111001
5902082918537,0001011101
7306102146690,1000111000
7209261764654,1001110000
8404141824723,0100000100
5408092562885,0011011010
7107113841360,0001010110
7103242542820,0111010010
6605042284317,0111011111
5610172325038,1000110010
9711024789096,1111101010
8607044474737,1001001110
7001263507271,0100011001
5305141891496,0010000100
6606263516542,0001011000
6904024561372,1000110010
7910222248877,0000000110
7601182282698,1111111001
5102141108109,1000000110
6503272670455,0010010011
8507033211695,1111111110
6005131512343,0000100010
6105263022385,1001000100
5210114526187,0110001000
7001014360175,1111110100
7412182379662,1001011011
8805113076118,0000101110
7806011377855,1010110110
6308192994112,1101010101
9206071380361,1000101100
8612041627779,0010011110
6010141797363,1000101011
6309082143316,1111110000
7407124192741,1101011000
5901163204053,1111111001
5807053252151,1111000001
7712151416612,1000111110
6409163309141,1011011100
9109122597768,0001101111
9402152135827,0010001100
6608021397682,1010110000
6302183271151,0011111101
6702123864631,0010111010
9307081145047,1010111001
5908033780045,0000100010
8101261450607,0011111001
9002274447909,1101101101
6610131532946,1010000111
7901062738235,0000101101
9509051605889,0011100111
8603273443643,0011110011
9101052403497,1011110001
9107162346524,1100101111
5907171216092,0101100111
9612112923444,1010010010
6411274422940,0011001110
6110013003444,1011111000
6604111500702,0110001000
7012122027245,0011111011
6210234427473,1011101011
8410103854420,1100011110
8709232962742,1111101010
8606043595500,1010000000
6409262836454,1110011101
6008012487037,0011111111
8109024273661,1011000111
6008243008299,1111100001
5607241251172,1111011110
7008182417471,1111001111
7706173846952,1011111111
6303122241794,1011010000
9005133188889,0010110100
6005034876344,0010111101
8212202177253,1110101101
7302012659459,1100010010
5506111174628,1011001101
9501041872346,0111010010
9912132239915,1101110110
6307124400509,0101110111
6808123334555,1000110010
9804251653393,0100100100
9511163760549,0011110000
7311194863187,0001100111
8705273343717,1000101100
5904161564697,0110010101
7502173700314,1100001000
8510051928159,0100111010
6806062607697,1011011000
9606273272902,1101101001
5512261456743,1010011001
9604213185965,0110000111
7102044370392,1111100100
5203141917451,1110001100
6105272905732,1101010110
5101111554769,0110001010
6003062624256,0010011101
8407193098361,1001011011
8406013333865,1110011000
5911091403867,1111101000
5405183702588,1111110100
5108261529011,0011101001
7812084658324,1111111111
9410043011294,0100010101
5611241683829,0011000111
9007171230179,1110011000
8402094233252,0110110011
5201131668113,1000011111
7402254108654,0010001011
5004254613225,0100011010
7010123752324,1110111101
7905282418872,0011011101
5502053467985,0101001111
5011202517328,0000111000
6707182535215,0011001101
5810052002103,1111101010
5612072671366,0100011100
8307241750350,0101100110
9710074926221,0001100011
7907111159470,0001010010
5711074410960,1111111110
5904012763583,1111101101
8901252050551,0101000000
6006234673941,0111111010
6211051468267,1001110011
5002133326680,1011011000
8309244357580,1100111101
8304212581257,1011000111
7109282766663,0001010100
8703164718781,1111000111
7507154545147,0111000000
8604283319515,0010110011
5305143405834,1101100100
6001234206850,1011110100
9503104809613,0001000000
8007013464144,0100111100
9605023514943,0111111100
9403153890226,0010000010
7106131399709,1000110111
6811091539404,0111000011
7401264950397,0111110101
7306032445045,1001100000
5604223634344,0010011111
7011201784641,1001111111
8503194384440,1100111100
7412094899995,1110101110
7401244508248,0101010101
7801214155469,0110110010
7806244895505,0001000010
5012052478947,0101110110
7406064141684,1110011001
9803153139200,1010010110
5501162026648,0010100000
6508272960204,1000100101
6608201880756,1101010111
5311111615207,1101101011
9502251699805,0000111010
9411263112309,0000110011
9705233489877,1111101100
8205222480208,0101111000
5304192024049,1001000001
7808283077791,1100000100
7808014052244,0110000111
6406052293439,0010100101
8501222443012,1001111110
6202204262695,1101000011
7603161818030,0111011110
8806222172481,1011111111
7105253245387,1010000110
5807084253832,1110010111
5205073160483,1110100010
8902143391827,1111110100
8906043084790,1000101001
9110063518600,0100101000
7005131070700,1001010001
9309272990249,0010001000
7602202639088,0111001011
5105073045590,1101001011
8802193132575,1101111110
5405254002163,0010011110
7011254648223,1001100011
6201241598342,1110010000
7812101367911,0111110110
5604224546206,1111101100
9410254135147,0010010001
8811071078393,1110110010
6901032370356,1111010001
9509031560520,0010100101
5807282948435,1010011010
6201133082776,0000111110
6307211820643,1011101101
7408023916309,1110010001
7008053598649,1111011111
5012013432268,0101001010
7106213003757,0001101010
9303142303995,0001011101
8412203613806,0100010101
8707253840182,1001001111
6207042995803,1111001000
7803133609723,0100010000
5503194490243,0011010111
7905093778508,0101001011
8708011089052,0001111101
9401133587815,0110101001
7711263193442,1110000010
9710072518182,1000001011
6601153735581,0011000010
6301284354037,0110110011
6508153007691,0110001000
5404101424796,1010011110
9001094443340,0110110011
9711234698601,0001110111
9512081112479,0100001010
7309132922893,0101000010
6211202696182,0100110000
9501193388390,1100010101
6805151984436,1000111110
8803282126195,0010110100
7204132473695,0000011100
7403152598052,0001101101
8009193959565,0110000100
6906194141083,1011110010
8702184334423,1001100000
8407211587829,1101010111
8311244525695,1011011010
8803024465779,1110010000
9005023148910,0001000101
7307274555934,1110001011
7102053206476,0000101001
7004104226164,1010001010
9207103789273,1000110111
7002082833383,1001111110
6911241029764,1000101000
9510071389606,0011110000
8511044407301,1011011111
6005253532351,1010110111
7907131741481,0000000111
8506193829440,1001000110
7803084834423,0101011010
6007013724622,0011111110
8510101061593,0011101010
8106071552523,1110000010
5607023246620,0010011111
8402214462388,0001100101
7101173239990,0100011001
7807071740660,0010011110
8308182038573,0110010010
8308113519005,1100101101
5605124328034,1110001100
9711152994047,1111010011
7705253978245,1101110011
6403111188404,1001100110
6003103865754,0000101111
8806284363705,0111111101
5912084455406,1000001001
7012272531786,0000111110
8312244540215,1010111010
8502112808784,1011110010
5403042371440,1010101000
9901154167984,0010111110
6903094994751,0100100001
5702263288090,0001111100
9112231932868,1000101000
7801024163545,0001011000
8107192301689,0001001101
6401061256538,1101101010
9704264070626,1110100100
5212094414849,0000110100
9911101293381,0001000010
6209173217212,0011100111
6702164874309,0101110010
8112261072612,1011110110
9106041803674,0101000100
6412211938899,0111100010
9302182530476,1100111110
8704163595488,0000000001
8911154578297,1000111110
8712052857375,0100001111
8706201146257,1001011110
7101052156130,1010101010
9705073719242,1100100100
7805124369082,1101010110
9207122341616,0011010101
6607124527644,1010000000
8204022018813,0100011001
7810252025178,1100010010
9108094405527,0100010000
7806242100435,1001110110
9111211760407,1110111110
9209162958297,1110111110
8310244533689,1100011111
6102253511170,1010001001
5806154426413,0000100000
7610063028856,1100011001
8109141581233,1101110101
6912063480656,1100101010
8611071219979,0110101111
8409064697949,0011000100
7901223450548,0111101010
7403282545979,0110001011
5710054291735,1011000000
5708121398826,0111110000
5803051619103,1111100001
6404241119820,0011101110
5606261680622,1011011100
7909113640335,0011110010
8410073348082,1100111000
7003272614457,1110001011
7405241913648,1101111001
9605114411708,0010100000
7909262026532,0000000001
7101183143151,0010100010
9402161599196,0110011011
8102114344443,1110011001
6604064144029,0001010000
7010263373387,0110111011
6604234481599,1101111001
8503272363820,0000110010
5910054234115,1111000011
5205033394500,1011110110
7901101013853,0111011111
9205261111255,1001001100
8401122737829,1110111101
7707091737761,1101111000
7711214422585,1101111100
9804014462035,0001001001
7212173666909,0101010110
6702123747305,0100110101
7411071183946,1001001111
5205042022746,0000001111
8411241360020,0111100111
9303073807532,0000100110
6911271700523,1010110010
7402123983896,0111100010
5308261598959,1010101100
5311182423342,1000001001
6401053125710,1110001110
5909134006820,1101101110
6509024710211,0110101100
9112193579785,0011111100
7306063553927,0001100100
6812042241164,0001100011
7002154809073,0101010100
7411052202421,0001011010
7912153795307,0001100001
7905084522214,0000101111
5303092714175,1100011110
9906214607874,1111100000
5911103152148,0000110000
7106221137662,0110100011
6904143448756,1111001000
5702241287473,0001000110
8411183981887,0111101011
7612212824702,1110011001
9303091978146,0100100010
9808142049916,0101000111
5303083549240,0101001110
5408122740122,0001010101
5412273595495,1100010010
8407073148242,0001110000
8502102569204,1101011111
8203163499998,0111011001
5905103377909,0010010111
6505243983143,1000001011
6506241565128,1101001010
5004284385054,0001010110
6711233030687,0010000010
9803282494864,0110111110
7707161531001,1011111000
8712132267385,0100110010
8210222766759,1100101111
9608142080748,1100001111
5304083558945,0001001101
8403232023308,0011001010
7602024919497,1100001000
7401112716200,1100011010
9402022457646,0010100011
7601211308364,0001111101
5306103452977,0111100110
8110274800229,0110110110
5905264223522,1101110000
9712124074219,0010111101
6812284835332,1101110011
6304131214863,1111101011
9805034230514,1001100000
8010153287524,0010100011
7212074421048,0000110000
6004134451121,1001111001
9412194812373,0011011101
5602032679283,0010101110
8108174919989,1000011011
5102141944045,1100000101
6508074252361,1011110111
9509121468757,1100100100
7602131312107,1010100011
9610023952395,1000011100
5203241934623,0001010110
6609164868972,1100011110
6607141276678,1000011010
6805271050722,1011001011
6007074725533,1011000010
5812233547413,0110100001
7202184564024,0110000011
5111114955062,1110100101
9301162394025,0111111101
6201161290373,0000101001
5405103263362,1011000010
6609153414894,0011011000
8610254706274,0011100101
9210111769418,0100110110
7208214198759,0111001110
6906013896516,1100101110
9811022890161,1001000111
5611251926265,0101111101
5603261554956,0110111000
8207221507915,0110101000
8807083278908,1100101111
7511081559458,1000000111
5909083127344,1101101011
5001242548651,0011010000
8612171165670,0000000001
6805072081143,1000010011
8912114477129,1000110101
6011282148435,0001010110
6310052420465,0010011110
9908192733669,0011011101
5201052091838,1011111010
7703124552820,0101010000
8112174474453,1100001110
8703164105312,0000110110
7408024383211,1011000100
9712144597047,0010011000
9908223223113,0111100010
8906173145957,0100010110
8311153218502,1111101111
7207051484968,1111111011
6401231375119,0101000100
7405223559923,1100100001
6410283926873,0010001111
7508273798549,1110101100
5304112085352,0011101101
6404043080961,1111001101
7608172367788,0011101100
5506084912894,0100101000
7007193941726,0011111100
6308052560284,0101111110
6305084124424,0101010100
5109182631082,1101101001
9601112405402,1011110110
7703061430515,0111100010
5811022941557,0100111111
6402101391233,1011101111
6311213807798,1110010011
5109213449729,0101001111
7106154749892,1111100010
6709222294116,1001110100
9204032545124,1000101101
9303052219179,0100001101
8808084549871,0100010010
9603161077856,0010101001
9001234823101,1000101010
7203261878422,0101011000
8602094427553,1101100111
6408023050103,0011100110
8710092863706,1011110101
6405193140494,1100101100
5001203565318,1100000110
7103044430240,0001011010
9102191885569,0011110100
5902221248560,0100110000
9401054860765,1111001000
6108063612269,1010101011
7108111143789,0001111110
9812081803091,0001001001
9309273113432,0101000011
5104143057628,0110011110
9004221383439,1001101111
9701022776725,0110000110
7911144724157,1011101100
6601214157825,0000110010
9512083508338,0010000000
8210073608596,0001011001
6212022890765,1100001110
8204192003950,0000100001
6111032233803,0010101111
8209041751158,0101001100
8902201501023,1101010010
8903154187331,1001111110
6301232626188,1111000111
7301164464656,1110111100
8104224885236,1111001100
6903161771516,0111101010
9508103154414,1101111101
9704112978019,0001111011
8903133555468,1001111011
7904221801055,1110101110
6312231329958,0111010001
9611281105896,0000110000
9205063871248,0000110101
9901101836537,0001101010
6508272390569,0110100000
6012153685111,1101111100
7112112901814,0111010111
9706184482074,0100101101
7905142505562,1101100111
7705064092485,1001000000
8110053337099,0111000001
5511094294196,0101111000
5009021705851,0000011111
8806041125200,1010010011
9607184425908,0101110101
9008144220992,0100110111
7607031027875,1000010001
7004153926136,0101001111
8801232562561,1001110110
6407044554040,0001001010
6707162458113,0000111010
6802084950935,1101001011
7210244258828,0001010110
9304232519179,1000110011
9510253202270,1011100111
5106213209149,1110101010
7001243296957,1001010000
8609194629125,1111001001
8310231906359,1010100001
9203254523174,0010011110
6401282773495,0111000100
5312164986359,0001101010
6711263318582,1000110001
8411121807998,0001001010
9702191075141,1010100111
9908262984250,1110011100
5609053895303,1111100001
6412051831554,1001000110
8503082735003,0111110000
5405084379649,0111100101
8302123909072,0000001101
7803281852606,1011000000
5103114961026,0001001111
7205201214697,1111100101
6106072156786,0000111110
8506103275982,0011000010
7406152376095,1010100101
7901023139015,0011100101
6608281529150,1010000101
7201032442445,1001000010
9110094909765,1010100101
5002052113708,0000110011
6406192214109,1100111001
5502023602845,1100010011
7404114694179,0101001110
5703201481492,0001010100
6210073457890,1001100011
8502232786164,0110000100
6105114937415,0011001111
8905223517301,0010101111
6104031054531,0010001010
7106272550117,1000001000
6208041596565,0111000001
6204044536414,0111100110
9603034802443,0010110000
5611014157499,0011101001
9105104278812,0101001000
7412032227437,0010101001
6010123950020,0101000111
7305144991994,0000100111
5209024167823,1101110111
7010082204548,0000110001
9404141176884,1000111101
9901242926437,1101000001
5605263211144,1110101001
8912242889137,0001010110
5308043759585,1000101000
8509152146830,1011100001
8402094763746,1111010100
7501222554601,1000110111
7604183160364,0101100110
7412233926098,1101010101
8504031049594,0011010000
8807023953987,1101101101
8204051141934,1001001001
7608131315740,0111101111
8501121336347,0100011100
9901253701729,0110010110
6610174218841,0101011110
5701113946590,0010011001
8210024934227,0110000111
6512202906596,1100011101
6409091908194,1100001111
5204144101246,0001111001
7301181874730,1010010100
9210193472992,0010100000
9411051287799,1110111111
7012052464252,1100101011
6508252668117,0101011101
6809183958268,1011101001
5406254606292,0011010011
9907022693124,1101101111
8102074271166,0011101101
5404042289572,0111011011
7108214702630,0110001010
5011074907519,1100001010
8607223436952,1001100101
7906214097709,0011011001
8301204946715,1101000011
6209264499367,1100000011
6504152400028,0011011001
9110233570151,0101101010
6707224876250,0110001000
9309043634695,0001000101
9908284346154,0000000001
9603172677647,0001100101
9703043020107,0000100001
9708031667526,0010001010
8706084466182,0001001110
5501162975491,0000100100
8905233716723,1011111100
8705053094727,0011011000
6603194394774,1011100100
7812152200359,1000101000
8002152348896,1101001011
9309242393374,1110010101
7902022152855,1111000010
7804102240213,1101010101
8311053642976,1111110100
5812052630017,1100001100
7201252887584,1110110011
8106163173559,1111111100
6909251921885,1101010111
8905062444998,0111001001
7203123354321,0111101110
9303141499808,1100101101
8208063470788,0010000000
7412262935480,0000011111
9110081637277,0011110100
6210101320451,1101000101
6207021479433,0000001101
5312051464248,1010100010
9004213206862,1111101011
9707154277826,1110010001
6203142703767,0011000001
6809184387832,1001001001
9801072400924,1101101110
7402053174243,0000100000
8512124823360,1100111110
7503053407308,0010101011
8107232989167,0110100110
9503242397156,0000001011
9612242781410,1010000001
6411134669725,1110010101
8606051031594,1000110010
7603041479728,1001000110
9903071956354,0100011111
9002133890085,0010011010
5610024825152,1111101011
8811182526808,0100110011
9805044171003,1100100100
6804284042063,1110001111
8402093457067,0111100100
9612261518817,0111111010
5009083354651,1001010111
8506123670408,0000011011
6311231814130,0111100101
7601013517809,0001111110
8008062432079,1110000100
8711164737273,0101010111
7706283329548,0001011100
6403221109656,0101100111
7210252680941,1010000011
8006034615077,0000010110
9511011078001,0001000101
9109111393007,0100010111
7705103459371,1000001111
8403024861599,1110101000
5004114653854,1100110101
9110273589604,1110000000
9204041675493,0100010001
7601093587112,1100101001
5404251095060,1111110110
5108074484947,0011100001
6404183848678,1011000001
6508023145838,0111100000
5805093833869,0000111100
5609194227421,1000001100
9602073764581,0101100001
7004141888648,0010000010
8911042184774,1111010110
9311163745368,1000100000
8004283464465,1010001001
5902253867404,0011111110
7002032897833,0011010011
6512232943042,0111111011
9407153633501,1100110101
7410274833565,1001010111
7106243579848,1100011101
7804102933462,1001001010
7805162587888,0001001111
5502154854552,0110010011
7303101648803,1101100001
7305162476124,0110101000
8811071970204,0101101111
6507054602024,0011110111
7802192337752,1101010000
7609034198370,0010110001
5607142754099,1011001001
9205253166561,0101100111
5605104224699,1011110001
9811142336145,1111100001
5812272061884,1110110101
7709052441894,1110100100
5012254868125,0000001110
5205102383065,0001011001
6902194103021,0001101100
5105131200006,1000011110
8201222922480,1111011010
9709041500978,1011100111
6508102403880,0000100011
5903102569417,1001111110
5007212932348,1101100100
7102231741175,0010010000
9110282480219,1111110001
9707123468410,1001010100
5612084841306,1001001001
8311143913955,1000101010
9505041379961,0010111010
8807193885226,0011011111
8905084672266,1101010111
7311093398009,0101100100
8807152152637,1001000111
6707111876932,1010010011
6610213404119,0100101110
9612054182612,1010110011
6412264087040,0011010101
9205073595609,0101000011
6801183014488,1001101000
9203172385765,1010000110
5711052100938,0111110000
8106201307449,1111001111
6005214340475,0000111001
8502141776304,1101110011
5904191188577,1000011011
9004033045063,0010101010
7006264238648,0100101011
9905114770191,1010101010
6204213997243,1011011101
8101121208709,1011000110
6709103970355,1011110110
5012092424055,1101010001
8211183667334,1010010010
9106143087551,0100010000
6710083780485,0001100100
5809164980780,1101011101
5802243313053,1000000000
6111173200038,0111101101
8111191285828,0100011100
8203043347243,0011101000
9906233676261,0000100001
9907161338155,1011101000
6002162383094,0000001011
6009224639446,0100011010
5710144439133,0101000101
6302122725426,1110011001
8511241827238,0111101100
5108093357432,0000101011
6104073769085,1001111000
9906034476434,0000001100
7504231869598,0101110011
6303093822996,0101111001
8607094551939,0111110111
8401231410939,0100100011
8210171836746,1001100011
6909252129284,0101110011
9411173965537,0000111111
7511031663083,0001000010
5211112485839,0011100001
5210072981056,1100000111
7312142378805,0001100001
9509063906383,0101001101
5202083285450,0010100110
7808022425337,1011110010
8511151960943,0110000101
8710071729385,1001110101
7411041123498,1100101010
6507261210330,1111011100
5210021589997,0011100100
8208031436959,0000000111
6002173259079,0100100110
5704184593154,0101101111
7311271182788,1111101110
7101012453521,1010110001
9501171841279,0000100010
8809032494184,0001100000
8802191585641,0001101010
9705272913748,1010110101
9004162847037,1011001011
9105014836773,0010101100
6511081509497,1101110010
9204112997677,1001000101
8304013841101,0010000110
9310264008637,1001111011
8103261808098,0001101000
9009113351170,0100101001
9908211495635,0111101110
7206053022550,1110111100
7008131952703,1101000000
9607262595957,0111111101
8010054796676,0111101101
5404143452973,0000111100
8301133610134,1001001100
9405103345047,0100010111
6308011884677,0111000011
5412121604352,0100100011
5302093068834,1001010010
7303063266379,0001100111
6401242012750,1110011101
6912201875685,1010011110
5501121411314,0011000101
7802052616724,0000110110
8504274693671,0011011010
6307093882938,1110110100
8408073583999,0111000001
8307114178136,1011101010
9410201413127,1011000010
9110024318843,0100011011
9102192655951,0000110100
5006063127148,0101101010
6003153605126,1110110010
7903191399043,1111111100
9212071610182,1001001010
5406022781924,1111101010
6606041372805,1011011101
5406043412391,1011010000
6207173893369,1000110010
5701013396709,1010110001
5505182021623,1010011101
6303203369815,0111001010
7205172379708,0000010100
7110263600732,0001001011
8708111593177,1000111001
7202051404174,0100010011
9706153773285,1011100111
5308113993259,0111111010
8507141061935,0000110010
5208122184584,0111011001
7008272868884,0100010011
8206252789151,0011010101
8401204190392,0011100110
8508154922034,1101010001
6510283898082,1010111100
8011044932637,1001101100
6907092775152,0100011011
8111032884962,1101000101
9808064135095,1100100101
6105052705528,0111110101
6909114908357,0111110000
9609063654531,0100001100
9003124286075,1001010110
6707152361815,1110000000
5003043079003,0010011001
8110171336446,0111000000
5805083661588,0011101101
7802103667659,0010111111
9512011719142,1110100110
5111183032072,0101101111
9106062768457,0101001000
8601031738541,1100110110
8210204684358,0000101111
7402203676793,0011100111
5504011694134,0110011100
9809023056202,0100110001
5403251440761,0011000011
7307163755984,0111001011
5007133164288,1001100110
7506081447589,0001000100
6003253742528,1100010100
8812074511315,1110111101
6206204663562,0000010101
6306184954043,1001111010
7501194217493,1010000001
5706234402991,0010001001
5508242967277,0111110000
8302034858364,0101110101
5009044215878,1000010100
6402174776104,1111010111
9807212966861,0100010100
7102174623524,0111000100
6612141900333,1101110100
9402203909122,1001000111
7704024396074,0100101000
8110011029515,1100011000
5708221458208,0101111000
8703212424260,1111000110
9508132282892,1001000111
6906131621544,0110101100
5910014769050,0111110110
7211211820893,0100110001
9810014434468,1100010100
6304023986868,0001001101
9307151244398,0111000100
5405023276820,0010101000
5302102108985,0011000011
7309042363222,0101001011
6305184912545,0110011010
9105191324123,0111111010
6007274488138,1011111010
7009081989157,1001110101
6702024693759,1100001100
5806201971462,1000011011
9402161092318,1101101011
9207042632896,0110000001
8609051316079,1100110011
6303213744330,1100011111
9606163773228,1001000101
9809214569716,1100000001
6906214443495,1010111101
8210181486606,0101010000
5301071832477,1001011010
5108191727191,0010110010
8107123936666,1011000010
7907251977317,1011010001
5401254343865,1100100100
9208122165972,1101010110
9404132339251,1110100111
7101144552666,0110010001
9208264480942,1011101110
6410124451386,0011010001
6205272927943,0111001111
8408103737402,1000000001
6610132596547,1110011001
8502103714058,1110010001
7104271011782,0110100000
9404083603394,1001110110
7711073095541,1011010011
5403024798663,0010000011
6005091976659,0001101011
6005074139923,0011100000
7501213100143,0111101111
6906134257998,1110010110
7907072035230,0011000010
6410052135888,1001110100
5604153099222,1111011000
6201183381475,1111011000
5211204786649,1111100011
7611093537423,0110110100
8811271700435,1100000010
7312093676974,0111101111
8504224218827,1110101100
7411064188246,1101010100
7105213309183,1101111011
9408121208576,0001101010
5305131631200,0111100000
7301163773571,0000001110
8802253905943,1101011110
6712173785834,0010010010
8510131238746,0101000110
7705224824550,1011000101
7104032794941,0011010100
5509064976836,0101111001
6205111793632,1101001011
5103231635325,0101111010
8908222990599,1010001010
7809274397818,0100001001
6508032999189,0101000111
5505181831898,0110000011
5308192270804,0010010010
9709232110221,0000111011
8512063304666,1001111100
5404063921161,0010110100
6707063687218,1100001010
9403203715489,0000101011
7203112190477,0001001111
9006102532429,0011101100
5810092019050,0001101010
8506263211164,1000010110
8502164597416,1001100001
7112103718325,1101111111
8509264377194,0000000001
9701173117914,0100110101
9806244925936,1010111100
7207013779257,0101011100
6408051318492,0110010000
8610163205090,1001011101
5604033441273,1000001000
9809173638177,1100101100
7912262306870,0000010011
5308212312611,0011000100
5112081303978,1000010001
8406182784920,1101010011
5308071449352,0110111011
8502021034810,1111010010
9111284181099,0101011100
6604051264664,1001000101
9512173182311,1010101011
7912171875528,0001011011
9310262717382,0100000011
8009012040514,0001101001
6503111631675,0000001000
5402141750219,1000100011
9307223655685,0101110000
8411154282757,0000111100
6503083754629,0101101000
9401191141532,1100111100
8701063252144,0101010001
8911223219580,1010100110
7002144704560,0111111111
6101161082280,0101110000
9303092245944,0101000001
8308063462064,0001011100
5306122094568,1000110100
6809064174863,1011111110
9105102514993,1011011011
7712273095331,0011100011
8605243566886,0001110111
6709201051177,1000100100
7205142509160,0000000110
5510122777937,1111011011
6304284821457,0010101001
9304212913204,1100111001
5406171824819,1111000110
7202102726267,0010000000
9910134002775,0010011111
8403034733180,1000000111
9503111018510,1000011110
6807022357362,1000100001
7407153016335,1100110011
9812131159452,0010001100
6311262337324,1110000101
5605203501904,0001010110
9405274401978,0111001100
6708174880449,0101111010
7009054347045,1110111100
5307282683074,0101100000
8406083609401,1101111110
9102124620523,1001101100
7109072927858,0101111111
6601053994430,1000100000
6105102990283,1110001101
8906021828939,0011100100
7608053912099,0100011100
7912081414167,0010000110
8007173289159,0101110001
7402204396983,0110000100
7210094683848,0010111001
6310101129114,1101110001
9010132180093,1101001010
7303074075447,1001101100
7204282512966,0100110010
6105081926368,1000011111
7907034955051,1110111100
7703253511133,1010001000
9606172073886,1011110111
5205194936936,1001111001
5410014763112,0110001111
7001144774270,1101101011
7912253143008,0010001010
6108042001965,0011011100
5104133591973,0011111101
9206264567842,0010110110
7812241420213,1110001010
5807283866410,1111110000
7607093213136,1101011010
8809203781912,0101110100
8302092227935,0100011111
7806263091366,1111111101
8306093770553,1110100101
5811204551543,0101001101
7304072588602,1100101111
8612233437019,0011001111
6904122337555,1001001011
9808211929905,1111000001
9206244681483,0100111101
6206134263135,1100001101
7208102038540,0100011100
8207152795924,1001100110
9809012388153,0011101110
7404042703345,1101001100
6306043742301,1000000000
6802023307277,0111100110
5301191480197,1100011100
8612123232785,0101100010
8503112323159,0001100100
9605033462120,1111001101
7812264577329,0011100011
8405104433095,0111101000
7809271994104,1000000110
5904041308040,1111111000
9109281741645,1010000111
9812104316882,0011101000
9010143931493,1011101001
7012174475795,0001101101
9603231531070,1011001000
8609114647824,0001000111
7611131135638,1111100011
5111144387663,0010100101
9003183277661,1010001011
5802201697939,0100001100
7101181477628,0010100000
7806062361346,1010001001
6305282180553,1111111000
5211172269531,1111000000
9410211582748,0111000111
6002203682373,1111111001
9709051203514,0011000001
6806204364779,0111110101
8708252296708,1100110001
9704041923730,0000100110
8307023976416,1100110010
8606203957127,0111010101
7802052866702,1111100101
6803181275544,1111111111
6403162673938,1000011100
7004204124794,0011000010
9604041259243,0001010101
9003261022209,1010111100
8410203080940,1010010110
6602083526948,0001000101
5910212105296,1111010110
6712224777530,0001100011
5005231755256,0111011001
6103184444508,0100011100
6903204528732,1111101011
6312084585704,1110001000
5906251233901,1001001001
7709142772493,0111011110
6203102425499,0111010111
7808184681544,0000011111
7403082952772,1110110110
6308124393163,1001011001
7101112557363,1000100110
6904074489812,1000110011
6703184874136,0001011110
9812134517971,0011011001
5105094652162,1001111111
9008271503767,0110101100
8910273692617,1000111001
8706192580787,1000111000
7905012379105,1111100111
8612052694999,1111001101
7409062057126,0010010010
8112192705048,0010100111
6106073123512,0001100101
7609164562339,1101010111
5910234490809,1101111000
8202173151888,0100110010
9809121000122,1000010001
7603123509728,0011100100
7401251476378,0111101111
5506041988193,0110011101
9504223781114,0010101000
8301061409933,0000001011
5805182407890,0000101100
9502092418856,0110001101
9703222624021,0011110100
7108041345606,0001100000
9102253388092,1000001100
5709122885825,1001100101
6202163261369,1100011100
9907261465804,0011000011
9508243867613,0000111100
9904023821754,1111011110
9506214958579,0100000000
9911253148353,1010010100
6706091350891,1010111010
5103221891579,0000001001
8712213162190,1000010000
8704022073567,0101100111
7808254419340,1001110101
9604282138866,1010111011
9405031907759,1001100111
6409234466577,1000000011
8112194809516,1001011111
7311064557770,1001011000
7806024095096,0010100011
7007211064287,0011010100
9004264045084,1111111000
7509094769456,1100000100
7006223230224,1100110101
5305172148441,0111110110
5612201923706,0111011010
7705051226130,0000001100
7210263051215,1000101010
9308073396013,1010000000
8105283528573,1000010111
9303192381860,1011001110
5309062927144,0101100001
5507123921967,0100101100
5705054471420,0011111100
8808214663388,1001001010
8807094039754,0010100010
6007264782018,0111001010
7501104571151,1101110010
9408213243237,1000101001
8103162995199,1001101110
9601084663198,1111100110
9605044519459,1011101001
5802073375309,1100111000
6502094986562,1110111101
5211243169676,0100010010
9104232864156,1000100101
7309152812725,1001111000
7205261285004,0011010110
7006121067892,0111011111
9707152139742,1000100100
7601092312651,0111110100
9612183654613,0111010100
8803274271256,1100010001
8309152295009,0101001011
5603203838076,1100010101
6403282198238,1101101111
8103274703392,0000100110
5504251602925,1000010000
6512191406542,1101100000
6502264032476,0000111110
7103152979048,0001101101
6607044038221,1101011011
6308124652468,0111100000
8311113064106,1010101000
5407242526956,0001111111
8906271920637,0110000100
8612091566508,0011010011
5902253942987,1011110111
7711161226023,1111000011
7810151898836,1010001001
6405253992791,0100000001
5706253178356,0001100100
5109132978421,1001001000
9403193144826,1011010011
8401233114550,1110010110
7511051562391,0010001101
7408012217132,0101011111
7406123838359,1010100010
8207132855281,0110111110
6004152506830,0101110011
8202173012634,1010011011
7407012795182,0110001011
7011122041682,0111110111
6301243079491,0011100001
6112011774706,1110101100
6105173178171,0001111011
6803082131157,1011011010
5403074328369,0001110010
5812022419054,0100011101
9310043565432,1000001101
6405041117724,0010011011
6606061819865,0011001111
9501061714721,1101111101
6404174582766,0010100000
5411211780548,1001110111
5909203775297,1011101110
9106112760924,0011010001
9210161161417,0000110111
8909091979997,0111001010
5610171567206,0111011111
9110032044171,1110100010
8102163899269,0110111001
7209184276861,0111011111
6709091574462,1010010110
8901112240236,1011101101
8302282064719,1010011100
8111184904119,1111000011
7802041502734,1000000010
5811241456759,1100101111
8306122772596,1111001100
9711204896549,0101111100
7912264224959,0110011110
5205042556147,1000011000
9209271812055,1010011010
6812173922107,0000000010
6312083267419,0101100010
8302233837958,0001111100
7411041740890,0100010101
7112281412471,0110100110
9508201485387,0110000010
7502092846211,0100000101
6001063726188,0000101100
5007024798282,0111110000
6309101544234,1001011000
9307024466687,0110011000
8512204980292,1110101111
7412283621074,1101001001
9406122264302,0101110101
9910112936161,0110001000
9604242099286,0011001110
5908152320408,1110000110
9805271332495,1110001101
9412084783726,1000000110
8403171260359,0100000010
7108102356969,0100111100
8909111222720,1001000110
6204193718038,0110001101
8207074017965,1011001000
8302151686843,1101011000
8503191827393,1111101011
6601283474211,1110110110
7903014560075,0101111010
8209202040784,0010111001
7208083010439,0101011111
7411252642898,1001111101
9205241548162,1010011111
8910101182125,1001101111
9108214396758,1101101011
8909091381478,0010100010
6303183111863,1010101101
7407221400317,1111110100
7204211612519,0001110011
6405091534031,0101101111
6712103546285,1001001100
7103133653217,1010001010
5101161298379,1111110001
8410244357701,1011100101
5508193651421,1000101110
9101032742778,1110010110
6204083217143,1101100011
8002264557571,0100111100
8708284846479,0101101101
9906261876825,1101001110
7605243714190,1001111000
5103134858812,0011011101
7211034231563,1111011011
8104243740309,1010010001
5510121086103,1000010010
9305052855580,1000101001
9811172823265,0111100001
7206091979911,1100100110
7505242673716,0011010100
5901014583865,0100111100
8904063522702,1110011011
8706181615859,1111010111
6202173990704,0100101001
7210151524899,1101001001
7902194104479,0101111001
5109113832548,1000010010
9411261659724,0100001101
6810221239380,0011111000
9006162931450,1100110011
9809044061610,1000101111
8204062353106,1000000000
7608154639880,1001011111
5208074357931,1100111000
5302102751706,1111000011
8005163086152,1111101000
8201253443768,1101011001
8806273664643,1011101100
5003263099709,0010111011
6612151497568,0111110100
7202023777844,1010010010
7607203377223,1010110000
6401084377205,1001111010
6405021674781,1010110111
7104184509533,0001010101
5410241988472,1001111110
5809241411008,1011001001
5201033690337,1111110001
8007204635441,1001101011
5706141895207,0001101100
9602234827428,0010010100
8011081772223,1101011111
8812202183506,1001100011
9706262128126,0110001100
9402062324506,0000000100
9810092937820,0111101101
6607101151239,0101101110
9707261687411,0011101001
7401271859475,1111010011
7406022291347,1000110101
6501022365096,1110111101
8705152210999,0110001001
7712041027528,1111001001
6609103175667,1000101101
6601131506257,1101100011
8503221577075,1000100110
9808244714928,0101000011
5201121490971,0000000011
8307253615650,1100100110
5807094860998,0110010111
6610012374766,1011111100
9812224206995,0011100001
9203031115948,1101100111
5710171830387,1001010111
7909221740148,0110111010
5002074141754,1101101101
7301233567619,0011000010
7509213906200,1100101110
7110142439285,0101011001
6010043703615,1011000110
9106141090690,0001101000
8208271873743,0110101110
7701062124837,0101001111
5910031379755,0101001000
7804121911663,1110010011
6112032028262,1011111111
8310252949602,1110111011
6911203382508,0011110110
7502251611311,0101111010
9101173033053,1101010010
9212282908706,0001100111
8905011067714,1001100100
9008162320366,1011001000
9001104960695,0101101101
8603201097882,0001010110
9504081497634,0110100111
8704263452351,0101111111
5707082174834,0001011010
9005124211531,1100011001
7701273949307,1100110110
8010204984173,1011000001
7801131586320,1101110100
8505121457944,0110001111
6603122185871,0011010110
6908162512317,1011001111
8901122156836,1010000011
7411162943893,1110001101
8103083684181,1001001101
5001012518880,0101100101
6310033176673,0101011111
7811054594713,1000100101
9503182665179,0101010011
7307204327935,0110011111
8205261742423,1000110101
5601123746171,1100011000
8402014383082,1101001011
6006111963621,0001000111
6409043209909,1110110101
7004121693613,0000100101
7104252237320,1110101100
6707101961369,0011111011
7904273364779,1010101101
6807131914473,0011000110
6605064386119,0000001011
8304101766999,1011001001
6102151070508,0000101101
9505061050430,1010110100
7112284994567,1101110011
8210121470648,1011010101
8606073146563,0001111100
6407241566800,1011001011
7001231803379,0011001100
8710214485872,1001111101
9405184056358,0000000111
8301102475682,0101111001
7008204914809,0100110011
7907023008991,1000011100
6902193148687,0100101001
8105272808533,0001100100
9902084654069,0001101110
9201231056851,0011010010
7503244860762,0000011000
8110274886409,0011001111
6301283142652,0101111010
5307151950446,1011011101
5807161703714,1111101110
6709073810158,0110100101
9008071983772,0101100001
6904034425675,0110010110
6209272229127,1100110100
9907234364292,0001010010
8904232246793,1110011100
7902074851892,1110011000
8409241826269,0010001001
9405181126586,1111101111
8002151708479,0011100000
9404023827513,1011000000
7309094423508,0110110001
8902272519303,0100111000
8903211946344,1101011011
5504093389629,0110100101
9607152939846,0010011011
8406151356011,1101100100
8608101828111,0001011111
6411232637841,1110010110
5807151744562,0010011111
8503011971837,1010100110
7501113078160,1110000001
9803133910885,0011110100
5110182523297,0001011111
6505034135680,1110101001
8503234274491,0001010011
8110131779031,0101001000
6505103240125,0100111001
7807071537872,1100101001
7003034923588,0001110000
8107172544282,0101000010
7910102067859,1001001111
8908283608100,0001101001
5409184592865,1111000101
7701042262038,1111010111
8005254346603,1000010100
6802072932252,1101100101
6206281737982,1111110100
8808144583051,0111101110
5908243713932,0101000011
5003234684308,0001100110
7910011068512,1111100110
9201274615357,1010011010
7403262916588,0111111111
9704014675067,1010000000
5210222469916,0001000100
8405014088331,1110110001
5608214776544,0000100110
9707114453993,0001100001
5009042525871,0000011111
8105042043473,1011100101
7103283050720,0001001101
6406113359118,0111101100
8810141190818,1111110001
8908092506963,1101101100
7608032614039,0101001001
8605184769629,1010010111
9711064381209,1001010110
5702111724820,1001011010
7911101023757,0001011110
5509091135150,1011110011
8805022763189,0001011001
6707154448339,1101101111
7606043697550,0000110111
5007032247415,1000010011
8903212671858,0101110111
7811022135971,0100000100
9009173327210,0010101011
5904224437731,0000001111
6010063336454,1101010110
9912223782592,0011001111
5103204936038,0001000101
9411093841224,1010101111
8806282063475,0111001001
8001042597490,1001011000
8010264022946,0101010011
8011273399656,1011000111
5411221080481,0010001110
8704091174178,1110111011
9309174856944,1101111000
9108263223361,1111000000
6009023615844,1100110011
6908223426908,1101110010
8404074006594,1011001110
5904151228395,0010110101
7301111478849,0110111001
9603062012704,1001000111
5905233587200,0100001001
7405013338451,0100010111
8303261445332,0110111101
6511242087389,1010000011
9609133687748,1100101011
8203181042409,0111001011
9401151167993,1111110110
6004244899937,1101011001
8709181116777,0110001111
6503203265859,0000011010
6604263889906,1000111111
6702224582596,0011100001
8408091410905,1010010010
7007011975957,0000101010
9806212011347,0111010110
9906144495531,0010100000
9907251376563,0101111000
8704141510467,1100011001
9604204137069,1100001111
5103081612650,1100010001
6607254863557,1010101110
7206083282288,0011100100
7906122230266,0011100111
9806154670030,1010111010
6102233904655,0101010100
9506221830416,1011110111
9304051589228,1001001110
5210251836344,1001100100
9209232159948,0001110010
8610063773635,1101011111
5203243381922,1000100110
6506244613160,0001100010
8108072994767,1100001001
6901122419305,1101110000
5701113787760,0101000001
8305074059521,0000100101
9608082117299,1011111011
5711092347782,0000100001
7710231276961,1011110110
6611231736539,1011010000
9001261241026,0101100101
9611224955678,1010001101
7711032610216,1110110101
5304112322859,0011000100
5310152506635,0100011011
7002172131266,1101011110
5508034488689,0100000011
7708184990890,1100011100
9601012327317,1100100000
9207263034512,0100000100
6709043591201,1100110100
7003054664951,1111000001
5406212206881,1010011001
8610283394803,0100010100
8008052558794,1101110100
5005053713984,0011010101
7403282855594,1111101100
6902264660996,1101000110
8510213775852,0000111101
5808202008319,0111011000
9509143463411,0000010001
8203083790220,1011011101
5608201220145,0001000001
7802193552982,1000101101
8803222830779,1001101000
8409072845119,1101001000
8611044792065,0101010101
9406032792303,0000111111
9303112066113,1011111110
8310101964966,0001001000
7601011500400,0101110101
5511142487209,1100010001
5110243885171,1101100010
8105171956443,0001101100
8712204381210,1001101011
8210154093893,0001010110
7310031663816,0010000000
5411263454809,0110110100
7208121681713,0101110110
5007223890269,0011100011
6012101294925,0101000100
5012164632546,0110101001
9007212369220,0011101101
5005044495142,0101100010
6811074806273,0110100100
9709084918852,1100010100
6601252800352,1010101110
9802151942701,0000001010
6201243959104,1100000010
9605253309635,1011001010
7011273074012,1010111100
5612042505179,1111101000
7002091640742,1100011110
5802051962011,1100000111
5910073592468,1111101010
7210084195612,0010101011
8010074471159,0110000100
6003102535754,1000000010
7701014652470,0100111001
6412074593962,0010001100
9812201407152,1010101101
6812142634451,1010101010
5509072039190,1011011000
9703144439389,0000001101
7112213061717,1010100010
5206172071891,1001100000
6305231474276,0111011101
7409243750451,1100001001
7407081408896,1010010001
7210142178446,0001001000
5102082076677,0010000101
5108192690498,0010001001
6210071461950,1011110010
7510141764889,1110011000
5312054831406,0010110000
8709072079489,0001000101
7612083118402,1111100100
5112151888211,0110010011
7809011048173,1011100101
8805023913361,1000110110
5911251700906,1001011010
8807194106467,1101001001
8001111252427,1101111001
9405173070383,0100010000
6202211517621,1110001011
5503134371307,1111000110
5903104386637,1011010111
9912131646529,0000000101
7703054661495,0000010011
6303271503219,1101001010
5006073027254,0000111110
9409091605053,1010000001
5601051750831,1010000011
9106123703456,0011011111
5207251943140,1000010110
6505134901334,1111110001
7007153083024,0110011100
9202053349713,1010100000
5312154800494,1001010001
7906251246319,1001001100
7609192042208,0110000010
6804151829261,0011011010
8606043608247,0110011111
8106113902032,1011001100
8208011912773,1000110101
8010132806965,1011011100
5101193824370,0011110101
5808282203017,0101101111
9303104966847,0100000110
9501263759243,1110111111
7408214575739,0010000010
9001114707191,0010100011
6812152807073,1101110000
7205103910740,0001111111
5007173160269,0011010110
7407133864221,1000111110
9501124505812,0000110000
5811121991148,0100100100
8710184965195,1001101110
8807173529510,0110010011
5008114218408,0001101101
6101023871217,0000110111
5011044071361,0011011001
8110261755436,1101110001
5905114172560,0001000001
5602072432002,0110001001
6605214291007,1001100000
8707093498806,1100111111
7104161005302,0000101100
5504161256639,1100110011
8802103559901,1100010011
7508024986798,0110010010
8111284967185,0110111111
6202052324536,0111010000
7206273833733,1101111100
7208242905551,0101110111
9309054511381,0100111001
6712242993130,1000101000
9210071882321,1010000011
5412021171418,1101001000
5703164694537,1011011010
5508014347687,1001100100
8608073068956,1010100100
5107062375272,1100000100
5008054899024,0000111011
7606052891128,0011110010
8708244736158,0111010111
9102101526052,1111000011
9305173159031,0100111010
7508202489227,0000011011
6603243093512,0001000010
6908143214839,1011111100
6810084243113,1001011001
7903171341492,0100001001
6307182303288,1000010010
6703252666948,1001011100
8602023565959,1100010010
5512233704219,0101000001
7802103891898,0011011000
7010144095223,0011010011
6308072514984,0010101100
9802281886253,1011011110
5606161743740,1110111100
6101161735131,0101100010
5109204024997,0011110000
7501034870602,0010100110
8912114224201,1111111100
5504063599221,1110111110
7405061675848,1100000101
7001024649031,0001010011
9712123082079,0101001111
7410032841698,1100001111
8308064084226,0000101010
7402162453533,0000100010
6208113154567,0001101000
8509193155769,0101011010
7506154836458,0100000001
6806273105206,1100010110
8607033760974,0010011001
9604224673380,0011110010
6311282568161,0100010100
8805192270718,1100100000
5106152589880,1100010010
7603034733190,1000111100
5011031557997,0011000100
7803244559422,0011011110
7107203814324,0111110101
5009021375966,1011000111
6009072578754,1100101100
9803082179292,0101100011
5607164818968,1101100100
5801062801556,1101110011
6012061037182,0011010100
6507261227296,1000010110
5912261898431,0010000110
5511141047097,0011101000
8602124223358,1011111000
6309031077381,1101110011
8109242255652,0111111010
9603023309108,1010001100
6208214142907,0100011010
5308013094043,0101001111
7308111984242,0101110111
5612261774614,0100111111
9510224598567,0010001001
6708213641736,1001000010
5712244131975,1000110000
8204023084140,1011001101
6210224218953,1111001000
7006163174723,1001110100
8201012159248,0000010000
9310153964847,1111110000
7210203136686,1111111011
6411094912618,0101100101
6105144071602,1011011000
8612243783749,0001010100
5405041790181,0111001011
5203201442743,0011010001
8701073030206,1000100001
8907071176954,0001101111
6805142851296,0000100100
8808204636748,0010001010
6610051395107,0000001110
8401201868382,0001100100
5608231136660,1101011011
7411231538327,1011101100
6312162788669,0111111110
5504042033684,0011100000
6702162015053,1001001111
9411093498416,1000010010
6712244062643,1101100111
9806193972288,0010100000
8402111886783,1100001000
8207284912145,1110111011
8112172620670,1100110001
7201204491164,0111111110
8410273386427,1111110101
5103083401788,1001011001
9302161687155,0010111110
9404154765966,1100100110
8001274116549,1110101101
6802081312521,1111010000
7410104254926,0001111111
7209233926326,0101001110
6203051630613,1010011101
9802243329994,1101101000
9909243530746,1001000100
7012014179328,1000100110
6906231915104,0100011101
5609092356054,1110111011
8609184288334,0011011011
5306202002452,0011110101
6511051156726,1011101111
7201014469449,1110111000
5609122069396,0000101100
9708202581750,1111100001
9304202267458,1111011011
8205161446575,0110011010
7808114868417,0010011001
7204231558461,1110100101
7808223285718,0011011101
6511064335311,1110111001
9610204214460,0001101010
7402152003712,0100000001
7504284192505,0110011000
7212011867785,0011011110
5802051928350,1011011100
7701083167590,1000000001
9412071070389,1100111111
5810222988052,0100011101
7109154690442,0100000101
6001234536937,0100111101
9512084566474,0110111000
6102172131710,1011010001
5608154743792,1110010001
7802103494864,1111010010
5105154801044,1111100111
9011054231607,0011001101
9004183678513,0111100001
8011211637518,1011111101
8906172516230,1111100000
9007032783233,0011011001
7612081895161,1001100111
8408143771274,1010100110
8105023767553,1101101100
7311041226702,1011110110
5007201450682,0010111110
8702253316917,0101101111
6005084460173,0001111011
6104233133361,1100010011
7306141842284,0101101010
9206224389706,1000101010
6808271694886,1101100101
6403192410994,0100001010
5412121422587,1101100100
6303162189762,1011100111
6802191031512,0011111011
5602281886239,0101001011
9806163895350,0100100110
8401092231700,1110110101
7001213230238,1110000110
8004063871713,0101101111
5801074764899,1011101101
8308033357860,0111111101
5612121672240,1111110001
8310044010982,1010100011
9501173089805,1100010010
8105093213507,1010100110
6311072902042,1001110010
6012224100387,1110011001
7410132433661,1000010011
9404234914584,0111111100
5407173819887,0011011011
6506162712040,0101111001
8306173359685,0011100001
9212113688002,1100100001
8504101994657,0101110111
5610051453905,0001101000
6912044094942,0010010100
5108152695222,1011001111
8407122530621,1011100000
5006224414348,1001100100
5201172926093,1111010001
7707222363161,1111000011
6405041996811,1100100011
7906214202119,0100000000
7211012269574,1000111101
5804124307743,1000110110
6002082961579,1000100001
5208032126171,1000001010
9907081636682,1011011011
7901211663539,1000001111
5302124629253,1011010101
5810063950448,1001110011
8908032032671,0111001001
7312013363819,1010101101
8907153018098,0111000110
9302073470849,0101110100
7909271426604,1000101111
8905014607059,1101100101
9102082386533,0001011001
5506173424754,0101111000
5410214180341,0101001011
7808162773152,1101111001
5711164415455,0000110000
9803044895963,1100110010
9107262630192,0010010000
5702173012369,0110101010
8310264594645,0000111110
5701253218315,1001011101
5302174046500,0110101110
5512024342299,0001001111
7412153399218,1011100110
5208124042025,1110110101
8006234977803,1001001100
7801042538579,1101000000
5308142692989,1000100000
8804032862107,0000010111
9303234078997,1100110001
5509062203488,1101110100
5604063129586,0010101110
5603184014296,1110000010
5807284776912,1011011110
9909161794780,1101101010
8009103759166,1101101111
6107241200105,0000101101
8601181369008,1100010000
5004234149673,1110000010
9101263689016,1010101001
9911094046842,0101110010
8008113015044,1110100100
7703184848615,1101110001
5610073806240,1111111111
5012114712533,0000100011
5508122404788,1000100010
6102094343750,1101110100
5004103064487,1111111011
7402033773453,0110111010
8304183721954,1001000101
9209082816847,1101000100
7610152173102,1011011001
7412203909504,0011010001
9907011305287,1010101100
9002022652542,1000001001
9808213793286,0000100010
6905184860427,1011111000
8201091284155,0010010111
8206273712114,0111001111
9306194186234,1010111100
5606263196293,1101100011
6412201562998,1110010100
8608071475399,1000111010
6704241084932,1000100001
8405113220494,1101011001
7309033848254,0000000110
7501162579261,1010010101
6607174670701,1010001100
7010284118419,0000000000
8112142383935,0100001001
8506053825614,0101000000
9312254285033,0010110010
9709262407099,0100110010
6304264403052,1011101011
7607113357542,0101111001
6608031178932,0010000010
7701163705673,0001100001
8106061403798,0111111110
8605174121503,0100111110
6908283426469,1010011100
8904191237283,0011010111
7211112494710,1010010001
8606013396421,0000110100
6906233296722,1011101101
5808132149644,0100011100
9111264851439,0001101001
5203253580734,1011110000
5110091429331,0000110000
9002264248895,1001100100
9803163191327,0010111010
8201183939870,0000100001
7008223119555,0111111110
7205121540676,0111110100
7511283699910,0110000100
7907171203223,0101011010
6907031422200,1011000100
7805061136765,0001001101
5708061277623,0011010111
7104014210969,0000111001
6512152011894,0000110001
8507282993842,0001001101
9911194840043,1100010111
5003264981250,0101111010
7709081376021,1010000011
9805022331338,1101101100
8410061713329,1011000101
8604074196170,0010001010
6612071438973,0010100000
5908203886496,0000111110
6905153370161,1101100111
9010061340399,1110000100
7408174910110,0111101101
8610221325143,0110010001
8112153588904,0110100101
6606043111757,1111110110
5901084264036,1010001101
9511153445641,0110000011
7412224547844,1000000100
8109251377517,1111101101
9910091068650,1000000010
8205234700918,1001010000
9602051671521,1001111111
6301223709194,1011100100
6407031920311,1011010100
6704183030346,0100111011
6210074728754,0001100011
6301221186697,0000110101
9410252799937,0000011110
7308054869491,1101111111
5104222673650,1101110110
6703012292544,1011111011
5710083980893,1010010000
5207141925555,0000011110
7706153294523,1001000101
9411043660895,1111100100
5604154019064,0100000100
7604043654954,1000001111
9105253192177,0001000011
8301193897497,1001111000
6712042569964,1011000101
8402193516681,0000001101
7705222796970,0110001000
9405241094997,1110111011
6108133460244,1110101100
6206191863786,0001110010
5302242562030,1000110101
8510033648813,0110001011
6802062370048,0111110100
6104083919539,0000100011
8311131681028,1110011110
6408072469902,1110001000
7202053232648,1110100110
6606124568559,1010000110
5810244685235,0010101101
9604222639830,1100001001
7802031163495,0011100001
5209143989208,1111110000
7810133933589,0001001101
8110121777720,0001001001
8507162615261,0001001110
9102244568524,0010100101
5311143899595,0000101101
8408222575992,1101000111
7504113207720,1100000101
9104244161636,0111100110
6105251607690,1100000001
6412101059049,1111010011
5210163712051,1111100101
9105082941979,0101110011
6111082883549,0001110100
5407112577922,1001000101
6804072133320,0010110111
6209082365328,0110011001
6003044716879,0001011101
8412162022207,1001011111
8408153982688,0010011000
5802194738398,0100010100
9401022555734,0011111101
6501102916273,0001100000
9501213336389,1011000000
9605274045179,1110011111
6210112929327,0010010101
7605022959694,0110111010
9409091067894,0000001101
5306013078489,0101100000
9502054763861,0000101010
8703054905192,0011010010
6612144705114,0011010110
9310243657767,0110001111
8106152355630,1110111000
7003083350710,1000111010
5711113846972,0111100101
6602034346866,1000100100
9208034684661,0000010111
7109023627209,0010110101
7201113835143,1010100100
8206224642657,1111010101
6206244727882,1000000001
5907122475316,1101111000
6608174350659,1110000010
9309062764054,1110000001
9004174375418,0101100111
6508164505224,0010100110
9907283832455,1110011010
6010023625465,1110010110
5901284885591,1101110000
6702111967696,0000110100
9603144863836,1011001011
9201212863695,1101011111
9101233851683,1100011101
7801024678545,0111101110
5601183528558,1100111101
5206233900046,1101111010
6705143191569,1011011011
5808221982229,1110001101
6712281768475,0011001100
8510052045528,0101011001
9103042293461,0100001110
5211064941995,1111011110
9101224446275,0100000100
7802204378900,0101000001
6001024715166,0000011001
5912044997178,0000110001
5604271841122,0100111011
8607051275261,0010100001
5302251958928,0111101101
8507064740817,0110110101
7705223785744,1000010000
7602212655670,1001100000
8602113444075,0010101010
5906121348143,0110101100
5005053727284,0010011110
5808201804735,1010110100
7906212766489,0110011011
7311033370276,1100110110
5012144037066,0011111010
7507071426627,1100100100
5801174503951,1010111001
7811101295971,1111001011
5111161459302,0011001001
7409273906346,1011001010
8906214624184,0001110101
7005104723870,1001000011
5708271915554,1100001011
8109024087491,0001011011
5811153237764,0001000001
8612122979712,1010010111
9507222222862,1111001001
8203081167125,0101011010
5711173862690,0111000110
7212161620500,1001110010
9007224537113,1111001000
6903171918352,1101000100
9312234468965,0001000100
7103161172985,0011110111
6212163428233,1000111011
8908203205811,0000110111
7206052703441,1100011100
8708203037255,1001110100
6506183802808,0001001110
6112252025762,1111100000
8101153921909,0111111100
8306091282714,0101111101
9401161430662,1010010100
7001094166263,0001010001
7811063054204,1000010100
6407253351064,1100101011
7107113351075,0111100001
6009274361283,1011101000
9610143456543,1110101111
9712083004421,0111101001
8502254826399,1110000111
6309234086581,0011001000
5111032496172,0010000110
5302031661584,0110101101
9606201380507,0101100000
5005162835750,1111111100
9710223604586,0101100001
5507123059220,1100110101
8705253891241,1101011000
6001161600057,1011111011
6403121499328,1011010010
6204103137559,1000101010
6308234362225,0000101111
9610224715026,1101100001
7403044862372,1001101101
7012272096332,0101101111
6411244994612,1000010000
5607024645262,1001000110
5409011057191,1101011011
8906111717725,1000001001
6705214157092,1000001000
5811054253840,1101001010
9612232812834,1011010111
7402123322586,0011111000
9011243157970,1000000100
7503073832391,1011101000
8906214507518,0010001011
5303124879389,1101111110
9704091845846,1100110111
5711274632061,0101010111
5706271316045,1001010001
6012094206285,1100010000
6909174205835,1000000010
5109241191986,1001110000
5704202848082,1000010101
6505091965342,1001010100
5004202530915,1110001010
8705021790483,0111111110
7805141898352,0010011010
8303091325411,1101110100
7303192801773,1100010011
9004073857504,1101100011
6106203797432,1010101110
8501073537436,0010111010
5704011050212,0010111110
9906054822303,0011100011
7910063444017,0011111001
8710082726539,1110100011
5906151636597,0100110101
8109033351609,0110011010
7709211416558,1010001111
6010181343354,1010110000
6804204462241,1000001100
7106094328473,0000001110
9310251321125,1111011100
7008073170272,0100110100
8408201146840,0011111111
8810151684541,0010110000
5409063146331,1110101111
9101181633704,0111100101
8309114031094,1011011010
9605263581993,1000101001
7201244424957,1101011000
6003044477339,0001000000
8204033110925,1111101010
6802113897910,1011111000
9509274653438,0111001000
5610043535992,0000100101
8912133440274,1011101011
6407281246273,0011001001
6702011502349,0010000111
8304123037376,1010010011
7809062120352,0011111100
5602071852477,1001111110
8006073352866,1000100010
9906133069620,1001011110
9302172753317,1111010001
9401144920084,1101110111
6805022174373,1110010111
9512122833320,1011011000
5604182808076,1110010111
5605082962924,0110100101
6205243985009,1000011001
8405174328086,0100110000
6002194925704,1100001111
9408052012341,0101011001
7911141301802,1010000111
5709081712369,0001100001
9205062442862,1100111110
7206172248310,1100001101
6604023960742,0000011010
5907204861220,0010111011
8401214512328,1011100110
8107031023915,1011001101
9812203290588,0000000011
5406183378534,0101101101
5804034117557,0011100110
8904201863705,1110101101
7903024735767,1001010110
7708022586150,1011000001
5402184507695,1110100000
7506163679763,1000000010
9604282077763,1011111100
7301232720371,1111000001
8201114010960,1010110111
7507134545865,0010001011
7303032768573,0011010100
7103211935015,0110001101
5608132870222,0011110101
9112114157151,1000001011
5210242025776,0100001010
7210043181628,1011001111
6404043771805,0000000011
8901152128323,1001110011
8506112901946,0110110100
6205152828816,1100101101
6801214886774,1111010100
8810061340810,1111001000
9406211399172,0011010110
8406043906121,0101010100
9607092021222,0000010110
7512134749203,1001001101
7911033529389,0001110001
7808204967432,1011000110
9203234832313,0010011000
6804182662242,1001000001
5508284027112,1110101100
8202061993053,1111110111
7901182053250,1010011100
5207234271952,0111000001
6903184532098,1001010100
8808223126114,0110010010
9507173791041,1110011010
7210051894297,0110100111
7712023081093,1100000010
8910094326733,1101011111
9005023345871,0010100111
6910242671360,1110010110
9612044343911,1001000000
5901202618295,1111110000
5709092364470,1001110001
6509104420865,0100111001
9806063377053,0010011001
5509212848684,0100011001
9910124433877,0110001101
5206114370733,1110001001
7705223680091,0101011111
6006243928921,0101011111
6503272380429,1000010001
6105133850700,0101001001
8207254692949,1001011111
9609061530240,0001010100
6103054188361,1011010111
9403223185331,0100101001
6103064882104,0011011011
6502261369013,1100100001
6602102915518,1100010011
8706051798094,1110110001
5512163503403,1001101100
5712281421534,0110101001
6106152878546,0011011100
8403081752246,1001101011
7007011430052,1011111100
9506232613103,1011000010
6209013736838,0000010010
5110164228069,1011000100
6111274684130,0101011001
6909182356856,1110100110
8403133873961,0111110100
7406214370445,1101011110
7901271230616,0101101001
7208261854504,0010010111
7706273002973,1100100010
9303243351283,0111101111
7011074166083,0011000010
5104262029201,0010010000
9604282728347,0110100101
6108181725255,0100011111
9607034311591,0110010001
5706041965193,0111010001
6806092815920,1111100010
8605122594617,1100011101
6709191108172,1011011111
7105041544128,0100011100
5004281977855,1011101000
7010212733123,0010110101
8206171048775,0101110010
5312133110028,0110000101
5310163136833,1111000000
9406194762837,1010110010
7912072548246,0101101010
9306162190843,1101100110
6608221724384,1000110110
9207241447053,0011101111
6602063701598,0100100100
9901073783342,0110010000
7308094329746,0001000011
9112214317764,0111100110
5107203013558,0001100000
7705274679731,0110000011
8411201450801,0110011001
9009122329825,0000100101
8907163385585,1011011111
7906174954462,0111111001
7103234102216,1011000101
8407173548262,1000001010
8807252604442,0001110000
7909143487878,1100110101
9105092807805,1100000111
7910111622384,0101001000
6408063095468,1011011100
5503223831060,0100001011
8807172899667,1010110100
8910102053526,0111101101
6801202147019,1111100000
8809264572107,0011111101
6709222677887,0110011001
5708283320576,1100011010
5412194583112,0101010000
7111074531462,1110111110
5001182082244,1111010111
6202063494162,1001101111
8101281153150,1101110110
9607134463184,1001000111
9110063118912,0001001001
5112122039185,1000100001
9708114959584,1100101101
5604282840905,1111011010
7804013617331,1000010110
7901234833160,0111110101
8005171576385,1111000111
8307123628408,0011100110
9511064366962,1101011100
6204233810879,0011110100
5110143026047,1011101000
8602202532745,1111000000
6810123748420,1011110100
6809193922996,1011110111
9204222128710,1010001000
5211202802490,0111010000
7606113591769,0111100111
6412271003980,1000001110
6501073456305,1111110010
5110252342436,0000101011
5507201814021,0001101110
5610124104931,1100100001
6609064111576,1111000000
7412132781316,1010111001
8411083580960,0010000100
9708032209874,1111100110
6507284838417,0001010100
5401283456267,1100110000
6109103375977,0111010101
8411193494505,1001001001
8302181778174,0100001101
8801274595725,1011110001
7207181657032,0101011011
8105081011984,1101010000
5407104218580,1100000010
5509061390634,0111111100
8304252660998,0000111101
8004142923543,0110111011
5710091502655,1001001001
8403114355151,0010111010
7910184017196,1100101010
5306254255585,0101000111
5704084302960,1100100000
6805051867431,1111100110
5206113844605,0010111001
6504014152448,1111111110
7902022868472,0000111001
6010124970776,1001100101
7407041635323,0010001011
6005031854473,0110100100
9306233912368,0010000100
6011053049048,1100101111
5010033644982,1001011100
8506241766231,0100011110
7606023402832,1011011001
8203152588622,1001000011
6708024791620,0001010100
7909073240313,1100111011
5508041377764,1110010101
6709231090998,0001011011
5901104708397,1100111000
6808021651649,1001011010
9807052004823,1110000110
6310071200651,0110000001
5810121876819,0010011110
8504241794165,0111010011
8310202155674,1101101111
8403051386064,1011011101
6403284606931,0101100001
7011242819017,1010100101
8105042741240,0001011100
5905012345846,1111001010
8911253681593,1000111001
5005112293407,1010101100
5905161434725,1101001011
9103234536026,1111010111
6501101061511,0101100100
5112193153085,0110101110
6003011063451,0110100011
6001014625897,0111100110
8212184581365,1001110000
8305093406747,1010111001
5403021334363,1100101111
9607223614132,1111000100
5012033715821,0100101101
6709183667257,1001010011
7410262402189,0111010101
5005032585659,0010110010
7204141755343,0001101011
6710252375734,1100100010
5407273822442,1110010011
8508123300617,0101110111
6802034502675,0100001101
6204021048468,0010010111
9502284587951,1111010011
8703284258882,1111010000
6507181578362,1100010001
8412062809768,1101000000
6907264924377,0111101110
6212012703278,0110010000
8206052426573,0100110110
7110214772923,0011101101
8810273188120,1111101110
6408013020891,1100111110
9909224835861,0110100011
7711043747693,0100001000
9907232526421,0000010010
9202192996398,0001110011
8909054993632,0000111100
5008042209421,1101100111
7001242137988,0010100101
7305043885914,1111001100
9211081656629,1111011100
7109203666062,1001111010
6712271528331,1001111001
9812122537576,1000110110
8701172953796,1001001000
8509192422587,0111010100
6012103163520,0111001000
6011214421308,1011101000
8612262303969,0010000010
7206202752280,0100011101
8206173140905,0110100010
5001034018271,0001110110
9703061994996,1101000010
8805231530563,1100100001
9509211628364,0000110011
8004113191944,1110100011
7506093746243,1101010010
5702232241083,1011111011
7908084946699,0010011011
5702072336315,0100000001
6702022083902,1010001111
8911131715683,1001110100
9408182057166,0010110010
6608012408622,1101111110
9406243578111,0001001011
6201094034317,1001001110
6811212745120,1100111001
5103104255447,1111100011
9301044229877,1010101110
8002013104134,1101000101
6307284019285,1011101011
6406222683376,1001111101
8003261128349,1110011000
7110022229392,1111111001
8811254190760,1110000110
7406023504666,1101110110
6801021264234,0101010011
9301142843682,1001101001
7107093535242,0100011000
9711254764409,1111111111
5803263073840,1001111100
7602204695831,0000010111
5605024383992,0100110100
9506193661178,1110010111
8901261887237,1111100011
8804251206368,0111111000
8006151689338,1000000111
6907161542964,0111101000
5308064421211,0110001010
9803011767508,1001010101
9312264613216,0101110011
6709212130917,0000110001
7308153266972,0011111111
8311203018757,1000100111
9705152028111,1011000011
6011201006031,1101101011
5304214598715,0101001001
8003031380790,1010000001
9411083037681,0010011010
7711073225072,1000111000
8506111022167,0010011010
8407093911586,1111100000
6606074669871,1111010110
5801041376227,0101111100
9404113080797,0100010011
9007243961717,0000101001
9407253013143,1111110110
6008254559905,1010101100
8112091330012,0111111001
7501104118884,0000010100
8204073995151,0100100100
5803021390664,1000010010
6403021910326,1110101011
6912164449813,0100111110
6705123361271,1101100000
8209024354551,1010010111
7112154365557,1001001110
9908092216475,0100000101
8009034733134,0101000101
6511083429920,1100101000
9602164453693,0001011011
6009114203157,0110011110
8305124670610,1100010100
9807174158846,1010111110
5507052445354,1011101111
7509064698791,1101010011
5104201133265,1101110000
5603171139871,1100110010
5908113541492,0001110010
9602193122931,0011111110
9011201853370,0100010110
8905062543147,1111100101
9710253667189,0111000011
8408113618504,1010001011
5010163416465,1011111110
8101142398375,0011111000
6909134329844,0010100000
6807164544089,1101100110
6206132234104,1000010101
6408124191912,0110001000
7311083776904,1100101101
7801031420434,1111110011
5402261882851,1111100001
6608254988391,1100101100
5612141116921,1100111110
7605182678624,0011111101
5510111839894,0100110011
8308184085820,1010101110
7108031838253,0100010000
5612041528823,1111011010
8806232622745,1111100110
7911013329013,1000001100
9909173406470,1101010110
7508203896753,1101011010
5204032015708,0101111011
8610032936113,1001110001
8503193432982,0101000000
5105012115767,0100101001
6105104857999,0100100110
8106251005030,0010110000
6108163747799,1000111000
7908262745209,1011000000
5306042311152,0111000111
8005191378784,1011100000
5402242774706,1011100001
8805043989252,1010010100
7002124968415,0110011000
7309262922853,0011100111
7708084376140,0000100100
9609121602532,1111000001
6111021919526,0000100100
8402243107255,0111100001
7808012031846,0001010101
6203203221143,1011011011
9509051714416,0010000000
6504213828771,0110110110
9303204903831,1100010110
6101201336631,1111101100
8903154161932,0000000000
7712133415737,0001010010
7703274339937,0000110101
7102193347564,0101001111
8603272785569,0010100100
5402091398650,1000101101
7912163258391,0001001101
5111151061498,0101101110
7906034222315,0101011110
5010174250929,1010001111
8101152875707,1000010010
6709143283936,1101101101
6111181171175,1001111110
6808253240122,1011101000
7410184790566,0001001010
7609182831332,0000110011
7511131432203,0110101001
8110161428680,0111110001
6801093391638,0000000101
7603064225823,0101111101
5211261714519,1010000001
9201094363469,0000111001
6001281967433,0111010010
5310042410017,1111011101
9202121473096,0111010100
6506124102333,1101010100
5109251229227,1100100111
5408152619208,1111000011
5811162183343,0100011000
6901154295771,1010101101
9106234358699,0101111001
8803071166032,1000111111
8311173762175,1100110010
5904203260144,0101110111
9105132087630,1111111001
6707233348507,1111101000
9508101921757,0101110001
6305052831047,0110010000
6707132648623,1110101000
9412132604499,1100011101
6401243066761,0010111001
7702183333518,1010111101
6512064280194,0000011010
7410232833133,1010010101
7401074626745,0111101010
8912262601464,1100101011
9803043246230,1011010001
8010161629571,1001101111
9605022538595,1111100110
5203203761120,1011111001
5001231805296,1010010010
5910051550450,1001011111
5711122032147,1100110000
9006113142710,1000000000
9810042132928,0101001010
6108211753805,1111011111
8103201306424,0100101000
5312134936444,1110011101
9112083781900,0010111110
5909263638252,0001101110
7708283036058,0101011000
8805042689885,1101001010
9011122344866,0111000010
7801234586595,0001111110
9410132737016,1111010001
9812223667802,1111000001
9802143367600,0100001111
8705072592707,0000001001
5308181450832,1101010000
7412152922584,1110001011
9312163221296,0010010001
5510234235148,0101010111
8408191617763,1010001101
8506262291796,0011010100
6610071782577,0010100101
9703194531133,1010010111
5209023269379,0001011001
9712172100946,0011101011
6906141563352,1011000011
9502063714621,0001000111
7606232554808,0101111100
5108233038562,1110010010
7203184736800,1001111011
8302244145065,1101100100
5209141578034,0111011101
8906191198160,1000001111
6106183039450,1100010100
5402151621899,1010110100
8003271158895,1110100101
6611154744650,0110011110
8312171417758,1011101000
7611211518233,0101100001
7303063730586,0010011110
6409023009059,1011000110
8511012188037,1001010111
7412273736992,1010110000
6911093693813,1000100011
9301194992374,1010010110
7205264648940,0010100010
9706261307647,1000100010
9704071947959,0101110101
5604093645174,1001000110
7807234294940,0010100101
9907063759566,1011010111
9505192979817,1111110001
8909061571437,1110110001
9008084593439,0010100111
8107234251387,0111001111
9609061424140,0011111011
6002033968487,1000110101
7711261813148,1000001110
6211174323216,1011010101
9104121068746,1000010110
9302021559911,1110010010
5306253785453,1100010011
7103074039960,1111110100
8402192388287,1001011100
6106131114617,0010110011
8601101847892,1111110101
9308072595991,0111000011
6212014386558,1001000111
6412161143332,1001001001
9804151026960,0110001111
9505221854598,0011110011
8207264682011,1000111101
5604264248878,1010010110
6912034609744,1100101111
8409031612368,1111001111
7511011778253,0010110001
8703112074802,0110110000
6010101936696,0000101011
8001083396089,0101101101
9105172219157,0101000110
5909094361311,0110101011
9902104013814,1001111100
8306014554821,0110111100
9410122560905,0101001111
7501073357955,0100001101
6302213742260,0101000100
6411192084769,0000011000
9110031995400,0110010110
7810071067240,1000000001
8402241441497,0011000011
5301274586691,1011111010
5612063983370,0010101111
7206073928549,0110110100
8008032492458,1011100101
8909052202509,0100000000
9812261418300,1100010100
8010154540234,1101010110
6903141723778,1100101111
5703123584272,1100001111
9201252671065,1011000110
6305273777434,1101000101
8310282040768,0000010000
9302033187651,1111011110
9206112427584,1010110000
6211141415743,1110101000
5605053180489,1010111111
6204232330414,0110101110
7507024918838,0100100111
5704083090900,0111000001
9201193693684,1000111011
7112131966075,0110001101
8604221734466,1110010010
6406122263088,1010100110
6402071805367,0001011000
7611241388978,0010001001
9911192320573,1111000000
5111132843774,1110111000
8404091702369,1100100100
7309282915941,1011010100
6302262833671,1010101110
6304172189091,1011110001
5804102300072,0111110000
8212061183711,1110000001
5001163377451,0110101010
7702104670506,0101011100
5902102807567,1110011011
7007192665111,1101100010
5106262391632,0100110111
9206044586078,1100101001
7605233645051,1010011101
8601014504451,0000110110
7104072207817,1110011101
8804023902392,1101010000
9706094414482,0111011001
6510074131588,0000000010
8501181989434,0000001011
9911262044583,1011101000
6901084767497,1010001010
8304061241274,0100001111
9606014344714,1001010010
9304251848665,1110001011
8001071255904,0011001011
6302111675737,1001000110
5710051774466,0100111000
7405231974144,0101010111
7511163673507,1110100000
5405184763045,1001010111
6008281052265,1000011000
8407092623103,1011010111
7505143012089,0110110000
7201031973785,0010001100
8707113096825,1010111010
6504201219028,1111011010
8603213514675,0011011110
9404053478552,0011100000
9709271646991,0100010100
5905203982462,0100110111
8211043090796,0011001110
9209192625147,0010010000
7709191325244,1001111010
6607021670401,0001100010
5502174620851,1011001111
5506261814264,1100010100
5403014493862,0010000001
6903174599102,1111110010
8201044400108,1111010011
7208193017476,0011000100
9509254890172,1011100010
7201091073691,1110100110
5901061465287,0101111111
6101272089362,0110011000
9908243610366,0111111100
6607022272496,1011111101
7705043845378,1001110001
7207184269830,0000011110
6411244073536,1101101001
8311284243967,0110011001
7208012668722,0010001011
6709044788979,1101010000
9301241900584,0111101101
6112141968160,1011011001
6007254303865,1110000111
6511034986364,0000100011
6803033490840,0111000111
6209093279825,1000010100
8707184174401,0010001010
8901182057398,0111000011
6404072657020,0000001100
5307172109189,0100111010
8409274003061,0110111111
7612014911946,1001000111
7806231790295,1010110000
5609263618457,0011001010
9911093943530,0010000101
7008152252970,1110100011
8012284334435,1100100011
6104022646306,0001000110
9512052038455,0010110110
6207014563333,0010001100
6011041715768,1111100110
7703282122945,1000110100
5708264716360,0010000001
9811093560584,1110011000
5303154549123,0110001110
5211041337419,0011111011
6102071266418,0011010100
8607244725085,0000110001
7110151441130,1101110100
9810284144105,0010110010
5102023667152,1011001001
6006022798736,0001011110
6604282737485,0101100010
7107201562472,1111101110
9706064263594,1011011111
5511062054271,1011010101
5907024006298,1011111001
9411033644808,1101100100
6408254772364,0010011010
7912231335719,1010101001
9401134922762,1110011100
9012154875706,1111010111
8207133165614,0110001101
7107193020605,0000010110
5303102313804,1000101001
8201124634956,0001011111
5212263890774,0001101110
8010134295343,0010111110
7003063429166,1011011000
5404123246062,0000110101
5404172763103,1110011011
9102042768249,0010110110
6402173116528,1100110010
9105122793832,0100011010
8612014558829,0011101111
5902244535916,1001000010
9301263776876,1011100000
7610052170613,0001110000
7012213829753,1010100001
5608082902713,1101110101
6107062444769,0111100110
8510051480921,0010000000
7307112390300,0100011111
9902214843162,0101110010
9409263206614,0001110110
5102054444640,0011101101
8009134003648,1000111111
5202271985102,1111011010
9811252847492,1000111000
7603152345602,0110110101
7906281854015,0101100110
6906144179700,1110101110
5209063562458,1100011010
8611061218603,0000010000
8508114323563,0101000111
7704184680380,1110111010
8009222000987,0100100101
5005051293832,0001011001
7507104075001,0100111110
7410092942506,1100011111
8903083859537,1110100111
8512054159800,1001101010
8304224730073,0100001011
7703122047900,0011100110
8301253750099,0011000000
9905083666989,1010010010
7801223500651,1111010101
5112241832316,0101010000
7501171802145,0100010011
5006214777341,1010110010
5005121010050,1011101111
9612193058751,1111100011
5201203365262,0110010011
5102174383337,0100101010
6204131629729,1001001101
5106082792920,1111001001
7607262254730,1110110000
6409263267380,0110100110
9009231088340,1100001111
9112044047925,1011101111
8510142390810,1111101100
7508152479966,1001011000
5302233940465,1001100110
6709261900220,0111011111
5909233183154,1101001111
5409021041242,0010011000
6411264407820,0100011111
5608242464664,0010010011
6808121101725,0010001011
7710013424616,0011000010
6810112611486,0000101010
5803052119889,0111010010
5201263751538,0011000001
6302194819374,1111011010
8311134872238,1100011101
8811082293862,0110101001
9109074180762,0100000110
7306123047419,1100100110
9903044429780,1111101111
6605174209492,0101100010
7507154667013,1111100111
5606062337417,1111111011
8809131861058,1101011101
8211142428260,1010100111
7505213986060,0000101000
6912034809286,1101110110
5108081433219,0110110010
9702133908354,1010110011
6811014397754,1101011001
8802101137168,1001110011
7711242080794,1001011101
5801083897157,0111001001
7012032776370,1111001111
5705173510461,1110001100
7412273379733,0001101000
6204111722226,1110101111
5109273055651,0110110110
5709254361019,0010100011
8508223016554,1111100001
6110021852097,1010001101
9710153166449,0001101010
9603234037087,0100111000
9710082699949,0000110010
6006201324101,0100011010
6112231697269,0101100111
9104253093643,1110101110
6303124345142,1100111000
7001151695323,0101011001
7703252754983,1010000001
9903233714105,0000110011
9001081366375,0000101110
7603124894471,0101110010
9804281928296,1100110001
8205132965841,1111100101
5803082975195,1010000101
8411213184565,1001110100
8108272947816,1011001110
7105102090286,1100111110
5412254773842,0010100100
8007232428724,0000100011
7812044930383,0011101000
7904171487154,0100001011
7109163241388,0100011011
7208014453552,1010010110
8011053136677,0100101101
5612281342799,0001111010
6008173877884,1010111001
7602172832966,1001001100
8902154096816,0001111100
5604253073636,1111010100
5607244055168,0001100000
8009034364519,0010001000
9511014336613,1001000111
6308232978564,1010110010
7904031293411,0000000001
6905021669359,0000001111
8512271214423,0011001110
5302184352727,0110101100
5610212366852,0101001010
9001161733364,1001000001
8007013563034,0010011011
7707122807460,0001001100
5101161608785,0111110011
5508154788754,0000010010
6302112589048,0010111001
5411092118097,1101111001
7712224583784,1101000010
9607164074085,1000101000
6411072855577,1000000001
6210262066504,0000010000
8912202578866,0010010111
5609043427685,1010110110
9311014071138,0111000110
5107062400183,0100110100
6712012512348,1001011010
8307141860956,1010100001
5203281127895,1100001100
7210014111932,0010100110
8905164901558,0100111001
7006122194241,0010100110
8709284516744,1111101101
6907052616971,1100100011
7409011099270,1100001000
7105203256602,1111000010
8208142512998,0000111101
8011073254595,1100010001
5402074347447,1110101101
6809233709502,0011010011
8801203436185,1010000110
6106064192289,0010111011
7806242904194,0100001011
7003071065174,0100010100
6504282153201,1101111101
6708082253688,0011101010
9503022865405,0001001001
6204184979627,1111000110
8004142686876,0001000011
7811182862304,0000011001
7211221329170,0100110010
5407202315588,0010110110
7906101315868,0010111001
8509021245364,0100100110
8004254562807,0110101011
9209251037609,0101100101
8306272788758,1000011001
5703243503519,0001111101
8506111095695,1011001101
7112011885066,0101000011
9402282538063,1010000010
5404042877606,1100111101
8504134999295,0000011011
6907213629448,1111110000
9109173801357,1110000100
9407284911842,1001000011
6205014462298,0000000010
5010104135887,1110101110
6203282011730,0000101101
5704144067405,0110001001
7001213925743,0011101101
6102222181416,0000111011
7111242035542,1111110011
8711254484617,0001100000
5005042895655,1111001110
6611061761074,1110110110
7002272574416,1111001011
8201012764466,0000001010
8307024029223,1111110100
7310181425967,1010000100
7809022760154,0001000100
7809121295640,0110100100
6401264438950,1111011001
8802064595535,0111110000
5202113174494,0100101101
9609282060093,1111110011
7208081185530,1010101010
9312102699446,1111000101
7607184175631,0101111011
9401203257870,1100101101
7606112055505,0101001010
7110204296286,0111110000
9806151215401,0011000010
7103041573393,0010110010
6804064374574,1011111000
7811081462761,0101010111
8602163908250,1011110111
8902181029549,0111111111
8502144070618,0111111100
8707112022280,1001001101
8606081963027,1011011011
7605114514270,1111000111
5110174468705,0010111010
6406193652972,1010101011
7310023525908,0010010011
8205121523436,1000110100
5001233366123,0100101010
6104142461578,0010000111
7412222227636,0110101001
6501172172642,1110111001
8305084875262,0100001010
8711193598123,1010010111
8608201157818,1111100101
5804131158823,1010100101
8904092362696,1001100000
5611213627197,0110111110
6308062160635,0101010101
6102093110484,0110111110
5310074690579,0101100101
8107154175044,0010000101
7911092145531,0111111001
6905172852352,1111001010
8403122693197,0000001001
7312161685405,1100101101
5506104398259,1101101101
8308193476414,0000100100
8608211588929,0110010011
7712021730137,0110111010
5109174299306,1011101011
8912032414719,0011111011
9505012157309,0111110001
5107212409566,0100101010
6306084808339,0010101011
6511052784509,1101110101
7902164703316,1011000011
6405024204195,1001100111
5902092388585,1110101101
7607142277237,0010011100
9307231077131,0110000001
7208062940987,1001100011
9405074714826,1010001100
5703204796006,1011101010
6005062303260,0111111000
9110201550359,1011000001
7710102028986,1000101011
7907123813300,1111001100
8509222703471,1111110100
9408201894965,1111110110
9508284341265,1101110001
8810124030727,0110101100
5805073338299,1110000111
7901182509698,0100100010
7709093608069,0000000011
6508154885710,1100011011
8911123003903,0100001111
6606223517227,0100111001
7004264838171,1010101110
9406091748736,0101000110
5108201416805,0100001010
7904013759058,0000100000
8009232321048,0111010010
9210282035309,0111101010
7606161696053,1110000100
7804202175947,1100100010
6911181676723,0001100000
5305243821870,0111110000
7406212558059,0110000110
9704022739107,0111100011
8912192142182,0001100100
6408123138228,0101101110
6007012356768,0011101111
7203132474886,1000000111
7505042151041,1100110000
7104163617755,0001100101
8708194142753,1000111000
5603054386425,1100101110
8701024583692,0001111010
7507121014255,0111100011
9606073798581,0100011010
9808284613260,0011101111
7606113775260,0110001110
7802211599642,0001111100
8812041503336,1011011000
8102182294953,0111111000
5306164038184,1010100011
9804252780914,0110011100
8806094436672,0101111000
5603212613699,0110100110
5910042841801,1101101000
7302112702749,1101011100
7405104032163,1101100110
7004261017512,0010000101
7610091199965,0001010010
9606064699529,0110000101
7812014371823,0011001111
9009034632822,0100100111
6509111154491,0001010011
8307263186647,0010010100
5908184210521,1001111100
9107214894098,1001101001
8004071442158,0000101000
7806023335346,1111010100
6401251380727,0011111100
7202012042299,0001000011
9001252339548,0101110001
6511211583507,0000101010
9407171302005,1100001000
7505081160842,0011101101
9810251839766,0000101001
6601023319379,1011011110
7104162806511,1001110000
5906214793241,1001100011
7202131252330,0111001000
9505094682834,0101111111
6803264465277,0101001011
6211234038985,1001100000
7008132945889,0011111010
9603272565302,0001101000
6207052951311,1111010000
6603281316851,0000010111
7504171837388,0011100010
7803084428636,1101010110
6008242458458,1010111101
6808272876579,0001111010
5105091261928,0000110001
5409074816334,1110010111
5605011628813,0111110111
5904233465416,1011110100
5211052459873,0010001111
6905184190414,0000111101
6505174161390,1011011110
9601254618408,0110110110
6101242012006,1011110111
9208021474955,0001010100
6301134914786,0010011110
5401264646458,1110111000
9401081686611,1111011011
6109242626362,0000100011
8603101752635,1010000010
5301284039698,0001101000
5108161194198,1111111001
5903184739991,1011110111
9001162378478,1110010100
7404281844886,1100011110
9209262619266,1000111001
6401284883271,0001101000
9906171265323,0101001001
9911123375068,1101010101
5804054046092,1110110010
6205152238995,1100101000
6811234995854,0011111100
5209053651716,1000101000
5603212095725,0001100111
6112224204715,1100010101
5903202220149,1000000001
9109114677080,1001000001
7902102661479,0000010000
6505232466047,1011001000
7810042351237,1110010000
7608123943740,1101010101
6503152222808,1111101111
9702152804832,0000011100
5909232294598,1110111100
5005194989157,1011010100
9312203724623,1000100001
9711131554294,0110101010
6605051010189,0110001011
5711024790122,1100100011
6712233812518,1000111100
6304181287704,0010001100
5604032079498,0001110001
9305114133359,0110000101
9306272928235,0010001101
7703051666673,1111101100
6512114380334,1010001111
9701211250518,0100011110
7202151245996,1110001010
6204232483411,1001011110
7610061012076,0000111101
8510062141436,0010111000
8307034548407,1000000010
7503052364865,0110101100
7912284912142,1110101000
6604144151711,1111100101
7204204097072,0011100100
5310063198501,1001000110
6907152457975,1001100110
8304202014484,0000111001
7009072325736,0010100000
6010122362531,1010111110
9112183901231,1010000101
7903174349530,1110100010
8003272115879,1100000100
9206182368864,0110101010
5607012608287,1110011010
9901202884733,1001101010
6905284816235,0010001010
8404032554158,1010111101
9902174507934,1100000001
6703172919788,1001001011
9306151549026,1100110110
9403114034976,1100001010
6608012449207,1110001100
8205153272366,1101101111
6107034082372,0100101101
9909192407006,0000110001
7409084030332,1010001100
8709212017130,1010001101
7809261835849,1011101001
7007064244840,1100000100
6912044001800,1100010100
6506114669602,1001110010
7506213615719,1011000011
5907281644519,0000000011
8911073571698,0110000111
5711262997169,1001101011
7906153701650,0000111101
8206044850791,1110010000
9604091155622,0001101110
8806231978445,0000100111
6810093345602,0010000100
7711081363552,0110111001
9606044457945,0010011011
6903042939133,0111011101
9508202960713,0111111100
6905022980778,1111111011
7002282690000,1010000101
7306243900892,1011001110
8007041561739,1011101110
5708282604984,1100111111
8604253170326,0111010101
5605161089785,1010111111
5703094903090,1010010110
7412023288597,0110101011
9603154017693,1101101111
7510202653675,0001000000
8910194537310,1001001101
6702114610030,0011011000
6308221040353,1110110100
7505142051486,1010100001
6103143592796,1111000100
5504191074463,0100111101
8012194387566,1111111110
8508162171228,0100100101
9504082913049,1010001000
7803182143113,0011111111
8506152404888,0110111100
9905122812515,0011110111
8302122445093,0001111110
7703162872695,1000011001
5411021460630,1000111101
5811281135047,1100011100
5405253932196,0000001111
6401282614320,1111110010
6804031470403,0000010000
6404173441680,0111110100
8509093986100,1011111101
5307012319735,1000111100
8908212598759,1001001110
9901112004857,1111110111
7705232419601,1100001000
8609101986350,0000111011
9911132941450,0011011111
6608254165734,0100111111
6911082121663,1001010011
9304131978753,0001110100
5702181910701,0110101011
5907013418138,1000110010
7106131155680,1110011100
5703264163342,0100101110
9701194184161,0010101011
8806021504627,0010100101
9509084612414,1101101110
9401024253583,0001100101
7609154043748,1101000111
9001172135613,1001110101
9710254304988,0101111010
5901044202432,0011011100
6903111693545,0010011010
7805134765894,0100010011
5512031845302,1010110110
9511224194581,1010111100
5008022517177,0111100010
6611142652936,0001010101
6604194204397,0011000011
6409263923416,0111011011
9206114442116,1110011100
6905242901526,1101100101
7309021576404,1011001100
7203273877075,1000011010
7701161476516,1000000011
5510052845574,1110110001
9702154596338,0001001011
7804154292729,1010001001
6303173258578,0000100001
6105271602193,0001010000
5406201454127,1110000001
6612153413775,0100001001
9010263120119,1001011111
7101261988412,0101111000
9012232755910,0100111001
8101013693276,0011100100
5208023776699,0101111010
6608252188167,0011110101
8510023862127,0101011010
7302162524486,1110110100
9803044517417,0010001111
7504141409765,1010111011
6903122286719,0110011010
7906271998326,0110100000
9511071078311,1111010100
5908144898176,0100010110
7010062720016,1000101101
6603154981654,1100010100
5307124315856,0010100010
5211041515955,0100101101
6706074850915,1000111010
6606111986029,1110011011
5410204723636,1100111001
9009241342260,0000010111
5703234764455,0010011100
5402011349726,0101100111
5103214385715,0100111101
7604254951371,0010011111
8401021208295,1111011001
7503012085724,0011010110
5302241961663,1011110101
9103244080458,1101010101
6307233380429,1101000111
6305011993633,1010100111
5208023737809,0101011011
6308284979576,1000100011
9001103972951,1001010100
5801232956198,1010101100
5809022704529,1100011110
8905171568187,0100010010
5603103801689,0110100101
7712263283737,1111010110
5209281849978,1101000011
9007154451161,0100001111
7404054341749,1001000011
7505052091118,0000010010
9702233797832,1111111101
7501273091954,0010110001
9412262242311,0110010001
8807241748262,1101111010
8506031363415,1111110001
5406232526665,1100000100
5002113337865,1001010110
7602232964688,1100010000
7509102949676,1001101111
5909202092912,0100000001
8608174108061,1101100000
7908094410069,1111010100
5210033967481,1110011010
6501202076802,1011100110
7404073502897,1011000101
6412152371823,1100110110
8008144615169,0101010001
6905193429269,0101101111
9909103474873,1000010111
9704034336717,0110000001
5806153259919,0110010100
5009061220619,1100001100
8601261272571,1010000110
5311192402109,1111110011
9305084178303,1011011110
5604104056664,1101001111
7909053791528,0100110001
7604022058889,0000000110
8905112663471,0010001000
7503042210251,0010000100
7704023814650,1010110011
6703284169946,1010010011
8406173159021,1101111111
5304083436952,0110001110
9405033307743,0001011000
7404243664976,1010100010
9002183943412,0111011011
9204253279697,1000010001
6512244883298,0110000111
8605282439055,1100101101
9105253524942,1000100010
8204083132341,0110100110
9412193429883,0001110001
6904022173131,1011111000
6903203123413,0101111000
9001042609185,0101011010
8512183012006,1010001011
5002011455338,1010100111
6301102591732,1111010011
9005273881543,0111010101
9601142757358,0101101100
6908264907911,1011110111
9010093262033,1110001010
9409033598344,0000010101
6406114586011,0110010100
9508103979565,0100010011
6005041882819,0001100110
6302202087666,1001100000
6802094219172,1100010101
7405202132467,1110011011
7709233211112,1100111001
8108073214972,0100011011
9908062622965,1111011101
8201284962560,1101100001
8804223279735,1001000010
5602141163339,1000010110
5412262381559,0001010110
9807183096227,0010010000
5505264936989,0111110101
9206122223741,0000001001
9709134009272,0001001100
9703174884106,1110000001
6304202442259,1010101101
9608042730998,0101010111
7507152207218,1000101110
8602163547933,0111110010
5303113462630,0011111110
5303142699129,0000111110
8306124752147,0001011010
7909191379163,1011100110
5005214509756,0010110010
9708192791454,0100101001
7011273546193,0110001000
7704281427714,1101010110
7311204234915,0110001100
5704262120846,0101101111
8403234006333,1011011110
6802204292029,0010101100
5411052647695,0111000100
7202043593244,0001110110
6710253453704,0011101111
9807144276064,1001001001
7304032068521,1110111110
8905162989325,1010010001
8111073389896,1000110100
9003061116104,0111111110
6812173515258,1110001100
5510184779033,0110011111
6303154724567,0101000001
6003193807014,0011001100
8311091237885,0000111011
5402043407512,1100101111
8611103341115,0111100101
7505031524300,1010100000
8011283874358,0011111110
5009054817863,0111010111
7704082083404,1010100101
7612194396551,0101001110
8303081016623,1100111100
8502224882987,0100111011
5404184250714,0001010110
7309131581653,0110101101
6802071970597,0110011000
8507123325312,1111011001
8607203486529,1001100110
5909021177233,0011111001
9905054608789,1100000001
6604034561994,1101110000
9501181158796,0011001001
5310202921663,0101110010
6511084289225,1000110001
7710152182836,1101111100
8503041591996,1010100011
7112111555462,0000101001
8210202032887,0000001011
5008212118903,1101001010
9104204803742,1001000000
9208163439165,0111100110
7302234524974,1100011101
5009193932080,1101011100
6003054247997,0011100110
8102214057592,1100000100
9905192496624,0001110011
7908082138045,1011100101
9507072511234,0011001000
5804134721071,1111010010
6205161464187,0110101100
8505283006172,0010100001
7108223971377,0101100110
5007073291657,0000111001
6202051982948,1000100001
9509074422778,0110011011
7001021568974,1100010000
6402261568953,0000111110
7209024243964,0110000101
5008112202615,0010110101
5302121587292,1000101000
7304021306006,1000100000
8610164140766,0000111111
7007263695289,0011111100
5806051182233,0110101110
7604232346451,1111010001
7903032101003,1110000110
6207172790061,1011111000
8402153436601,0111110110
6006192050107,0010101001
5510244406871,0001101110
5301222642367,1100111101
5110253192111,0000101001
6501201325141,1110101000
7608284638754,1101101001
8603244376013,1101010110
8008214271592,1000001010
5107194874113,1100001110
6804014198088,1110100100
7607044093515,1110110010
9202101374970,1111110011
5712051350385,0010110000
7707243282374,1111011100
8709121362082,1111110001
6312013247976,0011000001
9605171586369,1001111111
7708051633811,0000000100
7005093284428,1011011001
9706193784760,1111111010
5211173872909,0000000001
7208273874454,0100101001
7310033934438,1010001011
9404273859589,0110010001
7603224774674,0000010000
5308222100416,1110100100
6104273633173,1110000010
6909113455772,1110001111
6407082138935,1000010010
6511162106826,1100001010
7410043216037,1000101010
9201071311201,0101010000
9002284214894,0101001011
5302082965809,1101100100
9408162465376,0000011111
6104152600215,0001011011
9701123931360,1011101101
9909243865781,0000010101
9012224200028,0010101000
8702141867371,1100100010
9107271082071,1010111110
5202142629411,1111010111
9709124575095,1110011101
9407161564666,1010001100
6409251772118,0011111000
5801031858103,0010110000
9410243708136,1011000111
7003053622969,1010000001
5904251296744,1011011010
6101112410802,0101010000
9810234246529,0110110100
5006131206157,0011111110
9307224822305,0111100010
5608264643651,0011100111
7606151223382,0111101010
5508264192475,0001011100
9510152958570,0010111110
7806202364642,1010000111
9710013944301,1111001110
7606044026289,0000011010
8308194572032,1100011010
5903214954204,0100010011
9711053198519,0111110111
5911222166754,1010010100
9306222374187,1011111001
5408071108052,1010100011
8611232811482,0000000110
9209091086412,0110001101
5310254924834,0000001000
9807231098485,0110011000
9801012247859,1111100010
6311182289807,0111000001
7610264079461,1000111101
7108022602880,1000100010
9407242524370,0011101010
6708282208129,1110111110
7308092071561,1011110111
9205041150464,0100100101
6304083288438,1101011110
9112012197518,1011110000
5202104135220,0010010110
9307044454553,0100101000
8104223270732,0101111011
6805244045884,0010001000
9310054124720,0010011101
7503142549370,0000111011
7901283232465,0000100111
9712113968730,1010111100
7805211058972,1100011111
6209253052557,1100000001
7607214863490,0100000101
8501034566059,0110001000
5509264246335,1010101010
6402113294408,0000101000
5601093223494,1100110100
9804024733009,1010111000
9405252181482,1100000110
8805142296088,1010100111
6602062206499,1000100111
5201252425592,0010100100
7108184493591,1000000001
6711033253033,0101011101
8703211270988,1111110001
5009032234145,0000110000
6405171891865,0011000111
7807103899068,0011111111
5505041409497,0111011111
8109121597537,1110010011
7208114726486,0010111101
9309223388976,0111100110
8512272545073,0011100010
8307092625625,0001011010
7011041803477,1011100001
6810171826813,1100000010
8202143649708,1111110110
8408253728761,1111110010
6104281627090,0000011011
9401123144416,0010111010
9601074201134,1011101110
8411114316131,0111001100
7604173039299,1111110100
9305273959434,0100010000
5908262204701,0111010101
8005041284472,1001100110
9701144269125,0011010101
9405141452236,0101011001
6509241421192,1101101111
6208123728248,0110010010
7906082738656,0011110000
9805262208833,0011010010
6405064025008,0100011001
5407144811177,1111011101
5805132339214,0000100010
5002224600164,0000100111
8207014706397,1011110001
5101164552072,0010000011
7707014816093,1001001111
9001234314787,0111110101
9812024543005,0010000010
7102031588844,0100111110
6009192113655,1100010110
5208193756044,1001011110
9109212736087,0111111110
5901182292203,1001110010
8305233601122,0001111000
9011044146846,0111101110
8008224833618,0000010010
8610121240741,1101001001
9108031276261,1111111100
5903204033261,0100111100
9307171368568,1100100111
5906014813467,1010001001
9411081645171,0010111000
5101094503289,0101011110
8306193220122,1110111101
8910113700832,1100011000
9909094047895,0001110001
6804272049852,1111000011
6706221443603,0000010111
6909164541159,1001001001
8007201966102,0010111111
8603094139569,1000100111
8201253153825,0000101111
9506251216463,1000101111
7005222557379,0001111001
8908164711989,1010000101
9507054619341,1110001101
7303184822066,0011101100
8512122545125,1011101100
8507133790026,1011100110
8010281430383,1011001001
7001053671795,0010010010
9210202722229,1000001011
5803174155712,0000010100
5707204330333,1011010100
9503071078060,1110010011
9311202087450,1110101010
8612251836077,1011110000
7902254499492,1111000110
5311043941076,1100100010
9004084222294,1001101110
8207154564931,1111100011
9109012511033,1000000011
5508273176510,1001110111
5301034971743,1111000001
7601252367848,0001001000
7211154328844,0101010111
7105063700967,0001010111
9807192867428,1000011111
7611033055280,1100110110
9504064382613,0010001001
7505081544303,0111000010
9604174330928,0110000101
9805244105963,0011111011
8812031281392,0011110101
6206173172216,0001101000
9211023584382,0110000011
6908104681536,0110001110
5505203784871,0101110110
6509272027200,0001011101
8411264150909,0011000100
5609172797720,0111000100
7504144427434,1101101010
8707011515419,0111110100
5504213047406,1001001110
7405251802132,0111111000
9409141548807,1110110110
8107243598491,1010010011
8505214015733,0110110001
5809283162884,0010010110
8010024768839,1111101011
8109243266800,1001011011
5405082360009,0100000000
8508152699139,1000001001
6711164725355,0000001101
9707172520041,1010110000
5302284379817,0111010000
9212033353546,0010100011
7502081163872,0110011001
9202113786669,0111101001
8502133719866,0001001001
6102082451461,1101110001
9506134870794,0111110010
7512144401047,1011101011
5602124897923,1010101000
6004042480800,1110100001
7805233043084,0101010001
9304203035279,0010101011
5406104218674,1010000110
8609073938158,1101111010
9403232642941,0001101000
8311281410858,1001011111
8903111034419,1001100001
9411071072534,0110111110
7204154319308,0001110101
6311283286140,1101100011
8811141492466,0000011011
5902212100888,0111010100
6902012338069,0101100100
9812163740704,0110000000
9012154032907,1000110011
6209031410471,0100001101
5105064873232,0101111100
9111154926328,1010110001
6307182738494,1001100001
5509114998999,0001101110
5503142350700,1101000100
8809063264536,0110101010
7006071851119,0000110010
7412073913747,1110110010
6411102322153,0001111010
9407174501862,0111001010
5710124015561,0100101100
7403173272891,0001000000
8309042696137,0110001100
6511111041121,0001111011
7110261794980,1010101010
7703241973029,1111111011
5002033331739,1101001110
8509212536423,0110111011
8006074941908,0011011110
8309273918972,1010101111
7703212662883,1001100011
7501072312412,1110011001
6805221212822,1011110010
5505242118698,0000100010
6609102201591,0010100011
5401201919393,0111111010
9512243677960,0110101000
5102212682129,0010110110
5605143479111,0101111110
9809133937262,1110011101
8307223720703,0010011111
6906042081400,1010111100
6606154067769,0001101110
9304081680092,1100101111
7408141842880,0010001011
5412272361730,1100110100
6903101150861,1100011101
6209262944974,1001000100
8102224116717,0100100000
5802174923971,1011000110
8606133866613,0101101010
5001133778661,0010110000
7101201914024,1001011011
8709014440337,0010000100
5111061538974,0001010111
7701133365402,1010011100
9706102185347,1001001101
7201094705574,0000110001
5802194404134,1111011001
6209272783939,1100000011
6111284514784,1001111000
7411212564572,0100101100
7012123055944,0111000000
9008034164034,0101101110
8106051090068,1000100110
8407253794933,0100000100
8502204499508,0111011000
5402152176931,0100010010
5111272532383,1011100100
9910111795944,0011110101
8105204040289,0100101111
9807164698384,0001100011
7010174709510,0011111101
9710084852452,1111001001
8503094572181,1101011001
8905111059512,1111000110
5805151655198,1001110010
6311241810091,1010011000
7502051264155,1110000010
8201142386802,0101101111
5101191915662,0010100101
6312042452690,1101110110
8105081520123,0101100110
9607174061128,0001011110
7912174937611,1110101101
8406234287646,0000110000
9203222659167,1011010101
6904181284624,0000100101
7710272061318,0110001011
6401201107443,1111100100
6008121033561,0011010001
5706121841937,0001000111
8607113078982,1010001001
7605231617026,1110011111
9611054210558,0010101001
9901271938770,1000111001
5206161694197,1110010000
5601204471141,0111111011
6606053700741,0101010101
8206261823744,1100100011
5907084002651,1010111110
8104061316695,0100000000
7403141724665,1101011010
6208043605478,1111111110
6507273366273,0010010111
7706144444435,1010111111
9806014849688,0010011000
7012043868047,1100100100
8301274193380,0111010111
8003193692167,1101110110
9903104490523,0100101001
8912224952696,0011011011
9201232835278,1001010100
8401211248254,0101010000
9712112594246,0110000111
9103092761295,0101111011
9312183626166,1111101011
5805054167881,1000000111
7801054524572,0100101001
9310024657932,1111110001
9208091624663,1101101010
7102013581070,1010100011
6102133702455,1000010110
8803112306978,0000110101
7910242434444,0110101100
6510041975784,0100100011
7504083185801,1000000001
6908064489209,0001011011
5812141727605,1110101111
5804132244266,1000111100
5211231536638,0010010111
9512092977257,1010100100
7111111872002,1110000010
8208104646570,0110011010
9308221210780,0111000001
5909063362904,0000101000
8908161595556,1001110101
7904073483848,1111011100
5608052517904,0100000000
8707222445529,1111010110
6902064505791,1101110100
6906124550017,0000010011
9810104265162,0100001011
7212023595099,1001011011
7403054942867,1100101000
9103131963403,1010000001
8305231304357,0000001010
9606023520547,0000101000
7903264893122,0110010010
7211121734577,0010101001
9901073529985,0010110110
5202152601302,1011110001
9904233029772,0000001011
9010052384249,0011101000
7103231888560,1110111010
8208251390968,1100001001
6709154435623,0110111000
8709031400744,1011111011
7010034201864,0101111011
5310063694570,1101000101
9101252632917,1100011000
8001093050135,0100001101
5304143855163,1011001110
8305234601064,0001000001
5303211354263,0110100010
5510222233148,1001101100
6112133353458,1010000000
6905154910989,0100100001
6306061725631,1110010110
6605253865154,1011100011
8111093634421,1110110001
5609121413588,0111001011
8006171745836,1010000010
8902094062492,1100011001
5212081090414,1101000100
5512211489080,1000100011
8110013692676,1101101101
9811104122653,0111000101
6005021424989,1100111110
9009134113345,1000000110
6701161552212,0000111010
8603161176539,1110110001
6702103120532,1111111010
6604081909287,0001000010
9703194386941,0100010100
8507232573344,1001100010
6009161661553,1101110100
5406193823768,0001001111
9310171372882,1011100000
7608121918390,0100000110
8306193892341,0011011001
6010013322796,0010010110
8910232971372,0011110000
9711211831082,1011000110
9205133246706,1100011101
8903261385147,0000001111
9407204321474,0111111111
8311273250703,0010000000
8903204081855,0001000000
9904234768382,0010110010
9805103040935,0011111001
8211054406169,0110110111
8912203179377,0001000110
7510094089380,0000000111
9508243827137,1001110111
8210271934864,0001010111
7507172396116,0000010001
9111152877295,1110110110
7002253088748,0100101000
8006254185112,1000011101
5810242440990,0000010100
5212011247424,1001101111
7506021446798,0100000100
8709094549107,0011010010
5507172181269,1010010010
6404272581097,1101110000
7103104511705,0111100101
8903114994360,0110100000
8211204725592,1101111101
6602081915881,0011011011
5810191941293,0000001010
5901024120359,0010010011
6012264543763,0101111101
9306094542893,0111000010
7501071495656,0101011010
7605093483059,0001011011
8111061332510,0011010011
5109061140595,1011100011
5010153805462,1000100000
6406103458533,0011001101
9008032057424,1001000011
9811013037123,1001100100
6704163769798,1110011011
7710282734157,1101111101
6703054980442,1101000010
9205212469628,0100011110
7905154645855,1000010111
6806061257040,0100010101
8208223480309,1110011101
8705071065109,1101111110
7406182325317,1010001000
9506091691474,1010001001
5306061718813,0101110100
7709131592241,0011011100
5907242463841,0010110010
6206122791870,0011110001
6412281378425,1111011111
8308161597694,0011000001
9002054037299,0011111100
6806082669831,1000011010
8003014831727,1011011001
7512161462211,0000010001
5606243924310,0110110010
6904234726632,1101001110
6111254338060,0000110101
8008043317053,0001100111
5405052729952,1110001011
5905174131147,0111100001
8411011353185,1111000100
9501023388360,1001101111
8308061831258,1000101111
9808181579422,1010100010
8205124488718,0000010001
9411283720973,0001011111
5206231587003,0111001100
5702053965471,1000010110
6304082533911,1010101100
6211271471275,1111011110
8907063452472,0010101101
6610221138689,0001101100
7506092432066,1010001000
5411192773769,0010110101
7106043180283,1001100111
8209093652913,0010000011
6405173970552,0000001110
7907194138944,1111000101
8310032848862,1101111000
7008133720195,1101111111
5811071639902,1111101100
5012283178590,0011111000
7802284095495,1110011100
9510153866670,1001111110
6106124228102,1010111001
5912272083629,1111110111
7511053433884,0011100110
5604132968323,1000110000
9510134411822,0100011101
8203051438696,0101001111
7305232075914,0100100001
7102131500324,0100000001
7504103104169,1010110010
5010202790733,1111101000
8607144576969,0000011111
5306281325144,1100001110
9508122246924,1011000101
6907231568410,0111001101
8307093174558,1000001000
9109014928361,0100011100
6212263441044,0101101001
8005133928462,0010001001
8412071611899,0001001110
5407044069710,1110011111
7110044450912,1010110010
5303114662637,0101001011
9911212482756,0001001010
7510254383538,0011011101
8805221796899,1001110100
8607201867477,1001011110
6304233891485,1001111011
8908211900528,0010111000
8508192218520,1111010111
5702113034064,0000111100
9412051134032,1010010010
6703262870865,0110100001
8206244735152,0110110010
9109223241038,1000010111
7312093645986,1101101110
6105181128466,0100110101
5706133055195,0011111110
7609282730580,0101010101
6002242827391,1101111000
8112223432389,1111100011
5205072450747,1001001111
9405252398835,0000111111
5903143766698,0011100011
9508273063155,0001010001
9311143067436,1011001100
6505013337676,1011110101
6406212929156,0111001000
8401072026718,1110101001
7301013049925,0011000010
6912013086575,0100001011
8809102161583,1001001000
6809261806001,0011001000
6104063413107,0100111001
6808284662055,1000000011
6512023109142,0000000001
8805222948795,1110100000
5706104188606,1101110111
5401183158633,0111011110
7401263042084,0101101101
6511232473163,1100110101
8311054067625,0011110100
6401072863044,1010111100
7010051528987,0111100010
8203112692699,1000000100
5501263638795,1010011111
7405133946983,0001000000
9010063090725,0010010111
7604212813773,1110001010
7502112731019,0001111100
6808111646940,0100001000
7606054514990,0101000100
8406281215861,1011101110
5210222399057,0100111000
5411114712024,1110111010
6408283288580,0100100110
6403102530557,0101011100
9308223549231,0110000110
7409233037053,1111110011
9809234202986,0101111100
7603242841805,0001010000
7502112766507,1011111111
7702263390621,1111111100
6603043649929,0001111101
7604102701294,0111111110
6402224306824,0100010110
8312213682218,0111001011
7004062919893,1010000010
7307192493234,1101111000
5002143978017,1010011100
9608053712146,0001101101
8209124853300,0111101001
5008092570423,0111001000
8103124860072,0110111100
9407134932407,1001111011
7708062173620,0101010011
7112143947264,0000011100
7212253642525,0001000111
5804141751000,1101110001
9410241257403,1100010101
8201091730779,1011011010
5005153248733,1001101111
7301172980430,0110010110
6211281646940,0110100111
8006121290616,0101011000
7506211673465,1000100110
7311194738448,1011001100
5604154988979,0001011011
7604123319085,0101100111
8808092075311,1101111101
9607222445560,1001001000
7903242299216,1010011101
5006044054119,1101111110
7812183002824,1011110101
8303051097786,0001001000
5408213169948,1010000000
5102042940258,1010000110
7205111069721,1010000011
7405124967240,0110101001
6104132677816,1001101001
9902234495964,0000011000
9503252437846,1010100000
5107091633681,0000001110
8805223489829,1100101111
8106013596373,0011110111
5402043550369,0100011000
8101152757914,1011111010
8708072793155,0010001100
7709024662265,0100110011
7806261615132,0100111101
8902234555564,0011010110
9112141473638,1100101111
9506024116794,0100110100
6506034100684,0011101101
9303074850935,0100010000
9205051989010,1001101010
5805284842036,1000111101
9906221691404,1010010111
9406173555271,0001000111
9908132207799,0001011101
6009052717296,1000100011
5503094185070,0000100101
6201062027552,0001011011
9004271291783,0100110100
6809261525390,0000101110
8301133257228,1011011110
8106212061397,1101000111
8203061430413,1000001000
8108052327601,0011000111
8602054101087,0101000100
5304143362859,0110101110
9101044863486,1011010111
7107172486932,0100000010
5509193396051,0001000000
7407031962020,1000000110
8701203359747,0111001001
5812282235701,0100011010
6312072998688,0111111110
9006074769808,1110111000
8805014779565,0000000001
5101272958741,1111111011
7205233454167,1100101111
7912123249888,1111000011
8108194172968,0100100011
5410063771731,0110101111
6612171930826,1101011010
7403141949495,0000010111
6012192028523,1001101101
8110192008930,0001010001
7709021266808,1100110110
9112022812404,1110001110
5204233007989,0100000101
5210132614871,0011101110
8802172523363,1010010110
