"personal_id","Disease_1","Disease_2","Disease_3","Disease_4","Disease_5","Disease_6","Disease_7","Disease_8","Disease_9","Disease_10","Status"
"850316-4475714",0,0,1,1,0,1,1,1,1,1,"equal"
"730816-4099532",1,0,1,1,1,1,1,1,0,0,"equal"
"860819-1734249",1,1,1,0,1,1,1,1,0,1,"equal"
"510927-1729176",1,0,1,1,0,0,0,0,0,0,"equal"
"830128-2159349",1,1,1,1,0,1,1,1,0,1,"equal"
"831217-3786146",1,1,0,0,1,0,0,1,0,0,"equal"
"640723-1513838",0,1,1,0,0,0,1,0,0,0,"equal"
"521019-2721628",0,1,1,1,0,1,0,1,1,1,"equal"
"731220-1419259",1,0,0,1,1,1,0,0,1,0,"equal"
"850826-2225990",0,1,0,1,0,0,0,0,1,0,"equal"
"570525-3373968",1,0,1,1,0,1,1,0,0,1,"equal"
"710923-4307365",1,1,1,1,0,1,1,0,1,0,"equal"
"590919-4006504",1,1,1,0,0,1,1,1,0,1,"equal"
"860320-2057559",0,0,0,1,1,0,1,1,0,0,"equal"
"690422-2248070",0,1,1,1,0,1,0,1,0,1,"equal"
"680820-4334950",0,0,0,1,0,1,0,1,1,0,"equal"
"871120-3896707",0,0,1,1,1,1,0,1,0,1,"equal"
"740802-4224735",0,0,0,0,1,0,1,0,1,1,"equal"
"730208-3564228",1,1,1,1,0,0,0,1,0,1,"equal"
"781107-3773428",1,0,1,0,0,1,1,1,0,0,"equal"
"930215-3142595",1,0,1,1,1,1,0,1,0,1,"equal"
"860723-1240711",0,1,1,0,1,0,0,1,0,1,"equal"
"880927-2895267",1,0,1,1,1,1,0,0,1,0,"equal"
"550223-3602810",1,1,0,1,0,0,1,0,0,0,"equal"
"790305-2967470",1,1,0,0,0,1,0,0,1,1,"equal"
"810708-1748332",1,0,1,0,1,1,1,1,0,1,"equal"
"891112-1015002",1,1,1,0,0,0,0,0,1,1,"equal"
"690328-3271454",1,0,0,1,0,0,1,0,0,0,"equal"
"621003-3130735",0,0,1,1,0,0,0,0,0,0,"equal"
"561026-2098897",0,1,1,0,0,0,1,1,0,1,"equal"
"660714-4022259",1,0,1,1,0,1,1,1,1,1,"equal"
"590925-2485507",0,1,0,0,1,0,1,1,0,0,"equal"
"681102-2427590",1,0,1,0,1,0,1,0,0,1,"equal"
"910520-1305418",1,1,1,0,0,0,1,0,1,0,"equal"
"981013-1306911",1,1,1,0,0,0,0,1,1,1,"equal"
"580924-4756340",1,1,0,0,0,0,0,0,0,1,"equal"
"900516-4050064",1,1,0,1,0,1,1,0,1,0,"equal"
"980416-4513757",1,0,1,0,0,0,1,0,0,0,"equal"
"561021-2160746",1,0,0,1,0,0,1,1,1,1,"equal"
"660312-1137164",1,1,0,1,1,1,0,1,1,0,"equal"
"551113-1732097",0,1,0,1,1,0,0,0,1,0,"equal"
"721213-3222474",1,0,0,0,0,0,0,0,0,1,"equal"
"591013-3397616",0,1,1,1,0,0,1,1,1,1,"equal"
"941126-2925863",1,0,1,0,1,0,1,1,1,0,"equal"
"921224-2536416",1,1,0,0,0,1,1,1,0,0,"equal"
"530908-1023523",0,1,1,1,1,0,1,0,0,1,"equal"
"530521-2919004",0,1,1,0,1,1,1,0,0,1,"equal"
"620320-4547033",1,0,1,1,0,1,1,1,1,1,"equal"
"950111-1891233",1,1,1,1,0,1,0,0,1,1,"equal"
"830515-4510578",1,1,1,0,1,0,0,0,0,0,"equal"
"970504-2711137",1,0,1,0,1,0,0,0,1,1,"equal"
"871025-3065693",0,1,0,1,0,0,1,1,0,0,"equal"
"650325-1754977",0,1,1,0,1,0,1,1,0,1,"equal"
"830501-3566066",1,0,1,0,0,1,1,1,0,1,"equal"
"970707-2557905",0,0,0,1,1,0,1,1,0,0,"equal"
"930422-4163694",1,0,0,1,0,1,0,1,0,1,"equal"
"940516-1113013",1,0,0,0,1,0,0,0,1,1,"equal"
"580318-4977819",1,1,0,1,0,0,0,0,0,0,"equal"
"531123-2993010",1,1,1,0,1,1,0,0,1,1,"equal"
"840413-4265217",1,1,0,1,1,1,1,1,0,1,"equal"
"980323-2599934",0,1,1,0,0,1,0,0,1,0,"equal"
"631204-2211364",0,0,1,0,1,1,1,1,0,0,"equal"
"820205-2986313",1,0,1,0,1,1,1,1,1,1,"equal"
"690802-2670680",1,1,1,0,1,0,0,1,1,1,"equal"
"890622-3736175",0,0,0,0,0,0,1,0,0,0,"equal"
"540804-2228385",0,1,0,0,0,1,1,1,1,0,"equal"
"590217-2979532",0,1,1,1,0,1,1,1,0,1,"equal"
"680103-4520882",1,1,0,1,0,0,0,1,0,0,"equal"
"880127-1792054",1,0,0,0,1,1,1,0,1,1,"equal"
"730505-1913139",1,1,1,0,0,1,0,1,1,0,"equal"
"780226-4559658",1,1,1,1,1,0,1,1,1,1,"equal"
"870416-3699698",0,1,1,0,1,0,1,0,0,0,"equal"
"900524-3085692",1,1,0,0,1,0,0,1,0,1,"equal"
"531218-3599439",0,1,0,1,0,0,1,1,0,0,"equal"
"690819-2299343",0,1,1,0,1,1,1,1,1,1,"equal"
"710801-4424955",1,0,0,1,0,1,1,1,1,0,"equal"
"781012-2179246",1,1,0,1,1,1,1,1,1,1,"equal"
"940608-1407993",0,1,0,0,1,0,1,0,1,0,"equal"
"910419-4557963",1,1,0,1,1,1,1,0,0,0,"equal"
"750219-1846448",0,0,1,1,0,0,1,1,1,0,"equal"
"990520-2645935",1,1,0,0,1,1,1,0,1,0,"equal"
"990823-3488111",0,0,1,1,0,0,1,0,1,1,"equal"
"930623-3990111",1,1,0,0,1,1,0,0,0,0,"equal"
"721125-1148457",0,1,0,0,0,0,1,1,0,0,"equal"
"651120-3469391",1,0,0,0,0,0,1,1,1,0,"equal"
"840403-4911331",0,0,1,0,1,1,1,0,0,0,"equal"
"710513-4246373",0,0,0,0,0,1,0,0,1,1,"equal"
"700604-1847028",0,0,0,1,1,1,0,1,0,1,"equal"
"700315-2579713",1,1,1,1,0,1,0,1,1,1,"equal"
"680426-3805780",0,1,0,1,0,1,1,1,0,0,"equal"
"980326-2375557",0,0,1,1,1,0,1,1,0,0,"equal"
"990411-2981237",1,1,0,0,1,0,0,0,0,0,"equal"
"960518-2931962",1,1,1,0,1,0,1,0,1,1,"equal"
"891126-2901607",0,0,0,0,1,1,1,0,0,0,"equal"
"771009-2163811",1,0,0,1,1,0,1,1,0,1,"equal"
"660106-1357131",1,1,1,1,1,0,0,1,0,0,"equal"
"941127-3973716",0,0,0,1,1,1,1,0,0,1,"equal"
"531121-3734763",1,1,0,1,0,1,1,0,1,0,"equal"
"850510-3339869",1,1,0,1,1,0,1,0,1,1,"equal"
"770116-1369408",1,0,1,1,1,1,1,0,1,0,"equal"
"580415-2940582",1,1,1,0,1,0,0,1,1,1,"equal"
"571107-3678261",1,0,0,1,1,1,1,1,1,1,"equal"
"540720-1276632",0,1,1,0,0,1,0,0,0,1,"equal"
"560103-4635544",0,0,0,1,0,1,1,0,0,1,"equal"
"500401-4994858",1,0,0,0,1,0,1,0,0,1,"equal"
"710225-1583486",1,1,1,1,0,1,1,1,0,1,"equal"
"860614-3835022",0,1,0,0,0,0,0,1,1,0,"equal"
"720326-1570415",0,1,0,0,0,1,0,1,1,0,"equal"
"941020-4540330",0,0,0,1,1,0,0,1,0,0,"equal"
"980123-2999903",1,1,0,1,0,1,0,1,0,1,"equal"
"520304-1787688",0,1,0,1,0,0,1,0,0,1,"equal"
"650515-2609132",0,0,1,0,0,0,0,0,1,0,"equal"
"520109-2411990",0,0,1,0,1,0,0,1,0,1,"equal"
"650523-3255658",0,0,1,0,0,0,0,1,0,1,"equal"
"600201-1973738",0,0,0,1,0,0,0,1,0,1,"equal"
"860428-1239531",1,0,1,1,1,0,0,0,1,1,"equal"
"910525-3524838",0,1,0,1,0,1,0,0,0,1,"equal"
"661102-3539916",1,0,1,1,0,0,1,0,1,0,"equal"
"830105-3223224",1,0,1,1,0,0,1,1,1,1,"equal"
"620616-2083578",1,0,0,1,0,0,0,1,1,0,"equal"
"801115-4129930",0,1,0,1,1,1,0,1,1,1,"equal"
"681211-4521264",1,0,0,0,0,1,1,0,1,1,"equal"
"600202-4660715",1,1,1,0,0,1,0,1,1,0,"equal"
"630704-2371769",1,0,1,1,0,1,0,1,0,1,"equal"
"830308-2040597",0,1,0,0,0,1,0,0,0,0,"equal"
"971004-4893665",1,0,0,0,1,0,1,1,0,1,"equal"
"830522-3087616",0,0,0,0,0,1,0,0,0,1,"equal"
"750503-4561802",1,0,1,0,0,0,0,1,0,0,"equal"
"851219-2458948",0,1,0,1,1,0,0,1,0,1,"equal"
"900717-4122805",0,1,0,1,0,0,1,0,1,1,"equal"
"690314-3347157",0,1,1,1,0,0,1,1,0,0,"equal"
"620924-2273105",1,1,0,1,0,1,1,0,1,0,"equal"
"690522-3042455",0,1,1,1,0,0,0,1,0,1,"equal"
"720312-1835202",1,1,0,1,0,1,0,1,1,1,"equal"
"741005-1799245",0,1,0,1,0,1,0,1,1,0,"equal"
"820602-2032163",0,0,1,0,1,1,0,0,1,0,"equal"
"880902-3601190",1,1,1,0,1,1,1,1,0,0,"equal"
"610112-2818999",1,0,0,0,0,1,1,1,0,0,"equal"
"810625-4511950",0,0,1,0,1,1,1,1,1,0,"equal"
"770427-4450564",0,0,0,1,1,1,0,1,1,0,"equal"
"550411-2785922",1,0,0,1,0,0,1,1,1,0,"equal"
"980422-3827125",1,0,0,1,0,1,0,0,0,0,"equal"
"860708-4285798",1,1,0,1,1,0,0,1,1,1,"equal"
"530107-1574235",0,0,1,0,1,0,0,0,1,1,"equal"
"761209-4891167",1,0,0,1,0,0,0,1,1,1,"equal"
"851020-2839592",0,1,1,1,0,0,0,0,0,0,"equal"
"580608-3775477",0,0,1,1,1,0,1,0,1,0,"equal"
"620122-4611338",0,1,0,1,1,1,1,0,0,1,"equal"
"520806-2209799",1,0,1,1,0,1,1,0,0,0,"equal"
"570828-1628637",1,0,0,1,1,0,0,0,1,1,"equal"
"510713-4634032",1,0,1,0,0,1,0,1,1,0,"equal"
"590113-2146297",0,1,1,0,1,0,1,0,1,1,"equal"
"770207-4957163",1,1,0,1,0,0,1,1,0,1,"equal"
"510416-3478590",0,0,0,0,0,1,0,1,1,0,"equal"
"741120-3509050",0,1,0,0,1,1,0,1,0,0,"equal"
"640826-3101580",0,1,1,0,0,0,1,0,0,1,"equal"
"700120-2912276",0,0,1,0,0,0,1,0,0,1,"equal"
"940506-1148902",1,0,0,0,0,0,0,1,1,0,"equal"
"970919-1416283",0,0,1,1,1,1,1,0,1,0,"equal"
"740525-1214817",0,1,0,0,0,1,1,1,1,0,"equal"
"930828-3441145",1,1,1,0,1,1,0,0,0,1,"equal"
"540505-2726772",0,1,1,1,0,0,0,0,1,0,"equal"
"960207-1024498",1,0,0,1,0,0,0,0,0,0,"equal"
"811017-3144518",1,1,1,1,1,0,0,0,0,0,"equal"
"580718-2142917",0,0,1,0,0,0,0,1,1,1,"equal"
"741118-3128552",0,1,1,1,1,1,1,1,1,0,"equal"
"831213-1455093",0,1,1,0,1,0,1,0,1,1,"equal"
"831012-4312005",0,1,0,0,1,1,1,1,0,1,"equal"
"880315-2184403",0,0,1,1,1,0,0,1,0,0,"equal"
"930510-4291741",0,0,0,0,0,0,1,1,0,0,"equal"
"590203-2718166",0,0,0,0,0,0,1,0,0,1,"equal"
"540427-1479161",0,0,0,1,1,1,1,1,0,0,"equal"
"600317-2372124",0,0,1,1,0,0,1,0,0,1,"equal"
"700128-4788515",1,0,0,0,1,1,1,0,1,1,"equal"
"530420-2404743",0,0,1,1,0,0,0,1,0,0,"equal"
"950613-3167854",0,0,0,1,1,0,1,0,0,1,"equal"
"870813-4022966",0,1,1,1,0,1,0,1,0,0,"equal"
"590212-1381882",1,1,1,0,1,0,1,0,1,0,"equal"
"870603-3624740",0,1,1,0,1,1,0,1,0,1,"equal"
"720715-4360371",1,0,0,1,0,0,1,0,1,0,"equal"
"600204-4030461",1,1,1,0,1,0,0,1,1,1,"equal"
"590215-3363163",1,1,1,0,1,1,1,1,1,1,"equal"
"760905-2797616",0,0,1,0,0,0,1,0,1,1,"equal"
"760504-3973673",0,1,1,0,0,1,1,1,0,0,"equal"
"660209-4029971",0,1,1,1,0,0,0,1,1,0,"equal"
"900210-1025250",1,1,0,0,1,1,0,1,0,1,"equal"
"971218-3189137",1,0,0,0,0,1,1,0,0,0,"equal"
"971214-4040097",0,0,1,0,1,0,1,0,1,1,"equal"
"630327-1399129",0,1,1,1,0,1,0,0,0,1,"equal"
"760228-3001606",1,1,0,1,1,1,1,0,1,0,"equal"
"820201-2743550",0,1,0,1,0,1,0,1,0,1,"equal"
"920606-1139328",1,0,0,0,1,0,1,0,0,0,"equal"
"660908-3084445",1,0,1,0,0,0,0,1,1,0,"equal"
"520314-1314217",0,0,0,1,1,1,0,0,1,0,"equal"
"730101-1852469",0,1,1,1,0,1,1,1,1,0,"equal"
"770523-2850527",1,0,0,1,0,0,1,0,0,1,"equal"
"820618-2595889",0,0,0,0,1,0,1,1,0,0,"equal"
"781227-2682105",1,1,0,0,1,0,1,0,1,0,"equal"
"530801-1818805",1,1,0,0,1,0,1,0,1,1,"equal"
"890622-2438316",1,0,1,0,1,1,0,1,0,1,"equal"
"641101-1265346",0,0,0,1,1,1,0,1,0,0,"equal"
"680206-3593721",1,0,1,1,1,1,1,1,0,0,"equal"
"721110-1474928",0,1,0,0,0,0,0,0,0,0,"equal"
"720613-1486608",0,1,1,0,1,0,0,0,1,1,"equal"
"900217-3830009",1,1,1,1,1,0,1,0,0,1,"equal"
"681103-3138947",1,1,1,0,0,1,0,1,1,0,"equal"
"971202-2424632",1,1,1,1,0,0,0,1,0,0,"equal"
"610110-2070801",0,0,1,0,0,0,0,1,0,0,"equal"
"820414-1185777",0,1,1,1,0,1,0,0,0,1,"equal"
"560626-1739576",1,1,0,0,0,0,0,1,1,0,"equal"
"850119-2288727",1,1,1,0,0,0,1,0,0,1,"equal"
"690309-1604877",1,1,1,1,0,1,0,1,0,1,"equal"
"561110-1528827",0,1,1,1,0,1,0,0,1,0,"equal"
"650219-3067090",0,1,1,1,1,1,1,1,0,0,"equal"
"981211-1731217",1,0,0,1,0,1,1,1,0,0,"equal"
"531212-2218377",0,1,1,0,0,0,1,0,1,1,"equal"
"780708-4239697",0,0,0,0,1,1,1,0,0,1,"equal"
"850218-3620643",0,0,0,0,1,1,0,1,1,0,"equal"
"640313-1019617",1,0,0,1,1,0,0,0,1,0,"equal"
"680720-2130298",0,1,1,0,1,1,0,1,0,1,"equal"
"601116-2474963",0,0,0,1,1,0,1,1,1,1,"equal"
"541228-4930799",1,0,1,1,0,0,0,0,1,1,"equal"
"791028-1054165",1,1,0,1,0,1,1,0,0,0,"equal"
"760317-1269150",1,0,0,0,1,1,1,1,1,0,"equal"
"520613-1861468",0,1,0,1,1,0,0,0,0,1,"equal"
"520211-2461672",1,1,1,1,1,0,1,0,1,1,"equal"
"710221-3069197",1,1,1,1,0,1,1,1,0,0,"equal"
"790711-3864141",0,1,0,1,1,0,0,1,1,1,"equal"
"751125-2083750",0,1,1,1,0,1,0,1,1,1,"equal"
"660412-4057888",1,0,1,1,1,1,1,1,1,1,"equal"
"710701-2818890",1,1,0,1,1,0,1,1,0,1,"equal"
"901022-4241961",0,0,0,1,0,1,1,0,1,0,"equal"
"911219-3106769",1,1,0,1,1,1,0,1,0,1,"equal"
"530809-3923598",1,1,0,0,1,0,1,0,1,0,"equal"
"980513-2051366",1,0,0,0,1,1,1,0,0,1,"equal"
"890411-1817050",0,0,1,1,1,1,1,1,1,0,"equal"
"510607-2482409",0,0,0,0,1,1,0,0,0,1,"equal"
"920412-4927878",1,1,0,1,0,0,1,1,1,1,"equal"
"990303-2757588",0,1,0,1,1,0,0,1,1,0,"equal"
"700910-1609842",1,1,0,0,1,0,1,1,0,0,"equal"
"930922-2725254",0,0,0,0,0,1,1,0,0,0,"equal"
"910609-2709379",1,1,1,0,0,0,0,0,1,1,"equal"
"861011-1637206",0,1,1,0,0,1,0,1,1,0,"equal"
"821020-2124226",1,0,0,1,0,1,0,0,1,0,"equal"
"760423-3349956",1,0,0,1,1,0,1,0,0,1,"equal"
"950724-3841386",0,1,0,1,1,1,0,1,0,0,"equal"
"890403-2904947",1,1,0,0,1,1,1,0,1,1,"equal"
"870327-2605087",1,0,0,0,1,1,1,1,1,0,"equal"
"651014-1585902",0,0,1,0,1,0,0,0,0,1,"equal"
"750728-2324132",1,0,0,1,1,0,1,1,1,1,"equal"
"691016-1714714",0,0,1,0,1,0,0,1,0,0,"equal"
"650922-2786277",1,0,1,1,1,1,0,1,0,1,"equal"
"700320-3936271",0,0,0,0,1,0,1,1,0,0,"equal"
"740315-4807564",1,1,0,0,1,1,1,1,1,1,"equal"
"520618-3165961",1,0,1,0,1,0,0,0,1,0,"equal"
"650527-4232297",1,1,1,1,0,1,1,1,1,1,"equal"
"550701-4217665",0,0,1,1,0,1,0,0,1,1,"equal"
"860226-3470437",1,1,1,0,1,1,1,0,0,0,"equal"
"680618-4491047",1,1,1,1,0,1,1,0,1,0,"equal"
"790704-3225621",0,1,0,0,1,0,1,1,1,1,"equal"
"681010-2506973",0,1,1,0,0,1,0,0,0,1,"equal"
"860205-1451286",0,1,1,0,0,1,1,0,1,0,"equal"
"840303-4075209",1,1,1,1,0,0,1,1,0,1,"equal"
"800205-3549475",0,1,1,1,0,0,0,1,1,0,"equal"
"960918-1103273",0,0,1,0,0,0,1,1,0,1,"equal"
"951108-4170321",0,0,1,1,0,0,0,1,0,0,"equal"
"931023-4128810",0,1,1,1,1,1,0,0,1,0,"equal"
"710711-1904233",0,1,0,1,1,1,0,1,0,0,"equal"
"980619-1347953",0,0,1,1,0,0,0,1,1,0,"equal"
"720526-3401829",0,0,0,0,0,1,0,0,1,1,"equal"
"870713-2377202",1,1,0,0,1,0,1,1,0,0,"equal"
"731203-1465018",1,1,0,1,0,1,1,1,0,1,"equal"
"980821-4519723",1,1,0,1,0,0,1,0,1,1,"equal"
"760516-1848332",1,0,0,1,1,1,1,0,1,0,"equal"
"800104-4938582",1,1,0,1,1,0,0,0,0,0,"equal"
"570717-2312304",0,1,0,0,0,1,1,1,0,1,"equal"
"990216-4692970",1,0,0,0,0,0,1,0,1,0,"equal"
"541226-3265882",1,1,0,0,1,1,1,1,1,0,"equal"
"841012-4832551",1,0,0,0,1,0,1,1,0,0,"equal"
"581011-2064331",0,0,0,0,0,0,1,0,0,1,"equal"
"841111-1943375",0,1,1,0,1,1,1,0,1,1,"equal"
"760510-4173911",1,0,1,0,1,1,0,1,1,0,"equal"
"960516-2500315",0,0,0,0,0,1,1,0,0,0,"equal"
"850527-3042489",1,0,0,0,1,0,0,0,1,1,"equal"
"790721-2886129",1,0,0,1,1,0,0,1,0,1,"equal"
"900310-4104476",1,1,0,0,1,1,0,0,0,1,"equal"
"870804-3340279",1,0,0,0,0,1,1,0,0,0,"equal"
"911126-1303627",0,1,0,0,0,1,1,1,1,0,"equal"
"560902-3734306",1,1,1,0,1,0,0,0,0,1,"equal"
"730601-3322370",1,0,0,0,1,0,0,1,0,1,"equal"
"610715-4057895",0,0,0,0,1,0,1,0,0,1,"equal"
"800916-4688927",1,1,0,1,1,1,0,1,1,1,"equal"
"980728-3246946",1,1,1,0,0,1,1,1,1,0,"equal"
"800406-2218298",1,0,1,0,0,1,1,0,1,1,"equal"
"740923-1946546",1,0,0,1,0,1,1,0,1,0,"equal"
"561228-1684950",0,0,0,0,0,1,0,0,0,1,"equal"
"810716-1147654",0,0,1,1,1,0,1,1,0,0,"equal"
"610717-1603270",1,1,0,1,1,0,1,1,0,1,"equal"
"820418-4467801",1,1,1,1,1,1,1,0,0,0,"equal"
"930419-1291143",0,0,1,0,0,0,1,0,0,1,"equal"
"660216-3995468",1,1,1,1,0,0,1,1,0,1,"equal"
"710519-2885827",0,1,0,0,0,0,1,1,1,0,"equal"
"511103-1099085",0,1,0,0,0,1,1,1,0,0,"equal"
"750423-1588065",0,0,0,0,1,0,0,0,0,1,"equal"
"801215-3011246",1,1,1,0,0,0,0,1,0,1,"equal"
"541205-3713626",1,0,1,1,0,1,1,1,1,0,"equal"
"531012-3900852",0,1,0,0,0,0,0,1,1,1,"equal"
"571126-1532495",0,0,0,1,1,0,1,1,1,0,"equal"
"851206-2106183",0,0,0,1,1,1,0,1,1,1,"equal"
"780827-1142388",0,0,0,0,1,1,1,0,1,0,"equal"
"971007-3370694",1,1,1,1,1,1,1,1,1,1,"equal"
"710119-1835778",1,0,1,1,1,0,0,1,0,0,"equal"
"771213-4776426",1,1,1,0,0,0,1,0,1,0,"equal"
"830128-1324039",0,0,0,0,0,1,1,0,0,1,"equal"
"820710-1173142",0,1,1,1,0,1,0,1,1,0,"equal"
"920301-1586722",0,0,1,1,0,1,1,0,0,1,"equal"
"710222-1199821",0,0,0,1,0,0,0,1,1,0,"equal"
"710824-3738988",1,0,1,0,1,0,0,0,1,0,"equal"
"861123-2104618",1,1,0,0,0,0,0,0,1,1,"equal"
"920904-2904290",0,0,1,1,1,1,0,1,1,0,"equal"
"570217-4565380",1,1,0,0,1,1,0,0,1,1,"equal"
"671220-3297199",0,1,1,1,0,1,0,1,1,0,"equal"
"881102-1705480",1,0,1,1,0,1,0,1,1,0,"equal"
"961208-3536828",0,0,1,1,0,1,1,1,0,1,"equal"
"980316-1396814",1,0,0,0,1,0,1,1,1,0,"equal"
"940410-4592723",1,0,0,1,1,0,1,0,1,1,"equal"
"750612-3138466",1,0,1,0,1,1,0,1,0,1,"equal"
"520422-4232062",1,1,1,1,1,1,1,0,0,0,"equal"
"520123-2287221",0,0,1,1,1,1,1,1,1,0,"equal"
"520227-2297695",1,1,0,1,1,1,0,1,0,0,"equal"
"810517-2403709",1,1,0,0,1,0,0,1,1,1,"equal"
"591223-3217640",0,1,0,1,0,1,0,1,0,0,"equal"
"820502-4820756",0,1,0,0,1,0,0,1,1,0,"equal"
"860402-1652850",1,1,0,1,0,0,1,0,0,1,"equal"
"821203-1590091",0,0,1,1,0,1,1,0,0,1,"equal"
"801205-4923199",1,1,1,1,0,1,0,0,1,0,"equal"
"821112-1626936",0,1,1,1,1,1,1,1,0,0,"equal"
"671001-4138138",0,1,0,0,0,1,0,1,0,1,"equal"
"900919-2567595",0,0,1,1,1,1,0,0,1,1,"equal"
"840121-3179834",0,0,1,1,1,0,0,0,0,1,"equal"
"950106-4839989",0,0,0,1,1,0,1,0,1,1,"equal"
"620307-1613957",1,0,0,1,0,0,0,1,1,0,"equal"
"930303-4258588",1,1,0,1,0,0,1,1,0,0,"equal"
"570313-4421231",1,1,1,0,1,1,0,1,1,1,"equal"
"641127-4570655",0,0,0,0,1,1,1,0,1,1,"equal"
"680621-3327244",0,1,1,1,1,0,0,0,0,1,"equal"
"540114-1840843",0,1,1,0,0,1,0,0,1,1,"equal"
"870727-4008679",1,0,0,1,1,0,0,1,1,0,"equal"
"850302-1779422",1,1,0,1,1,1,0,1,1,1,"equal"
"910527-3386175",1,1,1,1,0,1,1,0,0,1,"equal"
"730204-2866951",1,0,0,0,0,1,1,1,1,1,"equal"
"560711-3179987",0,0,0,1,1,0,1,0,0,1,"equal"
"980314-4079001",1,1,0,1,0,1,0,0,0,0,"equal"
"670214-2859992",0,1,0,1,1,1,1,0,1,1,"equal"
"651004-4035402",1,1,0,0,0,0,1,0,0,0,"equal"
"680102-1597849",0,1,0,0,1,1,0,1,0,1,"equal"
"860714-2209643",0,0,1,1,0,1,0,1,1,0,"equal"
"880621-1148994",0,0,0,1,1,0,1,1,1,0,"equal"
"660318-1220723",0,1,1,0,1,1,1,0,1,1,"equal"
"951122-2065448",1,0,0,1,0,0,1,0,1,0,"equal"
"910908-1376777",1,1,1,1,0,1,0,1,0,0,"equal"
"770821-3584618",0,0,0,0,1,1,0,1,1,0,"equal"
"850601-1937640",0,1,1,0,0,1,1,1,1,0,"equal"
"690222-2757014",0,0,1,1,0,0,1,1,0,1,"equal"
"761201-1913794",1,0,1,1,1,1,0,0,1,1,"equal"
"751121-1121806",1,1,0,0,0,1,1,0,1,1,"equal"
"630208-4665926",0,1,1,0,1,0,1,1,1,1,"equal"
"880611-1654485",1,1,1,1,1,0,0,0,1,1,"equal"
"620318-4426330",0,0,1,1,0,0,1,1,0,1,"equal"
"750301-2804718",1,1,1,0,1,0,0,0,0,0,"equal"
"650721-3394009",0,1,1,0,1,1,0,0,0,1,"equal"
"901021-2183889",0,0,1,0,0,1,1,1,0,0,"equal"
"500109-1261407",1,0,0,0,0,0,0,1,1,0,"equal"
"961109-2187181",1,0,0,1,1,0,1,1,1,1,"equal"
"531002-4358804",1,1,1,0,1,0,0,1,0,0,"equal"
"790404-2792724",0,0,1,1,1,0,1,0,1,0,"equal"
"880204-1843775",0,0,0,0,0,1,1,0,0,0,"equal"
"910810-3923831",0,0,1,1,1,0,1,0,1,0,"equal"
"810428-3066020",1,0,0,0,1,1,0,1,0,1,"equal"
"591104-4412291",0,1,1,1,1,1,1,0,1,1,"equal"
"960722-3093151",0,1,1,1,0,1,0,1,1,0,"equal"
"890220-1441368",0,1,1,0,0,0,1,0,0,1,"equal"
"850412-2992384",0,1,1,1,1,0,0,1,1,1,"equal"
"961006-1165021",0,1,1,1,1,0,1,0,1,0,"equal"
"890308-4425453",1,0,0,0,1,0,0,1,0,0,"equal"
"710113-3011657",0,0,1,0,0,0,1,1,1,1,"equal"
"570110-3016615",0,0,1,0,0,1,0,1,0,1,"equal"
"620402-4782199",0,1,1,0,0,1,1,0,0,1,"equal"
"931204-2831840",0,0,0,0,0,0,1,0,0,0,"equal"
"850619-1523198",1,0,0,1,0,1,1,0,0,1,"equal"
"910514-3304873",0,0,1,0,1,1,0,1,1,0,"equal"
"750816-1997040",1,1,0,0,0,1,0,0,1,1,"equal"
"730221-2786915",0,0,0,1,0,1,1,1,0,0,"equal"
"800916-2959849",0,0,1,0,1,1,1,1,1,0,"equal"
"910822-3934275",1,1,0,1,0,1,0,1,1,1,"equal"
"840705-4096305",0,0,1,0,1,1,0,1,0,1,"equal"
"950618-1559079",1,1,1,0,1,1,1,0,1,1,"equal"
"590215-1234308",0,1,1,0,1,1,0,0,0,0,"equal"
"990411-4407061",0,1,0,1,1,1,1,0,0,0,"equal"
"750316-4980706",0,1,0,0,1,0,1,0,0,0,"equal"
"530418-3040645",0,0,0,0,0,1,1,1,0,1,"equal"
"521108-4393099",1,0,0,1,0,0,0,0,1,1,"equal"
"990411-1388535",1,1,0,0,0,1,0,0,1,0,"equal"
"500721-4829480",1,0,1,1,1,1,1,0,0,0,"equal"
"821022-3618824",0,1,1,0,0,1,1,0,1,0,"equal"
"941123-4598447",1,0,1,0,0,0,0,0,1,1,"equal"
"630326-4557714",0,0,0,1,1,1,0,1,0,1,"equal"
"900526-2367738",0,0,1,1,0,0,0,1,0,0,"equal"
"891228-1462044",0,1,0,1,0,0,1,1,0,1,"equal"
"890528-2157307",0,0,1,0,1,0,1,1,0,1,"equal"
"581002-4537914",1,1,1,0,0,0,1,0,0,0,"equal"
"900102-3094573",0,1,0,0,1,0,1,1,0,0,"equal"
"711027-3866171",1,0,0,0,1,0,1,0,0,1,"equal"
"900711-3028938",1,0,0,0,1,0,0,1,0,1,"equal"
"930701-2576126",1,1,0,1,0,1,1,0,0,0,"equal"
"541203-2090794",0,0,1,1,1,1,0,0,0,0,"equal"
"880923-2340174",1,1,0,0,1,1,1,1,0,1,"equal"
"930923-2761355",1,1,1,0,0,0,1,0,1,1,"equal"
"670822-1864649",1,0,0,0,1,0,1,1,0,1,"equal"
"950313-3542883",0,0,1,0,0,1,1,1,0,0,"equal"
"760118-3977947",1,0,1,1,1,1,0,0,0,0,"equal"
"591222-3623097",1,1,0,1,0,0,0,0,1,0,"equal"
"501105-3228436",0,0,0,0,0,1,1,1,1,0,"equal"
"871216-2685824",1,1,1,0,0,1,1,0,0,0,"equal"
"940106-2479343",1,0,0,1,1,0,1,1,1,1,"equal"
"550628-4270201",1,0,0,1,0,1,0,0,1,0,"equal"
"591028-4279915",0,0,0,0,0,1,1,1,0,1,"equal"
"560324-3660511",0,0,1,1,0,0,0,0,1,0,"equal"
"710220-4297922",1,0,0,0,1,0,1,0,1,1,"equal"
"700920-4015582",1,0,1,0,1,1,1,1,0,0,"equal"
"780923-3092192",0,1,1,1,1,1,1,0,1,0,"equal"
"500223-3859719",1,0,1,1,1,0,0,0,1,0,"equal"
"930905-1353506",0,0,0,0,0,1,0,1,1,0,"equal"
"780626-3132517",1,1,1,0,1,1,0,1,1,1,"equal"
"850909-3371257",0,0,0,1,1,0,0,1,1,1,"equal"
"691102-3080000",1,1,0,0,0,0,1,1,1,1,"equal"
"860817-1147971",1,0,1,0,1,0,1,1,0,1,"equal"
"611209-4527222",0,0,0,1,0,1,0,1,0,1,"equal"
"660828-2152777",1,0,0,0,0,1,0,1,0,0,"equal"
"690702-1078639",1,0,1,1,0,1,0,0,0,0,"equal"
"510203-4030155",1,1,0,1,1,1,1,0,0,0,"equal"
"530320-1309947",0,1,0,0,0,1,1,0,0,1,"equal"
"830627-2922127",0,0,1,0,0,1,1,1,0,0,"equal"
"741117-4102114",0,0,0,1,0,0,0,0,1,0,"equal"
"641204-3213967",0,0,0,0,0,1,1,0,0,0,"equal"
"640922-3077789",0,1,0,1,0,1,0,0,1,1,"equal"
"800908-4159426",1,0,0,0,0,0,0,0,1,1,"equal"
"900205-3084563",0,0,0,0,1,1,0,1,0,1,"equal"
"790714-4650642",0,1,0,0,0,0,0,1,0,1,"equal"
"660302-2208984",0,0,1,0,0,1,1,1,0,1,"equal"
"880512-1419535",1,0,1,1,0,0,0,1,0,1,"equal"
"800226-3160182",0,1,0,0,0,0,1,1,1,1,"equal"
"750418-2230607",1,0,1,1,0,1,1,0,0,0,"equal"
"840122-1091107",0,1,0,0,0,1,0,0,0,0,"equal"
"500407-2811197",0,1,1,1,1,1,0,0,0,0,"equal"
"960227-2033921",1,0,1,0,0,1,1,1,0,0,"equal"
"520712-2390180",1,1,0,0,1,1,1,1,0,0,"equal"
"671027-1380641",1,0,0,1,0,0,1,0,0,0,"equal"
"780327-2647582",1,1,1,0,0,0,1,0,1,1,"equal"
"600422-4081419",1,1,1,0,1,1,0,0,0,0,"equal"
"851001-2935577",1,0,0,1,0,1,0,0,1,1,"equal"
"960902-4388031",0,0,0,1,1,1,1,1,0,1,"equal"
"870807-2688332",0,1,0,1,0,0,1,1,1,1,"equal"
"510306-3113070",0,1,1,0,0,1,1,1,0,1,"equal"
"511228-1714495",1,0,1,0,1,1,1,1,1,1,"equal"
"780116-3344744",0,0,0,1,0,1,0,1,0,1,"equal"
"760406-2521695",0,1,0,1,0,1,0,1,1,0,"equal"
"830617-1650437",0,1,0,1,1,1,1,1,0,0,"equal"
"520228-1195622",0,1,0,1,0,0,0,1,0,0,"equal"
"860602-4414246",0,1,0,1,0,0,0,1,1,1,"equal"
"770101-4842931",0,0,0,1,1,0,1,1,1,0,"equal"
"660206-3231764",0,1,0,1,1,0,0,0,1,0,"equal"
"900121-4690052",0,0,0,1,1,0,1,1,0,1,"equal"
"820107-3180155",1,0,1,0,1,1,1,0,1,0,"equal"
"651112-1719896",1,1,1,0,1,1,1,0,1,0,"equal"
"580517-2013071",1,1,0,0,0,1,0,0,1,1,"equal"
"580107-1638083",0,0,0,0,0,1,0,0,1,0,"equal"
"830817-3922623",0,1,0,1,1,1,1,1,1,1,"equal"
"830122-3319112",1,1,0,1,0,0,0,0,0,0,"equal"
"921127-4399274",1,1,1,0,1,1,0,0,1,0,"equal"
"500606-2719525",0,0,0,1,1,0,0,1,1,1,"equal"
"790814-3157967",1,1,1,0,1,0,1,1,0,0,"equal"
"510602-3861576",1,1,0,1,1,1,0,1,0,0,"equal"
"991002-1303668",1,0,1,0,1,0,0,1,0,0,"equal"
"600804-1519167",1,0,0,0,1,1,0,0,0,0,"equal"
"551205-2769098",0,1,1,0,1,1,0,0,0,1,"equal"
"931212-4049732",1,1,0,1,0,0,1,1,1,1,"equal"
"700820-4510039",1,1,0,1,1,1,0,0,0,1,"equal"
"871011-1420939",1,0,0,0,0,1,0,0,1,1,"equal"
"711216-2975512",1,0,0,0,1,0,1,1,1,0,"equal"
"690516-3462354",0,1,0,1,0,1,1,0,1,1,"equal"
"820718-2350913",0,1,1,1,1,0,0,1,0,0,"equal"
"960322-1303090",0,1,1,1,0,1,0,0,0,1,"equal"
"800411-3762122",1,1,0,0,0,0,0,1,0,1,"equal"
"880809-4030950",0,0,1,1,1,1,1,0,0,0,"equal"
"850206-2352073",1,0,1,1,0,1,1,1,0,0,"equal"
"650701-3318191",0,1,0,0,1,0,1,0,1,0,"equal"
"750113-4202122",0,1,0,0,1,0,0,1,1,0,"equal"
"790702-2686296",0,1,1,1,0,0,0,1,0,0,"equal"
"750925-2027751",0,0,0,1,0,0,0,1,1,0,"equal"
"981021-4220662",0,1,1,0,0,1,0,0,1,1,"equal"
"750608-1028657",1,0,0,0,0,0,0,1,1,1,"equal"
"980813-3271242",0,1,0,1,1,1,1,1,0,1,"equal"
"571010-4031140",0,0,0,1,1,1,1,0,0,1,"equal"
"800909-4065488",0,1,0,1,1,0,0,0,1,1,"equal"
"680201-2621803",0,1,0,0,0,0,1,0,0,0,"equal"
"960819-4781575",0,0,0,0,1,0,1,0,1,1,"equal"
"800203-1193051",0,1,1,0,0,1,0,1,0,0,"equal"
"590314-4444358",0,0,1,1,1,0,0,1,0,0,"equal"
"970716-2629848",0,0,0,1,0,1,1,0,0,0,"equal"
"520525-1168846",0,1,0,0,0,1,1,0,1,1,"equal"
"940127-1119843",1,1,0,0,0,0,0,1,0,1,"equal"
"820804-3873290",0,0,0,0,1,1,0,1,1,0,"equal"
"620227-1855030",0,1,0,0,1,0,0,1,0,1,"equal"
"750701-2791897",1,0,1,0,1,1,0,0,1,1,"equal"
"710515-1638001",0,0,0,0,0,0,0,0,1,1,"equal"
"571127-4751030",1,0,1,1,0,1,0,1,0,1,"equal"
"960326-4041716",0,0,0,0,0,1,0,0,0,1,"equal"
"990818-1224697",0,0,0,0,1,1,0,1,1,0,"equal"
"790123-3217380",1,0,0,1,0,0,1,0,0,0,"equal"
"931221-2927847",1,1,0,0,0,1,1,1,0,0,"equal"
"960716-1953498",1,0,0,0,1,0,1,1,0,0,"equal"
"551017-3810358",0,1,0,0,0,1,0,1,1,1,"equal"
"990710-4741047",1,0,0,1,1,0,1,1,0,1,"equal"
"650407-2303945",0,1,1,0,1,0,0,1,0,0,"equal"
"580411-3236858",1,0,0,1,1,1,0,0,1,1,"equal"
"750226-2293359",1,1,1,1,0,1,1,1,0,0,"equal"
"990505-2170623",0,1,0,1,0,1,1,0,1,1,"equal"
"840322-4801308",1,1,0,0,0,1,1,1,0,1,"equal"
"670527-1018878",1,1,1,0,1,1,0,1,0,0,"equal"
"520424-1487836",0,1,1,0,0,0,0,1,1,1,"equal"
"970702-3748314",1,0,0,0,0,1,0,1,1,0,"equal"
"730821-3472232",0,0,0,1,0,0,0,1,0,1,"equal"
"901112-3751812",0,1,1,1,1,0,1,0,0,1,"equal"
"650607-3096124",0,0,1,1,1,0,0,1,0,1,"equal"
"660925-4505477",0,0,1,1,0,1,1,0,0,0,"equal"
"870111-1782934",1,0,1,0,0,1,0,0,1,0,"equal"
"780805-1758033",0,0,1,0,0,1,1,0,1,0,"equal"
"951023-3764189",0,0,1,0,1,0,0,0,0,1,"equal"
"910525-3842374",0,1,1,1,0,1,1,0,0,0,"equal"
"990205-3429232",0,1,1,0,1,0,0,0,1,0,"equal"
"590503-4206346",0,1,1,1,1,0,0,0,0,0,"equal"
"710805-3708902",0,1,0,0,0,1,0,1,0,0,"equal"
"890120-3639212",0,0,1,0,1,0,1,1,0,1,"equal"
"510923-3871150",1,1,1,1,1,1,1,1,1,0,"equal"
"891214-3455635",0,1,0,0,0,1,1,1,0,0,"equal"
"910723-2179419",1,1,1,0,1,0,0,0,0,0,"equal"
"540808-1961918",0,1,1,0,0,1,1,0,1,0,"equal"
"521205-1587412",1,1,0,1,0,0,0,0,1,0,"equal"
"740802-3906754",0,1,1,1,0,0,1,1,0,1,"equal"
"890528-3851621",1,1,0,1,0,1,0,1,0,0,"equal"
"950626-4625309",1,1,1,1,0,0,1,1,1,0,"equal"
"720915-3917954",0,1,0,1,0,0,0,1,1,1,"equal"
"790610-2964933",0,1,0,0,1,1,0,1,1,1,"equal"
"640908-1977235",1,0,1,1,1,1,1,1,1,1,"equal"
"711122-1889237",1,1,0,1,0,0,1,0,1,1,"equal"
"620228-2693002",0,0,1,0,1,0,1,0,1,1,"equal"
"800823-2700159",1,1,1,0,0,0,0,0,1,1,"equal"
"980401-4749621",0,1,0,1,1,1,0,1,1,1,"equal"
"630223-3219099",1,1,0,0,1,1,1,0,1,1,"equal"
"511214-3618169",0,1,1,1,0,1,0,0,0,0,"equal"
"520113-4475076",0,0,0,1,1,1,0,1,0,1,"equal"
"530613-4249821",1,1,1,1,1,0,1,0,0,0,"equal"
"590409-4073654",0,0,0,0,0,1,0,1,0,0,"equal"
"710502-2170992",0,0,1,1,1,0,0,0,1,1,"equal"
"820501-1943752",1,1,1,0,1,1,1,0,0,0,"equal"
"740404-2834194",0,0,0,1,1,0,0,0,0,0,"equal"
"610724-3396571",0,0,0,1,0,0,1,0,1,0,"equal"
"760518-2088620",1,1,1,1,1,0,0,1,1,1,"equal"
"661201-2934117",1,0,1,0,1,0,1,0,1,1,"equal"
"970721-3541456",0,1,0,0,1,0,0,1,1,1,"equal"
"700121-1625799",1,0,1,0,1,0,1,1,1,0,"equal"
"730319-1604160",1,0,0,1,1,1,1,1,1,0,"equal"
"511021-3174751",0,0,0,0,0,0,1,1,0,0,"equal"
"900221-4829733",1,1,1,0,1,0,0,0,0,0,"equal"
"900520-4781877",0,0,0,1,0,1,0,0,1,0,"equal"
"521224-4479890",0,0,0,1,0,0,1,1,1,1,"equal"
"970711-2237961",0,1,1,1,0,1,0,0,1,1,"equal"
"800722-1025989",1,1,0,1,1,0,0,1,1,1,"equal"
"871005-1344537",0,1,1,0,0,1,0,0,1,0,"equal"
"860222-1108148",1,0,1,0,0,0,1,1,0,1,"equal"
"720716-2121259",1,0,0,1,1,0,0,1,0,1,"equal"
"620918-2760365",0,1,0,0,0,0,1,1,1,1,"equal"
"851113-1846099",1,1,1,0,0,1,0,0,1,1,"equal"
"880225-2245330",1,1,0,0,1,1,0,1,1,1,"equal"
"710221-2419202",1,0,0,1,0,1,0,1,0,0,"equal"
"801005-4259233",1,0,0,1,0,0,1,0,1,0,"equal"
"920910-4554592",0,1,0,0,1,1,0,0,0,1,"equal"
"600417-1630786",0,1,1,0,1,1,1,0,1,0,"equal"
"780904-3480664",1,1,1,0,0,1,0,1,0,1,"equal"
"580301-2935928",0,0,0,1,0,0,1,0,0,0,"equal"
"940516-4128247",0,0,1,1,0,1,1,1,1,0,"equal"
"770820-1895512",1,0,0,1,1,1,0,0,1,1,"equal"
"550428-3622794",1,0,1,0,0,1,0,0,0,1,"equal"
"971016-2738636",0,1,1,0,1,0,1,0,1,1,"equal"
"700520-2556335",1,1,1,0,1,0,0,0,1,0,"equal"
"581201-2967459",1,0,0,1,1,0,0,1,1,0,"equal"
"910108-2565925",1,1,1,1,0,0,1,0,0,0,"equal"
"970603-1415163",1,1,1,0,0,1,0,0,1,1,"equal"
"650513-1588599",1,0,0,1,0,0,1,1,0,0,"equal"
"710525-1816385",1,0,1,1,1,0,1,1,1,1,"equal"
"611201-3079819",0,1,1,0,1,1,0,1,0,1,"equal"
"680219-1333276",1,0,1,0,0,1,0,1,1,1,"equal"
"560204-4670805",1,0,1,1,1,1,1,0,1,0,"equal"
"850207-4381537",0,1,0,1,0,0,1,1,1,1,"equal"
"541109-3911995",0,0,0,1,1,1,1,1,0,0,"equal"
"981008-1635628",1,0,0,1,1,0,0,1,1,1,"equal"
"730704-1017301",1,0,0,0,0,1,0,0,0,0,"equal"
"570812-2238546",0,0,0,0,1,1,1,0,0,0,"equal"
"750210-1521416",0,1,0,1,0,0,1,1,0,0,"equal"
"550814-2344642",0,0,0,0,0,0,0,1,0,0,"equal"
"690603-4935173",0,1,1,1,0,0,0,1,0,1,"equal"
"790805-1201196",0,0,1,1,1,1,1,1,1,1,"equal"
"600512-1157433",1,1,0,0,1,1,1,0,0,1,"equal"
"910401-1035911",0,0,1,1,1,1,1,0,1,1,"equal"
"530928-1786211",0,1,0,1,1,0,1,0,1,0,"equal"
"540421-2994592",0,0,1,1,0,0,1,0,1,1,"equal"
"981022-2566634",1,1,0,0,0,0,0,0,1,1,"equal"
"730311-4516525",1,0,1,0,1,0,1,0,1,1,"equal"
"840109-3984728",1,0,1,1,0,1,0,1,0,1,"equal"
"670125-4326267",1,0,1,1,0,1,0,1,0,0,"equal"
"620927-1027994",1,0,1,0,0,0,0,0,0,0,"equal"
"740818-2354062",0,1,1,1,0,1,0,1,1,1,"equal"
"720515-3188059",0,1,0,1,1,1,1,1,0,0,"equal"
"700226-2749315",0,1,1,0,1,1,0,1,1,1,"equal"
"741021-2439323",1,1,1,0,1,1,1,1,1,0,"equal"
"921122-4275906",0,0,1,0,1,1,1,1,0,0,"equal"
"771014-3075236",0,0,0,0,0,0,1,0,0,0,"equal"
"850728-2104228",0,1,0,0,1,1,1,0,1,0,"equal"
"960128-4789396",0,1,0,1,1,0,0,0,0,1,"equal"
"901112-2829021",0,1,0,1,1,0,1,1,1,0,"equal"
"970115-2653167",0,1,0,1,0,1,0,0,0,1,"equal"
"570821-3228307",0,1,1,0,0,1,1,0,1,1,"equal"
"790224-3126403",1,1,0,0,0,0,0,1,1,1,"equal"
"830804-4538065",0,1,1,0,0,0,0,0,1,0,"equal"
"550806-4388910",1,0,1,0,0,1,1,0,1,1,"equal"
"920424-2506081",0,0,1,1,1,0,0,0,0,0,"equal"
"530123-4251746",1,1,0,1,0,0,1,1,0,0,"equal"
"610422-1409453",1,1,0,1,1,1,1,1,1,0,"equal"
"810320-2143785",0,1,1,0,1,1,1,1,0,0,"equal"
"700515-3421241",0,0,1,1,1,1,0,1,1,0,"equal"
"501110-2887771",0,0,0,0,1,1,0,0,0,0,"equal"
"660613-4366112",0,0,1,1,0,1,1,0,0,1,"equal"
"880604-1663337",0,0,1,1,0,1,1,1,0,1,"equal"
"660117-1775513",1,0,0,0,1,1,1,1,1,1,"equal"
"751208-2318061",0,0,1,0,1,1,0,1,1,0,"equal"
"841215-2569373",0,1,1,0,0,1,0,1,0,1,"equal"
"530102-2448626",1,0,1,0,1,1,0,1,1,0,"equal"
"671204-4342938",0,0,1,0,1,1,0,1,0,0,"equal"
"590607-4373141",0,0,1,1,0,0,1,1,0,0,"equal"
"870620-4916042",0,0,1,1,1,1,1,0,1,1,"equal"
"810316-4571793",0,1,0,0,0,1,1,1,1,0,"equal"
"660212-4037790",0,0,1,1,0,1,1,0,0,0,"equal"
"790816-4914415",1,0,1,1,1,1,0,0,1,1,"equal"
"700810-2331247",0,0,0,1,0,0,1,1,1,1,"equal"
"980515-1776685",0,0,0,0,1,1,0,1,0,1,"equal"
"650526-4148470",0,0,0,1,1,1,0,0,0,0,"equal"
"790719-3171122",0,1,1,0,1,1,1,0,0,0,"equal"
"890114-3429956",1,1,1,1,1,0,0,0,1,0,"equal"
"600321-2148954",0,1,1,1,1,1,0,1,1,1,"equal"
"620927-3906521",0,0,1,1,0,0,1,0,0,1,"equal"
"990609-3947006",1,0,1,1,0,1,1,1,0,1,"equal"
"550109-2480163",0,1,1,1,1,0,1,1,1,1,"equal"
"850119-1084257",1,1,0,0,0,1,0,0,1,1,"equal"
"590201-4865294",0,1,0,0,1,0,1,0,0,1,"equal"
"720221-1529355",0,1,1,1,0,1,0,0,1,0,"equal"
"920624-3458978",1,0,1,0,1,0,1,0,1,1,"equal"
"910226-2460779",1,0,0,0,1,1,0,0,1,1,"equal"
"880806-1567206",1,0,0,0,0,1,0,1,1,0,"equal"
"661203-1913286",1,0,0,1,0,1,1,1,1,1,"equal"
"750406-1692425",0,1,0,0,1,1,0,1,0,0,"equal"
"690504-2621213",1,0,0,1,0,1,1,1,1,0,"equal"
"950928-3870693",1,1,0,1,1,0,0,1,1,1,"equal"
"961004-1458533",0,1,0,1,0,0,0,0,0,1,"equal"
"511027-4263489",1,0,1,1,0,1,1,1,1,1,"equal"
"870713-4717700",1,0,0,1,0,1,0,0,1,1,"equal"
"850204-4121764",1,1,0,1,1,1,0,0,1,1,"equal"
"810610-4876561",1,1,0,0,0,1,1,1,0,0,"equal"
"620423-2528824",0,0,1,0,1,0,0,0,1,1,"equal"
"720816-2305914",0,0,0,0,1,0,1,0,1,0,"equal"
"850107-1147764",0,1,1,1,1,1,0,0,1,1,"equal"
"611023-4783554",0,1,1,1,0,1,0,1,0,0,"equal"
"940626-2856122",1,0,0,0,1,1,1,1,0,0,"equal"
"750423-2542826",0,0,1,0,1,1,0,0,0,0,"equal"
"540221-4493915",0,0,1,1,1,0,0,1,1,0,"equal"
"641216-1105537",0,0,0,1,1,0,0,0,1,1,"equal"
"820520-1664412",0,0,1,0,1,1,1,0,0,1,"equal"
"850509-1274724",0,1,0,1,1,0,1,0,1,0,"equal"
"920826-2558408",1,0,0,0,0,0,1,1,0,0,"equal"
"720725-3961204",1,1,1,0,1,0,1,0,0,1,"equal"
"751122-4941131",1,0,1,1,0,0,1,1,0,1,"equal"
"800212-3309918",0,0,1,0,1,1,0,1,0,1,"equal"
"571122-3067263",1,1,1,0,1,1,1,1,1,1,"equal"
"720308-4646348",0,1,1,1,0,0,0,0,1,0,"equal"
"700522-1320284",1,1,0,0,0,1,0,0,1,0,"equal"
"660525-4627662",0,1,0,0,0,0,0,1,0,1,"equal"
"731118-1183689",0,1,1,0,0,0,0,0,0,1,"equal"
"830417-4107329",1,0,1,1,0,1,0,0,1,1,"equal"
"520619-1624367",0,0,1,1,0,0,0,1,1,1,"equal"
"630315-2520450",1,0,1,1,0,0,0,0,0,1,"equal"
"571209-3477120",1,1,1,1,1,1,1,1,1,0,"equal"
"860602-1979345",0,0,1,1,1,1,0,1,0,1,"equal"
"900210-3909658",1,0,0,0,0,0,1,1,1,0,"equal"
"750410-1454373",1,0,1,0,0,0,0,1,1,0,"equal"
"660705-4164084",0,0,1,0,1,1,1,1,0,0,"equal"
"920904-4417060",1,1,1,0,1,0,1,1,0,1,"equal"
"981208-2492045",0,0,0,0,0,1,0,1,0,0,"equal"
"880816-1134213",1,1,0,1,0,1,1,1,1,1,"equal"
"940309-2857549",1,1,0,1,1,0,1,1,0,1,"equal"
"570503-2529961",1,0,1,1,1,0,1,1,1,0,"equal"
"730310-3965293",0,1,1,1,0,1,1,0,1,0,"equal"
"961006-3310441",1,1,1,0,1,1,0,1,0,0,"equal"
"861023-1694287",0,0,0,0,1,0,0,1,0,0,"equal"
"651011-2156791",0,0,1,1,0,1,0,1,0,0,"equal"
"691206-3276444",0,0,1,1,0,0,0,0,1,1,"equal"
"951111-1011553",0,1,1,0,0,1,1,0,1,1,"equal"
"890503-2683680",0,1,1,1,0,0,1,0,1,1,"equal"
"520602-4624423",0,1,0,0,0,0,0,0,0,1,"equal"
"910625-1375020",0,0,1,0,0,0,1,0,0,0,"equal"
"710916-4065979",0,0,0,0,1,1,1,1,0,0,"equal"
"750505-3720239",1,0,1,1,0,1,0,1,0,0,"equal"
"690222-4751836",1,1,0,0,1,0,1,1,1,0,"equal"
"531114-1893425",1,0,1,1,1,0,0,1,0,1,"equal"
"710802-1419821",1,1,0,0,0,1,1,0,0,0,"equal"
"720917-3867875",0,0,0,1,1,0,0,1,0,1,"equal"
"530217-4559374",1,1,1,1,1,0,1,0,0,1,"equal"
"520820-1727933",0,0,1,1,0,1,1,0,1,0,"equal"
"830923-3304405",0,1,1,0,0,0,1,0,1,1,"equal"
"870820-4976656",0,1,1,1,0,0,1,0,1,0,"equal"
"910322-1895717",0,0,1,0,0,0,0,1,0,1,"equal"
"530505-1783236",0,0,0,0,0,0,0,1,1,1,"equal"
"730111-4385776",0,1,0,0,0,1,0,0,0,0,"equal"
"961205-4088328",1,0,0,0,0,0,1,1,1,1,"equal"
"990518-1592849",1,1,0,1,0,0,0,1,1,1,"equal"
"980801-1975713",0,1,0,0,1,0,0,1,1,0,"equal"
"790727-1295578",0,0,0,1,0,0,0,0,1,0,"equal"
"690122-1203577",1,1,0,0,0,0,1,1,1,1,"equal"
"850304-1992628",0,0,1,0,0,0,1,0,0,0,"equal"
"981022-3642540",0,1,0,1,1,0,0,0,0,0,"equal"
"830416-2082722",1,1,0,0,1,0,1,0,0,1,"equal"
"530112-1854590",1,1,0,1,1,1,0,1,1,1,"equal"
"840526-2202289",1,1,0,0,0,1,1,0,0,1,"equal"
"751208-3479790",1,0,0,1,0,1,0,1,0,1,"equal"
"981226-3072818",0,1,0,1,1,0,1,0,1,1,"equal"
"740925-1196947",1,1,0,0,0,1,0,0,1,1,"equal"
"900404-1961885",0,1,0,1,0,0,1,1,0,0,"equal"
"731202-1620984",0,0,1,0,0,1,0,1,0,1,"equal"
"520913-3039487",0,0,0,0,0,1,1,0,0,0,"equal"
"841208-4630249",0,0,1,0,0,1,0,1,0,0,"equal"
"730624-3463452",0,1,0,1,1,0,0,1,0,1,"equal"
"651208-2528188",0,1,1,1,0,1,0,1,1,1,"equal"
"510917-2447055",1,0,0,1,0,0,0,0,1,0,"equal"
"871114-1169801",0,1,0,0,0,1,1,0,1,1,"equal"
"920801-4037702",0,1,1,0,0,1,0,1,0,1,"equal"
"650611-4074671",1,0,0,1,1,0,1,0,0,1,"equal"
"651113-4057354",1,0,0,0,0,0,0,0,0,0,"equal"
"640211-3242277",1,1,1,0,0,1,0,1,0,1,"equal"
"630504-2175946",1,1,0,1,1,0,1,1,0,0,"equal"
"810904-3422888",0,0,1,0,0,0,0,1,0,0,"equal"
"610713-3040419",1,1,1,1,0,1,1,1,1,0,"equal"
"740701-3961647",0,1,1,0,0,1,0,0,0,0,"equal"
"710924-2758413",0,1,1,1,0,0,0,0,0,1,"equal"
"780105-3009616",0,0,0,1,0,0,0,0,0,0,"equal"
"670409-4689813",1,1,1,1,0,1,0,1,1,1,"equal"
"551205-4526619",0,1,1,0,1,0,0,1,1,0,"equal"
"940225-3326700",1,0,0,1,0,0,0,0,1,1,"equal"
"931003-1935785",1,1,0,1,0,1,0,0,0,1,"equal"
"720614-3730464",0,1,0,1,1,0,0,1,1,0,"equal"
"550322-1930564",0,0,1,0,1,1,0,1,0,1,"equal"
"560202-2401562",0,0,1,0,0,0,1,1,0,0,"equal"
"940120-2740327",0,1,0,1,1,1,1,0,1,1,"equal"
"930814-2729318",0,0,0,1,0,0,1,1,0,1,"equal"
"900826-3481699",0,1,1,1,0,1,1,1,0,1,"equal"
"580320-2817006",0,1,0,1,1,0,1,1,1,1,"equal"
"931205-3773746",0,0,0,1,0,0,1,0,0,0,"equal"
"560515-3954287",0,1,1,0,0,1,1,0,0,0,"equal"
"530808-4771136",1,1,1,0,1,1,0,0,0,0,"equal"
"990126-3846514",1,1,0,0,0,1,0,1,1,1,"equal"
"620423-2866152",0,0,1,0,0,0,1,1,1,0,"equal"
"691007-2725906",1,1,0,1,0,1,0,1,0,1,"equal"
"700702-1028779",0,0,0,0,0,1,0,0,1,0,"equal"
"790825-2114243",1,0,1,1,1,0,1,0,0,0,"equal"
"941028-4478406",1,0,1,1,1,1,1,0,0,0,"equal"
"730924-2823490",0,1,0,1,1,0,1,1,0,1,"equal"
"970524-1671536",0,1,0,0,0,1,0,1,1,0,"equal"
"640517-4607053",1,1,1,0,0,0,0,1,0,1,"equal"
"581220-4638586",1,0,0,1,0,0,0,0,1,0,"equal"
"570923-2902899",0,1,1,1,0,1,0,1,0,0,"equal"
"820508-4835277",0,0,0,1,0,0,0,0,0,0,"equal"
"790619-3847941",0,1,1,1,1,1,1,0,1,0,"equal"
"541002-4999908",0,1,1,0,1,1,1,0,1,0,"equal"
"710822-2547600",1,1,0,0,1,0,0,1,0,1,"equal"
"521004-3381941",0,0,0,0,1,0,0,0,1,1,"equal"
"551104-2425575",0,1,0,1,0,0,0,0,0,0,"equal"
"500904-1911660",1,1,0,0,1,1,0,1,1,1,"equal"
"991120-1202353",0,1,0,1,1,1,1,0,0,0,"equal"
"791226-4019799",0,1,0,0,1,1,0,0,1,0,"equal"
"841209-4959126",0,0,1,1,0,1,1,1,1,1,"equal"
"650325-3081929",0,1,0,0,0,0,1,0,0,1,"equal"
"821113-4942828",1,1,0,0,1,1,1,0,1,0,"equal"
"940225-1460472",1,1,0,0,0,0,0,1,1,0,"equal"
"970205-2951363",0,0,1,0,1,0,1,0,0,0,"equal"
"841108-1569410",1,1,1,0,0,1,0,1,1,0,"equal"
"830409-4421199",1,0,1,1,1,0,1,1,0,0,"equal"
"540304-4150729",0,0,0,1,1,1,1,0,1,0,"equal"
"520115-2853889",0,1,1,0,1,1,1,1,1,1,"equal"
"770522-4027750",0,0,1,0,1,1,1,1,1,0,"equal"
"691101-3392201",0,1,1,0,1,0,1,1,0,1,"equal"
"540228-2140191",1,1,1,1,1,0,0,1,1,0,"equal"
"970801-2821278",1,0,0,1,0,0,0,1,0,1,"equal"
"600415-2006369",0,0,0,0,0,0,0,0,1,1,"equal"
"661011-2383539",1,0,1,0,0,0,0,1,0,1,"equal"
"570902-4869879",0,1,0,1,1,1,1,0,0,0,"equal"
"670528-3201509",1,1,1,1,1,1,0,1,0,1,"equal"
"960915-4010515",1,0,0,0,1,0,1,0,1,0,"equal"
"560611-3031044",0,1,0,1,0,0,1,0,1,1,"equal"
"720509-1560374",1,0,0,0,0,0,0,1,1,0,"equal"
"941102-4813562",1,0,0,1,1,1,0,1,0,0,"equal"
"640811-3214280",0,1,1,1,1,1,1,1,0,0,"equal"
"800807-1036662",1,1,1,1,0,0,0,1,1,1,"equal"
"660314-1104162",1,1,0,0,1,0,0,1,1,0,"equal"
"670626-4267502",0,0,0,1,0,1,1,1,0,1,"equal"
"840427-1492838",1,0,0,1,1,1,1,0,0,0,"equal"
"931119-4435905",1,1,0,1,0,0,1,0,1,1,"equal"
"641224-1228950",1,1,1,1,0,0,1,1,0,1,"equal"
"960201-4096357",0,1,1,0,0,0,1,1,0,1,"equal"
"970207-2875127",1,0,0,0,0,0,1,0,0,0,"equal"
"550715-4938552",0,1,0,1,1,1,0,1,0,0,"equal"
"500205-3194867",1,1,1,1,1,1,0,1,1,0,"equal"
"791211-2576275",0,0,0,0,1,1,1,1,0,1,"equal"
"790826-4316234",1,1,1,1,1,1,1,1,0,0,"equal"
"541019-2970785",1,1,1,0,1,1,1,0,1,0,"equal"
"570722-2630906",0,1,0,0,0,1,0,1,0,0,"equal"
"520213-1760277",0,0,1,1,0,1,1,1,0,1,"equal"
"820227-4805101",0,1,1,0,1,0,1,0,1,1,"equal"
"880520-4780390",1,1,1,0,0,1,1,1,1,0,"equal"
"711018-2777591",0,1,1,1,1,0,0,1,1,1,"equal"
"920421-1021478",0,0,0,1,0,1,1,1,0,1,"equal"
"850127-4182067",1,1,0,0,1,1,1,1,1,1,"equal"
"670322-1920621",1,1,0,0,0,0,1,0,1,0,"equal"
"501004-3365113",1,0,0,0,0,0,0,1,0,0,"equal"
"700708-1424354",1,0,0,1,0,0,1,1,0,0,"equal"
"500402-1122494",0,1,0,0,1,0,0,1,0,1,"equal"
"960719-3243500",1,1,1,1,0,1,1,1,1,1,"equal"
"520626-3837424",0,1,1,0,1,1,0,1,0,0,"equal"
"781207-2461184",0,0,1,0,1,1,1,1,1,1,"equal"
"671128-4415600",1,0,1,1,1,0,0,1,1,0,"equal"
"630127-2723392",0,1,1,1,0,1,1,1,1,1,"equal"
"950916-1327596",1,1,0,1,1,1,0,0,1,1,"equal"
"611016-4411331",1,0,0,1,0,0,0,0,0,1,"equal"
"531204-2497545",0,1,1,1,1,0,1,1,1,1,"equal"
"901001-2205356",0,1,1,1,0,1,0,0,1,0,"equal"
"710717-2602206",0,1,0,1,1,1,1,0,0,1,"equal"
"820312-3624764",1,1,0,0,0,1,0,0,0,0,"equal"
"860510-1086285",0,1,0,0,1,0,1,1,1,0,"equal"
"900702-3984774",1,0,0,1,0,1,0,0,0,0,"equal"
"771114-4083567",0,1,0,1,1,0,0,0,1,0,"equal"
"900124-4646429",0,0,0,0,1,1,1,1,0,0,"equal"
"580912-3198887",1,1,1,0,0,1,1,0,1,1,"equal"
"630624-1639082",1,1,1,1,1,1,1,0,0,1,"equal"
"590208-2918537",0,0,0,1,0,1,1,1,0,1,"equal"
"730610-2146690",1,0,0,0,1,1,1,0,0,0,"equal"
"720926-1764654",1,0,0,1,1,1,0,0,0,0,"equal"
"840414-1824723",0,1,0,0,0,0,0,1,0,0,"equal"
"540809-2562885",0,0,1,1,0,1,1,0,1,0,"equal"
"710711-3841360",0,0,0,1,0,1,0,1,1,0,"equal"
"710324-2542820",0,1,1,1,0,1,0,0,1,0,"equal"
"660504-2284317",0,1,1,1,0,1,1,1,1,1,"equal"
"561017-2325038",1,0,0,0,1,1,0,0,1,0,"equal"
"971102-4789096",1,1,1,1,1,0,1,0,1,0,"equal"
"860704-4474737",1,0,0,1,0,0,1,1,1,0,"equal"
"700126-3507271",0,1,0,0,0,1,1,0,0,1,"equal"
"530514-1891496",0,0,1,0,0,0,0,1,0,0,"equal"
"660626-3516542",0,0,0,1,0,1,1,0,0,0,"equal"
"690402-4561372",1,0,0,0,1,1,0,0,1,0,"equal"
"791022-2248877",0,0,0,0,0,0,0,1,1,0,"equal"
"760118-2282698",1,1,1,1,1,1,1,0,0,1,"equal"
"510214-1108109",1,0,0,0,0,0,0,1,1,0,"equal"
"650327-2670455",0,0,1,0,0,1,0,0,1,1,"equal"
"850703-3211695",1,1,1,1,1,1,1,1,1,0,"equal"
"600513-1512343",0,0,0,0,1,0,0,0,1,0,"equal"
"610526-3022385",1,0,0,1,0,0,0,1,0,0,"equal"
"521011-4526187",0,1,1,0,0,0,1,0,0,0,"equal"
"700101-4360175",1,1,1,1,1,1,0,1,0,0,"equal"
"741218-2379662",1,0,0,1,0,1,1,0,1,1,"equal"
"880511-3076118",0,0,0,0,1,0,1,1,1,0,"equal"
"780601-1377855",1,0,1,0,1,1,0,1,1,0,"equal"
"630819-2994112",1,1,0,1,0,1,0,1,0,1,"equal"
"920607-1380361",1,0,0,0,1,0,1,1,0,0,"equal"
"861204-1627779",0,0,1,0,0,1,1,1,1,0,"equal"
"601014-1797363",1,0,0,0,1,0,1,0,1,1,"equal"
"630908-2143316",1,1,1,1,1,1,0,0,0,0,"equal"
"740712-4192741",1,1,0,1,0,1,1,0,0,0,"equal"
"590116-3204053",1,1,1,1,1,1,1,0,0,1,"equal"
"580705-3252151",1,1,1,1,0,0,0,0,0,1,"equal"
"771215-1416612",1,0,0,0,1,1,1,1,1,0,"equal"
"640916-3309141",1,0,1,1,0,1,1,1,0,0,"equal"
"910912-2597768",0,0,0,1,1,0,1,1,1,1,"equal"
"940215-2135827",0,0,1,0,0,0,1,1,0,0,"equal"
"660802-1397682",1,0,1,0,1,1,0,0,0,0,"equal"
"630218-3271151",0,0,1,1,1,1,1,1,0,1,"equal"
"670212-3864631",0,0,1,0,1,1,1,0,1,0,"equal"
"930708-1145047",1,0,1,0,1,1,1,0,0,1,"equal"
"590803-3780045",0,0,0,0,1,0,0,0,1,0,"equal"
"810126-1450607",0,0,1,1,1,1,1,0,0,1,"equal"
"900227-4447909",1,1,0,1,1,0,1,1,0,1,"equal"
"661013-1532946",1,0,1,0,0,0,0,1,1,1,"equal"
"790106-2738235",0,0,0,0,1,0,1,1,0,1,"equal"
"950905-1605889",0,0,1,1,1,0,0,1,1,1,"equal"
"860327-3443643",0,0,1,1,1,1,0,0,1,1,"equal"
"910105-2403497",1,0,1,1,1,1,0,0,0,1,"equal"
"910716-2346524",1,1,0,0,1,0,1,1,1,1,"equal"
"590717-1216092",0,1,0,1,1,0,0,1,1,1,"equal"
"961211-2923444",1,0,1,0,0,1,0,0,1,0,"equal"
"641127-4422940",0,0,1,1,0,0,1,1,1,0,"equal"
"611001-3003444",1,0,1,1,1,1,1,0,0,0,"equal"
"660411-1500702",0,1,1,0,0,0,1,0,0,0,"equal"
"701212-2027245",0,0,1,1,1,1,1,0,1,1,"equal"
"621023-4427473",1,0,1,1,1,0,1,0,1,1,"equal"
"841010-3854420",1,1,0,0,0,1,1,1,1,0,"equal"
"870923-2962742",1,1,1,1,1,0,1,0,1,0,"equal"
"860604-3595500",1,0,1,0,0,0,0,0,0,0,"equal"
"640926-2836454",1,1,1,0,0,1,1,1,0,1,"equal"
"600801-2487037",0,0,1,1,1,1,1,1,1,1,"equal"
"810902-4273661",1,0,1,1,0,0,0,1,1,1,"equal"
"600824-3008299",1,1,1,1,1,0,0,0,0,1,"equal"
"560724-1251172",1,1,1,1,0,1,1,1,1,0,"equal"
"700818-2417471",1,1,1,1,0,0,1,1,1,1,"equal"
"770617-3846952",1,0,1,1,1,1,1,1,1,1,"equal"
"630312-2241794",1,0,1,1,0,1,0,0,0,0,"equal"
"900513-3188889",0,0,1,0,1,1,0,1,0,0,"equal"
"600503-4876344",0,0,1,0,1,1,1,1,0,1,"equal"
"821220-2177253",1,1,1,0,1,0,1,1,0,1,"equal"
"730201-2659459",1,1,0,0,0,1,0,0,1,0,"equal"
"550611-1174628",1,0,1,1,0,0,1,1,0,1,"equal"
"950104-1872346",0,1,1,1,0,1,0,0,1,0,"equal"
"991213-2239915",1,1,0,1,1,1,0,1,1,0,"equal"
"630712-4400509",0,1,0,1,1,1,0,1,1,1,"equal"
"680812-3334555",1,0,0,0,1,1,0,0,1,0,"equal"
"980425-1653393",0,1,0,0,1,0,0,1,0,0,"equal"
"951116-3760549",0,0,1,1,1,1,0,0,0,0,"equal"
"731119-4863187",0,0,0,1,1,0,0,1,1,1,"equal"
"870527-3343717",1,0,0,0,1,0,1,1,0,0,"equal"
"590416-1564697",0,1,1,0,0,1,0,1,0,1,"equal"
"750217-3700314",1,1,0,0,0,0,1,0,0,0,"equal"
"851005-1928159",0,1,0,0,1,1,1,0,1,0,"equal"
"680606-2607697",1,0,1,1,0,1,1,0,0,0,"equal"
"960627-3272902",1,1,0,1,1,0,1,0,0,1,"equal"
"551226-1456743",1,0,1,0,0,1,1,0,0,1,"equal"
"960421-3185965",0,1,1,0,0,0,0,1,1,1,"equal"
"710204-4370392",1,1,1,1,1,0,0,1,0,0,"equal"
"520314-1917451",1,1,1,0,0,0,1,1,0,0,"equal"
"610527-2905732",1,1,0,1,0,1,0,1,1,0,"equal"
"510111-1554769",0,1,1,0,0,0,1,0,1,0,"equal"
"600306-2624256",0,0,1,0,0,1,1,1,0,1,"equal"
"840719-3098361",1,0,0,1,0,1,1,0,1,1,"equal"
"840601-3333865",1,1,1,0,0,1,1,0,0,0,"equal"
"591109-1403867",1,1,1,1,1,0,1,0,0,0,"equal"
"540518-3702588",1,1,1,1,1,1,0,1,0,0,"equal"
"510826-1529011",0,0,1,1,1,0,1,0,0,1,"equal"
"781208-4658324",1,1,1,1,1,1,1,1,1,1,"equal"
"941004-3011294",0,1,0,0,0,1,0,1,0,1,"equal"
"561124-1683829",0,0,1,1,0,0,0,1,1,1,"equal"
"900717-1230179",1,1,1,0,0,1,1,0,0,0,"equal"
"840209-4233252",0,1,1,0,1,1,0,0,1,1,"equal"
"520113-1668113",1,0,0,0,0,1,1,1,1,1,"equal"
"740225-4108654",0,0,1,0,0,0,1,0,1,1,"equal"
"500425-4613225",0,1,0,0,0,1,1,0,1,0,"equal"
"701012-3752324",1,1,1,0,1,1,1,1,0,1,"equal"
"790528-2418872",0,0,1,1,0,1,1,1,0,1,"equal"
"550205-3467985",0,1,0,1,0,0,1,1,1,1,"equal"
"501120-2517328",0,0,0,0,1,1,1,0,0,0,"equal"
"670718-2535215",0,0,1,1,0,0,1,1,0,1,"equal"
"581005-2002103",1,1,1,1,1,0,1,0,1,0,"equal"
"561207-2671366",0,1,0,0,0,1,1,1,0,0,"equal"
"830724-1750350",0,1,0,1,1,0,0,1,1,0,"equal"
"971007-4926221",0,0,0,1,1,0,0,0,1,1,"equal"
"790711-1159470",0,0,0,1,0,1,0,0,1,0,"equal"
"571107-4410960",1,1,1,1,1,1,1,1,1,0,"equal"
"590401-2763583",1,1,1,1,1,0,1,1,0,1,"equal"
"890125-2050551",0,1,0,1,0,0,0,0,0,0,"equal"
"600623-4673941",0,1,1,1,1,1,1,0,1,0,"equal"
"621105-1468267",1,0,0,1,1,1,0,0,1,1,"equal"
"500213-3326680",1,0,1,1,0,1,1,0,0,0,"equal"
"830924-4357580",1,1,0,0,1,1,1,1,0,1,"equal"
"830421-2581257",1,0,1,1,0,0,0,1,1,1,"equal"
"710928-2766663",0,0,0,1,0,1,0,1,0,0,"equal"
"870316-4718781",1,1,1,1,0,0,0,1,1,1,"equal"
"750715-4545147",0,1,1,1,0,0,0,0,0,0,"equal"
"860428-3319515",0,0,1,0,1,1,0,0,1,1,"equal"
"530514-3405834",1,1,0,1,1,0,0,1,0,0,"equal"
"600123-4206850",1,0,1,1,1,1,0,1,0,0,"equal"
"950310-4809613",0,0,0,1,0,0,0,0,0,0,"equal"
"800701-3464144",0,1,0,0,1,1,1,1,0,0,"equal"
"960502-3514943",0,1,1,1,1,1,1,1,0,0,"equal"
"940315-3890226",0,0,1,0,0,0,0,0,1,0,"equal"
"710613-1399709",1,0,0,0,1,1,0,1,1,1,"equal"
"681109-1539404",0,1,1,1,0,0,0,0,1,1,"equal"
"740126-4950397",0,1,1,1,1,1,0,1,0,1,"equal"
"730603-2445045",1,0,0,1,1,0,0,0,0,0,"equal"
"560422-3634344",0,0,1,0,0,1,1,1,1,1,"equal"
"701120-1784641",1,0,0,1,1,1,1,1,1,1,"equal"
"850319-4384440",1,1,0,0,1,1,1,1,0,0,"equal"
"741209-4899995",1,1,1,0,1,0,1,1,1,0,"equal"
"740124-4508248",0,1,0,1,0,1,0,1,0,1,"equal"
"780121-4155469",0,1,1,0,1,1,0,0,1,0,"equal"
"780624-4895505",0,0,0,1,0,0,0,0,1,0,"equal"
"501205-2478947",0,1,0,1,1,1,0,1,1,0,"equal"
"740606-4141684",1,1,1,0,0,1,1,0,0,1,"equal"
"980315-3139200",1,0,1,0,0,1,0,1,1,0,"equal"
"550116-2026648",0,0,1,0,1,0,0,0,0,0,"equal"
"650827-2960204",1,0,0,0,1,0,0,1,0,1,"equal"
"660820-1880756",1,1,0,1,0,1,0,1,1,1,"equal"
"531111-1615207",1,1,0,1,1,0,1,0,1,1,"equal"
"950225-1699805",0,0,0,0,1,1,1,0,1,0,"equal"
"941126-3112309",0,0,0,0,1,1,0,0,1,1,"equal"
"970523-3489877",1,1,1,1,1,0,1,1,0,0,"equal"
"820522-2480208",0,1,0,1,1,1,1,0,0,0,"equal"
"530419-2024049",1,0,0,1,0,0,0,0,0,1,"equal"
"780828-3077791",1,1,0,0,0,0,0,1,0,0,"equal"
"780801-4052244",0,1,1,0,0,0,0,1,1,1,"equal"
"640605-2293439",0,0,1,0,1,0,0,1,0,1,"equal"
"850122-2443012",1,0,0,1,1,1,1,1,1,0,"equal"
"620220-4262695",1,1,0,1,0,0,0,0,1,1,"equal"
"760316-1818030",0,1,1,1,0,1,1,1,1,0,"equal"
"880622-2172481",1,0,1,1,1,1,1,1,1,1,"equal"
"710525-3245387",1,0,1,0,0,0,0,1,1,0,"equal"
"580708-4253832",1,1,1,0,0,1,0,1,1,1,"equal"
"520507-3160483",1,1,1,0,1,0,0,0,1,0,"equal"
"890214-3391827",1,1,1,1,1,1,0,1,0,0,"equal"
"890604-3084790",1,0,0,0,1,0,1,0,0,1,"equal"
"911006-3518600",0,1,0,0,1,0,1,0,0,0,"equal"
"700513-1070700",1,0,0,1,0,1,0,0,0,1,"equal"
"930927-2990249",0,0,1,0,0,0,1,0,0,0,"equal"
"760220-2639088",0,1,1,1,0,0,1,0,1,1,"equal"
"510507-3045590",1,1,0,1,0,0,1,0,1,1,"equal"
"880219-3132575",1,1,0,1,1,1,1,1,1,0,"equal"
"540525-4002163",0,0,1,0,0,1,1,1,1,0,"equal"
"701125-4648223",1,0,0,1,1,0,0,0,1,1,"equal"
"620124-1598342",1,1,1,0,0,1,0,0,0,0,"equal"
"781210-1367911",0,1,1,1,1,1,0,1,1,0,"equal"
"560422-4546206",1,1,1,1,1,0,1,1,0,0,"equal"
"941025-4135147",0,0,1,0,0,1,0,0,0,1,"equal"
"881107-1078393",1,1,1,0,1,1,0,0,1,0,"equal"
"690103-2370356",1,1,1,1,0,1,0,0,0,1,"equal"
"950903-1560520",0,0,1,0,1,0,0,1,0,1,"equal"
"580728-2948435",1,0,1,0,0,1,1,0,1,0,"equal"
"620113-3082776",0,0,0,0,1,1,1,1,1,0,"equal"
"630721-1820643",1,0,1,1,1,0,1,1,0,1,"equal"
"740802-3916309",1,1,1,0,0,1,0,0,0,1,"equal"
"700805-3598649",1,1,1,1,0,1,1,1,1,1,"equal"
"501201-3432268",0,1,0,1,0,0,1,0,1,0,"equal"
"710621-3003757",0,0,0,1,1,0,1,0,1,0,"equal"
"930314-2303995",0,0,0,1,0,1,1,1,0,1,"equal"
"841220-3613806",0,1,0,0,0,1,0,1,0,1,"equal"
"870725-3840182",1,0,0,1,0,0,1,1,1,1,"equal"
"620704-2995803",1,1,1,1,0,0,1,0,0,0,"equal"
"780313-3609723",0,1,0,0,0,1,0,0,0,0,"equal"
"550319-4490243",0,0,1,1,0,1,0,1,1,1,"equal"
"790509-3778508",0,1,0,1,0,0,1,0,1,1,"equal"
"870801-1089052",0,0,0,1,1,1,1,1,0,1,"equal"
"940113-3587815",0,1,1,0,1,0,1,0,0,1,"equal"
"771126-3193442",1,1,1,0,0,0,0,0,1,0,"equal"
"971007-2518182",1,0,0,0,0,0,1,0,1,1,"equal"
"660115-3735581",0,0,1,1,0,0,0,0,1,0,"equal"
"630128-4354037",0,1,1,0,1,1,0,0,1,1,"equal"
"650815-3007691",0,1,1,0,0,0,1,0,0,0,"equal"
"540410-1424796",1,0,1,0,0,1,1,1,1,0,"equal"
"900109-4443340",0,1,1,0,1,1,0,0,1,1,"equal"
"971123-4698601",0,0,0,1,1,1,0,1,1,1,"equal"
"951208-1112479",0,1,0,0,0,0,1,0,1,0,"equal"
"730913-2922893",0,1,0,1,0,0,0,0,1,0,"equal"
"621120-2696182",0,1,0,0,1,1,0,0,0,0,"equal"
"950119-3388390",1,1,0,0,0,1,0,1,0,1,"equal"
"680515-1984436",1,0,0,0,1,1,1,1,1,0,"equal"
"880328-2126195",0,0,1,0,1,1,0,1,0,0,"equal"
"720413-2473695",0,0,0,0,0,1,1,1,0,0,"equal"
"740315-2598052",0,0,0,1,1,0,1,1,0,1,"equal"
"800919-3959565",0,1,1,0,0,0,0,1,0,0,"equal"
"690619-4141083",1,0,1,1,1,1,0,0,1,0,"equal"
"870218-4334423",1,0,0,1,1,0,0,0,0,0,"equal"
"840721-1587829",1,1,0,1,0,1,0,1,1,1,"equal"
"831124-4525695",1,0,1,1,0,1,1,0,1,0,"equal"
"880302-4465779",1,1,1,0,0,1,0,0,0,0,"equal"
"900502-3148910",0,0,0,1,0,0,0,1,0,1,"equal"
"730727-4555934",1,1,1,0,0,0,1,0,1,1,"equal"
"710205-3206476",0,0,0,0,1,0,1,0,0,1,"equal"
"700410-4226164",1,0,1,0,0,0,1,0,1,0,"equal"
"920710-3789273",1,0,0,0,1,1,0,1,1,1,"equal"
"700208-2833383",1,0,0,1,1,1,1,1,1,0,"equal"
"691124-1029764",1,0,0,0,1,0,1,0,0,0,"equal"
"951007-1389606",0,0,1,1,1,1,0,0,0,0,"equal"
"851104-4407301",1,0,1,1,0,1,1,1,1,1,"equal"
"600525-3532351",1,0,1,0,1,1,0,1,1,1,"equal"
"790713-1741481",0,0,0,0,0,0,0,1,1,1,"equal"
"850619-3829440",1,0,0,1,0,0,0,1,1,0,"equal"
"780308-4834423",0,1,0,1,0,1,1,0,1,0,"equal"
"600701-3724622",0,0,1,1,1,1,1,1,1,0,"equal"
"851010-1061593",0,0,1,1,1,0,1,0,1,0,"equal"
"810607-1552523",1,1,1,0,0,0,0,0,1,0,"equal"
"560702-3246620",0,0,1,0,0,1,1,1,1,1,"equal"
"840221-4462388",0,0,0,1,1,0,0,1,0,1,"equal"
"710117-3239990",0,1,0,0,0,1,1,0,0,1,"equal"
"780707-1740660",0,0,1,0,0,1,1,1,1,0,"equal"
"830818-2038573",0,1,1,0,0,1,0,0,1,0,"equal"
"830811-3519005",1,1,0,0,1,0,1,1,0,1,"equal"
"560512-4328034",1,1,1,0,0,0,1,1,0,0,"equal"
"971115-2994047",1,1,1,1,0,1,0,0,1,1,"equal"
"770525-3978245",1,1,0,1,1,1,0,0,1,1,"equal"
"640311-1188404",1,0,0,1,1,0,0,1,1,0,"equal"
"600310-3865754",0,0,0,0,1,0,1,1,1,1,"equal"
"880628-4363705",0,1,1,1,1,1,1,1,0,1,"equal"
"591208-4455406",1,0,0,0,0,0,1,0,0,1,"equal"
"701227-2531786",0,0,0,0,1,1,1,1,1,0,"equal"
"831224-4540215",1,0,1,0,1,1,1,0,1,0,"equal"
"850211-2808784",1,0,1,1,1,1,0,0,1,0,"equal"
"540304-2371440",1,0,1,0,1,0,1,0,0,0,"equal"
"990115-4167984",0,0,1,0,1,1,1,1,1,0,"equal"
"690309-4994751",0,1,0,0,1,0,0,0,0,1,"equal"
"570226-3288090",0,0,0,1,1,1,1,1,0,0,"equal"
"911223-1932868",1,0,0,0,1,0,1,0,0,0,"equal"
"780102-4163545",0,0,0,1,0,1,1,0,0,0,"equal"
"810719-2301689",0,0,0,1,0,0,1,1,0,1,"equal"
"640106-1256538",1,1,0,1,1,0,1,0,1,0,"equal"
"970426-4070626",1,1,1,0,1,0,0,1,0,0,"equal"
"521209-4414849",0,0,0,0,1,1,0,1,0,0,"equal"
"991110-1293381",0,0,0,1,0,0,0,0,1,0,"equal"
"620917-3217212",0,0,1,1,1,0,0,1,1,1,"equal"
"670216-4874309",0,1,0,1,1,1,0,0,1,0,"equal"
"811226-1072612",1,0,1,1,1,1,0,1,1,0,"equal"
"910604-1803674",0,1,0,1,0,0,0,1,0,0,"equal"
"641221-1938899",0,1,1,1,1,0,0,0,1,0,"equal"
"930218-2530476",1,1,0,0,1,1,1,1,1,0,"equal"
"870416-3595488",0,0,0,0,0,0,0,0,0,1,"equal"
"891115-4578297",1,0,0,0,1,1,1,1,1,0,"equal"
"871205-2857375",0,1,0,0,0,0,1,1,1,1,"equal"
"870620-1146257",1,0,0,1,0,1,1,1,1,0,"equal"
"710105-2156130",1,0,1,0,1,0,1,0,1,0,"equal"
"970507-3719242",1,1,0,0,1,0,0,1,0,0,"equal"
"780512-4369082",1,1,0,1,0,1,0,1,1,0,"equal"
"920712-2341616",0,0,1,1,0,1,0,1,0,1,"equal"
"660712-4527644",1,0,1,0,0,0,0,0,0,0,"equal"
"820402-2018813",0,1,0,0,0,1,1,0,0,1,"equal"
"781025-2025178",1,1,0,0,0,1,0,0,1,0,"equal"
"910809-4405527",0,1,0,0,0,1,0,0,0,0,"equal"
"780624-2100435",1,0,0,1,1,1,0,1,1,0,"equal"
"911121-1760407",1,1,1,0,1,1,1,1,1,0,"equal"
"920916-2958297",1,1,1,0,1,1,1,1,1,0,"equal"
"831024-4533689",1,1,0,0,0,1,1,1,1,1,"equal"
"610225-3511170",1,0,1,0,0,0,1,0,0,1,"equal"
"580615-4426413",0,0,0,0,1,0,0,0,0,0,"equal"
"761006-3028856",1,1,0,0,0,1,1,0,0,1,"equal"
"810914-1581233",1,1,0,1,1,1,0,1,0,1,"equal"
"691206-3480656",1,1,0,0,1,0,1,0,1,0,"equal"
"861107-1219979",0,1,1,0,1,0,1,1,1,1,"equal"
"840906-4697949",0,0,1,1,0,0,0,1,0,0,"equal"
"790122-3450548",0,1,1,1,1,0,1,0,1,0,"equal"
"740328-2545979",0,1,1,0,0,0,1,0,1,1,"equal"
"571005-4291735",1,0,1,1,0,0,0,0,0,0,"equal"
"570812-1398826",0,1,1,1,1,1,0,0,0,0,"equal"
"580305-1619103",1,1,1,1,1,0,0,0,0,1,"equal"
"640424-1119820",0,0,1,1,1,0,1,1,1,0,"equal"
"560626-1680622",1,0,1,1,0,1,1,1,0,0,"equal"
"790911-3640335",0,0,1,1,1,1,0,0,1,0,"equal"
"841007-3348082",1,1,0,0,1,1,1,0,0,0,"equal"
"700327-2614457",1,1,1,0,0,0,1,0,1,1,"equal"
"740524-1913648",1,1,0,1,1,1,1,0,0,1,"equal"
"960511-4411708",0,0,1,0,1,0,0,0,0,0,"equal"
"790926-2026532",0,0,0,0,0,0,0,0,0,1,"equal"
"710118-3143151",0,0,1,0,1,0,0,0,1,0,"equal"
"940216-1599196",0,1,1,0,0,1,1,0,1,1,"equal"
"810211-4344443",1,1,1,0,0,1,1,0,0,1,"equal"
"660406-4144029",0,0,0,1,0,1,0,0,0,0,"equal"
"701026-3373387",0,1,1,0,1,1,1,0,1,1,"equal"
"660423-4481599",1,1,0,1,1,1,1,0,0,1,"equal"
"850327-2363820",0,0,0,0,1,1,0,0,1,0,"equal"
"591005-4234115",1,1,1,1,0,0,0,0,1,1,"equal"
"520503-3394500",1,0,1,1,1,1,0,1,1,0,"equal"
"790110-1013853",0,1,1,1,0,1,1,1,1,1,"equal"
"920526-1111255",1,0,0,1,0,0,1,1,0,0,"equal"
"840112-2737829",1,1,1,0,1,1,1,1,0,1,"equal"
"770709-1737761",1,1,0,1,1,1,1,0,0,0,"equal"
"771121-4422585",1,1,0,1,1,1,1,1,0,0,"equal"
"980401-4462035",0,0,0,1,0,0,1,0,0,1,"equal"
"721217-3666909",0,1,0,1,0,1,0,1,1,0,"equal"
"670212-3747305",0,1,0,0,1,1,0,1,0,1,"equal"
"741107-1183946",1,0,0,1,0,0,1,1,1,1,"equal"
"520504-2022746",0,0,0,0,0,0,1,1,1,1,"equal"
"841124-1360020",0,1,1,1,1,0,0,1,1,1,"equal"
"930307-3807532",0,0,0,0,1,0,0,1,1,0,"equal"
"691127-1700523",1,0,1,0,1,1,0,0,1,0,"equal"
"740212-3983896",0,1,1,1,1,0,0,0,1,0,"equal"
"530826-1598959",1,0,1,0,1,0,1,1,0,0,"equal"
"531118-2423342",1,0,0,0,0,0,1,0,0,1,"equal"
"640105-3125710",1,1,1,0,0,0,1,1,1,0,"equal"
"590913-4006820",1,1,0,1,1,0,1,1,1,0,"equal"
"650902-4710211",0,1,1,0,1,0,1,1,0,0,"equal"
"911219-3579785",0,0,1,1,1,1,1,1,0,0,"equal"
"730606-3553927",0,0,0,1,1,0,0,1,0,0,"equal"
"681204-2241164",0,0,0,1,1,0,0,0,1,1,"equal"
"700215-4809073",0,1,0,1,0,1,0,1,0,0,"equal"
"741105-2202421",0,0,0,1,0,1,1,0,1,0,"equal"
"791215-3795307",0,0,0,1,1,0,0,0,0,1,"equal"
"790508-4522214",0,0,0,0,1,0,1,1,1,1,"equal"
"530309-2714175",1,1,0,0,0,1,1,1,1,0,"equal"
"990621-4607874",1,1,1,1,1,0,0,0,0,0,"equal"
"591110-3152148",0,0,0,0,1,1,0,0,0,0,"equal"
"710622-1137662",0,1,1,0,1,0,0,0,1,1,"equal"
"690414-3448756",1,1,1,1,0,0,1,0,0,0,"equal"
"570224-1287473",0,0,0,1,0,0,0,1,1,0,"equal"
"841118-3981887",0,1,1,1,1,0,1,0,1,1,"equal"
"761221-2824702",1,1,1,0,0,1,1,0,0,1,"equal"
"930309-1978146",0,1,0,0,1,0,0,0,1,0,"equal"
"980814-2049916",0,1,0,1,0,0,0,1,1,1,"equal"
"530308-3549240",0,1,0,1,0,0,1,1,1,0,"equal"
"540812-2740122",0,0,0,1,0,1,0,1,0,1,"equal"
"541227-3595495",1,1,0,0,0,1,0,0,1,0,"equal"
"840707-3148242",0,0,0,1,1,1,0,0,0,0,"equal"
"850210-2569204",1,1,0,1,0,1,1,1,1,1,"equal"
"820316-3499998",0,1,1,1,0,1,1,0,0,1,"equal"
"590510-3377909",0,0,1,0,0,1,0,1,1,1,"equal"
"650524-3983143",1,0,0,0,0,0,1,0,1,1,"equal"
"650624-1565128",1,1,0,1,0,0,1,0,1,0,"equal"
"500428-4385054",0,0,0,1,0,1,0,1,1,0,"equal"
"671123-3030687",0,0,1,0,0,0,0,0,1,0,"equal"
"980328-2494864",0,1,1,0,1,1,1,1,1,0,"equal"
"770716-1531001",1,0,1,1,1,1,1,0,0,0,"equal"
"871213-2267385",0,1,0,0,1,1,0,0,1,0,"equal"
"821022-2766759",1,1,0,0,1,0,1,1,1,1,"equal"
"960814-2080748",1,1,0,0,0,0,1,1,1,1,"equal"
"530408-3558945",0,0,0,1,0,0,1,1,0,1,"equal"
"840323-2023308",0,0,1,1,0,0,1,0,1,0,"equal"
"760202-4919497",1,1,0,0,0,0,1,0,0,0,"equal"
"740111-2716200",1,1,0,0,0,1,1,0,1,0,"equal"
"940202-2457646",0,0,1,0,1,0,0,0,1,1,"equal"
"760121-1308364",0,0,0,1,1,1,1,1,0,1,"equal"
"530610-3452977",0,1,1,1,1,0,0,1,1,0,"equal"
"811027-4800229",0,1,1,0,1,1,0,1,1,0,"equal"
"590526-4223522",1,1,0,1,1,1,0,0,0,0,"equal"
"971212-4074219",0,0,1,0,1,1,1,1,0,1,"equal"
"681228-4835332",1,1,0,1,1,1,0,0,1,1,"equal"
"630413-1214863",1,1,1,1,1,0,1,0,1,1,"equal"
"980503-4230514",1,0,0,1,1,0,0,0,0,0,"equal"
"801015-3287524",0,0,1,0,1,0,0,0,1,1,"equal"
"721207-4421048",0,0,0,0,1,1,0,0,0,0,"equal"
"600413-4451121",1,0,0,1,1,1,1,0,0,1,"equal"
"941219-4812373",0,0,1,1,0,1,1,1,0,1,"equal"
"560203-2679283",0,0,1,0,1,0,1,1,1,0,"equal"
"810817-4919989",1,0,0,0,0,1,1,0,1,1,"equal"
"510214-1944045",1,1,0,0,0,0,0,1,0,1,"equal"
"650807-4252361",1,0,1,1,1,1,0,1,1,1,"equal"
"950912-1468757",1,1,0,0,1,0,0,1,0,0,"equal"
"760213-1312107",1,0,1,0,1,0,0,0,1,1,"equal"
"961002-3952395",1,0,0,0,0,1,1,1,0,0,"equal"
"520324-1934623",0,0,0,1,0,1,0,1,1,0,"equal"
"660916-4868972",1,1,0,0,0,1,1,1,1,0,"equal"
"660714-1276678",1,0,0,0,0,1,1,0,1,0,"equal"
"680527-1050722",1,0,1,1,0,0,1,0,1,1,"equal"
"600707-4725533",1,0,1,1,0,0,0,0,1,0,"equal"
"581223-3547413",0,1,1,0,1,0,0,0,0,1,"equal"
"720218-4564024",0,1,1,0,0,0,0,0,1,1,"equal"
"511111-4955062",1,1,1,0,1,0,0,1,0,1,"equal"
"930116-2394025",0,1,1,1,1,1,1,1,0,1,"equal"
"620116-1290373",0,0,0,0,1,0,1,0,0,1,"equal"
"540510-3263362",1,0,1,1,0,0,0,0,1,0,"equal"
"660915-3414894",0,0,1,1,0,1,1,0,0,0,"equal"
"861025-4706274",0,0,1,1,1,0,0,1,0,1,"equal"
"921011-1769418",0,1,0,0,1,1,0,1,1,0,"equal"
"720821-4198759",0,1,1,1,0,0,1,1,1,0,"equal"
"690601-3896516",1,1,0,0,1,0,1,1,1,0,"equal"
"981102-2890161",1,0,0,1,0,0,0,1,1,1,"equal"
"561125-1926265",0,1,0,1,1,1,1,1,0,1,"equal"
"560326-1554956",0,1,1,0,1,1,1,0,0,0,"equal"
"820722-1507915",0,1,1,0,1,0,1,0,0,0,"equal"
"880708-3278908",1,1,0,0,1,0,1,1,1,1,"equal"
"751108-1559458",1,0,0,0,0,0,0,1,1,1,"equal"
"590908-3127344",1,1,0,1,1,0,1,0,1,1,"equal"
"500124-2548651",0,0,1,1,0,1,0,0,0,0,"equal"
"861217-1165670",0,0,0,0,0,0,0,0,0,1,"equal"
"680507-2081143",1,0,0,0,0,1,0,0,1,1,"equal"
"891211-4477129",1,0,0,0,1,1,0,1,0,1,"equal"
"601128-2148435",0,0,0,1,0,1,0,1,1,0,"equal"
"631005-2420465",0,0,1,0,0,1,1,1,1,0,"equal"
"990819-2733669",0,0,1,1,0,1,1,1,0,1,"equal"
"520105-2091838",1,0,1,1,1,1,1,0,1,0,"equal"
"770312-4552820",0,1,0,1,0,1,0,0,0,0,"equal"
"811217-4474453",1,1,0,0,0,0,1,1,1,0,"equal"
"870316-4105312",0,0,0,0,1,1,0,1,1,0,"equal"
"740802-4383211",1,0,1,1,0,0,0,1,0,0,"equal"
"971214-4597047",0,0,1,0,0,1,1,0,0,0,"equal"
"990822-3223113",0,1,1,1,1,0,0,0,1,0,"equal"
"890617-3145957",0,1,0,0,0,1,0,1,1,0,"equal"
"831115-3218502",1,1,1,1,1,0,1,1,1,1,"equal"
"720705-1484968",1,1,1,1,1,1,1,0,1,1,"equal"
"640123-1375119",0,1,0,1,0,0,0,1,0,0,"equal"
"740522-3559923",1,1,0,0,1,0,0,0,0,1,"equal"
"641028-3926873",0,0,1,0,0,0,1,1,1,1,"equal"
"750827-3798549",1,1,1,0,1,0,1,1,0,0,"equal"
"530411-2085352",0,0,1,1,1,0,1,1,0,1,"equal"
"640404-3080961",1,1,1,1,0,0,1,1,0,1,"equal"
"760817-2367788",0,0,1,1,1,0,1,1,0,0,"equal"
"550608-4912894",0,1,0,0,1,0,1,0,0,0,"equal"
"700719-3941726",0,0,1,1,1,1,1,1,0,0,"equal"
"630805-2560284",0,1,0,1,1,1,1,1,1,0,"equal"
"630508-4124424",0,1,0,1,0,1,0,1,0,0,"equal"
"510918-2631082",1,1,0,1,1,0,1,0,0,1,"equal"
"960111-2405402",1,0,1,1,1,1,0,1,1,0,"equal"
"770306-1430515",0,1,1,1,1,0,0,0,1,0,"equal"
"581102-2941557",0,1,0,0,1,1,1,1,1,1,"equal"
"640210-1391233",1,0,1,1,1,0,1,1,1,1,"equal"
"631121-3807798",1,1,1,0,0,1,0,0,1,1,"equal"
"510921-3449729",0,1,0,1,0,0,1,1,1,1,"equal"
"710615-4749892",1,1,1,1,1,0,0,0,1,0,"equal"
"670922-2294116",1,0,0,1,1,1,0,1,0,0,"equal"
"920403-2545124",1,0,0,0,1,0,1,1,0,1,"equal"
"930305-2219179",0,1,0,0,0,0,1,1,0,1,"equal"
"880808-4549871",0,1,0,0,0,1,0,0,1,0,"equal"
"960316-1077856",0,0,1,0,1,0,1,0,0,1,"equal"
"900123-4823101",1,0,0,0,1,0,1,0,1,0,"equal"
"720326-1878422",0,1,0,1,0,1,1,0,0,0,"equal"
"860209-4427553",1,1,0,1,1,0,0,1,1,1,"equal"
"640802-3050103",0,0,1,1,1,0,0,1,1,0,"equal"
"871009-2863706",1,0,1,1,1,1,0,1,0,1,"equal"
"640519-3140494",1,1,0,0,1,0,1,1,0,0,"equal"
"500120-3565318",1,1,0,0,0,0,0,1,1,0,"equal"
"710304-4430240",0,0,0,1,0,1,1,0,1,0,"equal"
"910219-1885569",0,0,1,1,1,1,0,1,0,0,"equal"
"590222-1248560",0,1,0,0,1,1,0,0,0,0,"equal"
"940105-4860765",1,1,1,1,0,0,1,0,0,0,"equal"
"610806-3612269",1,0,1,0,1,0,1,0,1,1,"equal"
"710811-1143789",0,0,0,1,1,1,1,1,1,0,"equal"
"981208-1803091",0,0,0,1,0,0,1,0,0,1,"equal"
"930927-3113432",0,1,0,1,0,0,0,0,1,1,"equal"
"510414-3057628",0,1,1,0,0,1,1,1,1,0,"equal"
"900422-1383439",1,0,0,1,1,0,1,1,1,1,"equal"
"970102-2776725",0,1,1,0,0,0,0,1,1,0,"equal"
"791114-4724157",1,0,1,1,1,0,1,1,0,0,"equal"
"660121-4157825",0,0,0,0,1,1,0,0,1,0,"equal"
"951208-3508338",0,0,1,0,0,0,0,0,0,0,"equal"
"821007-3608596",0,0,0,1,0,1,1,0,0,1,"equal"
"621202-2890765",1,1,0,0,0,0,1,1,1,0,"equal"
"820419-2003950",0,0,0,0,1,0,0,0,0,1,"equal"
"611103-2233803",0,0,1,0,1,0,1,1,1,1,"equal"
"820904-1751158",0,1,0,1,0,0,1,1,0,0,"equal"
"890220-1501023",1,1,0,1,0,1,0,0,1,0,"equal"
"890315-4187331",1,0,0,1,1,1,1,1,1,0,"equal"
"630123-2626188",1,1,1,1,0,0,0,1,1,1,"equal"
"730116-4464656",1,1,1,0,1,1,1,1,0,0,"equal"
"810422-4885236",1,1,1,1,0,0,1,1,0,0,"equal"
"690316-1771516",0,1,1,1,1,0,1,0,1,0,"equal"
"950810-3154414",1,1,0,1,1,1,1,1,0,1,"equal"
"970411-2978019",0,0,0,1,1,1,1,0,1,1,"equal"
"890313-3555468",1,0,0,1,1,1,1,0,1,1,"equal"
"790422-1801055",1,1,1,0,1,0,1,1,1,0,"equal"
"631223-1329958",0,1,1,1,0,1,0,0,0,1,"equal"
"961128-1105896",0,0,0,0,1,1,0,0,0,0,"equal"
"920506-3871248",0,0,0,0,1,1,0,1,0,1,"equal"
"990110-1836537",0,0,0,1,1,0,1,0,1,0,"equal"
"650827-2390569",0,1,1,0,1,0,0,0,0,0,"equal"
"601215-3685111",1,1,0,1,1,1,1,1,0,0,"equal"
"711211-2901814",0,1,1,1,0,1,0,1,1,1,"equal"
"970618-4482074",0,1,0,0,1,0,1,1,0,1,"equal"
"790514-2505562",1,1,0,1,1,0,0,1,1,1,"equal"
"770506-4092485",1,0,0,1,0,0,0,0,0,0,"equal"
"811005-3337099",0,1,1,1,0,0,0,0,0,1,"equal"
"551109-4294196",0,1,0,1,1,1,1,0,0,0,"equal"
"500902-1705851",0,0,0,0,0,1,1,1,1,1,"equal"
"880604-1125200",1,0,1,0,0,1,0,0,1,1,"equal"
"960718-4425908",0,1,0,1,1,1,0,1,0,1,"equal"
"900814-4220992",0,1,0,0,1,1,0,1,1,1,"equal"
"760703-1027875",1,0,0,0,0,1,0,0,0,1,"equal"
"700415-3926136",0,1,0,1,0,0,1,1,1,1,"equal"
"880123-2562561",1,0,0,1,1,1,0,1,1,0,"equal"
"640704-4554040",0,0,0,1,0,0,1,0,1,0,"equal"
"670716-2458113",0,0,0,0,1,1,1,0,1,0,"equal"
"680208-4950935",1,1,0,1,0,0,1,0,1,1,"equal"
"721024-4258828",0,0,0,1,0,1,0,1,1,0,"equal"
"930423-2519179",1,0,0,0,1,1,0,0,1,1,"equal"
"951025-3202270",1,0,1,1,1,0,0,1,1,1,"equal"
"510621-3209149",1,1,1,0,1,0,1,0,1,0,"equal"
"700124-3296957",1,0,0,1,0,1,0,0,0,0,"equal"
"860919-4629125",1,1,1,1,0,0,1,0,0,1,"equal"
"831023-1906359",1,0,1,0,1,0,0,0,0,1,"equal"
"920325-4523174",0,0,1,0,0,1,1,1,1,0,"equal"
"640128-2773495",0,1,1,1,0,0,0,1,0,0,"equal"
"531216-4986359",0,0,0,1,1,0,1,0,1,0,"equal"
"671126-3318582",1,0,0,0,1,1,0,0,0,1,"equal"
"841112-1807998",0,0,0,1,0,0,1,0,1,0,"equal"
"970219-1075141",1,0,1,0,1,0,0,1,1,1,"equal"
"990826-2984250",1,1,1,0,0,1,1,1,0,0,"equal"
"560905-3895303",1,1,1,1,1,0,0,0,0,1,"equal"
"641205-1831554",1,0,0,1,0,0,0,1,1,0,"equal"
"850308-2735003",0,1,1,1,1,1,0,0,0,0,"equal"
"540508-4379649",0,1,1,1,1,0,0,1,0,1,"equal"
"830212-3909072",0,0,0,0,0,0,1,1,0,1,"equal"
"780328-1852606",1,0,1,1,0,0,0,0,0,0,"equal"
"510311-4961026",0,0,0,1,0,0,1,1,1,1,"equal"
"720520-1214697",1,1,1,1,1,0,0,1,0,1,"equal"
"610607-2156786",0,0,0,0,1,1,1,1,1,0,"equal"
"850610-3275982",0,0,1,1,0,0,0,0,1,0,"equal"
"740615-2376095",1,0,1,0,1,0,0,1,0,1,"equal"
"790102-3139015",0,0,1,1,1,0,0,1,0,1,"equal"
"660828-1529150",1,0,1,0,0,0,0,1,0,1,"equal"
"720103-2442445",1,0,0,1,0,0,0,0,1,0,"equal"
"911009-4909765",1,0,1,0,1,0,0,1,0,1,"equal"
"500205-2113708",0,0,0,0,1,1,0,0,1,1,"equal"
"640619-2214109",1,1,0,0,1,1,1,0,0,1,"equal"
"550202-3602845",1,1,0,0,0,1,0,0,1,1,"equal"
"740411-4694179",0,1,0,1,0,0,1,1,1,0,"equal"
"570320-1481492",0,0,0,1,0,1,0,1,0,0,"equal"
"621007-3457890",1,0,0,1,1,0,0,0,1,1,"equal"
"850223-2786164",0,1,1,0,0,0,0,1,0,0,"equal"
"610511-4937415",0,0,1,1,0,0,1,1,1,1,"equal"
"890522-3517301",0,0,1,0,1,0,1,1,1,1,"equal"
"610403-1054531",0,0,1,0,0,0,1,0,1,0,"equal"
"710627-2550117",1,0,0,0,0,0,1,0,0,0,"equal"
"620804-1596565",0,1,1,1,0,0,0,0,0,1,"equal"
"620404-4536414",0,1,1,1,1,0,0,1,1,0,"equal"
"960303-4802443",0,0,1,0,1,1,0,0,0,0,"equal"
"561101-4157499",0,0,1,1,1,0,1,0,0,1,"equal"
"910510-4278812",0,1,0,1,0,0,1,0,0,0,"equal"
"741203-2227437",0,0,1,0,1,0,1,0,0,1,"equal"
"601012-3950020",0,1,0,1,0,0,0,1,1,1,"equal"
"730514-4991994",0,0,0,0,1,0,0,1,1,1,"equal"
"520902-4167823",1,1,0,1,1,1,0,1,1,1,"equal"
"701008-2204548",0,0,0,0,1,1,0,0,0,1,"equal"
"940414-1176884",1,0,0,0,1,1,1,1,0,1,"equal"
"990124-2926437",1,1,0,1,0,0,0,0,0,1,"equal"
"560526-3211144",1,1,1,0,1,0,1,0,0,1,"equal"
"891224-2889137",0,0,0,1,0,1,0,1,1,0,"equal"
"530804-3759585",1,0,0,0,1,0,1,0,0,0,"equal"
"850915-2146830",1,0,1,1,1,0,0,0,0,1,"equal"
"840209-4763746",1,1,1,1,0,1,0,1,0,0,"equal"
"750122-2554601",1,0,0,0,1,1,0,1,1,1,"equal"
"760418-3160364",0,1,0,1,1,0,0,1,1,0,"equal"
"741223-3926098",1,1,0,1,0,1,0,1,0,1,"equal"
"850403-1049594",0,0,1,1,0,1,0,0,0,0,"equal"
"880702-3953987",1,1,0,1,1,0,1,1,0,1,"equal"
"820405-1141934",1,0,0,1,0,0,1,0,0,1,"equal"
"760813-1315740",0,1,1,1,1,0,1,1,1,1,"equal"
"850112-1336347",0,1,0,0,0,1,1,1,0,0,"equal"
"990125-3701729",0,1,1,0,0,1,0,1,1,0,"equal"
"661017-4218841",0,1,0,1,0,1,1,1,1,0,"equal"
"570111-3946590",0,0,1,0,0,1,1,0,0,1,"equal"
"821002-4934227",0,1,1,0,0,0,0,1,1,1,"equal"
"651220-2906596",1,1,0,0,0,1,1,1,0,1,"equal"
"640909-1908194",1,1,0,0,0,0,1,1,1,1,"equal"
"520414-4101246",0,0,0,1,1,1,1,0,0,1,"equal"
"730118-1874730",1,0,1,0,0,1,0,1,0,0,"equal"
"921019-3472992",0,0,1,0,1,0,0,0,0,0,"equal"
"941105-1287799",1,1,1,0,1,1,1,1,1,1,"equal"
"701205-2464252",1,1,0,0,1,0,1,0,1,1,"equal"
"650825-2668117",0,1,0,1,0,1,1,1,0,1,"equal"
"680918-3958268",1,0,1,1,1,0,1,0,0,1,"equal"
"540625-4606292",0,0,1,1,0,1,0,0,1,1,"equal"
"990702-2693124",1,1,0,1,1,0,1,1,1,1,"equal"
"810207-4271166",0,0,1,1,1,0,1,1,0,1,"equal"
"540404-2289572",0,1,1,1,0,1,1,0,1,1,"equal"
"710821-4702630",0,1,1,0,0,0,1,0,1,0,"equal"
"501107-4907519",1,1,0,0,0,0,1,0,1,0,"equal"
"860722-3436952",1,0,0,1,1,0,0,1,0,1,"equal"
"790621-4097709",0,0,1,1,0,1,1,0,0,1,"equal"
"830120-4946715",1,1,0,1,0,0,0,0,1,1,"equal"
"620926-4499367",1,1,0,0,0,0,0,0,1,1,"equal"
"650415-2400028",0,0,1,1,0,1,1,0,0,1,"equal"
"911023-3570151",0,1,0,1,1,0,1,0,1,0,"equal"
"670722-4876250",0,1,1,0,0,0,1,0,0,0,"equal"
"930904-3634695",0,0,0,1,0,0,0,1,0,1,"equal"
"990828-4346154",0,0,0,0,0,0,0,0,0,1,"equal"
"960317-2677647",0,0,0,1,1,0,0,1,0,1,"equal"
"970304-3020107",0,0,0,0,1,0,0,0,0,1,"equal"
"970803-1667526",0,0,1,0,0,0,1,0,1,0,"equal"
"870608-4466182",0,0,0,1,0,0,1,1,1,0,"equal"
"550116-2975491",0,0,0,0,1,0,0,1,0,0,"equal"
"890523-3716723",1,0,1,1,1,1,1,1,0,0,"equal"
"870505-3094727",0,0,1,1,0,1,1,0,0,0,"equal"
"660319-4394774",1,0,1,1,1,0,0,1,0,0,"equal"
"781215-2200359",1,0,0,0,1,0,1,0,0,0,"equal"
"800215-2348896",1,1,0,1,0,0,1,0,1,1,"equal"
"930924-2393374",1,1,1,0,0,1,0,1,0,1,"equal"
"790202-2152855",1,1,1,1,0,0,0,0,1,0,"equal"
"780410-2240213",1,1,0,1,0,1,0,1,0,1,"equal"
"831105-3642976",1,1,1,1,1,1,0,1,0,0,"equal"
"581205-2630017",1,1,0,0,0,0,1,1,0,0,"equal"
"720125-2887584",1,1,1,0,1,1,0,0,1,1,"equal"
"810616-3173559",1,1,1,1,1,1,1,1,0,0,"equal"
"690925-1921885",1,1,0,1,0,1,0,1,1,1,"equal"
"890506-2444998",0,1,1,1,0,0,1,0,0,1,"equal"
"720312-3354321",0,1,1,1,1,0,1,1,1,0,"equal"
"930314-1499808",1,1,0,0,1,0,1,1,0,1,"equal"
"820806-3470788",0,0,1,0,0,0,0,0,0,0,"equal"
"741226-2935480",0,0,0,0,0,1,1,1,1,1,"equal"
"911008-1637277",0,0,1,1,1,1,0,1,0,0,"equal"
"621010-1320451",1,1,0,1,0,0,0,1,0,1,"equal"
"620702-1479433",0,0,0,0,0,0,1,1,0,1,"equal"
"531205-1464248",1,0,1,0,1,0,0,0,1,0,"equal"
"900421-3206862",1,1,1,1,1,0,1,0,1,1,"equal"
"970715-4277826",1,1,1,0,0,1,0,0,0,1,"equal"
"620314-2703767",0,0,1,1,0,0,0,0,0,1,"equal"
"680918-4387832",1,0,0,1,0,0,1,0,0,1,"equal"
"980107-2400924",1,1,0,1,1,0,1,1,1,0,"equal"
"740205-3174243",0,0,0,0,1,0,0,0,0,0,"equal"
"851212-4823360",1,1,0,0,1,1,1,1,1,0,"equal"
"750305-3407308",0,0,1,0,1,0,1,0,1,1,"equal"
"810723-2989167",0,1,1,0,1,0,0,1,1,0,"equal"
"950324-2397156",0,0,0,0,0,0,1,0,1,1,"equal"
"961224-2781410",1,0,1,0,0,0,0,0,0,1,"equal"
"641113-4669725",1,1,1,0,0,1,0,1,0,1,"equal"
"860605-1031594",1,0,0,0,1,1,0,0,1,0,"equal"
"760304-1479728",1,0,0,1,0,0,0,1,1,0,"equal"
"990307-1956354",0,1,0,0,0,1,1,1,1,1,"equal"
"900213-3890085",0,0,1,0,0,1,1,0,1,0,"equal"
"561002-4825152",1,1,1,1,1,0,1,0,1,1,"equal"
"881118-2526808",0,1,0,0,1,1,0,0,1,1,"equal"
"980504-4171003",1,1,0,0,1,0,0,1,0,0,"equal"
"680428-4042063",1,1,1,0,0,0,1,1,1,1,"equal"
"840209-3457067",0,1,1,1,1,0,0,1,0,0,"equal"
"961226-1518817",0,1,1,1,1,1,1,0,1,0,"equal"
"500908-3354651",1,0,0,1,0,1,0,1,1,1,"equal"
"850612-3670408",0,0,0,0,0,1,1,0,1,1,"equal"
"631123-1814130",0,1,1,1,1,0,0,1,0,1,"equal"
"760101-3517809",0,0,0,1,1,1,1,1,1,0,"equal"
"800806-2432079",1,1,1,0,0,0,0,1,0,0,"equal"
"871116-4737273",0,1,0,1,0,1,0,1,1,1,"equal"
"770628-3329548",0,0,0,1,0,1,1,1,0,0,"equal"
"640322-1109656",0,1,0,1,1,0,0,1,1,1,"equal"
"721025-2680941",1,0,1,0,0,0,0,0,1,1,"equal"
"800603-4615077",0,0,0,0,0,1,0,1,1,0,"equal"
"951101-1078001",0,0,0,1,0,0,0,1,0,1,"equal"
"910911-1393007",0,1,0,0,0,1,0,1,1,1,"equal"
"770510-3459371",1,0,0,0,0,0,1,1,1,1,"equal"
"840302-4861599",1,1,1,0,1,0,1,0,0,0,"equal"
"500411-4653854",1,1,0,0,1,1,0,1,0,1,"equal"
"911027-3589604",1,1,1,0,0,0,0,0,0,0,"equal"
"920404-1675493",0,1,0,0,0,1,0,0,0,1,"equal"
"760109-3587112",1,1,0,0,1,0,1,0,0,1,"equal"
"540425-1095060",1,1,1,1,1,1,0,1,1,0,"equal"
"510807-4484947",0,0,1,1,1,0,0,0,0,1,"equal"
"640418-3848678",1,0,1,1,0,0,0,0,0,1,"equal"
"650802-3145838",0,1,1,1,1,0,0,0,0,0,"equal"
"580509-3833869",0,0,0,0,1,1,1,1,0,0,"equal"
"560919-4227421",1,0,0,0,0,0,1,1,0,0,"equal"
"960207-3764581",0,1,0,1,1,0,0,0,0,1,"equal"
"700414-1888648",0,0,1,0,0,0,0,0,1,0,"equal"
"891104-2184774",1,1,1,1,0,1,0,1,1,0,"equal"
"931116-3745368",1,0,0,0,1,0,0,0,0,0,"equal"
"800428-3464465",1,0,1,0,0,0,1,0,0,1,"equal"
"590225-3867404",0,0,1,1,1,1,1,1,1,0,"equal"
"700203-2897833",0,0,1,1,0,1,0,0,1,1,"equal"
"651223-2943042",0,1,1,1,1,1,1,0,1,1,"equal"
"940715-3633501",1,1,0,0,1,1,0,1,0,1,"equal"
"741027-4833565",1,0,0,1,0,1,0,1,1,1,"equal"
"710624-3579848",1,1,0,0,0,1,1,1,0,1,"equal"
"780410-2933462",1,0,0,1,0,0,1,0,1,0,"equal"
"780516-2587888",0,0,0,1,0,0,1,1,1,1,"equal"
"550215-4854552",0,1,1,0,0,1,0,0,1,1,"equal"
"730310-1648803",1,1,0,1,1,0,0,0,0,1,"equal"
"730516-2476124",0,1,1,0,1,0,1,0,0,0,"equal"
"881107-1970204",0,1,0,1,1,0,1,1,1,1,"equal"
"650705-4602024",0,0,1,1,1,1,0,1,1,1,"equal"
"780219-2337752",1,1,0,1,0,1,0,0,0,0,"equal"
"760903-4198370",0,0,1,0,1,1,0,0,0,1,"equal"
"560714-2754099",1,0,1,1,0,0,1,0,0,1,"equal"
"920525-3166561",0,1,0,1,1,0,0,1,1,1,"equal"
"560510-4224699",1,0,1,1,1,1,0,0,0,1,"equal"
"981114-2336145",1,1,1,1,1,0,0,0,0,1,"equal"
"581227-2061884",1,1,1,0,1,1,0,1,0,1,"equal"
"770905-2441894",1,1,1,0,1,0,0,1,0,0,"equal"
"501225-4868125",0,0,0,0,0,0,1,1,1,0,"equal"
"520510-2383065",0,0,0,1,0,1,1,0,0,1,"equal"
"690219-4103021",0,0,0,1,1,0,1,1,0,0,"equal"
"510513-1200006",1,0,0,0,0,1,1,1,1,0,"equal"
"820122-2922480",1,1,1,1,0,1,1,0,1,0,"equal"
"970904-1500978",1,0,1,1,1,0,0,1,1,1,"equal"
"650810-2403880",0,0,0,0,1,0,0,0,1,1,"equal"
"590310-2569417",1,0,0,1,1,1,1,1,1,0,"equal"
"500721-2932348",1,1,0,1,1,0,0,1,0,0,"equal"
"710223-1741175",0,0,1,0,0,1,0,0,0,0,"equal"
"911028-2480219",1,1,1,1,1,1,0,0,0,1,"equal"
"970712-3468410",1,0,0,1,0,1,0,1,0,0,"equal"
"561208-4841306",1,0,0,1,0,0,1,0,0,1,"equal"
"831114-3913955",1,0,0,0,1,0,1,0,1,0,"equal"
"950504-1379961",0,0,1,0,1,1,1,0,1,0,"equal"
"880719-3885226",0,0,1,1,0,1,1,1,1,1,"equal"
"890508-4672266",1,1,0,1,0,1,0,1,1,1,"equal"
"731109-3398009",0,1,0,1,1,0,0,1,0,0,"equal"
"880715-2152637",1,0,0,1,0,0,0,1,1,1,"equal"
"670711-1876932",1,0,1,0,0,1,0,0,1,1,"equal"
"661021-3404119",0,1,0,0,1,0,1,1,1,0,"equal"
"961205-4182612",1,0,1,0,1,1,0,0,1,1,"equal"
"641226-4087040",0,0,1,1,0,1,0,1,0,1,"equal"
"920507-3595609",0,1,0,1,0,0,0,0,1,1,"equal"
"680118-3014488",1,0,0,1,1,0,1,0,0,0,"equal"
"920317-2385765",1,0,1,0,0,0,0,1,1,0,"equal"
"571105-2100938",0,1,1,1,1,1,0,0,0,0,"equal"
"810620-1307449",1,1,1,1,0,0,1,1,1,1,"equal"
"600521-4340475",0,0,0,0,1,1,1,0,0,1,"equal"
"850214-1776304",1,1,0,1,1,1,0,0,1,1,"equal"
"590419-1188577",1,0,0,0,0,1,1,0,1,1,"equal"
"900403-3045063",0,0,1,0,1,0,1,0,1,0,"equal"
"700626-4238648",0,1,0,0,1,0,1,0,1,1,"equal"
"990511-4770191",1,0,1,0,1,0,1,0,1,0,"equal"
"620421-3997243",1,0,1,1,0,1,1,1,0,1,"equal"
"810112-1208709",1,0,1,1,0,0,0,1,1,0,"equal"
"670910-3970355",1,0,1,1,1,1,0,1,1,0,"equal"
"501209-2424055",1,1,0,1,0,1,0,0,0,1,"equal"
"821118-3667334",1,0,1,0,0,1,0,0,1,0,"equal"
"910614-3087551",0,1,0,0,0,1,0,0,0,0,"equal"
"671008-3780485",0,0,0,1,1,0,0,1,0,0,"equal"
"580916-4980780",1,1,0,1,0,1,1,1,0,1,"equal"
"580224-3313053",1,0,0,0,0,0,0,0,0,0,"equal"
"611117-3200038",0,1,1,1,1,0,1,1,0,1,"equal"
"811119-1285828",0,1,0,0,0,1,1,1,0,0,"equal"
"820304-3347243",0,0,1,1,1,0,1,0,0,0,"equal"
"990623-3676261",0,0,0,0,1,0,0,0,0,1,"equal"
"990716-1338155",1,0,1,1,1,0,1,0,0,0,"equal"
"600216-2383094",0,0,0,0,0,0,1,0,1,1,"equal"
"600922-4639446",0,1,0,0,0,1,1,0,1,0,"equal"
"571014-4439133",0,1,0,1,0,0,0,1,0,1,"equal"
"630212-2725426",1,1,1,0,0,1,1,0,0,1,"equal"
"851124-1827238",0,1,1,1,1,0,1,1,0,0,"equal"
"510809-3357432",0,0,0,0,1,0,1,0,1,1,"equal"
"610407-3769085",1,0,0,1,1,1,1,0,0,0,"equal"
"990603-4476434",0,0,0,0,0,0,1,1,0,0,"equal"
"750423-1869598",0,1,0,1,1,1,0,0,1,1,"equal"
"630309-3822996",0,1,0,1,1,1,1,0,0,1,"equal"
"860709-4551939",0,1,1,1,1,1,0,1,1,1,"equal"
"840123-1410939",0,1,0,0,1,0,0,0,1,1,"equal"
"821017-1836746",1,0,0,1,1,0,0,0,1,1,"equal"
"690925-2129284",0,1,0,1,1,1,0,0,1,1,"equal"
"941117-3965537",0,0,0,0,1,1,1,1,1,1,"equal"
"751103-1663083",0,0,0,1,0,0,0,0,1,0,"equal"
"521111-2485839",0,0,1,1,1,0,0,0,0,1,"equal"
"521007-2981056",1,1,0,0,0,0,0,1,1,1,"equal"
"731214-2378805",0,0,0,1,1,0,0,0,0,1,"equal"
"950906-3906383",0,1,0,1,0,0,1,1,0,1,"equal"
"520208-3285450",0,0,1,0,1,0,0,1,1,0,"equal"
"780802-2425337",1,0,1,1,1,1,0,0,1,0,"equal"
"851115-1960943",0,1,1,0,0,0,0,1,0,1,"equal"
"871007-1729385",1,0,0,1,1,1,0,1,0,1,"equal"
"741104-1123498",1,1,0,0,1,0,1,0,1,0,"equal"
"650726-1210330",1,1,1,1,0,1,1,1,0,0,"equal"
"521002-1589997",0,0,1,1,1,0,0,1,0,0,"equal"
"820803-1436959",0,0,0,0,0,0,0,1,1,1,"equal"
"600217-3259079",0,1,0,0,1,0,0,1,1,0,"equal"
"570418-4593154",0,1,0,1,1,0,1,1,1,1,"equal"
"731127-1182788",1,1,1,1,1,0,1,1,1,0,"equal"
"710101-2453521",1,0,1,0,1,1,0,0,0,1,"equal"
"950117-1841279",0,0,0,0,1,0,0,0,1,0,"equal"
"880903-2494184",0,0,0,1,1,0,0,0,0,0,"equal"
"880219-1585641",0,0,0,1,1,0,1,0,1,0,"equal"
"970527-2913748",1,0,1,0,1,1,0,1,0,1,"equal"
"900416-2847037",1,0,1,1,0,0,1,0,1,1,"equal"
"910501-4836773",0,0,1,0,1,0,1,1,0,0,"equal"
"651108-1509497",1,1,0,1,1,1,0,0,1,0,"equal"
"920411-2997677",1,0,0,1,0,0,0,1,0,1,"equal"
"830401-3841101",0,0,1,0,0,0,0,1,1,0,"equal"
"931026-4008637",1,0,0,1,1,1,1,0,1,1,"equal"
"810326-1808098",0,0,0,1,1,0,1,0,0,0,"equal"
"900911-3351170",0,1,0,0,1,0,1,0,0,1,"equal"
"990821-1495635",0,1,1,1,1,0,1,1,1,0,"equal"
"720605-3022550",1,1,1,0,1,1,1,1,0,0,"equal"
"700813-1952703",1,1,0,1,0,0,0,0,0,0,"equal"
"960726-2595957",0,1,1,1,1,1,1,1,0,1,"equal"
"801005-4796676",0,1,1,1,1,0,1,1,0,1,"equal"
"540414-3452973",0,0,0,0,1,1,1,1,0,0,"equal"
"830113-3610134",1,0,0,1,0,0,1,1,0,0,"equal"
"940510-3345047",0,1,0,0,0,1,0,1,1,1,"equal"
"630801-1884677",0,1,1,1,0,0,0,0,1,1,"equal"
"541212-1604352",0,1,0,0,1,0,0,0,1,1,"equal"
"530209-3068834",1,0,0,1,0,1,0,0,1,0,"equal"
"730306-3266379",0,0,0,1,1,0,0,1,1,1,"equal"
"640124-2012750",1,1,1,0,0,1,1,1,0,1,"equal"
"691220-1875685",1,0,1,0,0,1,1,1,1,0,"equal"
"550112-1411314",0,0,1,1,0,0,0,1,0,1,"equal"
"780205-2616724",0,0,0,0,1,1,0,1,1,0,"equal"
"850427-4693671",0,0,1,1,0,1,1,0,1,0,"equal"
"630709-3882938",1,1,1,0,1,1,0,1,0,0,"equal"
"840807-3583999",0,1,1,1,0,0,0,0,0,1,"equal"
"830711-4178136",1,0,1,1,1,0,1,0,1,0,"equal"
"941020-1413127",1,0,1,1,0,0,0,0,1,0,"equal"
"911002-4318843",0,1,0,0,0,1,1,0,1,1,"equal"
"910219-2655951",0,0,0,0,1,1,0,1,0,0,"equal"
"500606-3127148",0,1,0,1,1,0,1,0,1,0,"equal"
"600315-3605126",1,1,1,0,1,1,0,0,1,0,"equal"
"790319-1399043",1,1,1,1,1,1,1,1,0,0,"equal"
"921207-1610182",1,0,0,1,0,0,1,0,1,0,"equal"
"540602-2781924",1,1,1,1,1,0,1,0,1,0,"equal"
"660604-1372805",1,0,1,1,0,1,1,1,0,1,"equal"
"540604-3412391",1,0,1,1,0,1,0,0,0,0,"equal"
"620717-3893369",1,0,0,0,1,1,0,0,1,0,"equal"
"570101-3396709",1,0,1,0,1,1,0,0,0,1,"equal"
"550518-2021623",1,0,1,0,0,1,1,1,0,1,"equal"
"630320-3369815",0,1,1,1,0,0,1,0,1,0,"equal"
"720517-2379708",0,0,0,0,0,1,0,1,0,0,"equal"
"711026-3600732",0,0,0,1,0,0,1,0,1,1,"equal"
"870811-1593177",1,0,0,0,1,1,1,0,0,1,"equal"
"720205-1404174",0,1,0,0,0,1,0,0,1,1,"equal"
"970615-3773285",1,0,1,1,1,0,0,1,1,1,"equal"
"530811-3993259",0,1,1,1,1,1,1,0,1,0,"equal"
"850714-1061935",0,0,0,0,1,1,0,0,1,0,"equal"
"520812-2184584",0,1,1,1,0,1,1,0,0,1,"equal"
"700827-2868884",0,1,0,0,0,1,0,0,1,1,"equal"
"820625-2789151",0,0,1,1,0,1,0,1,0,1,"equal"
"840120-4190392",0,0,1,1,1,0,0,1,1,0,"equal"
"850815-4922034",1,1,0,1,0,1,0,0,0,1,"equal"
"651028-3898082",1,0,1,0,1,1,1,1,0,0,"equal"
"801104-4932637",1,0,0,1,1,0,1,1,0,0,"equal"
"690709-2775152",0,1,0,0,0,1,1,0,1,1,"equal"
"811103-2884962",1,1,0,1,0,0,0,1,0,1,"equal"
"980806-4135095",1,1,0,0,1,0,0,1,0,1,"equal"
"610505-2705528",0,1,1,1,1,1,0,1,0,1,"equal"
"690911-4908357",0,1,1,1,1,1,0,0,0,0,"equal"
"960906-3654531",0,1,0,0,0,0,1,1,0,0,"equal"
"900312-4286075",1,0,0,1,0,1,0,1,1,0,"equal"
"670715-2361815",1,1,1,0,0,0,0,0,0,0,"equal"
"500304-3079003",0,0,1,0,0,1,1,0,0,1,"equal"
"811017-1336446",0,1,1,1,0,0,0,0,0,0,"equal"
"580508-3661588",0,0,1,1,1,0,1,1,0,1,"equal"
"780210-3667659",0,0,1,0,1,1,1,1,1,1,"equal"
"951201-1719142",1,1,1,0,1,0,0,1,1,0,"equal"
"511118-3032072",0,1,0,1,1,0,1,1,1,1,"equal"
"910606-2768457",0,1,0,1,0,0,1,0,0,0,"equal"
"860103-1738541",1,1,0,0,1,1,0,1,1,0,"equal"
"821020-4684358",0,0,0,0,1,0,1,1,1,1,"equal"
"740220-3676793",0,0,1,1,1,0,0,1,1,1,"equal"
"550401-1694134",0,1,1,0,0,1,1,1,0,0,"equal"
"980902-3056202",0,1,0,0,1,1,0,0,0,1,"equal"
"540325-1440761",0,0,1,1,0,0,0,0,1,1,"equal"
"730716-3755984",0,1,1,1,0,0,1,0,1,1,"equal"
"500713-3164288",1,0,0,1,1,0,0,1,1,0,"equal"
"750608-1447589",0,0,0,1,0,0,0,1,0,0,"equal"
"600325-3742528",1,1,0,0,0,1,0,1,0,0,"equal"
"881207-4511315",1,1,1,0,1,1,1,1,0,1,"equal"
"620620-4663562",0,0,0,0,0,1,0,1,0,1,"equal"
"630618-4954043",1,0,0,1,1,1,1,0,1,0,"equal"
"750119-4217493",1,0,1,0,0,0,0,0,0,1,"equal"
"570623-4402991",0,0,1,0,0,0,1,0,0,1,"equal"
"550824-2967277",0,1,1,1,1,1,0,0,0,0,"equal"
"830203-4858364",0,1,0,1,1,1,0,1,0,1,"equal"
"500904-4215878",1,0,0,0,0,1,0,1,0,0,"equal"
"640217-4776104",1,1,1,1,0,1,0,1,1,1,"equal"
"980721-2966861",0,1,0,0,0,1,0,1,0,0,"equal"
"710217-4623524",0,1,1,1,0,0,0,1,0,0,"equal"
"661214-1900333",1,1,0,1,1,1,0,1,0,0,"equal"
"940220-3909122",1,0,0,1,0,0,0,1,1,1,"equal"
"770402-4396074",0,1,0,0,1,0,1,0,0,0,"equal"
"811001-1029515",1,1,0,0,0,1,1,0,0,0,"equal"
"570822-1458208",0,1,0,1,1,1,1,0,0,0,"equal"
"870321-2424260",1,1,1,1,0,0,0,1,1,0,"equal"
"950813-2282892",1,0,0,1,0,0,0,1,1,1,"equal"
"690613-1621544",0,1,1,0,1,0,1,1,0,0,"equal"
"591001-4769050",0,1,1,1,1,1,0,1,1,0,"equal"
"721121-1820893",0,1,0,0,1,1,0,0,0,1,"equal"
"981001-4434468",1,1,0,0,0,1,0,1,0,0,"equal"
"630402-3986868",0,0,0,1,0,0,1,1,0,1,"equal"
"930715-1244398",0,1,1,1,0,0,0,1,0,0,"equal"
"540502-3276820",0,0,1,0,1,0,1,0,0,0,"equal"
"530210-2108985",0,0,1,1,0,0,0,0,1,1,"equal"
"730904-2363222",0,1,0,1,0,0,1,0,1,1,"equal"
"630518-4912545",0,1,1,0,0,1,1,0,1,0,"equal"
"910519-1324123",0,1,1,1,1,1,1,0,1,0,"equal"
"600727-4488138",1,0,1,1,1,1,1,0,1,0,"equal"
"700908-1989157",1,0,0,1,1,1,0,1,0,1,"equal"
"670202-4693759",1,1,0,0,0,0,1,1,0,0,"equal"
"580620-1971462",1,0,0,0,0,1,1,0,1,1,"equal"
"940216-1092318",1,1,0,1,1,0,1,0,1,1,"equal"
"920704-2632896",0,1,1,0,0,0,0,0,0,1,"equal"
"860905-1316079",1,1,0,0,1,1,0,0,1,1,"equal"
"630321-3744330",1,1,0,0,0,1,1,1,1,1,"equal"
"960616-3773228",1,0,0,1,0,0,0,1,0,1,"equal"
"980921-4569716",1,1,0,0,0,0,0,0,0,1,"equal"
"690621-4443495",1,0,1,0,1,1,1,1,0,1,"equal"
"821018-1486606",0,1,0,1,0,1,0,0,0,0,"equal"
"530107-1832477",1,0,0,1,0,1,1,0,1,0,"equal"
"510819-1727191",0,0,1,0,1,1,0,0,1,0,"equal"
"810712-3936666",1,0,1,1,0,0,0,0,1,0,"equal"
"790725-1977317",1,0,1,1,0,1,0,0,0,1,"equal"
"540125-4343865",1,1,0,0,1,0,0,1,0,0,"equal"
"920812-2165972",1,1,0,1,0,1,0,1,1,0,"equal"
"940413-2339251",1,1,1,0,1,0,0,1,1,1,"equal"
"710114-4552666",0,1,1,0,0,1,0,0,0,1,"equal"
"920826-4480942",1,0,1,1,1,0,1,1,1,0,"equal"
"641012-4451386",0,0,1,1,0,1,0,0,0,1,"equal"
"620527-2927943",0,1,1,1,0,0,1,1,1,1,"equal"
"840810-3737402",1,0,0,0,0,0,0,0,0,1,"equal"
"661013-2596547",1,1,1,0,0,1,1,0,0,1,"equal"
"850210-3714058",1,1,1,0,0,1,0,0,0,1,"equal"
"710427-1011782",0,1,1,0,1,0,0,0,0,0,"equal"
"940408-3603394",1,0,0,1,1,1,0,1,1,0,"equal"
"771107-3095541",1,0,1,1,0,1,0,0,1,1,"equal"
"540302-4798663",0,0,1,0,0,0,0,0,1,1,"equal"
"600509-1976659",0,0,0,1,1,0,1,0,1,1,"equal"
"600507-4139923",0,0,1,1,1,0,0,0,0,0,"equal"
"750121-3100143",0,1,1,1,1,0,1,1,1,1,"equal"
"690613-4257998",1,1,1,0,0,1,0,1,1,0,"equal"
"790707-2035230",0,0,1,1,0,0,0,0,1,0,"equal"
"641005-2135888",1,0,0,1,1,1,0,1,0,0,"equal"
"560415-3099222",1,1,1,1,0,1,1,0,0,0,"equal"
"620118-3381475",1,1,1,1,0,1,1,0,0,0,"equal"
"521120-4786649",1,1,1,1,1,0,0,0,1,1,"equal"
"761109-3537423",0,1,1,0,1,1,0,1,0,0,"equal"
"881127-1700435",1,1,0,0,0,0,0,0,1,0,"equal"
"731209-3676974",0,1,1,1,1,0,1,1,1,1,"equal"
"850422-4218827",1,1,1,0,1,0,1,1,0,0,"equal"
"741106-4188246",1,1,0,1,0,1,0,1,0,0,"equal"
"710521-3309183",1,1,0,1,1,1,1,0,1,1,"equal"
"940812-1208576",0,0,0,1,1,0,1,0,1,0,"equal"
"530513-1631200",0,1,1,1,1,0,0,0,0,0,"equal"
"730116-3773571",0,0,0,0,0,0,1,1,1,0,"equal"
"880225-3905943",1,1,0,1,0,1,1,1,1,0,"equal"
"671217-3785834",0,0,1,0,0,1,0,0,1,0,"equal"
"851013-1238746",0,1,0,1,0,0,0,1,1,0,"equal"
"770522-4824550",1,0,1,1,0,0,0,1,0,1,"equal"
"710403-2794941",0,0,1,1,0,1,0,1,0,0,"equal"
"550906-4976836",0,1,0,1,1,1,1,0,0,1,"equal"
"620511-1793632",1,1,0,1,0,0,1,0,1,1,"equal"
"510323-1635325",0,1,0,1,1,1,1,0,1,0,"equal"
"890822-2990599",1,0,1,0,0,0,1,0,1,0,"equal"
"780927-4397818",0,1,0,0,0,0,1,0,0,1,"equal"
"650803-2999189",0,1,0,1,0,0,0,1,1,1,"equal"
"550518-1831898",0,1,1,0,0,0,0,0,1,1,"equal"
"530819-2270804",0,0,1,0,0,1,0,0,1,0,"equal"
"970923-2110221",0,0,0,0,1,1,1,0,1,1,"equal"
"851206-3304666",1,0,0,1,1,1,1,1,0,0,"equal"
"540406-3921161",0,0,1,0,1,1,0,1,0,0,"equal"
"670706-3687218",1,1,0,0,0,0,1,0,1,0,"equal"
"940320-3715489",0,0,0,0,1,0,1,0,1,1,"equal"
"720311-2190477",0,0,0,1,0,0,1,1,1,1,"equal"
"900610-2532429",0,0,1,1,1,0,1,1,0,0,"equal"
"581009-2019050",0,0,0,1,1,0,1,0,1,0,"equal"
"850626-3211164",1,0,0,0,0,1,0,1,1,0,"equal"
"850216-4597416",1,0,0,1,1,0,0,0,0,1,"equal"
"711210-3718325",1,1,0,1,1,1,1,1,1,1,"equal"
"850926-4377194",0,0,0,0,0,0,0,0,0,1,"equal"
"970117-3117914",0,1,0,0,1,1,0,1,0,1,"equal"
"980624-4925936",1,0,1,0,1,1,1,1,0,0,"equal"
"720701-3779257",0,1,0,1,0,1,1,1,0,0,"equal"
"640805-1318492",0,1,1,0,0,1,0,0,0,0,"equal"
"861016-3205090",1,0,0,1,0,1,1,1,0,1,"equal"
"560403-3441273",1,0,0,0,0,0,1,0,0,0,"equal"
"980917-3638177",1,1,0,0,1,0,1,1,0,0,"equal"
"791226-2306870",0,0,0,0,0,1,0,0,1,1,"equal"
"530821-2312611",0,0,1,1,0,0,0,1,0,0,"equal"
"511208-1303978",1,0,0,0,0,1,0,0,0,1,"equal"
"840618-2784920",1,1,0,1,0,1,0,0,1,1,"equal"
"530807-1449352",0,1,1,0,1,1,1,0,1,1,"equal"
"850202-1034810",1,1,1,1,0,1,0,0,1,0,"equal"
"911128-4181099",0,1,0,1,0,1,1,1,0,0,"equal"
"660405-1264664",1,0,0,1,0,0,0,1,0,1,"equal"
"951217-3182311",1,0,1,0,1,0,1,0,1,1,"equal"
"791217-1875528",0,0,0,1,0,1,1,0,1,1,"equal"
"931026-2717382",0,1,0,0,0,0,0,0,1,1,"equal"
"800901-2040514",0,0,0,1,1,0,1,0,0,1,"equal"
"650311-1631675",0,0,0,0,0,0,1,0,0,0,"equal"
"540214-1750219",1,0,0,0,1,0,0,0,1,1,"equal"
"930722-3655685",0,1,0,1,1,1,0,0,0,0,"equal"
"841115-4282757",0,0,0,0,1,1,1,1,0,0,"equal"
"650308-3754629",0,1,0,1,1,0,1,0,0,0,"equal"
"940119-1141532",1,1,0,0,1,1,1,1,0,0,"equal"
"870106-3252144",0,1,0,1,0,1,0,0,0,1,"equal"
"891122-3219580",1,0,1,0,1,0,0,1,1,0,"equal"
"700214-4704560",0,1,1,1,1,1,1,1,1,1,"equal"
"610116-1082280",0,1,0,1,1,1,0,0,0,0,"equal"
"930309-2245944",0,1,0,1,0,0,0,0,0,1,"equal"
"830806-3462064",0,0,0,1,0,1,1,1,0,0,"equal"
"530612-2094568",1,0,0,0,1,1,0,1,0,0,"equal"
"680906-4174863",1,0,1,1,1,1,1,1,1,0,"equal"
"910510-2514993",1,0,1,1,0,1,1,0,1,1,"equal"
"771227-3095331",0,0,1,1,1,0,0,0,1,1,"equal"
"860524-3566886",0,0,0,1,1,1,0,1,1,1,"equal"
"670920-1051177",1,0,0,0,1,0,0,1,0,0,"equal"
"720514-2509160",0,0,0,0,0,0,0,1,1,0,"equal"
"551012-2777937",1,1,1,1,0,1,1,0,1,1,"equal"
"630428-4821457",0,0,1,0,1,0,1,0,0,1,"equal"
"930421-2913204",1,1,0,0,1,1,1,0,0,1,"equal"
"540617-1824819",1,1,1,1,0,0,0,1,1,0,"equal"
"720210-2726267",0,0,1,0,0,0,0,0,0,0,"equal"
"991013-4002775",0,0,1,0,0,1,1,1,1,1,"equal"
"840303-4733180",1,0,0,0,0,0,0,1,1,1,"equal"
"950311-1018510",1,0,0,0,0,1,1,1,1,0,"equal"
"680702-2357362",1,0,0,0,1,0,0,0,0,1,"equal"
"740715-3016335",1,1,0,0,1,1,0,0,1,1,"equal"
"981213-1159452",0,0,1,0,0,0,1,1,0,0,"equal"
"631126-2337324",1,1,1,0,0,0,0,1,0,1,"equal"
"560520-3501904",0,0,0,1,0,1,0,1,1,0,"equal"
"940527-4401978",0,1,1,1,0,0,1,1,0,0,"equal"
"670817-4880449",0,1,0,1,1,1,1,0,1,0,"equal"
"700905-4347045",1,1,1,0,1,1,1,1,0,0,"equal"
"530728-2683074",0,1,0,1,1,0,0,0,0,0,"equal"
"840608-3609401",1,1,0,1,1,1,1,1,1,0,"equal"
"910212-4620523",1,0,0,1,1,0,1,1,0,0,"equal"
"710907-2927858",0,1,0,1,1,1,1,1,1,1,"equal"
"660105-3994430",1,0,0,0,1,0,0,0,0,0,"equal"
"610510-2990283",1,1,1,0,0,0,1,1,0,1,"equal"
"890602-1828939",0,0,1,1,1,0,0,1,0,0,"equal"
"760805-3912099",0,1,0,0,0,1,1,1,0,0,"equal"
"791208-1414167",0,0,1,0,0,0,0,1,1,0,"equal"
"800717-3289159",0,1,0,1,1,1,0,0,0,1,"equal"
"740220-4396983",0,1,1,0,0,0,0,1,0,0,"equal"
"721009-4683848",0,0,1,0,1,1,1,0,0,1,"equal"
"631010-1129114",1,1,0,1,1,1,0,0,0,1,"equal"
"901013-2180093",1,1,0,1,0,0,1,0,1,0,"equal"
"730307-4075447",1,0,0,1,1,0,1,1,0,0,"equal"
"720428-2512966",0,1,0,0,1,1,0,0,1,0,"equal"
"610508-1926368",1,0,0,0,0,1,1,1,1,1,"equal"
"790703-4955051",1,1,1,0,1,1,1,1,0,0,"equal"
"770325-3511133",1,0,1,0,0,0,1,0,0,0,"equal"
"960617-2073886",1,0,1,1,1,1,0,1,1,1,"equal"
"520519-4936936",1,0,0,1,1,1,1,0,0,1,"equal"
"541001-4763112",0,1,1,0,0,0,1,1,1,1,"equal"
"700114-4774270",1,1,0,1,1,0,1,0,1,1,"equal"
"791225-3143008",0,0,1,0,0,0,1,0,1,0,"equal"
"610804-2001965",0,0,1,1,0,1,1,1,0,0,"equal"
"510413-3591973",0,0,1,1,1,1,1,1,0,1,"equal"
"920626-4567842",0,0,1,0,1,1,0,1,1,0,"equal"
"781224-1420213",1,1,1,0,0,0,1,0,1,0,"equal"
"580728-3866410",1,1,1,1,1,1,0,0,0,0,"equal"
"760709-3213136",1,1,0,1,0,1,1,0,1,0,"equal"
"880920-3781912",0,1,0,1,1,1,0,1,0,0,"equal"
"830209-2227935",0,1,0,0,0,1,1,1,1,1,"equal"
"780626-3091366",1,1,1,1,1,1,1,1,0,1,"equal"
"830609-3770553",1,1,1,0,1,0,0,1,0,1,"equal"
"581120-4551543",0,1,0,1,0,0,1,1,0,1,"equal"
"730407-2588602",1,1,0,0,1,0,1,1,1,1,"equal"
"861223-3437019",0,0,1,1,0,0,1,1,1,1,"equal"
"690412-2337555",1,0,0,1,0,0,1,0,1,1,"equal"
"980821-1929905",1,1,1,1,0,0,0,0,0,1,"equal"
"920624-4681483",0,1,0,0,1,1,1,1,0,1,"equal"
"620613-4263135",1,1,0,0,0,0,1,1,0,1,"equal"
"720810-2038540",0,1,0,0,0,1,1,1,0,0,"equal"
"820715-2795924",1,0,0,1,1,0,0,1,1,0,"equal"
"980901-2388153",0,0,1,1,1,0,1,1,1,0,"equal"
"740404-2703345",1,1,0,1,0,0,1,1,0,0,"equal"
"630604-3742301",1,0,0,0,0,0,0,0,0,0,"equal"
"680202-3307277",0,1,1,1,1,0,0,1,1,0,"equal"
"530119-1480197",1,1,0,0,0,1,1,1,0,0,"equal"
"861212-3232785",0,1,0,1,1,0,0,0,1,0,"equal"
"850311-2323159",0,0,0,1,1,0,0,1,0,0,"equal"
"960503-3462120",1,1,1,1,0,0,1,1,0,1,"equal"
"781226-4577329",0,0,1,1,1,0,0,0,1,1,"equal"
"840510-4433095",0,1,1,1,1,0,1,0,0,0,"equal"
"780927-1994104",1,0,0,0,0,0,0,1,1,0,"equal"
"590404-1308040",1,1,1,1,1,1,1,0,0,0,"equal"
"910928-1741645",1,0,1,0,0,0,0,1,1,1,"equal"
"981210-4316882",0,0,1,1,1,0,1,0,0,0,"equal"
"901014-3931493",1,0,1,1,1,0,1,0,0,1,"equal"
"701217-4475795",0,0,0,1,1,0,1,1,0,1,"equal"
"960323-1531070",1,0,1,1,0,0,1,0,0,0,"equal"
"860911-4647824",0,0,0,1,0,0,0,1,1,1,"equal"
"761113-1135638",1,1,1,1,1,0,0,0,1,1,"equal"
"511114-4387663",0,0,1,0,1,0,0,1,0,1,"equal"
"900318-3277661",1,0,1,0,0,0,1,0,1,1,"equal"
"580220-1697939",0,1,0,0,0,0,1,1,0,0,"equal"
"710118-1477628",0,0,1,0,1,0,0,0,0,0,"equal"
"780606-2361346",1,0,1,0,0,0,1,0,0,1,"equal"
"630528-2180553",1,1,1,1,1,1,1,0,0,0,"equal"
"521117-2269531",1,1,1,1,0,0,0,0,0,0,"equal"
"941021-1582748",0,1,1,1,0,0,0,1,1,1,"equal"
"600220-3682373",1,1,1,1,1,1,1,0,0,1,"equal"
"970905-1203514",0,0,1,1,0,0,0,0,0,1,"equal"
"680620-4364779",0,1,1,1,1,1,0,1,0,1,"equal"
"870825-2296708",1,1,0,0,1,1,0,0,0,1,"equal"
"970404-1923730",0,0,0,0,1,0,0,1,1,0,"equal"
"830702-3976416",1,1,0,0,1,1,0,0,1,0,"equal"
"860620-3957127",0,1,1,1,0,1,0,1,0,1,"equal"
"780205-2866702",1,1,1,1,1,0,0,1,0,1,"equal"
"680318-1275544",1,1,1,1,1,1,1,1,1,1,"equal"
"640316-2673938",1,0,0,0,0,1,1,1,0,0,"equal"
"700420-4124794",0,0,1,1,0,0,0,0,1,0,"equal"
"960404-1259243",0,0,0,1,0,1,0,1,0,1,"equal"
"900326-1022209",1,0,1,0,1,1,1,1,0,0,"equal"
"841020-3080940",1,0,1,0,0,1,0,1,1,0,"equal"
"660208-3526948",0,0,0,1,0,0,0,1,0,1,"equal"
"591021-2105296",1,1,1,1,0,1,0,1,1,0,"equal"
"671222-4777530",0,0,0,1,1,0,0,0,1,1,"equal"
"500523-1755256",0,1,1,1,0,1,1,0,0,1,"equal"
"610318-4444508",0,1,0,0,0,1,1,1,0,0,"equal"
"690320-4528732",1,1,1,1,1,0,1,0,1,1,"equal"
"631208-4585704",1,1,1,0,0,0,1,0,0,0,"equal"
"590625-1233901",1,0,0,1,0,0,1,0,0,1,"equal"
"770914-2772493",0,1,1,1,0,1,1,1,1,0,"equal"
"620310-2425499",0,1,1,1,0,1,0,1,1,1,"equal"
"780818-4681544",0,0,0,0,0,1,1,1,1,1,"equal"
"740308-2952772",1,1,1,0,1,1,0,1,1,0,"equal"
"630812-4393163",1,0,0,1,0,1,1,0,0,1,"equal"
"710111-2557363",1,0,0,0,1,0,0,1,1,0,"equal"
"690407-4489812",1,0,0,0,1,1,0,0,1,1,"equal"
"670318-4874136",0,0,0,1,0,1,1,1,1,0,"equal"
"981213-4517971",0,0,1,1,0,1,1,0,0,1,"equal"
"510509-4652162",1,0,0,1,1,1,1,1,1,1,"equal"
"900827-1503767",0,1,1,0,1,0,1,1,0,0,"equal"
"891027-3692617",1,0,0,0,1,1,1,0,0,1,"equal"
"870619-2580787",1,0,0,0,1,1,1,0,0,0,"equal"
"790501-2379105",1,1,1,1,1,0,0,1,1,1,"equal"
"861205-2694999",1,1,1,1,0,0,1,1,0,1,"equal"
"740906-2057126",0,0,1,0,0,1,0,0,1,0,"equal"
"811219-2705048",0,0,1,0,1,0,0,1,1,1,"equal"
"610607-3123512",0,0,0,1,1,0,0,1,0,1,"equal"
"760916-4562339",1,1,0,1,0,1,0,1,1,1,"equal"
"591023-4490809",1,1,0,1,1,1,1,0,0,0,"equal"
"820217-3151888",0,1,0,0,1,1,0,0,1,0,"equal"
"980912-1000122",1,0,0,0,0,1,0,0,0,1,"equal"
"760312-3509728",0,0,1,1,1,0,0,1,0,0,"equal"
"740125-1476378",0,1,1,1,1,0,1,1,1,1,"equal"
"550604-1988193",0,1,1,0,0,1,1,1,0,1,"equal"
"950422-3781114",0,0,1,0,1,0,1,0,0,0,"equal"
"830106-1409933",0,0,0,0,0,0,1,0,1,1,"equal"
"580518-2407890",0,0,0,0,1,0,1,1,0,0,"equal"
"950209-2418856",0,1,1,0,0,0,1,1,0,1,"equal"
"970322-2624021",0,0,1,1,1,1,0,1,0,0,"equal"
"710804-1345606",0,0,0,1,1,0,0,0,0,0,"equal"
"910225-3388092",1,0,0,0,0,0,1,1,0,0,"equal"
"570912-2885825",1,0,0,1,1,0,0,1,0,1,"equal"
"620216-3261369",1,1,0,0,0,1,1,1,0,0,"equal"
"990726-1465804",0,0,1,1,0,0,0,0,1,1,"equal"
"950824-3867613",0,0,0,0,1,1,1,1,0,0,"equal"
"990402-3821754",1,1,1,1,0,1,1,1,1,0,"equal"
"950621-4958579",0,1,0,0,0,0,0,0,0,0,"equal"
"991125-3148353",1,0,1,0,0,1,0,1,0,0,"equal"
"670609-1350891",1,0,1,0,1,1,1,0,1,0,"equal"
"510322-1891579",0,0,0,0,0,0,1,0,0,1,"equal"
"871221-3162190",1,0,0,0,0,1,0,0,0,0,"equal"
"870402-2073567",0,1,0,1,1,0,0,1,1,1,"equal"
"780825-4419340",1,0,0,1,1,1,0,1,0,1,"equal"
"960428-2138866",1,0,1,0,1,1,1,0,1,1,"equal"
"940503-1907759",1,0,0,1,1,0,0,1,1,1,"equal"
"640923-4466577",1,0,0,0,0,0,0,0,1,1,"equal"
"811219-4809516",1,0,0,1,0,1,1,1,1,1,"equal"
"731106-4557770",1,0,0,1,0,1,1,0,0,0,"equal"
"780602-4095096",0,0,1,0,1,0,0,0,1,1,"equal"
"700721-1064287",0,0,1,1,0,1,0,1,0,0,"equal"
"900426-4045084",1,1,1,1,1,1,1,0,0,0,"equal"
"750909-4769456",1,1,0,0,0,0,0,1,0,0,"equal"
"700622-3230224",1,1,0,0,1,1,0,1,0,1,"equal"
"530517-2148441",0,1,1,1,1,1,0,1,1,0,"equal"
"561220-1923706",0,1,1,1,0,1,1,0,1,0,"equal"
"770505-1226130",0,0,0,0,0,0,1,1,0,0,"equal"
"721026-3051215",1,0,0,0,1,0,1,0,1,0,"equal"
"930807-3396013",1,0,1,0,0,0,0,0,0,0,"equal"
"810528-3528573",1,0,0,0,0,1,0,1,1,1,"equal"
"930319-2381860",1,0,1,1,0,0,1,1,1,0,"equal"
"530906-2927144",0,1,0,1,1,0,0,0,0,1,"equal"
"550712-3921967",0,1,0,0,1,0,1,1,0,0,"equal"
"570505-4471420",0,0,1,1,1,1,1,1,0,0,"equal"
"880821-4663388",1,0,0,1,0,0,1,0,1,0,"equal"
"880709-4039754",0,0,1,0,1,0,0,0,1,0,"equal"
"600726-4782018",0,1,1,1,0,0,1,0,1,0,"equal"
"750110-4571151",1,1,0,1,1,1,0,0,1,0,"equal"
"940821-3243237",1,0,0,0,1,0,1,0,0,1,"equal"
"810316-2995199",1,0,0,1,1,0,1,1,1,0,"equal"
"960108-4663198",1,1,1,1,1,0,0,1,1,0,"equal"
"960504-4519459",1,0,1,1,1,0,1,0,0,1,"equal"
"580207-3375309",1,1,0,0,1,1,1,0,0,0,"equal"
"650209-4986562",1,1,1,0,1,1,1,1,0,1,"equal"
"521124-3169676",0,1,0,0,0,1,0,0,1,0,"equal"
"910423-2864156",1,0,0,0,1,0,0,1,0,1,"equal"
"730915-2812725",1,0,0,1,1,1,1,0,0,0,"equal"
"720526-1285004",0,0,1,1,0,1,0,1,1,0,"equal"
"700612-1067892",0,1,1,1,0,1,1,1,1,1,"equal"
"970715-2139742",1,0,0,0,1,0,0,1,0,0,"equal"
"760109-2312651",0,1,1,1,1,1,0,1,0,0,"equal"
"961218-3654613",0,1,1,1,0,1,0,1,0,0,"equal"
"880327-4271256",1,1,0,0,0,1,0,0,0,1,"equal"
"830915-2295009",0,1,0,1,0,0,1,0,1,1,"equal"
"560320-3838076",1,1,0,0,0,1,0,1,0,1,"equal"
"640328-2198238",1,1,0,1,1,0,1,1,1,1,"equal"
"810327-4703392",0,0,0,0,1,0,0,1,1,0,"equal"
"550425-1602925",1,0,0,0,0,1,0,0,0,0,"equal"
"651219-1406542",1,1,0,1,1,0,0,0,0,0,"equal"
"650226-4032476",0,0,0,0,1,1,1,1,1,0,"equal"
"710315-2979048",0,0,0,1,1,0,1,1,0,1,"equal"
"660704-4038221",1,1,0,1,0,1,1,0,1,1,"equal"
"630812-4652468",0,1,1,1,1,0,0,0,0,0,"equal"
"831111-3064106",1,0,1,0,1,0,1,0,0,0,"equal"
"540724-2526956",0,0,0,1,1,1,1,1,1,1,"equal"
"890627-1920637",0,1,1,0,0,0,0,1,0,0,"equal"
"861209-1566508",0,0,1,1,0,1,0,0,1,1,"equal"
"590225-3942987",1,0,1,1,1,1,0,1,1,1,"equal"
"771116-1226023",1,1,1,1,0,0,0,0,1,1,"equal"
"781015-1898836",1,0,1,0,0,0,1,0,0,1,"equal"
"640525-3992791",0,1,0,0,0,0,0,0,0,1,"equal"
"570625-3178356",0,0,0,1,1,0,0,1,0,0,"equal"
"510913-2978421",1,0,0,1,0,0,1,0,0,0,"equal"
"940319-3144826",1,0,1,1,0,1,0,0,1,1,"equal"
"840123-3114550",1,1,1,0,0,1,0,1,1,0,"equal"
"751105-1562391",0,0,1,0,0,0,1,1,0,1,"equal"
"740801-2217132",0,1,0,1,0,1,1,1,1,1,"equal"
"740612-3838359",1,0,1,0,1,0,0,0,1,0,"equal"
"820713-2855281",0,1,1,0,1,1,1,1,1,0,"equal"
"600415-2506830",0,1,0,1,1,1,0,0,1,1,"equal"
"820217-3012634",1,0,1,0,0,1,1,0,1,1,"equal"
"740701-2795182",0,1,1,0,0,0,1,0,1,1,"equal"
"701112-2041682",0,1,1,1,1,1,0,1,1,1,"equal"
"630124-3079491",0,0,1,1,1,0,0,0,0,1,"equal"
"611201-1774706",1,1,1,0,1,0,1,1,0,0,"equal"
"610517-3178171",0,0,0,1,1,1,1,0,1,1,"equal"
"680308-2131157",1,0,1,1,0,1,1,0,1,0,"equal"
"540307-4328369",0,0,0,1,1,1,0,0,1,0,"equal"
"581202-2419054",0,1,0,0,0,1,1,1,0,1,"equal"
"931004-3565432",1,0,0,0,0,0,1,1,0,1,"equal"
"640504-1117724",0,0,1,0,0,1,1,0,1,1,"equal"
"660606-1819865",0,0,1,1,0,0,1,1,1,1,"equal"
"950106-1714721",1,1,0,1,1,1,1,1,0,1,"equal"
"640417-4582766",0,0,1,0,1,0,0,0,0,0,"equal"
"541121-1780548",1,0,0,1,1,1,0,1,1,1,"equal"
"590920-3775297",1,0,1,1,1,0,1,1,1,0,"equal"
"910611-2760924",0,0,1,1,0,1,0,0,0,1,"equal"
"921016-1161417",0,0,0,0,1,1,0,1,1,1,"equal"
"890909-1979997",0,1,1,1,0,0,1,0,1,0,"equal"
"561017-1567206",0,1,1,1,0,1,1,1,1,1,"equal"
"911003-2044171",1,1,1,0,1,0,0,0,1,0,"equal"
"810216-3899269",0,1,1,0,1,1,1,0,0,1,"equal"
"720918-4276861",0,1,1,1,0,1,1,1,1,1,"equal"
"670909-1574462",1,0,1,0,0,1,0,1,1,0,"equal"
"890111-2240236",1,0,1,1,1,0,1,1,0,1,"equal"
"830228-2064719",1,0,1,0,0,1,1,1,0,0,"equal"
"811118-4904119",1,1,1,1,0,0,0,0,1,1,"equal"
"780204-1502734",1,0,0,0,0,0,0,0,1,0,"equal"
"581124-1456759",1,1,0,0,1,0,1,1,1,1,"equal"
"830612-2772596",1,1,1,1,0,0,1,1,0,0,"equal"
"971120-4896549",0,1,0,1,1,1,1,1,0,0,"equal"
"791226-4224959",0,1,1,0,0,1,1,1,1,0,"equal"
"520504-2556147",1,0,0,0,0,1,1,0,0,0,"equal"
"920927-1812055",1,0,1,0,0,1,1,0,1,0,"equal"
"681217-3922107",0,0,0,0,0,0,0,0,1,0,"equal"
"631208-3267419",0,1,0,1,1,0,0,0,1,0,"equal"
"830223-3837958",0,0,0,1,1,1,1,1,0,0,"equal"
"741104-1740890",0,1,0,0,0,1,0,1,0,1,"equal"
"711228-1412471",0,1,1,0,1,0,0,1,1,0,"equal"
"950820-1485387",0,1,1,0,0,0,0,0,1,0,"equal"
"750209-2846211",0,1,0,0,0,0,0,1,0,1,"equal"
"600106-3726188",0,0,0,0,1,0,1,1,0,0,"equal"
"500702-4798282",0,1,1,1,1,1,0,0,0,0,"equal"
"630910-1544234",1,0,0,1,0,1,1,0,0,0,"equal"
"930702-4466687",0,1,1,0,0,1,1,0,0,0,"equal"
"851220-4980292",1,1,1,0,1,0,1,1,1,1,"equal"
"741228-3621074",1,1,0,1,0,0,1,0,0,1,"equal"
"940612-2264302",0,1,0,1,1,1,0,1,0,1,"equal"
"991011-2936161",0,1,1,0,0,0,1,0,0,0,"equal"
"960424-2099286",0,0,1,1,0,0,1,1,1,0,"equal"
"590815-2320408",1,1,1,0,0,0,0,1,1,0,"equal"
"980527-1332495",1,1,1,0,0,0,1,1,0,1,"equal"
"941208-4783726",1,0,0,0,0,0,0,1,1,0,"equal"
"840317-1260359",0,1,0,0,0,0,0,0,1,0,"equal"
"710810-2356969",0,1,0,0,1,1,1,1,0,0,"equal"
"890911-1222720",1,0,0,1,0,0,0,1,1,0,"equal"
"620419-3718038",0,1,1,0,0,0,1,1,0,1,"equal"
"820707-4017965",1,0,1,1,0,0,1,0,0,0,"equal"
"830215-1686843",1,1,0,1,0,1,1,0,0,0,"equal"
"850319-1827393",1,1,1,1,1,0,1,0,1,1,"equal"
"660128-3474211",1,1,1,0,1,1,0,1,1,0,"equal"
"790301-4560075",0,1,0,1,1,1,1,0,1,0,"equal"
"820920-2040784",0,0,1,0,1,1,1,0,0,1,"equal"
"720808-3010439",0,1,0,1,0,1,1,1,1,1,"equal"
"741125-2642898",1,0,0,1,1,1,1,1,0,1,"equal"
"920524-1548162",1,0,1,0,0,1,1,1,1,1,"equal"
"891010-1182125",1,0,0,1,1,0,1,1,1,1,"equal"
"910821-4396758",1,1,0,1,1,0,1,0,1,1,"equal"
"890909-1381478",0,0,1,0,1,0,0,0,1,0,"equal"
"630318-3111863",1,0,1,0,1,0,1,1,0,1,"equal"
"740722-1400317",1,1,1,1,1,1,0,1,0,0,"equal"
"720421-1612519",0,0,0,1,1,1,0,0,1,1,"equal"
"640509-1534031",0,1,0,1,1,0,1,1,1,1,"equal"
"671210-3546285",1,0,0,1,0,0,1,1,0,0,"equal"
"710313-3653217",1,0,1,0,0,0,1,0,1,0,"equal"
"510116-1298379",1,1,1,1,1,1,0,0,0,1,"equal"
"841024-4357701",1,0,1,1,1,0,0,1,0,1,"equal"
"550819-3651421",1,0,0,0,1,0,1,1,1,0,"equal"
"910103-2742778",1,1,1,0,0,1,0,1,1,0,"equal"
"620408-3217143",1,1,0,1,1,0,0,0,1,1,"equal"
"800226-4557571",0,1,0,0,1,1,1,1,0,0,"equal"
"870828-4846479",0,1,0,1,1,0,1,1,0,1,"equal"
"990626-1876825",1,1,0,1,0,0,1,1,1,0,"equal"
"760524-3714190",1,0,0,1,1,1,1,0,0,0,"equal"
"510313-4858812",0,0,1,1,0,1,1,1,0,1,"equal"
"721103-4231563",1,1,1,1,0,1,1,0,1,1,"equal"
"810424-3740309",1,0,1,0,0,1,0,0,0,1,"equal"
"551012-1086103",1,0,0,0,0,1,0,0,1,0,"equal"
"930505-2855580",1,0,0,0,1,0,1,0,0,1,"equal"
"981117-2823265",0,1,1,1,1,0,0,0,0,1,"equal"
"720609-1979911",1,1,0,0,1,0,0,1,1,0,"equal"
"750524-2673716",0,0,1,1,0,1,0,1,0,0,"equal"
"590101-4583865",0,1,0,0,1,1,1,1,0,0,"equal"
"890406-3522702",1,1,1,0,0,1,1,0,1,1,"equal"
"870618-1615859",1,1,1,1,0,1,0,1,1,1,"equal"
"620217-3990704",0,1,0,0,1,0,1,0,0,1,"equal"
"721015-1524899",1,1,0,1,0,0,1,0,0,1,"equal"
"790219-4104479",0,1,0,1,1,1,1,0,0,1,"equal"
"510911-3832548",1,0,0,0,0,1,0,0,1,0,"equal"
"941126-1659724",0,1,0,0,0,0,1,1,0,1,"equal"
"681022-1239380",0,0,1,1,1,1,1,0,0,0,"equal"
"900616-2931450",1,1,0,0,1,1,0,0,1,1,"equal"
"980904-4061610",1,0,0,0,1,0,1,1,1,1,"equal"
"820406-2353106",1,0,0,0,0,0,0,0,0,0,"equal"
"760815-4639880",1,0,0,1,0,1,1,1,1,1,"equal"
"520807-4357931",1,1,0,0,1,1,1,0,0,0,"equal"
"530210-2751706",1,1,1,1,0,0,0,0,1,1,"equal"
"800516-3086152",1,1,1,1,1,0,1,0,0,0,"equal"
"820125-3443768",1,1,0,1,0,1,1,0,0,1,"equal"
"880627-3664643",1,0,1,1,1,0,1,1,0,0,"equal"
"500326-3099709",0,0,1,0,1,1,1,0,1,1,"equal"
"661215-1497568",0,1,1,1,1,1,0,1,0,0,"equal"
"720202-3777844",1,0,1,0,0,1,0,0,1,0,"equal"
"760720-3377223",1,0,1,0,1,1,0,0,0,0,"equal"
"640108-4377205",1,0,0,1,1,1,1,0,1,0,"equal"
"640502-1674781",1,0,1,0,1,1,0,1,1,1,"equal"
"710418-4509533",0,0,0,1,0,1,0,1,0,1,"equal"
"541024-1988472",1,0,0,1,1,1,1,1,1,0,"equal"
"580924-1411008",1,0,1,1,0,0,1,0,0,1,"equal"
"520103-3690337",1,1,1,1,1,1,0,0,0,1,"equal"
"800720-4635441",1,0,0,1,1,0,1,0,1,1,"equal"
"570614-1895207",0,0,0,1,1,0,1,1,0,0,"equal"
"960223-4827428",0,0,1,0,0,1,0,1,0,0,"equal"
"801108-1772223",1,1,0,1,0,1,1,1,1,1,"equal"
"881220-2183506",1,0,0,1,1,0,0,0,1,1,"equal"
"970626-2128126",0,1,1,0,0,0,1,1,0,0,"equal"
"940206-2324506",0,0,0,0,0,0,0,1,0,0,"equal"
"981009-2937820",0,1,1,1,1,0,1,1,0,1,"equal"
"660710-1151239",0,1,0,1,1,0,1,1,1,0,"equal"
"970726-1687411",0,0,1,1,1,0,1,0,0,1,"equal"
"740127-1859475",1,1,1,1,0,1,0,0,1,1,"equal"
"740602-2291347",1,0,0,0,1,1,0,1,0,1,"equal"
"650102-2365096",1,1,1,0,1,1,1,1,0,1,"equal"
"870515-2210999",0,1,1,0,0,0,1,0,0,1,"equal"
"771204-1027528",1,1,1,1,0,0,1,0,0,1,"equal"
"660910-3175667",1,0,0,0,1,0,1,1,0,1,"equal"
"660113-1506257",1,1,0,1,1,0,0,0,1,1,"equal"
"850322-1577075",1,0,0,0,1,0,0,1,1,0,"equal"
"980824-4714928",0,1,0,1,0,0,0,0,1,1,"equal"
"520112-1490971",0,0,0,0,0,0,0,0,1,1,"equal"
"830725-3615650",1,1,0,0,1,0,0,1,1,0,"equal"
"580709-4860998",0,1,1,0,0,1,0,1,1,1,"equal"
"661001-2374766",1,0,1,1,1,1,1,1,0,0,"equal"
"981222-4206995",0,0,1,1,1,0,0,0,0,1,"equal"
"920303-1115948",1,1,0,1,1,0,0,1,1,1,"equal"
"571017-1830387",1,0,0,1,0,1,0,1,1,1,"equal"
"790922-1740148",0,1,1,0,1,1,1,0,1,0,"equal"
"500207-4141754",1,1,0,1,1,0,1,1,0,1,"equal"
"730123-3567619",0,0,1,1,0,0,0,0,1,0,"equal"
"750921-3906200",1,1,0,0,1,0,1,1,1,0,"equal"
"711014-2439285",0,1,0,1,0,1,1,0,0,1,"equal"
"601004-3703615",1,0,1,1,0,0,0,1,1,0,"equal"
"910614-1090690",0,0,0,1,1,0,1,0,0,0,"equal"
"820827-1873743",0,1,1,0,1,0,1,1,1,0,"equal"
"770106-2124837",0,1,0,1,0,0,1,1,1,1,"equal"
"591003-1379755",0,1,0,1,0,0,1,0,0,0,"equal"
"780412-1911663",1,1,1,0,0,1,0,0,1,1,"equal"
"611203-2028262",1,0,1,1,1,1,1,1,1,1,"equal"
"831025-2949602",1,1,1,0,1,1,1,0,1,1,"equal"
"691120-3382508",0,0,1,1,1,1,0,1,1,0,"equal"
"750225-1611311",0,1,0,1,1,1,1,0,1,0,"equal"
"910117-3033053",1,1,0,1,0,1,0,0,1,0,"equal"
"921228-2908706",0,0,0,1,1,0,0,1,1,1,"equal"
"890501-1067714",1,0,0,1,1,0,0,1,0,0,"equal"
"900816-2320366",1,0,1,1,0,0,1,0,0,0,"equal"
"900110-4960695",0,1,0,1,1,0,1,1,0,1,"equal"
"860320-1097882",0,0,0,1,0,1,0,1,1,0,"equal"
"950408-1497634",0,1,1,0,1,0,0,1,1,1,"equal"
"870426-3452351",0,1,0,1,1,1,1,1,1,1,"equal"
"570708-2174834",0,0,0,1,0,1,1,0,1,0,"equal"
"900512-4211531",1,1,0,0,0,1,1,0,0,1,"equal"
"770127-3949307",1,1,0,0,1,1,0,1,1,0,"equal"
"801020-4984173",1,0,1,1,0,0,0,0,0,1,"equal"
"780113-1586320",1,1,0,1,1,1,0,1,0,0,"equal"
"850512-1457944",0,1,1,0,0,0,1,1,1,1,"equal"
"660312-2185871",0,0,1,1,0,1,0,1,1,0,"equal"
"690816-2512317",1,0,1,1,0,0,1,1,1,1,"equal"
"890112-2156836",1,0,1,0,0,0,0,0,1,1,"equal"
"741116-2943893",1,1,1,0,0,0,1,1,0,1,"equal"
"810308-3684181",1,0,0,1,0,0,1,1,0,1,"equal"
"500101-2518880",0,1,0,1,1,0,0,1,0,1,"equal"
"631003-3176673",0,1,0,1,0,1,1,1,1,1,"equal"
"781105-4594713",1,0,0,0,1,0,0,1,0,1,"equal"
"950318-2665179",0,1,0,1,0,1,0,0,1,1,"equal"
"730720-4327935",0,1,1,0,0,1,1,1,1,1,"equal"
"820526-1742423",1,0,0,0,1,1,0,1,0,1,"equal"
"560112-3746171",1,1,0,0,0,1,1,0,0,0,"equal"
"840201-4383082",1,1,0,1,0,0,1,0,1,1,"equal"
"600611-1963621",0,0,0,1,0,0,0,1,1,1,"equal"
"640904-3209909",1,1,1,0,1,1,0,1,0,1,"equal"
"700412-1693613",0,0,0,0,1,0,0,1,0,1,"equal"
"710425-2237320",1,1,1,0,1,0,1,1,0,0,"equal"
"670710-1961369",0,0,1,1,1,1,1,0,1,1,"equal"
"790427-3364779",1,0,1,0,1,0,1,1,0,1,"equal"
"680713-1914473",0,0,1,1,0,0,0,1,1,0,"equal"
"660506-4386119",0,0,0,0,0,0,1,0,1,1,"equal"
"830410-1766999",1,0,1,1,0,0,1,0,0,1,"equal"
"610215-1070508",0,0,0,0,1,0,1,1,0,1,"equal"
"950506-1050430",1,0,1,0,1,1,0,1,0,0,"equal"
"711228-4994567",1,1,0,1,1,1,0,0,1,1,"equal"
"821012-1470648",1,0,1,1,0,1,0,1,0,1,"equal"
"860607-3146563",0,0,0,1,1,1,1,1,0,0,"equal"
"640724-1566800",1,0,1,1,0,0,1,0,1,1,"equal"
"700123-1803379",0,0,1,1,0,0,1,1,0,0,"equal"
"871021-4485872",1,0,0,1,1,1,1,1,0,1,"equal"
"940518-4056358",0,0,0,0,0,0,0,1,1,1,"equal"
"830110-2475682",0,1,0,1,1,1,1,0,0,1,"equal"
"700820-4914809",0,1,0,0,1,1,0,0,1,1,"equal"
"790702-3008991",1,0,0,0,0,1,1,1,0,0,"equal"
"690219-3148687",0,1,0,0,1,0,1,0,0,1,"equal"
"810527-2808533",0,0,0,1,1,0,0,1,0,0,"equal"
"990208-4654069",0,0,0,1,1,0,1,1,1,0,"equal"
"920123-1056851",0,0,1,1,0,1,0,0,1,0,"equal"
"750324-4860762",0,0,0,0,0,1,1,0,0,0,"equal"
"811027-4886409",0,0,1,1,0,0,1,1,1,1,"equal"
"630128-3142652",0,1,0,1,1,1,1,0,1,0,"equal"
"530715-1950446",1,0,1,1,0,1,1,1,0,1,"equal"
"580716-1703714",1,1,1,1,1,0,1,1,1,0,"equal"
"670907-3810158",0,1,1,0,1,0,0,1,0,1,"equal"
"900807-1983772",0,1,0,1,1,0,0,0,0,1,"equal"
"690403-4425675",0,1,1,0,0,1,0,1,1,0,"equal"
"620927-2229127",1,1,0,0,1,1,0,1,0,0,"equal"
"990723-4364292",0,0,0,1,0,1,0,0,1,0,"equal"
"890423-2246793",1,1,1,0,0,1,1,1,0,0,"equal"
"790207-4851892",1,1,1,0,0,1,1,0,0,0,"equal"
"840924-1826269",0,0,1,0,0,0,1,0,0,1,"equal"
"940518-1126586",1,1,1,1,1,0,1,1,1,1,"equal"
"800215-1708479",0,0,1,1,1,0,0,0,0,0,"equal"
"940402-3827513",1,0,1,1,0,0,0,0,0,0,"equal"
"730909-4423508",0,1,1,0,1,1,0,0,0,1,"equal"
"890227-2519303",0,1,0,0,1,1,1,0,0,0,"equal"
"890321-1946344",1,1,0,1,0,1,1,0,1,1,"equal"
"550409-3389629",0,1,1,0,1,0,0,1,0,1,"equal"
"960715-2939846",0,0,1,0,0,1,1,0,1,1,"equal"
"840615-1356011",1,1,0,1,1,0,0,1,0,0,"equal"
"860810-1828111",0,0,0,1,0,1,1,1,1,1,"equal"
"641123-2637841",1,1,1,0,0,1,0,1,1,0,"equal"
"580715-1744562",0,0,1,0,0,1,1,1,1,1,"equal"
"850301-1971837",1,0,1,0,1,0,0,1,1,0,"equal"
"750111-3078160",1,1,1,0,0,0,0,0,0,1,"equal"
"980313-3910885",0,0,1,1,1,1,0,1,0,0,"equal"
"511018-2523297",0,0,0,1,0,1,1,1,1,1,"equal"
"650503-4135680",1,1,1,0,1,0,1,0,0,1,"equal"
"850323-4274491",0,0,0,1,0,1,0,0,1,1,"equal"
"811013-1779031",0,1,0,1,0,0,1,0,0,0,"equal"
"650510-3240125",0,1,0,0,1,1,1,0,0,1,"equal"
"780707-1537872",1,1,0,0,1,0,1,0,0,1,"equal"
"700303-4923588",0,0,0,1,1,1,0,0,0,0,"equal"
"810717-2544282",0,1,0,1,0,0,0,0,1,0,"equal"
"791010-2067859",1,0,0,1,0,0,1,1,1,1,"equal"
"890828-3608100",0,0,0,1,1,0,1,0,0,1,"equal"
"540918-4592865",1,1,1,1,0,0,0,1,0,1,"equal"
"770104-2262038",1,1,1,1,0,1,0,1,1,1,"equal"
"800525-4346603",1,0,0,0,0,1,0,1,0,0,"equal"
"680207-2932252",1,1,0,1,1,0,0,1,0,1,"equal"
"620628-1737982",1,1,1,1,1,1,0,1,0,0,"equal"
"880814-4583051",0,1,1,1,1,0,1,1,1,0,"equal"
"590824-3713932",0,1,0,1,0,0,0,0,1,1,"equal"
"500323-4684308",0,0,0,1,1,0,0,1,1,0,"equal"
"791001-1068512",1,1,1,1,1,0,0,1,1,0,"equal"
"920127-4615357",1,0,1,0,0,1,1,0,1,0,"equal"
"740326-2916588",0,1,1,1,1,1,1,1,1,1,"equal"
"970401-4675067",1,0,1,0,0,0,0,0,0,0,"equal"
"521022-2469916",0,0,0,1,0,0,0,1,0,0,"equal"
"840501-4088331",1,1,1,0,1,1,0,0,0,1,"equal"
"560821-4776544",0,0,0,0,1,0,0,1,1,0,"equal"
"970711-4453993",0,0,0,1,1,0,0,0,0,1,"equal"
"500904-2525871",0,0,0,0,0,1,1,1,1,1,"equal"
"810504-2043473",1,0,1,1,1,0,0,1,0,1,"equal"
"710328-3050720",0,0,0,1,0,0,1,1,0,1,"equal"
"640611-3359118",0,1,1,1,1,0,1,1,0,0,"equal"
"881014-1190818",1,1,1,1,1,1,0,0,0,1,"equal"
"890809-2506963",1,1,0,1,1,0,1,1,0,0,"equal"
"760803-2614039",0,1,0,1,0,0,1,0,0,1,"equal"
"860518-4769629",1,0,1,0,0,1,0,1,1,1,"equal"
"971106-4381209",1,0,0,1,0,1,0,1,1,0,"equal"
"570211-1724820",1,0,0,1,0,1,1,0,1,0,"equal"
"791110-1023757",0,0,0,1,0,1,1,1,1,0,"equal"
"550909-1135150",1,0,1,1,1,1,0,0,1,1,"equal"
"880502-2763189",0,0,0,1,0,1,1,0,0,1,"equal"
"670715-4448339",1,1,0,1,1,0,1,1,1,1,"equal"
"760604-3697550",0,0,0,0,1,1,0,1,1,1,"equal"
"500703-2247415",1,0,0,0,0,1,0,0,1,1,"equal"
"890321-2671858",0,1,0,1,1,1,0,1,1,1,"equal"
"781102-2135971",0,1,0,0,0,0,0,1,0,0,"equal"
"900917-3327210",0,0,1,0,1,0,1,0,1,1,"equal"
"590422-4437731",0,0,0,0,0,0,1,1,1,1,"equal"
"601006-3336454",1,1,0,1,0,1,0,1,1,0,"equal"
"991222-3782592",0,0,1,1,0,0,1,1,1,1,"equal"
"510320-4936038",0,0,0,1,0,0,0,1,0,1,"equal"
"941109-3841224",1,0,1,0,1,0,1,1,1,1,"equal"
"880628-2063475",0,1,1,1,0,0,1,0,0,1,"equal"
"800104-2597490",1,0,0,1,0,1,1,0,0,0,"equal"
"801026-4022946",0,1,0,1,0,1,0,0,1,1,"equal"
"801127-3399656",1,0,1,1,0,0,0,1,1,1,"equal"
"541122-1080481",0,0,1,0,0,0,1,1,1,0,"equal"
"870409-1174178",1,1,1,0,1,1,1,0,1,1,"equal"
"930917-4856944",1,1,0,1,1,1,1,0,0,0,"equal"
"910826-3223361",1,1,1,1,0,0,0,0,0,0,"equal"
"600902-3615844",1,1,0,0,1,1,0,0,1,1,"equal"
"690822-3426908",1,1,0,1,1,1,0,0,1,0,"equal"
"840407-4006594",1,0,1,1,0,0,1,1,1,0,"equal"
"590415-1228395",0,0,1,0,1,1,0,1,0,1,"equal"
"730111-1478849",0,1,1,0,1,1,1,0,0,1,"equal"
"960306-2012704",1,0,0,1,0,0,0,1,1,1,"equal"
"590523-3587200",0,1,0,0,0,0,1,0,0,1,"equal"
"740501-3338451",0,1,0,0,0,1,0,1,1,1,"equal"
"830326-1445332",0,1,1,0,1,1,1,1,0,1,"equal"
"651124-2087389",1,0,1,0,0,0,0,0,1,1,"equal"
"960913-3687748",1,1,0,0,1,0,1,0,1,1,"equal"
"820318-1042409",0,1,1,1,0,0,1,0,1,1,"equal"
"940115-1167993",1,1,1,1,1,1,0,1,1,0,"equal"
"600424-4899937",1,1,0,1,0,1,1,0,0,1,"equal"
"870918-1116777",0,1,1,0,0,0,1,1,1,1,"equal"
"650320-3265859",0,0,0,0,0,1,1,0,1,0,"equal"
"660426-3889906",1,0,0,0,1,1,1,1,1,1,"equal"
"670222-4582596",0,0,1,1,1,0,0,0,0,1,"equal"
"840809-1410905",1,0,1,0,0,1,0,0,1,0,"equal"
"700701-1975957",0,0,0,0,1,0,1,0,1,0,"equal"
"980621-2011347",0,1,1,1,0,1,0,1,1,0,"equal"
"990614-4495531",0,0,1,0,1,0,0,0,0,0,"equal"
"990725-1376563",0,1,0,1,1,1,1,0,0,0,"equal"
"870414-1510467",1,1,0,0,0,1,1,0,0,1,"equal"
"960420-4137069",1,1,0,0,0,0,1,1,1,1,"equal"
"510308-1612650",1,1,0,0,0,1,0,0,0,1,"equal"
"660725-4863557",1,0,1,0,1,0,1,1,1,0,"equal"
"720608-3282288",0,0,1,1,1,0,0,1,0,0,"equal"
"790612-2230266",0,0,1,1,1,0,0,1,1,1,"equal"
"980615-4670030",1,0,1,0,1,1,1,0,1,0,"equal"
"610223-3904655",0,1,0,1,0,1,0,1,0,0,"equal"
"950622-1830416",1,0,1,1,1,1,0,1,1,1,"equal"
"930405-1589228",1,0,0,1,0,0,1,1,1,0,"equal"
"521025-1836344",1,0,0,1,1,0,0,1,0,0,"equal"
"920923-2159948",0,0,0,1,1,1,0,0,1,0,"equal"
"861006-3773635",1,1,0,1,0,1,1,1,1,1,"equal"
"520324-3381922",1,0,0,0,1,0,0,1,1,0,"equal"
"650624-4613160",0,0,0,1,1,0,0,0,1,0,"equal"
"810807-2994767",1,1,0,0,0,0,1,0,0,1,"equal"
"690112-2419305",1,1,0,1,1,1,0,0,0,0,"equal"
"570111-3787760",0,1,0,1,0,0,0,0,0,1,"equal"
"830507-4059521",0,0,0,0,1,0,0,1,0,1,"equal"
"960808-2117299",1,0,1,1,1,1,1,0,1,1,"equal"
"571109-2347782",0,0,0,0,1,0,0,0,0,1,"equal"
"771023-1276961",1,0,1,1,1,1,0,1,1,0,"equal"
"661123-1736539",1,0,1,1,0,1,0,0,0,0,"equal"
"900126-1241026",0,1,0,1,1,0,0,1,0,1,"equal"
"961122-4955678",1,0,1,0,0,0,1,1,0,1,"equal"
"771103-2610216",1,1,1,0,1,1,0,1,0,1,"equal"
"530411-2322859",0,0,1,1,0,0,0,1,0,0,"equal"
"531015-2506635",0,1,0,0,0,1,1,0,1,1,"equal"
"700217-2131266",1,1,0,1,0,1,1,1,1,0,"equal"
"550803-4488689",0,1,0,0,0,0,0,0,1,1,"equal"
"770818-4990890",1,1,0,0,0,1,1,1,0,0,"equal"
"960101-2327317",1,1,0,0,1,0,0,0,0,0,"equal"
"920726-3034512",0,1,0,0,0,0,0,1,0,0,"equal"
"670904-3591201",1,1,0,0,1,1,0,1,0,0,"equal"
"700305-4664951",1,1,1,1,0,0,0,0,0,1,"equal"
"540621-2206881",1,0,1,0,0,1,1,0,0,1,"equal"
"861028-3394803",0,1,0,0,0,1,0,1,0,0,"equal"
"800805-2558794",1,1,0,1,1,1,0,1,0,0,"equal"
"500505-3713984",0,0,1,1,0,1,0,1,0,1,"equal"
"740328-2855594",1,1,1,1,1,0,1,1,0,0,"equal"
"690226-4660996",1,1,0,1,0,0,0,1,1,0,"equal"
"851021-3775852",0,0,0,0,1,1,1,1,0,1,"equal"
"580820-2008319",0,1,1,1,0,1,1,0,0,0,"equal"
"950914-3463411",0,0,0,0,0,1,0,0,0,1,"equal"
"820308-3790220",1,0,1,1,0,1,1,1,0,1,"equal"
"560820-1220145",0,0,0,1,0,0,0,0,0,1,"equal"
"780219-3552982",1,0,0,0,1,0,1,1,0,1,"equal"
"880322-2830779",1,0,0,1,1,0,1,0,0,0,"equal"
"840907-2845119",1,1,0,1,0,0,1,0,0,0,"equal"
"861104-4792065",0,1,0,1,0,1,0,1,0,1,"equal"
"940603-2792303",0,0,0,0,1,1,1,1,1,1,"equal"
"930311-2066113",1,0,1,1,1,1,1,1,1,0,"equal"
"831010-1964966",0,0,0,1,0,0,1,0,0,0,"equal"
"760101-1500400",0,1,0,1,1,1,0,1,0,1,"equal"
"551114-2487209",1,1,0,0,0,1,0,0,0,1,"equal"
"511024-3885171",1,1,0,1,1,0,0,0,1,0,"equal"
"810517-1956443",0,0,0,1,1,0,1,1,0,0,"equal"
"871220-4381210",1,0,0,1,1,0,1,0,1,1,"equal"
"821015-4093893",0,0,0,1,0,1,0,1,1,0,"equal"
"731003-1663816",0,0,1,0,0,0,0,0,0,0,"equal"
"541126-3454809",0,1,1,0,1,1,0,1,0,0,"equal"
"720812-1681713",0,1,0,1,1,1,0,1,1,0,"equal"
"500722-3890269",0,0,1,1,1,0,0,0,1,1,"equal"
"601210-1294925",0,1,0,1,0,0,0,1,0,0,"equal"
"501216-4632546",0,1,1,0,1,0,1,0,0,1,"equal"
"900721-2369220",0,0,1,1,1,0,1,1,0,1,"equal"
"500504-4495142",0,1,0,1,1,0,0,0,1,0,"equal"
"681107-4806273",0,1,1,0,1,0,0,1,0,0,"equal"
"970908-4918852",1,1,0,0,0,1,0,1,0,0,"equal"
"660125-2800352",1,0,1,0,1,0,1,1,1,0,"equal"
"980215-1942701",0,0,0,0,0,0,1,0,1,0,"equal"
"620124-3959104",1,1,0,0,0,0,0,0,1,0,"equal"
"960525-3309635",1,0,1,1,0,0,1,0,1,0,"equal"
"701127-3074012",1,0,1,0,1,1,1,1,0,0,"equal"
"561204-2505179",1,1,1,1,1,0,1,0,0,0,"equal"
"700209-1640742",1,1,0,0,0,1,1,1,1,0,"equal"
"580205-1962011",1,1,0,0,0,0,0,1,1,1,"equal"
"591007-3592468",1,1,1,1,1,0,1,0,1,0,"equal"
"721008-4195612",0,0,1,0,1,0,1,0,1,1,"equal"
"801007-4471159",0,1,1,0,0,0,0,1,0,0,"equal"
"600310-2535754",1,0,0,0,0,0,0,0,1,0,"equal"
"770101-4652470",0,1,0,0,1,1,1,0,0,1,"equal"
"641207-4593962",0,0,1,0,0,0,1,1,0,0,"equal"
"981220-1407152",1,0,1,0,1,0,1,1,0,1,"equal"
"681214-2634451",1,0,1,0,1,0,1,0,1,0,"equal"
"550907-2039190",1,0,1,1,0,1,1,0,0,0,"equal"
"970314-4439389",0,0,0,0,0,0,1,1,0,1,"equal"
"711221-3061717",1,0,1,0,1,0,0,0,1,0,"equal"
"520617-2071891",1,0,0,1,1,0,0,0,0,0,"equal"
"630523-1474276",0,1,1,1,0,1,1,1,0,1,"equal"
"740924-3750451",1,1,0,0,0,0,1,0,0,1,"equal"
"740708-1408896",1,0,1,0,0,1,0,0,0,1,"equal"
"721014-2178446",0,0,0,1,0,0,1,0,0,0,"equal"
"510208-2076677",0,0,1,0,0,0,0,1,0,1,"equal"
"510819-2690498",0,0,1,0,0,0,1,0,0,1,"equal"
"621007-1461950",1,0,1,1,1,1,0,0,1,0,"equal"
"751014-1764889",1,1,1,0,0,1,1,0,0,0,"equal"
"531205-4831406",0,0,1,0,1,1,0,0,0,0,"equal"
"870907-2079489",0,0,0,1,0,0,0,1,0,1,"equal"
"761208-3118402",1,1,1,1,1,0,0,1,0,0,"equal"
"511215-1888211",0,1,1,0,0,1,0,0,1,1,"equal"
"780901-1048173",1,0,1,1,1,0,0,1,0,1,"equal"
"880502-3913361",1,0,0,0,1,1,0,1,1,0,"equal"
"591125-1700906",1,0,0,1,0,1,1,0,1,0,"equal"
"880719-4106467",1,1,0,1,0,0,1,0,0,1,"equal"
"800111-1252427",1,1,0,1,1,1,1,0,0,1,"equal"
"940517-3070383",0,1,0,0,0,1,0,0,0,0,"equal"
"620221-1517621",1,1,1,0,0,0,1,0,1,1,"equal"
"550313-4371307",1,1,1,1,0,0,0,1,1,0,"equal"
"590310-4386637",1,0,1,1,0,1,0,1,1,1,"equal"
"991213-1646529",0,0,0,0,0,0,0,1,0,1,"equal"
"770305-4661495",0,0,0,0,0,1,0,0,1,1,"equal"
"630327-1503219",1,1,0,1,0,0,1,0,1,0,"equal"
"500607-3027254",0,0,0,0,1,1,1,1,1,0,"equal"
"940909-1605053",1,0,1,0,0,0,0,0,0,1,"equal"
"560105-1750831",1,0,1,0,0,0,0,0,1,1,"equal"
"910612-3703456",0,0,1,1,0,1,1,1,1,1,"equal"
"520725-1943140",1,0,0,0,0,1,0,1,1,0,"equal"
"650513-4901334",1,1,1,1,1,1,0,0,0,1,"equal"
"700715-3083024",0,1,1,0,0,1,1,1,0,0,"equal"
"920205-3349713",1,0,1,0,1,0,0,0,0,0,"equal"
"531215-4800494",1,0,0,1,0,1,0,0,0,1,"equal"
"790625-1246319",1,0,0,1,0,0,1,1,0,0,"equal"
"760919-2042208",0,1,1,0,0,0,0,0,1,0,"equal"
"680415-1829261",0,0,1,1,0,1,1,0,1,0,"equal"
"860604-3608247",0,1,1,0,0,1,1,1,1,1,"equal"
"810611-3902032",1,0,1,1,0,0,1,1,0,0,"equal"
"820801-1912773",1,0,0,0,1,1,0,1,0,1,"equal"
"801013-2806965",1,0,1,1,0,1,1,1,0,0,"equal"
"510119-3824370",0,0,1,1,1,1,0,1,0,1,"equal"
"580828-2203017",0,1,0,1,1,0,1,1,1,1,"equal"
"930310-4966847",0,1,0,0,0,0,0,1,1,0,"equal"
"950126-3759243",1,1,1,0,1,1,1,1,1,1,"equal"
"740821-4575739",0,0,1,0,0,0,0,0,1,0,"equal"
"900111-4707191",0,0,1,0,1,0,0,0,1,1,"equal"
"681215-2807073",1,1,0,1,1,1,0,0,0,0,"equal"
"720510-3910740",0,0,0,1,1,1,1,1,1,1,"equal"
"500717-3160269",0,0,1,1,0,1,0,1,1,0,"equal"
"740713-3864221",1,0,0,0,1,1,1,1,1,0,"equal"
"950112-4505812",0,0,0,0,1,1,0,0,0,0,"equal"
"581112-1991148",0,1,0,0,1,0,0,1,0,0,"equal"
"871018-4965195",1,0,0,1,1,0,1,1,1,0,"equal"
"880717-3529510",0,1,1,0,0,1,0,0,1,1,"equal"
"500811-4218408",0,0,0,1,1,0,1,1,0,1,"equal"
"610102-3871217",0,0,0,0,1,1,0,1,1,1,"equal"
"501104-4071361",0,0,1,1,0,1,1,0,0,1,"equal"
"811026-1755436",1,1,0,1,1,1,0,0,0,1,"equal"
"590511-4172560",0,0,0,1,0,0,0,0,0,1,"equal"
"560207-2432002",0,1,1,0,0,0,1,0,0,1,"equal"
"660521-4291007",1,0,0,1,1,0,0,0,0,0,"equal"
"870709-3498806",1,1,0,0,1,1,1,1,1,1,"equal"
"710416-1005302",0,0,0,0,1,0,1,1,0,0,"equal"
"550416-1256639",1,1,0,0,1,1,0,0,1,1,"equal"
"880210-3559901",1,1,0,0,0,1,0,0,1,1,"equal"
"750802-4986798",0,1,1,0,0,1,0,0,1,0,"equal"
"811128-4967185",0,1,1,0,1,1,1,1,1,1,"equal"
"620205-2324536",0,1,1,1,0,1,0,0,0,0,"equal"
"720627-3833733",1,1,0,1,1,1,1,1,0,0,"equal"
"720824-2905551",0,1,0,1,1,1,0,1,1,1,"equal"
"930905-4511381",0,1,0,0,1,1,1,0,0,1,"equal"
"671224-2993130",1,0,0,0,1,0,1,0,0,0,"equal"
"921007-1882321",1,0,1,0,0,0,0,0,1,1,"equal"
"541202-1171418",1,1,0,1,0,0,1,0,0,0,"equal"
"570316-4694537",1,0,1,1,0,1,1,0,1,0,"equal"
"550801-4347687",1,0,0,1,1,0,0,1,0,0,"equal"
"860807-3068956",1,0,1,0,1,0,0,1,0,0,"equal"
"510706-2375272",1,1,0,0,0,0,0,1,0,0,"equal"
"500805-4899024",0,0,0,0,1,1,1,0,1,1,"equal"
"760605-2891128",0,0,1,1,1,1,0,0,1,0,"equal"
"870824-4736158",0,1,1,1,0,1,0,1,1,1,"equal"
"910210-1526052",1,1,1,1,0,0,0,0,1,1,"equal"
"930517-3159031",0,1,0,0,1,1,1,0,1,0,"equal"
"750820-2489227",0,0,0,0,0,1,1,0,1,1,"equal"
"660324-3093512",0,0,0,1,0,0,0,0,1,0,"equal"
"690814-3214839",1,0,1,1,1,1,1,1,0,0,"equal"
"681008-4243113",1,0,0,1,0,1,1,0,0,1,"equal"
"790317-1341492",0,1,0,0,0,0,1,0,0,1,"equal"
"630718-2303288",1,0,0,0,0,1,0,0,1,0,"equal"
"670325-2666948",1,0,0,1,0,1,1,1,0,0,"equal"
"860202-3565959",1,1,0,0,0,1,0,0,1,0,"equal"
"551223-3704219",0,1,0,1,0,0,0,0,0,1,"equal"
"780210-3891898",0,0,1,1,0,1,1,0,0,0,"equal"
"701014-4095223",0,0,1,1,0,1,0,0,1,1,"equal"
"630807-2514984",0,0,1,0,1,0,1,1,0,0,"equal"
"980228-1886253",1,0,1,1,0,1,1,1,1,0,"equal"
"560616-1743740",1,1,1,0,1,1,1,1,0,0,"equal"
"610116-1735131",0,1,0,1,1,0,0,0,1,0,"equal"
"510920-4024997",0,0,1,1,1,1,0,0,0,0,"equal"
"750103-4870602",0,0,1,0,1,0,0,1,1,0,"equal"
"891211-4224201",1,1,1,1,1,1,1,1,0,0,"equal"
"550406-3599221",1,1,1,0,1,1,1,1,1,0,"equal"
"740506-1675848",1,1,0,0,0,0,0,1,0,1,"equal"
"700102-4649031",0,0,0,1,0,1,0,0,1,1,"equal"
"971212-3082079",0,1,0,1,0,0,1,1,1,1,"equal"
"741003-2841698",1,1,0,0,0,0,1,1,1,1,"equal"
"830806-4084226",0,0,0,0,1,0,1,0,1,0,"equal"
"740216-2453533",0,0,0,0,1,0,0,0,1,0,"equal"
"620811-3154567",0,0,0,1,1,0,1,0,0,0,"equal"
"850919-3155769",0,1,0,1,0,1,1,0,1,0,"equal"
"750615-4836458",0,1,0,0,0,0,0,0,0,1,"equal"
"680627-3105206",1,1,0,0,0,1,0,1,1,0,"equal"
"860703-3760974",0,0,1,0,0,1,1,0,0,1,"equal"
"960422-4673380",0,0,1,1,1,1,0,0,1,0,"equal"
"631128-2568161",0,1,0,0,0,1,0,1,0,0,"equal"
"880519-2270718",1,1,0,0,1,0,0,0,0,0,"equal"
"510615-2589880",1,1,0,0,0,1,0,0,1,0,"equal"
"760303-4733190",1,0,0,0,1,1,1,1,0,0,"equal"
"501103-1557997",0,0,1,1,0,0,0,1,0,0,"equal"
"780324-4559422",0,0,1,1,0,1,1,1,1,0,"equal"
"710720-3814324",0,1,1,1,1,1,0,1,0,1,"equal"
"500902-1375966",1,0,1,1,0,0,0,1,1,1,"equal"
"600907-2578754",1,1,0,0,1,0,1,1,0,0,"equal"
"980308-2179292",0,1,0,1,1,0,0,0,1,1,"equal"
"560716-4818968",1,1,0,1,1,0,0,1,0,0,"equal"
"580106-2801556",1,1,0,1,1,1,0,0,1,1,"equal"
"601206-1037182",0,0,1,1,0,1,0,1,0,0,"equal"
"650726-1227296",1,0,0,0,0,1,0,1,1,0,"equal"
"591226-1898431",0,0,1,0,0,0,0,1,1,0,"equal"
"551114-1047097",0,0,1,1,1,0,1,0,0,0,"equal"
"860212-4223358",1,0,1,1,1,1,1,0,0,0,"equal"
"630903-1077381",1,1,0,1,1,1,0,0,1,1,"equal"
"810924-2255652",0,1,1,1,1,1,1,0,1,0,"equal"
"960302-3309108",1,0,1,0,0,0,1,1,0,0,"equal"
"620821-4142907",0,1,0,0,0,1,1,0,1,0,"equal"
"530801-3094043",0,1,0,1,0,0,1,1,1,1,"equal"
"730811-1984242",0,1,0,1,1,1,0,1,1,1,"equal"
"561226-1774614",0,1,0,0,1,1,1,1,1,1,"equal"
"951022-4598567",0,0,1,0,0,0,1,0,0,1,"equal"
"670821-3641736",1,0,0,1,0,0,0,0,1,0,"equal"
"571224-4131975",1,0,0,0,1,1,0,0,0,0,"equal"
"820402-3084140",1,0,1,1,0,0,1,1,0,1,"equal"
"621022-4218953",1,1,1,1,0,0,1,0,0,0,"equal"
"700616-3174723",1,0,0,1,1,1,0,1,0,0,"equal"
"820101-2159248",0,0,0,0,0,1,0,0,0,0,"equal"
"931015-3964847",1,1,1,1,1,1,0,0,0,0,"equal"
"721020-3136686",1,1,1,1,1,1,1,0,1,1,"equal"
"641109-4912618",0,1,0,1,1,0,0,1,0,1,"equal"
"610514-4071602",1,0,1,1,0,1,1,0,0,0,"equal"
"861224-3783749",0,0,0,1,0,1,0,1,0,0,"equal"
"540504-1790181",0,1,1,1,0,0,1,0,1,1,"equal"
"520320-1442743",0,0,1,1,0,1,0,0,0,1,"equal"
"870107-3030206",1,0,0,0,1,0,0,0,0,1,"equal"
"890707-1176954",0,0,0,1,1,0,1,1,1,1,"equal"
"680514-2851296",0,0,0,0,1,0,0,1,0,0,"equal"
"880820-4636748",0,0,1,0,0,0,1,0,1,0,"equal"
"661005-1395107",0,0,0,0,0,0,1,1,1,0,"equal"
"840120-1868382",0,0,0,1,1,0,0,1,0,0,"equal"
"560823-1136660",1,1,0,1,0,1,1,0,1,1,"equal"
"741123-1538327",1,0,1,1,1,0,1,1,0,0,"equal"
"631216-2788669",0,1,1,1,1,1,1,1,1,0,"equal"
"550404-2033684",0,0,1,1,1,0,0,0,0,0,"equal"
"670216-2015053",1,0,0,1,0,0,1,1,1,1,"equal"
"941109-3498416",1,0,0,0,0,1,0,0,1,0,"equal"
"671224-4062643",1,1,0,1,1,0,0,1,1,1,"equal"
"980619-3972288",0,0,1,0,1,0,0,0,0,0,"equal"
"840211-1886783",1,1,0,0,0,0,1,0,0,0,"equal"
"820728-4912145",1,1,1,0,1,1,1,0,1,1,"equal"
"811217-2620670",1,1,0,0,1,1,0,0,0,1,"equal"
"720120-4491164",0,1,1,1,1,1,1,1,1,0,"equal"
"841027-3386427",1,1,1,1,1,1,0,1,0,1,"equal"
"510308-3401788",1,0,0,1,0,1,1,0,0,1,"equal"
"930216-1687155",0,0,1,0,1,1,1,1,1,0,"equal"
"940415-4765966",1,1,0,0,1,0,0,1,1,0,"equal"
"800127-4116549",1,1,1,0,1,0,1,1,0,1,"equal"
"680208-1312521",1,1,1,1,0,1,0,0,0,0,"equal"
"741010-4254926",0,0,0,1,1,1,1,1,1,1,"equal"
"720923-3926326",0,1,0,1,0,0,1,1,1,0,"equal"
"620305-1630613",1,0,1,0,0,1,1,1,0,1,"equal"
"980224-3329994",1,1,0,1,1,0,1,0,0,0,"equal"
"990924-3530746",1,0,0,1,0,0,0,1,0,0,"equal"
"701201-4179328",1,0,0,0,1,0,0,1,1,0,"equal"
"690623-1915104",0,1,0,0,0,1,1,1,0,1,"equal"
"560909-2356054",1,1,1,0,1,1,1,0,1,1,"equal"
"860918-4288334",0,0,1,1,0,1,1,0,1,1,"equal"
"530620-2002452",0,0,1,1,1,1,0,1,0,1,"equal"
"651105-1156726",1,0,1,1,1,0,1,1,1,1,"equal"
"720101-4469449",1,1,1,0,1,1,1,0,0,0,"equal"
"560912-2069396",0,0,0,0,1,0,1,1,0,0,"equal"
"970820-2581750",1,1,1,1,1,0,0,0,0,1,"equal"
"930420-2267458",1,1,1,1,0,1,1,0,1,1,"equal"
"820516-1446575",0,1,1,0,0,1,1,0,1,0,"equal"
"780811-4868417",0,0,1,0,0,1,1,0,0,1,"equal"
"720423-1558461",1,1,1,0,1,0,0,1,0,1,"equal"
"780822-3285718",0,0,1,1,0,1,1,1,0,1,"equal"
"651106-4335311",1,1,1,0,1,1,1,0,0,1,"equal"
"961020-4214460",0,0,0,1,1,0,1,0,1,0,"equal"
"740215-2003712",0,1,0,0,0,0,0,0,0,1,"equal"
"750428-4192505",0,1,1,0,0,1,1,0,0,0,"equal"
"721201-1867785",0,0,1,1,0,1,1,1,1,0,"equal"
"580205-1928350",1,0,1,1,0,1,1,1,0,0,"equal"
"770108-3167590",1,0,0,0,0,0,0,0,0,1,"equal"
"941207-1070389",1,1,0,0,1,1,1,1,1,1,"equal"
"581022-2988052",0,1,0,0,0,1,1,1,0,1,"equal"
"710915-4690442",0,1,0,0,0,0,0,1,0,1,"equal"
"600123-4536937",0,1,0,0,1,1,1,1,0,1,"equal"
"951208-4566474",0,1,1,0,1,1,1,0,0,0,"equal"
"610217-2131710",1,0,1,1,0,1,0,0,0,1,"equal"
"560815-4743792",1,1,1,0,0,1,0,0,0,1,"equal"
"780210-3494864",1,1,1,1,0,1,0,0,1,0,"equal"
"510515-4801044",1,1,1,1,1,0,0,1,1,1,"equal"
"901105-4231607",0,0,1,1,0,0,1,1,0,1,"equal"
"900418-3678513",0,1,1,1,1,0,0,0,0,1,"equal"
"801121-1637518",1,0,1,1,1,1,1,1,0,1,"equal"
"890617-2516230",1,1,1,1,1,0,0,0,0,0,"equal"
"900703-2783233",0,0,1,1,0,1,1,0,0,1,"equal"
"761208-1895161",1,0,0,1,1,0,0,1,1,1,"equal"
"840814-3771274",1,0,1,0,1,0,0,1,1,0,"equal"
"810502-3767553",1,1,0,1,1,0,1,1,0,0,"equal"
"731104-1226702",1,0,1,1,1,1,0,1,1,0,"equal"
"500720-1450682",0,0,1,0,1,1,1,1,1,0,"equal"
"870225-3316917",0,1,0,1,1,0,1,1,1,1,"equal"
"600508-4460173",0,0,0,1,1,1,1,0,1,1,"equal"
"610423-3133361",1,1,0,0,0,1,0,0,1,1,"equal"
"730614-1842284",0,1,0,1,1,0,1,0,1,0,"equal"
"920622-4389706",1,0,0,0,1,0,1,0,1,0,"equal"
"680827-1694886",1,1,0,1,1,0,0,1,0,1,"equal"
"640319-2410994",0,1,0,0,0,0,1,0,1,0,"equal"
"541212-1422587",1,1,0,1,1,0,0,1,0,0,"equal"
"630316-2189762",1,0,1,1,1,0,0,1,1,1,"equal"
"680219-1031512",0,0,1,1,1,1,1,0,1,1,"equal"
"560228-1886239",0,1,0,1,0,0,1,0,1,1,"equal"
"980616-3895350",0,1,0,0,1,0,0,1,1,0,"equal"
"840109-2231700",1,1,1,0,1,1,0,1,0,1,"equal"
"700121-3230238",1,1,1,0,0,0,0,1,1,0,"equal"
"800406-3871713",0,1,0,1,1,0,1,1,1,1,"equal"
"580107-4764899",1,0,1,1,1,0,1,1,0,1,"equal"
"830803-3357860",0,1,1,1,1,1,1,1,0,1,"equal"
"561212-1672240",1,1,1,1,1,1,0,0,0,1,"equal"
"831004-4010982",1,0,1,0,1,0,0,0,1,1,"equal"
"950117-3089805",1,1,0,0,0,1,0,0,1,0,"equal"
"810509-3213507",1,0,1,0,1,0,0,1,1,0,"equal"
"631107-2902042",1,0,0,1,1,1,0,0,1,0,"equal"
"601222-4100387",1,1,1,0,0,1,1,0,0,1,"equal"
"741013-2433661",1,0,0,0,0,1,0,0,1,1,"equal"
"940423-4914584",0,1,1,1,1,1,1,1,0,0,"equal"
"540717-3819887",0,0,1,1,0,1,1,0,1,1,"equal"
"650616-2712040",0,1,0,1,1,1,1,0,0,1,"equal"
"830617-3359685",0,0,1,1,1,0,0,0,0,1,"equal"
"921211-3688002",1,1,0,0,1,0,0,0,0,1,"equal"
"850410-1994657",0,1,0,1,1,1,0,1,1,1,"equal"
"561005-1453905",0,0,0,1,1,0,1,0,0,0,"equal"
"691204-4094942",0,0,1,0,0,1,0,1,0,0,"equal"
"510815-2695222",1,0,1,1,0,0,1,1,1,1,"equal"
"840712-2530621",1,0,1,1,1,0,0,0,0,0,"equal"
"500622-4414348",1,0,0,1,1,0,0,1,0,0,"equal"
"520117-2926093",1,1,1,1,0,1,0,0,0,1,"equal"
"770722-2363161",1,1,1,1,0,0,0,0,1,1,"equal"
"640504-1996811",1,1,0,0,1,0,0,0,1,1,"equal"
"790621-4202119",0,1,0,0,0,0,0,0,0,0,"equal"
"721101-2269574",1,0,0,0,1,1,1,1,0,1,"equal"
"580412-4307743",1,0,0,0,1,1,0,1,1,0,"equal"
"600208-2961579",1,0,0,0,1,0,0,0,0,1,"equal"
"520803-2126171",1,0,0,0,0,0,1,0,1,0,"equal"
"990708-1636682",1,0,1,1,0,1,1,0,1,1,"equal"
"790121-1663539",1,0,0,0,0,0,1,1,1,1,"equal"
"530212-4629253",1,0,1,1,0,1,0,1,0,1,"equal"
"581006-3950448",1,0,0,1,1,1,0,0,1,1,"equal"
"890803-2032671",0,1,1,1,0,0,1,0,0,1,"equal"
"731201-3363819",1,0,1,0,1,0,1,1,0,1,"equal"
"890715-3018098",0,1,1,1,0,0,0,1,1,0,"equal"
"930207-3470849",0,1,0,1,1,1,0,1,0,0,"equal"
"790927-1426604",1,0,0,0,1,0,1,1,1,1,"equal"
"890501-4607059",1,1,0,1,1,0,0,1,0,1,"equal"
"910208-2386533",0,0,0,1,0,1,1,0,0,1,"equal"
"550617-3424754",0,1,0,1,1,1,1,0,0,0,"equal"
"541021-4180341",0,1,0,1,0,0,1,0,1,1,"equal"
"780816-2773152",1,1,0,1,1,1,1,0,0,1,"equal"
"571116-4415455",0,0,0,0,1,1,0,0,0,0,"equal"
"980304-4895963",1,1,0,0,1,1,0,0,1,0,"equal"
"910726-2630192",0,0,1,0,0,1,0,0,0,0,"equal"
"570217-3012369",0,1,1,0,1,0,1,0,1,0,"equal"
"831026-4594645",0,0,0,0,1,1,1,1,1,0,"equal"
"570125-3218315",1,0,0,1,0,1,1,1,0,1,"equal"
"530217-4046500",0,1,1,0,1,0,1,1,1,0,"equal"
"551202-4342299",0,0,0,1,0,0,1,1,1,1,"equal"
"741215-3399218",1,0,1,1,1,0,0,1,1,0,"equal"
"520812-4042025",1,1,1,0,1,1,0,1,0,1,"equal"
"800623-4977803",1,0,0,1,0,0,1,1,0,0,"equal"
"780104-2538579",1,1,0,1,0,0,0,0,0,0,"equal"
"530814-2692989",1,0,0,0,1,0,0,0,0,0,"equal"
"880403-2862107",0,0,0,0,0,1,0,1,1,1,"equal"
"930323-4078997",1,1,0,0,1,1,0,0,0,1,"equal"
"550906-2203488",1,1,0,1,1,1,0,1,0,0,"equal"
"560406-3129586",0,0,1,0,1,0,1,1,1,0,"equal"
"560318-4014296",1,1,1,0,0,0,0,0,1,0,"equal"
"580728-4776912",1,0,1,1,0,1,1,1,1,0,"equal"
"990916-1794780",1,1,0,1,1,0,1,0,1,0,"equal"
"800910-3759166",1,1,0,1,1,0,1,1,1,1,"equal"
"610724-1200105",0,0,0,0,1,0,1,1,0,1,"equal"
"860118-1369008",1,1,0,0,0,1,0,0,0,0,"equal"
"500423-4149673",1,1,1,0,0,0,0,0,1,0,"equal"
"910126-3689016",1,0,1,0,1,0,1,0,0,1,"equal"
"991109-4046842",0,1,0,1,1,1,0,0,1,0,"equal"
"800811-3015044",1,1,1,0,1,0,0,1,0,0,"equal"
"770318-4848615",1,1,0,1,1,1,0,0,0,1,"equal"
"561007-3806240",1,1,1,1,1,1,1,1,1,1,"equal"
"501211-4712533",0,0,0,0,1,0,0,0,1,1,"equal"
"550812-2404788",1,0,0,0,1,0,0,0,1,0,"equal"
"610209-4343750",1,1,0,1,1,1,0,1,0,0,"equal"
"500410-3064487",1,1,1,1,1,1,1,0,1,1,"equal"
"740203-3773453",0,1,1,0,1,1,1,0,1,0,"equal"
"830418-3721954",1,0,0,1,0,0,0,1,0,1,"equal"
"920908-2816847",1,1,0,1,0,0,0,1,0,0,"equal"
"761015-2173102",1,0,1,1,0,1,1,0,0,1,"equal"
"741220-3909504",0,0,1,1,0,1,0,0,0,1,"equal"
"990701-1305287",1,0,1,0,1,0,1,1,0,0,"equal"
"900202-2652542",1,0,0,0,0,0,1,0,0,1,"equal"
"980821-3793286",0,0,0,0,1,0,0,0,1,0,"equal"
"690518-4860427",1,0,1,1,1,1,1,0,0,0,"equal"
"820109-1284155",0,0,1,0,0,1,0,1,1,1,"equal"
"820627-3712114",0,1,1,1,0,0,1,1,1,1,"equal"
"930619-4186234",1,0,1,0,1,1,1,1,0,0,"equal"
"560626-3196293",1,1,0,1,1,0,0,0,1,1,"equal"
"641220-1562998",1,1,1,0,0,1,0,1,0,0,"equal"
"860807-1475399",1,0,0,0,1,1,1,0,1,0,"equal"
"670424-1084932",1,0,0,0,1,0,0,0,0,1,"equal"
"840511-3220494",1,1,0,1,0,1,1,0,0,1,"equal"
"730903-3848254",0,0,0,0,0,0,0,1,1,0,"equal"
"750116-2579261",1,0,1,0,0,1,0,1,0,1,"equal"
"660717-4670701",1,0,1,0,0,0,1,1,0,0,"equal"
"701028-4118419",0,0,0,0,0,0,0,0,0,0,"equal"
"811214-2383935",0,1,0,0,0,0,1,0,0,1,"equal"
"850605-3825614",0,1,0,1,0,0,0,0,0,0,"equal"
"931225-4285033",0,0,1,0,1,1,0,0,1,0,"equal"
"970926-2407099",0,1,0,0,1,1,0,0,1,0,"equal"
"630426-4403052",1,0,1,1,1,0,1,0,1,1,"equal"
"760711-3357542",0,1,0,1,1,1,1,0,0,1,"equal"
"660803-1178932",0,0,1,0,0,0,0,0,1,0,"equal"
"770116-3705673",0,0,0,1,1,0,0,0,0,1,"equal"
"810606-1403798",0,1,1,1,1,1,1,1,1,0,"equal"
"860517-4121503",0,1,0,0,1,1,1,1,1,0,"equal"
"690828-3426469",1,0,1,0,0,1,1,1,0,0,"equal"
"890419-1237283",0,0,1,1,0,1,0,1,1,1,"equal"
"721111-2494710",1,0,1,0,0,1,0,0,0,1,"equal"
"860601-3396421",0,0,0,0,1,1,0,1,0,0,"equal"
"690623-3296722",1,0,1,1,1,0,1,1,0,1,"equal"
"580813-2149644",0,1,0,0,0,1,1,1,0,0,"equal"
"911126-4851439",0,0,0,1,1,0,1,0,0,1,"equal"
"520325-3580734",1,0,1,1,1,1,0,0,0,0,"equal"
"511009-1429331",0,0,0,0,1,1,0,0,0,0,"equal"
"900226-4248895",1,0,0,1,1,0,0,1,0,0,"equal"
"980316-3191327",0,0,1,0,1,1,1,0,1,0,"equal"
"820118-3939870",0,0,0,0,1,0,0,0,0,1,"equal"
"700822-3119555",0,1,1,1,1,1,1,1,1,0,"equal"
"720512-1540676",0,1,1,1,1,1,0,1,0,0,"equal"
"751128-3699910",0,1,1,0,0,0,0,1,0,0,"equal"
"790717-1203223",0,1,0,1,0,1,1,0,1,0,"equal"
"690703-1422200",1,0,1,1,0,0,0,1,0,0,"equal"
"780506-1136765",0,0,0,1,0,0,1,1,0,1,"equal"
"570806-1277623",0,0,1,1,0,1,0,1,1,1,"equal"
"710401-4210969",0,0,0,0,1,1,1,0,0,1,"equal"
"651215-2011894",0,0,0,0,1,1,0,0,0,1,"equal"
"850728-2993842",0,0,0,1,0,0,1,1,0,1,"equal"
"991119-4840043",1,1,0,0,0,1,0,1,1,1,"equal"
"500326-4981250",0,1,0,1,1,1,1,0,1,0,"equal"
"770908-1376021",1,0,1,0,0,0,0,0,1,1,"equal"
"980502-2331338",1,1,0,1,1,0,1,1,0,0,"equal"
"841006-1713329",1,0,1,1,0,0,0,1,0,1,"equal"
"860407-4196170",0,0,1,0,0,0,1,0,1,0,"equal"
"661207-1438973",0,0,1,0,1,0,0,0,0,0,"equal"
"590820-3886496",0,0,0,0,1,1,1,1,1,0,"equal"
"690515-3370161",1,1,0,1,1,0,0,1,1,1,"equal"
"901006-1340399",1,1,1,0,0,0,0,1,0,0,"equal"
"740817-4910110",0,1,1,1,1,0,1,1,0,1,"equal"
"861022-1325143",0,1,1,0,0,1,0,0,0,1,"equal"
"811215-3588904",0,1,1,0,1,0,0,1,0,1,"equal"
"660604-3111757",1,1,1,1,1,1,0,1,1,0,"equal"
"590108-4264036",1,0,1,0,0,0,1,1,0,1,"equal"
"951115-3445641",0,1,1,0,0,0,0,0,1,1,"equal"
"741222-4547844",1,0,0,0,0,0,0,1,0,0,"equal"
"810925-1377517",1,1,1,1,1,0,1,1,0,1,"equal"
"991009-1068650",1,0,0,0,0,0,0,0,1,0,"equal"
"820523-4700918",1,0,0,1,0,1,0,0,0,0,"equal"
"960205-1671521",1,0,0,1,1,1,1,1,1,1,"equal"
"630122-3709194",1,0,1,1,1,0,0,1,0,0,"equal"
"640703-1920311",1,0,1,1,0,1,0,1,0,0,"equal"
"670418-3030346",0,1,0,0,1,1,1,0,1,1,"equal"
"621007-4728754",0,0,0,1,1,0,0,0,1,1,"equal"
"630122-1186697",0,0,0,0,1,1,0,1,0,1,"equal"
"941025-2799937",0,0,0,0,0,1,1,1,1,0,"equal"
"730805-4869491",1,1,0,1,1,1,1,1,1,1,"equal"
"510422-2673650",1,1,0,1,1,1,0,1,1,0,"equal"
"670301-2292544",1,0,1,1,1,1,1,0,1,1,"equal"
"571008-3980893",1,0,1,0,0,1,0,0,0,0,"equal"
"520714-1925555",0,0,0,0,0,1,1,1,1,0,"equal"
"770615-3294523",1,0,0,1,0,0,0,1,0,1,"equal"
"941104-3660895",1,1,1,1,1,0,0,1,0,0,"equal"
"560415-4019064",0,1,0,0,0,0,0,1,0,0,"equal"
"760404-3654954",1,0,0,0,0,0,1,1,1,1,"equal"
"910525-3192177",0,0,0,1,0,0,0,0,1,1,"equal"
"830119-3897497",1,0,0,1,1,1,1,0,0,0,"equal"
"671204-2569964",1,0,1,1,0,0,0,1,0,1,"equal"
"840219-3516681",0,0,0,0,0,0,1,1,0,1,"equal"
"770522-2796970",0,1,1,0,0,0,1,0,0,0,"equal"
"940524-1094997",1,1,1,0,1,1,1,0,1,1,"equal"
"610813-3460244",1,1,1,0,1,0,1,1,0,0,"equal"
"620619-1863786",0,0,0,1,1,1,0,0,1,0,"equal"
"530224-2562030",1,0,0,0,1,1,0,1,0,1,"equal"
"851003-3648813",0,1,1,0,0,0,1,0,1,1,"equal"
"680206-2370048",0,1,1,1,1,1,0,1,0,0,"equal"
"610408-3919539",0,0,0,0,1,0,0,0,1,1,"equal"
"831113-1681028",1,1,1,0,0,1,1,1,1,0,"equal"
"640807-2469902",1,1,1,0,0,0,1,0,0,0,"equal"
"720205-3232648",1,1,1,0,1,0,0,1,1,0,"equal"
"660612-4568559",1,0,1,0,0,0,0,1,1,0,"equal"
"581024-4685235",0,0,1,0,1,0,1,1,0,1,"equal"
"960422-2639830",1,1,0,0,0,0,1,0,0,1,"equal"
"780203-1163495",0,0,1,1,1,0,0,0,0,1,"equal"
"520914-3989208",1,1,1,1,1,1,0,0,0,0,"equal"
"781013-3933589",0,0,0,1,0,0,1,1,0,1,"equal"
"811012-1777720",0,0,0,1,0,0,1,0,0,1,"equal"
"850716-2615261",0,0,0,1,0,0,1,1,1,0,"equal"
"910224-4568524",0,0,1,0,1,0,0,1,0,1,"equal"
"531114-3899595",0,0,0,0,1,0,1,1,0,1,"equal"
"840822-2575992",1,1,0,1,0,0,0,1,1,1,"equal"
"750411-3207720",1,1,0,0,0,0,0,1,0,1,"equal"
"910424-4161636",0,1,1,1,1,0,0,1,1,0,"equal"
"610525-1607690",1,1,0,0,0,0,0,0,0,1,"equal"
"641210-1059049",1,1,1,1,0,1,0,0,1,1,"equal"
"521016-3712051",1,1,1,1,1,0,0,1,0,1,"equal"
"910508-2941979",0,1,0,1,1,1,0,0,1,1,"equal"
"611108-2883549",0,0,0,1,1,1,0,1,0,0,"equal"
"540711-2577922",1,0,0,1,0,0,0,1,0,1,"equal"
"680407-2133320",0,0,1,0,1,1,0,1,1,1,"equal"
"620908-2365328",0,1,1,0,0,1,1,0,0,1,"equal"
"600304-4716879",0,0,0,1,0,1,1,1,0,1,"equal"
"841216-2022207",1,0,0,1,0,1,1,1,1,1,"equal"
"840815-3982688",0,0,1,0,0,1,1,0,0,0,"equal"
"580219-4738398",0,1,0,0,0,1,0,1,0,0,"equal"
"940102-2555734",0,0,1,1,1,1,1,1,0,1,"equal"
"650110-2916273",0,0,0,1,1,0,0,0,0,0,"equal"
"950121-3336389",1,0,1,1,0,0,0,0,0,0,"equal"
"960527-4045179",1,1,1,0,0,1,1,1,1,1,"equal"
"621011-2929327",0,0,1,0,0,1,0,1,0,1,"equal"
"760502-2959694",0,1,1,0,1,1,1,0,1,0,"equal"
"940909-1067894",0,0,0,0,0,0,1,1,0,1,"equal"
"530601-3078489",0,1,0,1,1,0,0,0,0,0,"equal"
"950205-4763861",0,0,0,0,1,0,1,0,1,0,"equal"
"870305-4905192",0,0,1,1,0,1,0,0,1,0,"equal"
"661214-4705114",0,0,1,1,0,1,0,1,1,0,"equal"
"931024-3657767",0,1,1,0,0,0,1,1,1,1,"equal"
"810615-2355630",1,1,1,0,1,1,1,0,0,0,"equal"
"700308-3350710",1,0,0,0,1,1,1,0,1,0,"equal"
"571111-3846972",0,1,1,1,1,0,0,1,0,1,"equal"
"660203-4346866",1,0,0,0,1,0,0,1,0,0,"equal"
"920803-4684661",0,0,0,0,0,1,0,1,1,1,"equal"
"710902-3627209",0,0,1,0,1,1,0,1,0,1,"equal"
"720111-3835143",1,0,1,0,1,0,0,1,0,0,"equal"
"820622-4642657",1,1,1,1,0,1,0,1,0,1,"equal"
"620624-4727882",1,0,0,0,0,0,0,0,0,1,"equal"
"590712-2475316",1,1,0,1,1,1,1,0,0,0,"equal"
"660817-4350659",1,1,1,0,0,0,0,0,1,0,"equal"
"930906-2764054",1,1,1,0,0,0,0,0,0,1,"equal"
"900417-4375418",0,1,0,1,1,0,0,1,1,1,"equal"
"650816-4505224",0,0,1,0,1,0,0,1,1,0,"equal"
"990728-3832455",1,1,1,0,0,1,1,0,1,0,"equal"
"601002-3625465",1,1,1,0,0,1,0,1,1,0,"equal"
"590128-4885591",1,1,0,1,1,1,0,0,0,0,"equal"
"670211-1967696",0,0,0,0,1,1,0,1,0,0,"equal"
"960314-4863836",1,0,1,1,0,0,1,0,1,1,"equal"
"920121-2863695",1,1,0,1,0,1,1,1,1,1,"equal"
"910123-3851683",1,1,0,0,0,1,1,1,0,1,"equal"
"780102-4678545",0,1,1,1,1,0,1,1,1,0,"equal"
"560118-3528558",1,1,0,0,1,1,1,1,0,1,"equal"
"520623-3900046",1,1,0,1,1,1,1,0,1,0,"equal"
"670514-3191569",1,0,1,1,0,1,1,0,1,1,"equal"
"580822-1982229",1,1,1,0,0,0,1,1,0,1,"equal"
"671228-1768475",0,0,1,1,0,0,1,1,0,0,"equal"
"851005-2045528",0,1,0,1,0,1,1,0,0,1,"equal"
"910304-2293461",0,1,0,0,0,0,1,1,1,0,"equal"
"521106-4941995",1,1,1,1,0,1,1,1,1,0,"equal"
"910122-4446275",0,1,0,0,0,0,0,1,0,0,"equal"
"780220-4378900",0,1,0,1,0,0,0,0,0,1,"equal"
"600102-4715166",0,0,0,0,0,1,1,0,0,1,"equal"
"591204-4997178",0,0,0,0,1,1,0,0,0,1,"equal"
"560427-1841122",0,1,0,0,1,1,1,0,1,1,"equal"
"860705-1275261",0,0,1,0,1,0,0,0,0,1,"equal"
"530225-1958928",0,1,1,1,1,0,1,1,0,1,"equal"
"850706-4740817",0,1,1,0,1,1,0,1,0,1,"equal"
"770522-3785744",1,0,0,0,0,1,0,0,0,0,"equal"
"760221-2655670",1,0,0,1,1,0,0,0,0,0,"equal"
"860211-3444075",0,0,1,0,1,0,1,0,1,0,"equal"
"590612-1348143",0,1,1,0,1,0,1,1,0,0,"equal"
"500505-3727284",0,0,1,0,0,1,1,1,1,0,"equal"
"580820-1804735",1,0,1,0,1,1,0,1,0,0,"equal"
"790621-2766489",0,1,1,0,0,1,1,0,1,1,"equal"
"731103-3370276",1,1,0,0,1,1,0,1,1,0,"equal"
"501214-4037066",0,0,1,1,1,1,1,0,1,0,"equal"
"750707-1426627",1,1,0,0,1,0,0,1,0,0,"equal"
"580117-4503951",1,0,1,0,1,1,1,0,0,1,"equal"
"781110-1295971",1,1,1,1,0,0,1,0,1,1,"equal"
"511116-1459302",0,0,1,1,0,0,1,0,0,1,"equal"
"740927-3906346",1,0,1,1,0,0,1,0,1,0,"equal"
"890621-4624184",0,0,0,1,1,1,0,1,0,1,"equal"
"700510-4723870",1,0,0,1,0,0,0,0,1,1,"equal"
"570827-1915554",1,1,0,0,0,0,1,0,1,1,"equal"
"810902-4087491",0,0,0,1,0,1,1,0,1,1,"equal"
"581115-3237764",0,0,0,1,0,0,0,0,0,1,"equal"
"861212-2979712",1,0,1,0,0,1,0,1,1,1,"equal"
"950722-2222862",1,1,1,1,0,0,1,0,0,1,"equal"
"820308-1167125",0,1,0,1,0,1,1,0,1,0,"equal"
"571117-3862690",0,1,1,1,0,0,0,1,1,0,"equal"
"721216-1620500",1,0,0,1,1,1,0,0,1,0,"equal"
"900722-4537113",1,1,1,1,0,0,1,0,0,0,"equal"
"690317-1918352",1,1,0,1,0,0,0,1,0,0,"equal"
"931223-4468965",0,0,0,1,0,0,0,1,0,0,"equal"
"710316-1172985",0,0,1,1,1,1,0,1,1,1,"equal"
"621216-3428233",1,0,0,0,1,1,1,0,1,1,"equal"
"890820-3205811",0,0,0,0,1,1,0,1,1,1,"equal"
"720605-2703441",1,1,0,0,0,1,1,1,0,0,"equal"
"870820-3037255",1,0,0,1,1,1,0,1,0,0,"equal"
"650618-3802808",0,0,0,1,0,0,1,1,1,0,"equal"
"611225-2025762",1,1,1,1,1,0,0,0,0,0,"equal"
"810115-3921909",0,1,1,1,1,1,1,1,0,0,"equal"
"830609-1282714",0,1,0,1,1,1,1,1,0,1,"equal"
"940116-1430662",1,0,1,0,0,1,0,1,0,0,"equal"
"700109-4166263",0,0,0,1,0,1,0,0,0,1,"equal"
"781106-3054204",1,0,0,0,0,1,0,1,0,0,"equal"
"640725-3351064",1,1,0,0,1,0,1,0,1,1,"equal"
"710711-3351075",0,1,1,1,1,0,0,0,0,1,"equal"
"600927-4361283",1,0,1,1,1,0,1,0,0,0,"equal"
"961014-3456543",1,1,1,0,1,0,1,1,1,1,"equal"
"971208-3004421",0,1,1,1,1,0,1,0,0,1,"equal"
"850225-4826399",1,1,1,0,0,0,0,1,1,1,"equal"
"630923-4086581",0,0,1,1,0,0,1,0,0,0,"equal"
"511103-2496172",0,0,1,0,0,0,0,1,1,0,"equal"
"530203-1661584",0,1,1,0,1,0,1,1,0,1,"equal"
"960620-1380507",0,1,0,1,1,0,0,0,0,0,"equal"
"500516-2835750",1,1,1,1,1,1,1,1,0,0,"equal"
"971022-3604586",0,1,0,1,1,0,0,0,0,1,"equal"
"550712-3059220",1,1,0,0,1,1,0,1,0,1,"equal"
"870525-3891241",1,1,0,1,0,1,1,0,0,0,"equal"
"600116-1600057",1,0,1,1,1,1,1,0,1,1,"equal"
"640312-1499328",1,0,1,1,0,1,0,0,1,0,"equal"
"620410-3137559",1,0,0,0,1,0,1,0,1,0,"equal"
"630823-4362225",0,0,0,0,1,0,1,1,1,1,"equal"
"961022-4715026",1,1,0,1,1,0,0,0,0,1,"equal"
"740304-4862372",1,0,0,1,1,0,1,1,0,1,"equal"
"701227-2096332",0,1,0,1,1,0,1,1,1,1,"equal"
"641124-4994612",1,0,0,0,0,1,0,0,0,0,"equal"
"560702-4645262",1,0,0,1,0,0,0,1,1,0,"equal"
"540901-1057191",1,1,0,1,0,1,1,0,1,1,"equal"
"890611-1717725",1,0,0,0,0,0,1,0,0,1,"equal"
"670521-4157092",1,0,0,0,0,0,1,0,0,0,"equal"
"581105-4253840",1,1,0,1,0,0,1,0,1,0,"equal"
"961223-2812834",1,0,1,1,0,1,0,1,1,1,"equal"
"740212-3322586",0,0,1,1,1,1,1,0,0,0,"equal"
"901124-3157970",1,0,0,0,0,0,0,1,0,0,"equal"
"750307-3832391",1,0,1,1,1,0,1,0,0,0,"equal"
"890621-4507518",0,0,1,0,0,0,1,0,1,1,"equal"
"530312-4879389",1,1,0,1,1,1,1,1,1,0,"equal"
"970409-1845846",1,1,0,0,1,1,0,1,1,1,"equal"
"571127-4632061",0,1,0,1,0,1,0,1,1,1,"equal"
"570627-1316045",1,0,0,1,0,1,0,0,0,1,"equal"
"601209-4206285",1,1,0,0,0,1,0,0,0,0,"equal"
"690917-4205835",1,0,0,0,0,0,0,0,1,0,"equal"
"510924-1191986",1,0,0,1,1,1,0,0,0,0,"equal"
"570420-2848082",1,0,0,0,0,1,0,1,0,1,"equal"
"650509-1965342",1,0,0,1,0,1,0,1,0,0,"equal"
"500420-2530915",1,1,1,0,0,0,1,0,1,0,"equal"
"870502-1790483",0,1,1,1,1,1,1,1,1,0,"equal"
"780514-1898352",0,0,1,0,0,1,1,0,1,0,"equal"
"830309-1325411",1,1,0,1,1,1,0,1,0,0,"equal"
"730319-2801773",1,1,0,0,0,1,0,0,1,1,"equal"
"900407-3857504",1,1,0,1,1,0,0,0,1,1,"equal"
"610620-3797432",1,0,1,0,1,0,1,1,1,0,"equal"
"850107-3537436",0,0,1,0,1,1,1,0,1,0,"equal"
"570401-1050212",0,0,1,0,1,1,1,1,1,0,"equal"
"990605-4822303",0,0,1,1,1,0,0,0,1,1,"equal"
"791006-3444017",0,0,1,1,1,1,1,0,0,1,"equal"
"871008-2726539",1,1,1,0,1,0,0,0,1,1,"equal"
"590615-1636597",0,1,0,0,1,1,0,1,0,1,"equal"
"810903-3351609",0,1,1,0,0,1,1,0,1,0,"equal"
"770921-1416558",1,0,1,0,0,0,1,1,1,1,"equal"
"601018-1343354",1,0,1,0,1,1,0,0,0,0,"equal"
"680420-4462241",1,0,0,0,0,0,1,1,0,0,"equal"
"710609-4328473",0,0,0,0,0,0,1,1,1,0,"equal"
"931025-1321125",1,1,1,1,0,1,1,1,0,0,"equal"
"700807-3170272",0,1,0,0,1,1,0,1,0,0,"equal"
"840820-1146840",0,0,1,1,1,1,1,1,1,1,"equal"
"881015-1684541",0,0,1,0,1,1,0,0,0,0,"equal"
"540906-3146331",1,1,1,0,1,0,1,1,1,1,"equal"
"910118-1633704",0,1,1,1,1,0,0,1,0,1,"equal"
"830911-4031094",1,0,1,1,0,1,1,0,1,0,"equal"
"960526-3581993",1,0,0,0,1,0,1,0,0,1,"equal"
"720124-4424957",1,1,0,1,0,1,1,0,0,0,"equal"
"600304-4477339",0,0,0,1,0,0,0,0,0,0,"equal"
"820403-3110925",1,1,1,1,1,0,1,0,1,0,"equal"
"680211-3897910",1,0,1,1,1,1,1,0,0,0,"equal"
"950927-4653438",0,1,1,1,0,0,1,0,0,0,"equal"
"561004-3535992",0,0,0,0,1,0,0,1,0,1,"equal"
"891213-3440274",1,0,1,1,1,0,1,0,1,1,"equal"
"640728-1246273",0,0,1,1,0,0,1,0,0,1,"equal"
"670201-1502349",0,0,1,0,0,0,0,1,1,1,"equal"
"830412-3037376",1,0,1,0,0,1,0,0,1,1,"equal"
"780906-2120352",0,0,1,1,1,1,1,1,0,0,"equal"
"560207-1852477",1,0,0,1,1,1,1,1,1,0,"equal"
"800607-3352866",1,0,0,0,1,0,0,0,1,0,"equal"
"990613-3069620",1,0,0,1,0,1,1,1,1,0,"equal"
"930217-2753317",1,1,1,1,0,1,0,0,0,1,"equal"
"940114-4920084",1,1,0,1,1,1,0,1,1,1,"equal"
"680502-2174373",1,1,1,0,0,1,0,1,1,1,"equal"
"951212-2833320",1,0,1,1,0,1,1,0,0,0,"equal"
"560418-2808076",1,1,1,0,0,1,0,1,1,1,"equal"
"560508-2962924",0,1,1,0,1,0,0,1,0,1,"equal"
"620524-3985009",1,0,0,0,0,1,1,0,0,1,"equal"
"840517-4328086",0,1,0,0,1,1,0,0,0,0,"equal"
"600219-4925704",1,1,0,0,0,0,1,1,1,1,"equal"
"940805-2012341",0,1,0,1,0,1,1,0,0,1,"equal"
"791114-1301802",1,0,1,0,0,0,0,1,1,1,"equal"
"570908-1712369",0,0,0,1,1,0,0,0,0,1,"equal"
"920506-2442862",1,1,0,0,1,1,1,1,1,0,"equal"
"720617-2248310",1,1,0,0,0,0,1,1,0,1,"equal"
"660402-3960742",0,0,0,0,0,1,1,0,1,0,"equal"
"590720-4861220",0,0,1,0,1,1,1,0,1,1,"equal"
"840121-4512328",1,0,1,1,1,0,0,1,1,0,"equal"
"810703-1023915",1,0,1,1,0,0,1,1,0,1,"equal"
"981220-3290588",0,0,0,0,0,0,0,0,1,1,"equal"
"540618-3378534",0,1,0,1,1,0,1,1,0,1,"equal"
"580403-4117557",0,0,1,1,1,0,0,1,1,0,"equal"
"890420-1863705",1,1,1,0,1,0,1,1,0,1,"equal"
"790302-4735767",1,0,0,1,0,1,0,1,1,0,"equal"
"770802-2586150",1,0,1,1,0,0,0,0,0,1,"equal"
"540218-4507695",1,1,1,0,1,0,0,0,0,0,"equal"
"750616-3679763",1,0,0,0,0,0,0,0,1,0,"equal"
"960428-2077763",1,0,1,1,1,1,1,1,0,0,"equal"
"730123-2720371",1,1,1,1,0,0,0,0,0,1,"equal"
"820111-4010960",1,0,1,0,1,1,0,1,1,1,"equal"
"750713-4545865",0,0,1,0,0,0,1,0,1,1,"equal"
"730303-2768573",0,0,1,1,0,1,0,1,0,0,"equal"
"710321-1935015",0,1,1,0,0,0,1,1,0,1,"equal"
"560813-2870222",0,0,1,1,1,1,0,1,0,1,"equal"
"911211-4157151",1,0,0,0,0,0,1,0,1,1,"equal"
"521024-2025776",0,1,0,0,0,0,1,0,1,0,"equal"
"721004-3181628",1,0,1,1,0,0,1,1,1,1,"equal"
"640404-3771805",0,0,0,0,0,0,0,0,1,1,"equal"
"890115-2128323",1,0,0,1,1,1,0,0,1,1,"equal"
"850611-2901946",0,1,1,0,1,1,0,1,0,0,"equal"
"620515-2828816",1,1,0,0,1,0,1,1,0,1,"equal"
"680121-4886774",1,1,1,1,0,1,0,1,0,0,"equal"
"881006-1340810",1,1,1,1,0,0,1,0,0,0,"equal"
"940621-1399172",0,0,1,1,0,1,0,1,1,0,"equal"
"840604-3906121",0,1,0,1,0,1,0,1,0,0,"equal"
"960709-2021222",0,0,0,0,0,1,0,1,1,0,"equal"
"751213-4749203",1,0,0,1,0,0,1,1,0,1,"equal"
"791103-3529389",0,0,0,1,1,1,0,0,0,1,"equal"
"780820-4967432",1,0,1,1,0,0,0,1,1,0,"equal"
"920323-4832313",0,0,1,0,0,1,1,0,0,0,"equal"
"680418-2662242",1,0,0,1,0,0,0,0,0,1,"equal"
"550828-4027112",1,1,1,0,1,0,1,1,0,0,"equal"
"820206-1993053",1,1,1,1,1,1,0,1,1,1,"equal"
"790118-2053250",1,0,1,0,0,1,1,1,0,0,"equal"
"520723-4271952",0,1,1,1,0,0,0,0,0,1,"equal"
"690318-4532098",1,0,0,1,0,1,0,1,0,0,"equal"
"880822-3126114",0,1,1,0,0,1,0,0,1,0,"equal"
"950717-3791041",1,1,1,0,0,1,1,0,1,0,"equal"
"721005-1894297",0,1,1,0,1,0,0,1,1,1,"equal"
"771202-3081093",1,1,0,0,0,0,0,0,1,0,"equal"
"891009-4326733",1,1,0,1,0,1,1,1,1,1,"equal"
"900502-3345871",0,0,1,0,1,0,0,1,1,1,"equal"
"691024-2671360",1,1,1,0,0,1,0,1,1,0,"equal"
"961204-4343911",1,0,0,1,0,0,0,0,0,0,"equal"
"590120-2618295",1,1,1,1,1,1,0,0,0,0,"equal"
"570909-2364470",1,0,0,1,1,1,0,0,0,1,"equal"
"650910-4420865",0,1,0,0,1,1,1,0,0,1,"equal"
"980606-3377053",0,0,1,0,0,1,1,0,0,1,"equal"
"550921-2848684",0,1,0,0,0,1,1,0,0,1,"equal"
"991012-4433877",0,1,1,0,0,0,1,1,0,1,"equal"
"520611-4370733",1,1,1,0,0,0,1,0,0,1,"equal"
"770522-3680091",0,1,0,1,0,1,1,1,1,1,"equal"
"600624-3928921",0,1,0,1,0,1,1,1,1,1,"equal"
"650327-2380429",1,0,0,0,0,1,0,0,0,1,"equal"
"610513-3850700",0,1,0,1,0,0,1,0,0,1,"equal"
"820725-4692949",1,0,0,1,0,1,1,1,1,1,"equal"
"960906-1530240",0,0,0,1,0,1,0,1,0,0,"equal"
"610305-4188361",1,0,1,1,0,1,0,1,1,1,"equal"
"940322-3185331",0,1,0,0,1,0,1,0,0,1,"equal"
"610306-4882104",0,0,1,1,0,1,1,0,1,1,"equal"
"650226-1369013",1,1,0,0,1,0,0,0,0,1,"equal"
"660210-2915518",1,1,0,0,0,1,0,0,1,1,"equal"
"870605-1798094",1,1,1,0,1,1,0,0,0,1,"equal"
"551216-3503403",1,0,0,1,1,0,1,1,0,0,"equal"
"571228-1421534",0,1,1,0,1,0,1,0,0,1,"equal"
"610615-2878546",0,0,1,1,0,1,1,1,0,0,"equal"
"840308-1752246",1,0,0,1,1,0,1,0,1,1,"equal"
"700701-1430052",1,0,1,1,1,1,1,1,0,0,"equal"
"950623-2613103",1,0,1,1,0,0,0,0,1,0,"equal"
"620901-3736838",0,0,0,0,0,1,0,0,1,0,"equal"
"511016-4228069",1,0,1,1,0,0,0,1,0,0,"equal"
"611127-4684130",0,1,0,1,0,1,1,0,0,1,"equal"
"690918-2356856",1,1,1,0,1,0,0,1,1,0,"equal"
"840313-3873961",0,1,1,1,1,1,0,1,0,0,"equal"
"740621-4370445",1,1,0,1,0,1,1,1,1,0,"equal"
"790127-1230616",0,1,0,1,1,0,1,0,0,1,"equal"
"720826-1854504",0,0,1,0,0,1,0,1,1,1,"equal"
"770627-3002973",1,1,0,0,1,0,0,0,1,0,"equal"
"930324-3351283",0,1,1,1,1,0,1,1,1,1,"equal"
"701107-4166083",0,0,1,1,0,0,0,0,1,0,"equal"
"510426-2029201",0,0,1,0,0,1,0,0,0,0,"equal"
"960428-2728347",0,1,1,0,1,0,0,1,0,1,"equal"
"610818-1725255",0,1,0,0,0,1,1,1,1,1,"equal"
"960703-4311591",0,1,1,0,0,1,0,0,0,1,"equal"
"570604-1965193",0,1,1,1,0,1,0,0,0,1,"equal"
"680609-2815920",1,1,1,1,1,0,0,0,1,0,"equal"
"860512-2594617",1,1,0,0,0,1,1,1,0,1,"equal"
"670919-1108172",1,0,1,1,0,1,1,1,1,1,"equal"
"710504-1544128",0,1,0,0,0,1,1,1,0,0,"equal"
"500428-1977855",1,0,1,1,1,0,1,0,0,0,"equal"
"701021-2733123",0,0,1,0,1,1,0,1,0,1,"equal"
"820617-1048775",0,1,0,1,1,1,0,0,1,0,"equal"
"531213-3110028",0,1,1,0,0,0,0,1,0,1,"equal"
"531016-3136833",1,1,1,1,0,0,0,0,0,0,"equal"
"940619-4762837",1,0,1,0,1,1,0,0,1,0,"equal"
"791207-2548246",0,1,0,1,1,0,1,0,1,0,"equal"
"930616-2190843",1,1,0,1,1,0,0,1,1,0,"equal"
"660822-1724384",1,0,0,0,1,1,0,1,1,0,"equal"
"920724-1447053",0,0,1,1,1,0,1,1,1,1,"equal"
"660206-3701598",0,1,0,0,1,0,0,1,0,0,"equal"
"990107-3783342",0,1,1,0,0,1,0,0,0,0,"equal"
"730809-4329746",0,0,0,1,0,0,0,0,1,1,"equal"
"911221-4317764",0,1,1,1,1,0,0,1,1,0,"equal"
"510720-3013558",0,0,0,1,1,0,0,0,0,0,"equal"
"770527-4679731",0,1,1,0,0,0,0,0,1,1,"equal"
"841120-1450801",0,1,1,0,0,1,1,0,0,1,"equal"
"900912-2329825",0,0,0,0,1,0,0,1,0,1,"equal"
"890716-3385585",1,0,1,1,0,1,1,1,1,1,"equal"
"790617-4954462",0,1,1,1,1,1,1,0,0,1,"equal"
"710323-4102216",1,0,1,1,0,0,0,1,0,1,"equal"
"840717-3548262",1,0,0,0,0,0,1,0,1,0,"equal"
"880725-2604442",0,0,0,1,1,1,0,0,0,0,"equal"
"790914-3487878",1,1,0,0,1,1,0,1,0,1,"equal"
"910509-2807805",1,1,0,0,0,0,0,1,1,1,"equal"
"791011-1622384",0,1,0,1,0,0,1,0,0,0,"equal"
"640806-3095468",1,0,1,1,0,1,1,1,0,0,"equal"
"550322-3831060",0,1,0,0,0,0,1,0,1,1,"equal"
"880717-2899667",1,0,1,0,1,1,0,1,0,0,"equal"
"891010-2053526",0,1,1,1,1,0,1,1,0,1,"equal"
"680120-2147019",1,1,1,1,1,0,0,0,0,0,"equal"
"880926-4572107",0,0,1,1,1,1,1,1,0,1,"equal"
"670922-2677887",0,1,1,0,0,1,1,0,0,1,"equal"
"570828-3320576",1,1,0,0,0,1,1,0,1,0,"equal"
"541219-4583112",0,1,0,1,0,1,0,0,0,0,"equal"
"711107-4531462",1,1,1,0,1,1,1,1,1,0,"equal"
"500118-2082244",1,1,1,1,0,1,0,1,1,1,"equal"
"620206-3494162",1,0,0,1,1,0,1,1,1,1,"equal"
"810128-1153150",1,1,0,1,1,1,0,1,1,0,"equal"
"960713-4463184",1,0,0,1,0,0,0,1,1,1,"equal"
"911006-3118912",0,0,0,1,0,0,1,0,0,1,"equal"
"511212-2039185",1,0,0,0,1,0,0,0,0,1,"equal"
"970811-4959584",1,1,0,0,1,0,1,1,0,1,"equal"
"560428-2840905",1,1,1,1,0,1,1,0,1,0,"equal"
"780401-3617331",1,0,0,0,0,1,0,1,1,0,"equal"
"790123-4833160",0,1,1,1,1,1,0,1,0,1,"equal"
"800517-1576385",1,1,1,1,0,0,0,1,1,1,"equal"
"830712-3628408",0,0,1,1,1,0,0,1,1,0,"equal"
"951106-4366962",1,1,0,1,0,1,1,1,0,0,"equal"
"620423-3810879",0,0,1,1,1,1,0,1,0,0,"equal"
"511014-3026047",1,0,1,1,1,0,1,0,0,0,"equal"
"860220-2532745",1,1,1,1,0,0,0,0,0,0,"equal"
"681012-3748420",1,0,1,1,1,1,0,1,0,0,"equal"
"680919-3922996",1,0,1,1,1,1,0,1,1,1,"equal"
"920422-2128710",1,0,1,0,0,0,1,0,0,0,"equal"
"521120-2802490",0,1,1,1,0,1,0,0,0,0,"equal"
"760611-3591769",0,1,1,1,1,0,0,1,1,1,"equal"
"641227-1003980",1,0,0,0,0,0,1,1,1,0,"equal"
"650107-3456305",1,1,1,1,1,1,0,0,1,0,"equal"
"511025-2342436",0,0,0,0,1,0,1,0,1,1,"equal"
"550720-1814021",0,0,0,1,1,0,1,1,1,0,"equal"
"561012-4104931",1,1,0,0,1,0,0,0,0,1,"equal"
"660906-4111576",1,1,1,1,0,0,0,0,0,0,"equal"
"741213-2781316",1,0,1,0,1,1,1,0,0,1,"equal"
"841108-3580960",0,0,1,0,0,0,0,1,0,0,"equal"
"970803-2209874",1,1,1,1,1,0,0,1,1,0,"equal"
"650728-4838417",0,0,0,1,0,1,0,1,0,0,"equal"
"540128-3456267",1,1,0,0,1,1,0,0,0,0,"equal"
"610910-3375977",0,1,1,1,0,1,0,1,0,1,"equal"
"841119-3494505",1,0,0,1,0,0,1,0,0,1,"equal"
"830218-1778174",0,1,0,0,0,0,1,1,0,1,"equal"
"880127-4595725",1,0,1,1,1,1,0,0,0,1,"equal"
"720718-1657032",0,1,0,1,0,1,1,0,1,1,"equal"
"810508-1011984",1,1,0,1,0,1,0,0,0,0,"equal"
"540710-4218580",1,1,0,0,0,0,0,0,1,0,"equal"
"550906-1390634",0,1,1,1,1,1,1,1,0,0,"equal"
"830425-2660998",0,0,0,0,1,1,1,1,0,1,"equal"
"800414-2923543",0,1,1,0,1,1,1,0,1,1,"equal"
"571009-1502655",1,0,0,1,0,0,1,0,0,1,"equal"
"840311-4355151",0,0,1,0,1,1,1,0,1,0,"equal"
"791018-4017196",1,1,0,0,1,0,1,0,1,0,"equal"
"530625-4255585",0,1,0,1,0,0,0,1,1,1,"equal"
"570408-4302960",1,1,0,0,1,0,0,0,0,0,"equal"
"680505-1867431",1,1,1,1,1,0,0,1,1,0,"equal"
"520611-3844605",0,0,1,0,1,1,1,0,0,1,"equal"
"650401-4152448",1,1,1,1,1,1,1,1,1,0,"equal"
"790202-2868472",0,0,0,0,1,1,1,0,0,1,"equal"
"601012-4970776",1,0,0,1,1,0,0,1,0,1,"equal"
"740704-1635323",0,0,1,0,0,0,1,0,1,1,"equal"
"600503-1854473",0,1,1,0,1,0,0,1,0,0,"equal"
"930623-3912368",0,0,1,0,0,0,0,1,0,0,"equal"
"601105-3049048",1,1,0,0,1,0,1,1,1,1,"equal"
"501003-3644982",1,0,0,1,0,1,1,1,0,0,"equal"
"850624-1766231",0,1,0,0,0,1,1,1,1,0,"equal"
"760602-3402832",1,0,1,1,0,1,1,0,0,1,"equal"
"820315-2588622",1,0,0,1,0,0,0,0,1,1,"equal"
"670802-4791620",0,0,0,1,0,1,0,1,0,0,"equal"
"790907-3240313",1,1,0,0,1,1,1,0,1,1,"equal"
"550804-1377764",1,1,1,0,0,1,0,1,0,1,"equal"
"670923-1090998",0,0,0,1,0,1,1,0,1,1,"equal"
"590110-4708397",1,1,0,0,1,1,1,0,0,0,"equal"
"680802-1651649",1,0,0,1,0,1,1,0,1,0,"equal"
"980705-2004823",1,1,1,0,0,0,0,1,1,0,"equal"
"631007-1200651",0,1,1,0,0,0,0,0,0,1,"equal"
"581012-1876819",0,0,1,0,0,1,1,1,1,0,"equal"
"850424-1794165",0,1,1,1,0,1,0,0,1,1,"equal"
"831020-2155674",1,1,0,1,1,0,1,1,1,1,"equal"
"840305-1386064",1,0,1,1,0,1,1,1,0,1,"equal"
"640328-4606931",0,1,0,1,1,0,0,0,0,1,"equal"
"701124-2819017",1,0,1,0,1,0,0,1,0,1,"equal"
"810504-2741240",0,0,0,1,0,1,1,1,0,0,"equal"
"590501-2345846",1,1,1,1,0,0,1,0,1,0,"equal"
"891125-3681593",1,0,0,0,1,1,1,0,0,1,"equal"
"500511-2293407",1,0,1,0,1,0,1,1,0,0,"equal"
"590516-1434725",1,1,0,1,0,0,1,0,1,1,"equal"
"910323-4536026",1,1,1,1,0,1,0,1,1,1,"equal"
"650110-1061511",0,1,0,1,1,0,0,1,0,0,"equal"
"511219-3153085",0,1,1,0,1,0,1,1,1,0,"equal"
"600301-1063451",0,1,1,0,1,0,0,0,1,1,"equal"
"600101-4625897",0,1,1,1,1,0,0,1,1,0,"equal"
"821218-4581365",1,0,0,1,1,1,0,0,0,0,"equal"
"830509-3406747",1,0,1,0,1,1,1,0,0,1,"equal"
"540302-1334363",1,1,0,0,1,0,1,1,1,1,"equal"
"960722-3614132",1,1,1,1,0,0,0,1,0,0,"equal"
"501203-3715821",0,1,0,0,1,0,1,1,0,1,"equal"
"670918-3667257",1,0,0,1,0,1,0,0,1,1,"equal"
"741026-2402189",0,1,1,1,0,1,0,1,0,1,"equal"
"500503-2585659",0,0,1,0,1,1,0,0,1,0,"equal"
"720414-1755343",0,0,0,1,1,0,1,0,1,1,"equal"
"671025-2375734",1,1,0,0,1,0,0,0,1,0,"equal"
"540727-3822442",1,1,1,0,0,1,0,0,1,1,"equal"
"850812-3300617",0,1,0,1,1,1,0,1,1,1,"equal"
"680203-4502675",0,1,0,0,0,0,1,1,0,1,"equal"
"620402-1048468",0,0,1,0,0,1,0,1,1,1,"equal"
"950228-4587951",1,1,1,1,0,1,0,0,1,1,"equal"
"870328-4258882",1,1,1,1,0,1,0,0,0,0,"equal"
"650718-1578362",1,1,0,0,0,1,0,0,0,1,"equal"
"841206-2809768",1,1,0,1,0,0,0,0,0,0,"equal"
"690726-4924377",0,1,1,1,1,0,1,1,1,0,"equal"
"621201-2703278",0,1,1,0,0,1,0,0,0,0,"equal"
"820605-2426573",0,1,0,0,1,1,0,1,1,0,"equal"
"711021-4772923",0,0,1,1,1,0,1,1,0,1,"equal"
"881027-3188120",1,1,1,1,1,0,1,1,1,0,"equal"
"640801-3020891",1,1,0,0,1,1,1,1,1,0,"equal"
"990922-4835861",0,1,1,0,1,0,0,0,1,1,"equal"
"771104-3747693",0,1,0,0,0,0,1,0,0,0,"equal"
"990723-2526421",0,0,0,0,0,1,0,0,1,0,"equal"
"920219-2996398",0,0,0,1,1,1,0,0,1,1,"equal"
"890905-4993632",0,0,0,0,1,1,1,1,0,0,"equal"
"500804-2209421",1,1,0,1,1,0,0,1,1,1,"equal"
"700124-2137988",0,0,1,0,1,0,0,1,0,1,"equal"
"730504-3885914",1,1,1,1,0,0,1,1,0,0,"equal"
"921108-1656629",1,1,1,1,0,1,1,1,0,0,"equal"
"710920-3666062",1,0,0,1,1,1,1,0,1,0,"equal"
"671227-1528331",1,0,0,1,1,1,1,0,0,1,"equal"
"981212-2537576",1,0,0,0,1,1,0,1,1,0,"equal"
"870117-2953796",1,0,0,1,0,0,1,0,0,0,"equal"
"850919-2422587",0,1,1,1,0,1,0,1,0,0,"equal"
"601210-3163520",0,1,1,1,0,0,1,0,0,0,"equal"
"601121-4421308",1,0,1,1,1,0,1,0,0,0,"equal"
"861226-2303969",0,0,1,0,0,0,0,0,1,0,"equal"
"720620-2752280",0,1,0,0,0,1,1,1,0,1,"equal"
"820617-3140905",0,1,1,0,1,0,0,0,1,0,"equal"
"500103-4018271",0,0,0,1,1,1,0,1,1,0,"equal"
"970306-1994996",1,1,0,1,0,0,0,0,1,0,"equal"
"880523-1530563",1,1,0,0,1,0,0,0,0,1,"equal"
"950921-1628364",0,0,0,0,1,1,0,0,1,1,"equal"
"800411-3191944",1,1,1,0,1,0,0,0,1,1,"equal"
"750609-3746243",1,1,0,1,0,1,0,0,1,0,"equal"
"570223-2241083",1,0,1,1,1,1,1,0,1,1,"equal"
"790808-4946699",0,0,1,0,0,1,1,0,1,1,"equal"
"570207-2336315",0,1,0,0,0,0,0,0,0,1,"equal"
"670202-2083902",1,0,1,0,0,0,1,1,1,1,"equal"
"891113-1715683",1,0,0,1,1,1,0,1,0,0,"equal"
"940818-2057166",0,0,1,0,1,1,0,0,1,0,"equal"
"660801-2408622",1,1,0,1,1,1,1,1,1,0,"equal"
"940624-3578111",0,0,0,1,0,0,1,0,1,1,"equal"
"620109-4034317",1,0,0,1,0,0,1,1,1,0,"equal"
"681121-2745120",1,1,0,0,1,1,1,0,0,1,"equal"
"510310-4255447",1,1,1,1,1,0,0,0,1,1,"equal"
"930104-4229877",1,0,1,0,1,0,1,1,1,0,"equal"
"800201-3104134",1,1,0,1,0,0,0,1,0,1,"equal"
"630728-4019285",1,0,1,1,1,0,1,0,1,1,"equal"
"640622-2683376",1,0,0,1,1,1,1,1,0,1,"equal"
"800326-1128349",1,1,1,0,0,1,1,0,0,0,"equal"
"711002-2229392",1,1,1,1,1,1,1,0,0,1,"equal"
"881125-4190760",1,1,1,0,0,0,0,1,1,0,"equal"
"740602-3504666",1,1,0,1,1,1,0,1,1,0,"equal"
"680102-1264234",0,1,0,1,0,1,0,0,1,1,"equal"
"930114-2843682",1,0,0,1,1,0,1,0,0,1,"equal"
"710709-3535242",0,1,0,0,0,1,1,0,0,0,"equal"
"971125-4764409",1,1,1,1,1,1,1,1,1,1,"equal"
"580326-3073840",1,0,0,1,1,1,1,1,0,0,"equal"
"760220-4695831",0,0,0,0,0,1,0,1,1,1,"equal"
"560502-4383992",0,1,0,0,1,1,0,1,0,0,"equal"
"950619-3661178",1,1,1,0,0,1,0,1,1,1,"equal"
"890126-1887237",1,1,1,1,1,0,0,0,1,1,"equal"
"880425-1206368",0,1,1,1,1,1,1,0,0,0,"equal"
"800615-1689338",1,0,0,0,0,0,0,1,1,1,"equal"
"690716-1542964",0,1,1,1,1,0,1,0,0,0,"equal"
"530806-4421211",0,1,1,0,0,0,1,0,1,0,"equal"
"980301-1767508",1,0,0,1,0,1,0,1,0,1,"equal"
"931226-4613216",0,1,0,1,1,1,0,0,1,1,"equal"
"670921-2130917",0,0,0,0,1,1,0,0,0,1,"equal"
"730815-3266972",0,0,1,1,1,1,1,1,1,1,"equal"
"831120-3018757",1,0,0,0,1,0,0,1,1,1,"equal"
"970515-2028111",1,0,1,1,0,0,0,0,1,1,"equal"
"601120-1006031",1,1,0,1,1,0,1,0,1,1,"equal"
"530421-4598715",0,1,0,1,0,0,1,0,0,1,"equal"
"800303-1380790",1,0,1,0,0,0,0,0,0,1,"equal"
"941108-3037681",0,0,1,0,0,1,1,0,1,0,"equal"
"771107-3225072",1,0,0,0,1,1,1,0,0,0,"equal"
"850611-1022167",0,0,1,0,0,1,1,0,1,0,"equal"
"840709-3911586",1,1,1,1,1,0,0,0,0,0,"equal"
"660607-4669871",1,1,1,1,0,1,0,1,1,0,"equal"
"580104-1376227",0,1,0,1,1,1,1,1,0,0,"equal"
"940411-3080797",0,1,0,0,0,1,0,0,1,1,"equal"
"900724-3961717",0,0,0,0,1,0,1,0,0,1,"equal"
"940725-3013143",1,1,1,1,1,1,0,1,1,0,"equal"
"600825-4559905",1,0,1,0,1,0,1,1,0,0,"equal"
"811209-1330012",0,1,1,1,1,1,1,0,0,1,"equal"
"750110-4118884",0,0,0,0,0,1,0,1,0,0,"equal"
"820407-3995151",0,1,0,0,1,0,0,1,0,0,"equal"
"580302-1390664",1,0,0,0,0,1,0,0,1,0,"equal"
"640302-1910326",1,1,1,0,1,0,1,0,1,1,"equal"
"691216-4449813",0,1,0,0,1,1,1,1,1,0,"equal"
"670512-3361271",1,1,0,1,1,0,0,0,0,0,"equal"
"820902-4354551",1,0,1,0,0,1,0,1,1,1,"equal"
"711215-4365557",1,0,0,1,0,0,1,1,1,0,"equal"
"990809-2216475",0,1,0,0,0,0,0,1,0,1,"equal"
"800903-4733134",0,1,0,1,0,0,0,1,0,1,"equal"
"651108-3429920",1,1,0,0,1,0,1,0,0,0,"equal"
"960216-4453693",0,0,0,1,0,1,1,0,1,1,"equal"
"600911-4203157",0,1,1,0,0,1,1,1,1,0,"equal"
"830512-4670610",1,1,0,0,0,1,0,1,0,0,"equal"
"980717-4158846",1,0,1,0,1,1,1,1,1,0,"equal"
"550705-2445354",1,0,1,1,1,0,1,1,1,1,"equal"
"750906-4698791",1,1,0,1,0,1,0,0,1,1,"equal"
"510420-1133265",1,1,0,1,1,1,0,0,0,0,"equal"
"560317-1139871",1,1,0,0,1,1,0,0,1,0,"equal"
"590811-3541492",0,0,0,1,1,1,0,0,1,0,"equal"
"960219-3122931",0,0,1,1,1,1,1,1,1,0,"equal"
"901120-1853370",0,1,0,0,0,1,0,1,1,0,"equal"
"890506-2543147",1,1,1,1,1,0,0,1,0,1,"equal"
"971025-3667189",0,1,1,1,0,0,0,0,1,1,"equal"
"840811-3618504",1,0,1,0,0,0,1,0,1,1,"equal"
"501016-3416465",1,0,1,1,1,1,1,1,1,0,"equal"
"810114-2398375",0,0,1,1,1,1,1,0,0,0,"equal"
"690913-4329844",0,0,1,0,1,0,0,0,0,0,"equal"
"680716-4544089",1,1,0,1,1,0,0,1,1,0,"equal"
"620613-2234104",1,0,0,0,0,1,0,1,0,1,"equal"
"640812-4191912",0,1,1,0,0,0,1,0,0,0,"equal"
"731108-3776904",1,1,0,0,1,0,1,1,0,1,"equal"
"780103-1420434",1,1,1,1,1,1,0,0,1,1,"equal"
"540226-1882851",1,1,1,1,1,0,0,0,0,1,"equal"
"660825-4988391",1,1,0,0,1,0,1,1,0,0,"equal"
"561214-1116921",1,1,0,0,1,1,1,1,1,0,"equal"
"760518-2678624",0,0,1,1,1,1,1,1,0,1,"equal"
"551011-1839894",0,1,0,0,1,1,0,0,1,1,"equal"
"830818-4085820",1,0,1,0,1,0,1,1,1,0,"equal"
"710803-1838253",0,1,0,0,0,1,0,0,0,0,"equal"
"561204-1528823",1,1,1,1,0,1,1,0,1,0,"equal"
"880623-2622745",1,1,1,1,1,0,0,1,1,0,"equal"
"791101-3329013",1,0,0,0,0,0,1,1,0,0,"equal"
"990917-3406470",1,1,0,1,0,1,0,1,1,0,"equal"
"750820-3896753",1,1,0,1,0,1,1,0,1,0,"equal"
"520403-2015708",0,1,0,1,1,1,1,0,1,1,"equal"
"861003-2936113",1,0,0,1,1,1,0,0,0,1,"equal"
"850319-3432982",0,1,0,1,0,0,0,0,0,0,"equal"
"510501-2115767",0,1,0,0,1,0,1,0,0,1,"equal"
"610510-4857999",0,1,0,0,1,0,0,1,1,0,"equal"
"810625-1005030",0,0,1,0,1,1,0,0,0,0,"equal"
"610816-3747799",1,0,0,0,1,1,1,0,0,0,"equal"
"790826-2745209",1,0,1,1,0,0,0,0,0,0,"equal"
"530604-2311152",0,1,1,1,0,0,0,1,1,1,"equal"
"800519-1378784",1,0,1,1,1,0,0,0,0,0,"equal"
"540224-2774706",1,0,1,1,1,0,0,0,0,1,"equal"
"880504-3989252",1,0,1,0,0,1,0,1,0,0,"equal"
"700212-4968415",0,1,1,0,0,1,1,0,0,0,"equal"
"730926-2922853",0,0,1,1,1,0,0,1,1,1,"equal"
"770808-4376140",0,0,0,0,1,0,0,1,0,0,"equal"
"960912-1602532",1,1,1,1,0,0,0,0,0,1,"equal"
"611102-1919526",0,0,0,0,1,0,0,1,0,0,"equal"
"840224-3107255",0,1,1,1,1,0,0,0,0,1,"equal"
"780801-2031846",0,0,0,1,0,1,0,1,0,1,"equal"
"620320-3221143",1,0,1,1,0,1,1,0,1,1,"equal"
"950905-1714416",0,0,1,0,0,0,0,0,0,0,"equal"
"650421-3828771",0,1,1,0,1,1,0,1,1,0,"equal"
"930320-4903831",1,1,0,0,0,1,0,1,1,0,"equal"
"610120-1336631",1,1,1,1,1,0,1,1,0,0,"equal"
"890315-4161932",0,0,0,0,0,0,0,0,0,0,"equal"
"771213-3415737",0,0,0,1,0,1,0,0,1,0,"equal"
"770327-4339937",0,0,0,0,1,1,0,1,0,1,"equal"
"710219-3347564",0,1,0,1,0,0,1,1,1,1,"equal"
"860327-2785569",0,0,1,0,1,0,0,1,0,0,"equal"
"540209-1398650",1,0,0,0,1,0,1,1,0,1,"equal"
"791216-3258391",0,0,0,1,0,0,1,1,0,1,"equal"
"511115-1061498",0,1,0,1,1,0,1,1,1,0,"equal"
"790603-4222315",0,1,0,1,0,1,1,1,1,0,"equal"
"501017-4250929",1,0,1,0,0,0,1,1,1,1,"equal"
"810115-2875707",1,0,0,0,0,1,0,0,1,0,"equal"
"670914-3283936",1,1,0,1,1,0,1,1,0,1,"equal"
"611118-1171175",1,0,0,1,1,1,1,1,1,0,"equal"
"680825-3240122",1,0,1,1,1,0,1,0,0,0,"equal"
"741018-4790566",0,0,0,1,0,0,1,0,1,0,"equal"
"760918-2831332",0,0,0,0,1,1,0,0,1,1,"equal"
"751113-1432203",0,1,1,0,1,0,1,0,0,1,"equal"
"811016-1428680",0,1,1,1,1,1,0,0,0,1,"equal"
"680109-3391638",0,0,0,0,0,0,0,1,0,1,"equal"
"760306-4225823",0,1,0,1,1,1,1,1,0,1,"equal"
"521126-1714519",1,0,1,0,0,0,0,0,0,1,"equal"
"920109-4363469",0,0,0,0,1,1,1,0,0,1,"equal"
"600128-1967433",0,1,1,1,0,1,0,0,1,0,"equal"
"531004-2410017",1,1,1,1,0,1,1,1,0,1,"equal"
"920212-1473096",0,1,1,1,0,1,0,1,0,0,"equal"
"650612-4102333",1,1,0,1,0,1,0,1,0,0,"equal"
"510925-1229227",1,1,0,0,1,0,0,1,1,1,"equal"
"540815-2619208",1,1,1,1,0,0,0,0,1,1,"equal"
"581116-2183343",0,1,0,0,0,1,1,0,0,0,"equal"
"690115-4295771",1,0,1,0,1,0,1,1,0,1,"equal"
"910623-4358699",0,1,0,1,1,1,1,0,0,1,"equal"
"880307-1166032",1,0,0,0,1,1,1,1,1,1,"equal"
"831117-3762175",1,1,0,0,1,1,0,0,1,0,"equal"
"590420-3260144",0,1,0,1,1,1,0,1,1,1,"equal"
"910513-2087630",1,1,1,1,1,1,1,0,0,1,"equal"
"670723-3348507",1,1,1,1,1,0,1,0,0,0,"equal"
"950810-1921757",0,1,0,1,1,1,0,0,0,1,"equal"
"630505-2831047",0,1,1,0,0,1,0,0,0,0,"equal"
"670713-2648623",1,1,1,0,1,0,1,0,0,0,"equal"
"941213-2604499",1,1,0,0,0,1,1,1,0,1,"equal"
"640124-3066761",0,0,1,0,1,1,1,0,0,1,"equal"
"770218-3333518",1,0,1,0,1,1,1,1,0,1,"equal"
"651206-4280194",0,0,0,0,0,1,1,0,1,0,"equal"
"741023-2833133",1,0,1,0,0,1,0,1,0,1,"equal"
"740107-4626745",0,1,1,1,1,0,1,0,1,0,"equal"
"891226-2601464",1,1,0,0,1,0,1,0,1,1,"equal"
"980304-3246230",1,0,1,1,0,1,0,0,0,1,"equal"
"801016-1629571",1,0,0,1,1,0,1,1,1,1,"equal"
"960502-2538595",1,1,1,1,1,0,0,1,1,0,"equal"
"520320-3761120",1,0,1,1,1,1,1,0,0,1,"equal"
"500123-1805296",1,0,1,0,0,1,0,0,1,0,"equal"
"591005-1550450",1,0,0,1,0,1,1,1,1,1,"equal"
"571112-2032147",1,1,0,0,1,1,0,0,0,0,"equal"
"900611-3142710",1,0,0,0,0,0,0,0,0,0,"equal"
"981004-2132928",0,1,0,1,0,0,1,0,1,0,"equal"
"610821-1753805",1,1,1,1,0,1,1,1,1,1,"equal"
"810320-1306424",0,1,0,0,1,0,1,0,0,0,"equal"
"531213-4936444",1,1,1,0,0,1,1,1,0,1,"equal"
"911208-3781900",0,0,1,0,1,1,1,1,1,0,"equal"
"590926-3638252",0,0,0,1,1,0,1,1,1,0,"equal"
"770828-3036058",0,1,0,1,0,1,1,0,0,0,"equal"
"880504-2689885",1,1,0,1,0,0,1,0,1,0,"equal"
"901112-2344866",0,1,1,1,0,0,0,0,1,0,"equal"
"780123-4586595",0,0,0,1,1,1,1,1,1,0,"equal"
"941013-2737016",1,1,1,1,0,1,0,0,0,1,"equal"
"981222-3667802",1,1,1,1,0,0,0,0,0,1,"equal"
"980214-3367600",0,1,0,0,0,0,1,1,1,1,"equal"
"870507-2592707",0,0,0,0,0,0,1,0,0,1,"equal"
"530818-1450832",1,1,0,1,0,1,0,0,0,0,"equal"
"741215-2922584",1,1,1,0,0,0,1,0,1,1,"equal"
"931216-3221296",0,0,1,0,0,1,0,0,0,1,"equal"
"551023-4235148",0,1,0,1,0,1,0,1,1,1,"equal"
"840819-1617763",1,0,1,0,0,0,1,1,0,1,"equal"
"850626-2291796",0,0,1,1,0,1,0,1,0,0,"equal"
"661007-1782577",0,0,1,0,1,0,0,1,0,1,"equal"
"970319-4531133",1,0,1,0,0,1,0,1,1,1,"equal"
"520902-3269379",0,0,0,1,0,1,1,0,0,1,"equal"
"971217-2100946",0,0,1,1,1,0,1,0,1,1,"equal"
"690614-1563352",1,0,1,1,0,0,0,0,1,1,"equal"
"950206-3714621",0,0,0,1,0,0,0,1,1,1,"equal"
"760623-2554808",0,1,0,1,1,1,1,1,0,0,"equal"
"510823-3038562",1,1,1,0,0,1,0,0,1,0,"equal"
"720318-4736800",1,0,0,1,1,1,1,0,1,1,"equal"
"830224-4145065",1,1,0,1,1,0,0,1,0,0,"equal"
"520914-1578034",0,1,1,1,0,1,1,1,0,1,"equal"
"890619-1198160",1,0,0,0,0,0,1,1,1,1,"equal"
"610618-3039450",1,1,0,0,0,1,0,1,0,0,"equal"
"540215-1621899",1,0,1,0,1,1,0,1,0,0,"equal"
"800327-1158895",1,1,1,0,1,0,0,1,0,1,"equal"
"661115-4744650",0,1,1,0,0,1,1,1,1,0,"equal"
"831217-1417758",1,0,1,1,1,0,1,0,0,0,"equal"
"761121-1518233",0,1,0,1,1,0,0,0,0,1,"equal"
"730306-3730586",0,0,1,0,0,1,1,1,1,0,"equal"
"640902-3009059",1,0,1,1,0,0,0,1,1,0,"equal"
"851101-2188037",1,0,0,1,0,1,0,1,1,1,"equal"
"741227-3736992",1,0,1,0,1,1,0,0,0,0,"equal"
"691109-3693813",1,0,0,0,1,0,0,0,1,1,"equal"
"930119-4992374",1,0,1,0,0,1,0,1,1,0,"equal"
"720526-4648940",0,0,1,0,1,0,0,0,1,0,"equal"
"970626-1307647",1,0,0,0,1,0,0,0,1,0,"equal"
"970407-1947959",0,1,0,1,1,1,0,1,0,1,"equal"
"560409-3645174",1,0,0,1,0,0,0,1,1,0,"equal"
"780723-4294940",0,0,1,0,1,0,0,1,0,1,"equal"
"990706-3759566",1,0,1,1,0,1,0,1,1,1,"equal"
"950519-2979817",1,1,1,1,1,1,0,0,0,1,"equal"
"890906-1571437",1,1,1,0,1,1,0,0,0,1,"equal"
"900808-4593439",0,0,1,0,1,0,0,1,1,1,"equal"
"810723-4251387",0,1,1,1,0,0,1,1,1,1,"equal"
"960906-1424140",0,0,1,1,1,1,1,0,1,1,"equal"
"600203-3968487",1,0,0,0,1,1,0,1,0,1,"equal"
"771126-1813148",1,0,0,0,0,0,1,1,1,0,"equal"
"621117-4323216",1,0,1,1,0,1,0,1,0,1,"equal"
"910412-1068746",1,0,0,0,0,1,0,1,1,0,"equal"
"930202-1559911",1,1,1,0,0,1,0,0,1,0,"equal"
"530625-3785453",1,1,0,0,0,1,0,0,1,1,"equal"
"710307-4039960",1,1,1,1,1,1,0,1,0,0,"equal"
"840219-2388287",1,0,0,1,0,1,1,1,0,0,"equal"
"610613-1114617",0,0,1,0,1,1,0,0,1,1,"equal"
"860110-1847892",1,1,1,1,1,1,0,1,0,1,"equal"
"930807-2595991",0,1,1,1,0,0,0,0,1,1,"equal"
"621201-4386558",1,0,0,1,0,0,0,1,1,1,"equal"
"641216-1143332",1,0,0,1,0,0,1,0,0,1,"equal"
"980415-1026960",0,1,1,0,0,0,1,1,1,1,"equal"
"950522-1854598",0,0,1,1,1,1,0,0,1,1,"equal"
"820726-4682011",1,0,0,0,1,1,1,1,0,1,"equal"
"560426-4248878",1,0,1,0,0,1,0,1,1,0,"equal"
"691203-4609744",1,1,0,0,1,0,1,1,1,1,"equal"
"840903-1612368",1,1,1,1,0,0,1,1,1,1,"equal"
"751101-1778253",0,0,1,0,1,1,0,0,0,1,"equal"
"870311-2074802",0,1,1,0,1,1,0,0,0,0,"equal"
"601010-1936696",0,0,0,0,1,0,1,0,1,1,"equal"
"800108-3396089",0,1,0,1,1,0,1,1,0,1,"equal"
"910517-2219157",0,1,0,1,0,0,0,1,1,0,"equal"
"590909-4361311",0,1,1,0,1,0,1,0,1,1,"equal"
"990210-4013814",1,0,0,1,1,1,1,1,0,0,"equal"
"830601-4554821",0,1,1,0,1,1,1,1,0,0,"equal"
"941012-2560905",0,1,0,1,0,0,1,1,1,1,"equal"
"750107-3357955",0,1,0,0,0,0,1,1,0,1,"equal"
"630221-3742260",0,1,0,1,0,0,0,1,0,0,"equal"
"641119-2084769",0,0,0,0,0,1,1,0,0,0,"equal"
"911003-1995400",0,1,1,0,0,1,0,1,1,0,"equal"
"781007-1067240",1,0,0,0,0,0,0,0,0,1,"equal"
"840224-1441497",0,0,1,1,0,0,0,0,1,1,"equal"
"530127-4586691",1,0,1,1,1,1,1,0,1,0,"equal"
"561206-3983370",0,0,1,0,1,0,1,1,1,1,"equal"
"720607-3928549",0,1,1,0,1,1,0,1,0,0,"equal"
"800803-2492458",1,0,1,1,1,0,0,1,0,1,"equal"
"890905-2202509",0,1,0,0,0,0,0,0,0,0,"equal"
"981226-1418300",1,1,0,0,0,1,0,1,0,0,"equal"
"801015-4540234",1,1,0,1,0,1,0,1,1,0,"equal"
"690314-1723778",1,1,0,0,1,0,1,1,1,1,"equal"
"570312-3584272",1,1,0,0,0,0,1,1,1,1,"equal"
"920125-2671065",1,0,1,1,0,0,0,1,1,0,"equal"
"630527-3777434",1,1,0,1,0,0,0,1,0,1,"equal"
"831028-2040768",0,0,0,0,0,1,0,0,0,0,"equal"
"930203-3187651",1,1,1,1,0,1,1,1,1,0,"equal"
"920611-2427584",1,0,1,0,1,1,0,0,0,0,"equal"
"621114-1415743",1,1,1,0,1,0,1,0,0,0,"equal"
"560505-3180489",1,0,1,0,1,1,1,1,1,1,"equal"
"620423-2330414",0,1,1,0,1,0,1,1,1,0,"equal"
"750702-4918838",0,1,0,0,1,0,0,1,1,1,"equal"
"570408-3090900",0,1,1,1,0,0,0,0,0,1,"equal"
"920119-3693684",1,0,0,0,1,1,1,0,1,1,"equal"
"711213-1966075",0,1,1,0,0,0,1,1,0,1,"equal"
"860422-1734466",1,1,1,0,0,1,0,0,1,0,"equal"
"640612-2263088",1,0,1,0,1,0,0,1,1,0,"equal"
"640207-1805367",0,0,0,1,0,1,1,0,0,0,"equal"
"761124-1388978",0,0,1,0,0,0,1,0,0,1,"equal"
"991119-2320573",1,1,1,1,0,0,0,0,0,0,"equal"
"511113-2843774",1,1,1,0,1,1,1,0,0,0,"equal"
"840409-1702369",1,1,0,0,1,0,0,1,0,0,"equal"
"730928-2915941",1,0,1,1,0,1,0,1,0,0,"equal"
"630226-2833671",1,0,1,0,1,0,1,1,1,0,"equal"
"630417-2189091",1,0,1,1,1,1,0,0,0,1,"equal"
"580410-2300072",0,1,1,1,1,1,0,0,0,0,"equal"
"821206-1183711",1,1,1,0,0,0,0,0,0,1,"equal"
"500116-3377451",0,1,1,0,1,0,1,0,1,0,"equal"
"770210-4670506",0,1,0,1,0,1,1,1,0,0,"equal"
"590210-2807567",1,1,1,0,0,1,1,0,1,1,"equal"
"700719-2665111",1,1,0,1,1,0,0,0,1,0,"equal"
"510626-2391632",0,1,0,0,1,1,0,1,1,1,"equal"
"920604-4586078",1,1,0,0,1,0,1,0,0,1,"equal"
"760523-3645051",1,0,1,0,0,1,1,1,0,1,"equal"
"860101-4504451",0,0,0,0,1,1,0,1,1,0,"equal"
"710407-2207817",1,1,1,0,0,1,1,1,0,1,"equal"
"880402-3902392",1,1,0,1,0,1,0,0,0,0,"equal"
"970609-4414482",0,1,1,1,0,1,1,0,0,1,"equal"
"651007-4131588",0,0,0,0,0,0,0,0,1,0,"equal"
"850118-1989434",0,0,0,0,0,0,1,0,1,1,"equal"
"991126-2044583",1,0,1,1,1,0,1,0,0,0,"equal"
"690108-4767497",1,0,1,0,0,0,1,0,1,0,"equal"
"830406-1241274",0,1,0,0,0,0,1,1,1,1,"equal"
"960601-4344714",1,0,0,1,0,1,0,0,1,0,"equal"
"930425-1848665",1,1,1,0,0,0,1,0,1,1,"equal"
"800107-1255904",0,0,1,1,0,0,1,0,1,1,"equal"
"630211-1675737",1,0,0,1,0,0,0,1,1,0,"equal"
"571005-1774466",0,1,0,0,1,1,1,0,0,0,"equal"
"740523-1974144",0,1,0,1,0,1,0,1,1,1,"equal"
"751116-3673507",1,1,1,0,1,0,0,0,0,0,"equal"
"540518-4763045",1,0,0,1,0,1,0,1,1,1,"equal"
"600828-1052265",1,0,0,0,0,1,1,0,0,0,"equal"
"840709-2623103",1,0,1,1,0,1,0,1,1,1,"equal"
"750514-3012089",0,1,1,0,1,1,0,0,0,0,"equal"
"720103-1973785",0,0,1,0,0,0,1,1,0,0,"equal"
"870711-3096825",1,0,1,0,1,1,1,0,1,0,"equal"
"650420-1219028",1,1,1,1,0,1,1,0,1,0,"equal"
"860321-3514675",0,0,1,1,0,1,1,1,1,0,"equal"
"940405-3478552",0,0,1,1,1,0,0,0,0,0,"equal"
"970927-1646991",0,1,0,0,0,1,0,1,0,0,"equal"
"590520-3982462",0,1,0,0,1,1,0,1,1,1,"equal"
"821104-3090796",0,0,1,1,0,0,1,1,1,0,"equal"
"920919-2625147",0,0,1,0,0,1,0,0,0,0,"equal"
"770919-1325244",1,0,0,1,1,1,1,0,1,0,"equal"
"660702-1670401",0,0,0,1,1,0,0,0,1,0,"equal"
"550217-4620851",1,0,1,1,0,0,1,1,1,1,"equal"
"550626-1814264",1,1,0,0,0,1,0,1,0,0,"equal"
"540301-4493862",0,0,1,0,0,0,0,0,0,1,"equal"
"690317-4599102",1,1,1,1,1,1,0,0,1,0,"equal"
"820104-4400108",1,1,1,1,0,1,0,0,1,1,"equal"
"720819-3017476",0,0,1,1,0,0,0,1,0,0,"equal"
"950925-4890172",1,0,1,1,1,0,0,0,1,0,"equal"
"720109-1073691",1,1,1,0,1,0,0,1,1,0,"equal"
"590106-1465287",0,1,0,1,1,1,1,1,1,1,"equal"
"610127-2089362",0,1,1,0,0,1,1,0,0,0,"equal"
"990824-3610366",0,1,1,1,1,1,1,1,0,0,"equal"
"660702-2272496",1,0,1,1,1,1,1,1,0,1,"equal"
"770504-3845378",1,0,0,1,1,1,0,0,0,1,"equal"
"720718-4269830",0,0,0,0,0,1,1,1,1,0,"equal"
"641124-4073536",1,1,0,1,1,0,1,0,0,1,"equal"
"831128-4243967",0,1,1,0,0,1,1,0,0,1,"equal"
"720801-2668722",0,0,1,0,0,0,1,0,1,1,"equal"
"670904-4788979",1,1,0,1,0,1,0,0,0,0,"equal"
"930124-1900584",0,1,1,1,1,0,1,1,0,1,"equal"
"611214-1968160",1,0,1,1,0,1,1,0,0,1,"equal"
"600725-4303865",1,1,1,0,0,0,0,1,1,1,"equal"
"651103-4986364",0,0,0,0,1,0,0,0,1,1,"equal"
"680303-3490840",0,1,1,1,0,0,0,1,1,1,"equal"
"620909-3279825",1,0,0,0,0,1,0,1,0,0,"equal"
"870718-4174401",0,0,1,0,0,0,1,0,1,0,"equal"
"890118-2057398",0,1,1,1,0,0,0,0,1,1,"equal"
"640407-2657020",0,0,0,0,0,0,1,1,0,0,"equal"
"530717-2109189",0,1,0,0,1,1,1,0,1,0,"equal"
"840927-4003061",0,1,1,0,1,1,1,1,1,1,"equal"
"761201-4911946",1,0,0,1,0,0,0,1,1,1,"equal"
"780623-1790295",1,0,1,0,1,1,0,0,0,0,"equal"
"560926-3618457",0,0,1,1,0,0,1,0,1,0,"equal"
"991109-3943530",0,0,1,0,0,0,0,1,0,1,"equal"
"700815-2252970",1,1,1,0,1,0,0,0,1,1,"equal"
"801228-4334435",1,1,0,0,1,0,0,0,1,1,"equal"
"610402-2646306",0,0,0,1,0,0,0,1,1,0,"equal"
"951205-2038455",0,0,1,0,1,1,0,1,1,0,"equal"
"620701-4563333",0,0,1,0,0,0,1,1,0,0,"equal"
"601104-1715768",1,1,1,1,1,0,0,1,1,0,"equal"
"770328-2122945",1,0,0,0,1,1,0,1,0,0,"equal"
"570826-4716360",0,0,1,0,0,0,0,0,0,1,"equal"
"981109-3560584",1,1,1,0,0,1,1,0,0,0,"equal"
"530315-4549123",0,1,1,0,0,0,1,1,1,0,"equal"
"521104-1337419",0,0,1,1,1,1,1,0,1,1,"equal"
"610207-1266418",0,0,1,1,0,1,0,1,0,0,"equal"
"860724-4725085",0,0,0,0,1,1,0,0,0,1,"equal"
"711015-1441130",1,1,0,1,1,1,0,1,0,0,"equal"
"981028-4144105",0,0,1,0,1,1,0,0,1,0,"equal"
"510202-3667152",1,0,1,1,0,0,1,0,0,1,"equal"
"600602-2798736",0,0,0,1,0,1,1,1,1,0,"equal"
"660428-2737485",0,1,0,1,1,0,0,0,1,0,"equal"
"710720-1562472",1,1,1,1,1,0,1,1,1,0,"equal"
"970606-4263594",1,0,1,1,0,1,1,1,1,1,"equal"
"551106-2054271",1,0,1,1,0,1,0,1,0,1,"equal"
"590702-4006298",1,0,1,1,1,1,1,0,0,1,"equal"
"941103-3644808",1,1,0,1,1,0,0,1,0,0,"equal"
"640825-4772364",0,0,1,0,0,1,1,0,1,0,"equal"
"791223-1335719",1,0,1,0,1,0,1,0,0,1,"equal"
"940113-4922762",1,1,1,0,0,1,1,1,0,0,"equal"
"901215-4875706",1,1,1,1,0,1,0,1,1,1,"equal"
"820713-3165614",0,1,1,0,0,0,1,1,0,1,"equal"
"710719-3020605",0,0,0,0,0,1,0,1,1,0,"equal"
"530310-2313804",1,0,0,0,1,0,1,0,0,1,"equal"
"820112-4634956",0,0,0,1,0,1,1,1,1,1,"equal"
"521226-3890774",0,0,0,1,1,0,1,1,1,0,"equal"
"801013-4295343",0,0,1,0,1,1,1,1,1,0,"equal"
"700306-3429166",1,0,1,1,0,1,1,0,0,0,"equal"
"540412-3246062",0,0,0,0,1,1,0,1,0,1,"equal"
"540417-2763103",1,1,1,0,0,1,1,0,1,1,"equal"
"910204-2768249",0,0,1,0,1,1,0,1,1,0,"equal"
"640217-3116528",1,1,0,0,1,1,0,0,1,0,"equal"
"910512-2793832",0,1,0,0,0,1,1,0,1,0,"equal"
"861201-4558829",0,0,1,1,1,0,1,1,1,1,"equal"
"590224-4535916",1,0,0,1,0,0,0,0,1,0,"equal"
"930126-3776876",1,0,1,1,1,0,0,0,0,0,"equal"
"761005-2170613",0,0,0,1,1,1,0,0,0,0,"equal"
"701221-3829753",1,0,1,0,1,0,0,0,0,1,"equal"
"560808-2902713",1,1,0,1,1,1,0,1,0,1,"equal"
"610706-2444769",0,1,1,1,1,0,0,1,1,0,"equal"
"851005-1480921",0,0,1,0,0,0,0,0,0,0,"equal"
"730711-2390300",0,1,0,0,0,1,1,1,1,1,"equal"
"990221-4843162",0,1,0,1,1,1,0,0,1,0,"equal"
"940926-3206614",0,0,0,1,1,1,0,1,1,0,"equal"
"510205-4444640",0,0,1,1,1,0,1,1,0,1,"equal"
"800913-4003648",1,0,0,0,1,1,1,1,1,1,"equal"
"520227-1985102",1,1,1,1,0,1,1,0,1,0,"equal"
"981125-2847492",1,0,0,0,1,1,1,0,0,0,"equal"
"760315-2345602",0,1,1,0,1,1,0,1,0,1,"equal"
"790628-1854015",0,1,0,1,1,0,0,1,1,0,"equal"
"690614-4179700",1,1,1,0,1,0,1,1,1,0,"equal"
"520906-3562458",1,1,0,0,0,1,1,0,1,0,"equal"
"861106-1218603",0,0,0,0,0,1,0,0,0,0,"equal"
"850811-4323563",0,1,0,1,0,0,0,1,1,1,"equal"
"770418-4680380",1,1,1,0,1,1,1,0,1,0,"equal"
"800922-2000987",0,1,0,0,1,0,0,1,0,1,"equal"
"500505-1293832",0,0,0,1,0,1,1,0,0,1,"equal"
"750710-4075001",0,1,0,0,1,1,1,1,1,0,"equal"
"741009-2942506",1,1,0,0,0,1,1,1,1,1,"equal"
"890308-3859537",1,1,1,0,1,0,0,1,1,1,"equal"
"851205-4159800",1,0,0,1,1,0,1,0,1,0,"equal"
"830422-4730073",0,1,0,0,0,0,1,0,1,1,"equal"
"770312-2047900",0,0,1,1,1,0,0,1,1,0,"equal"
"830125-3750099",0,0,1,1,0,0,0,0,0,0,"equal"
"990508-3666989",1,0,1,0,0,1,0,0,1,0,"equal"
"780122-3500651",1,1,1,1,0,1,0,1,0,1,"equal"
"511224-1832316",0,1,0,1,0,1,0,0,0,0,"equal"
"750117-1802145",0,1,0,0,0,1,0,0,1,1,"equal"
"500621-4777341",1,0,1,0,1,1,0,0,1,0,"equal"
"500512-1010050",1,0,1,1,1,0,1,1,1,1,"equal"
"961219-3058751",1,1,1,1,1,0,0,0,1,1,"equal"
"520120-3365262",0,1,1,0,0,1,0,0,1,1,"equal"
"510217-4383337",0,1,0,0,1,0,1,0,1,0,"equal"
"620413-1629729",1,0,0,1,0,0,1,1,0,1,"equal"
"510608-2792920",1,1,1,1,0,0,1,0,0,1,"equal"
"760726-2254730",1,1,1,0,1,1,0,0,0,0,"equal"
"640926-3267380",0,1,1,0,1,0,0,1,1,0,"equal"
"900923-1088340",1,1,0,0,0,0,1,1,1,1,"equal"
"911204-4047925",1,0,1,1,1,0,1,1,1,1,"equal"
"851014-2390810",1,1,1,1,1,0,1,1,0,0,"equal"
"750815-2479966",1,0,0,1,0,1,1,0,0,0,"equal"
"530223-3940465",1,0,0,1,1,0,0,1,1,0,"equal"
"670926-1900220",0,1,1,1,0,1,1,1,1,1,"equal"
"590923-3183154",1,1,0,1,0,0,1,1,1,1,"equal"
"540902-1041242",0,0,1,0,0,1,1,0,0,0,"equal"
"641126-4407820",0,1,0,0,0,1,1,1,1,1,"equal"
"560824-2464664",0,0,1,0,0,1,0,0,1,1,"equal"
"680812-1101725",0,0,1,0,0,0,1,0,1,1,"equal"
"771001-3424616",0,0,1,1,0,0,0,0,1,0,"equal"
"681011-2611486",0,0,0,0,1,0,1,0,1,0,"equal"
"580305-2119889",0,1,1,1,0,1,0,0,1,0,"equal"
"520126-3751538",0,0,1,1,0,0,0,0,0,1,"equal"
"630219-4819374",1,1,1,1,0,1,1,0,1,0,"equal"
"831113-4872238",1,1,0,0,0,1,1,1,0,1,"equal"
"881108-2293862",0,1,1,0,1,0,1,0,0,1,"equal"
"910907-4180762",0,1,0,0,0,0,0,1,1,0,"equal"
"730612-3047419",1,1,0,0,1,0,0,1,1,0,"equal"
"990304-4429780",1,1,1,1,1,0,1,1,1,1,"equal"
"660517-4209492",0,1,0,1,1,0,0,0,1,0,"equal"
"750715-4667013",1,1,1,1,1,0,0,1,1,1,"equal"
"560606-2337417",1,1,1,1,1,1,1,0,1,1,"equal"
"880913-1861058",1,1,0,1,0,1,1,1,0,1,"equal"
"821114-2428260",1,0,1,0,1,0,0,1,1,1,"equal"
"750521-3986060",0,0,0,0,1,0,1,0,0,0,"equal"
"691203-4809286",1,1,0,1,1,1,0,1,1,0,"equal"
"510808-1433219",0,1,1,0,1,1,0,0,1,0,"equal"
"970213-3908354",1,0,1,0,1,1,0,0,1,1,"equal"
"681101-4397754",1,1,0,1,0,1,1,0,0,1,"equal"
"880210-1137168",1,0,0,1,1,1,0,0,1,1,"equal"
"771124-2080794",1,0,0,1,0,1,1,1,0,1,"equal"
"580108-3897157",0,1,1,1,0,0,1,0,0,1,"equal"
"701203-2776370",1,1,1,1,0,0,1,1,1,1,"equal"
"570517-3510461",1,1,1,0,0,0,1,1,0,0,"equal"
"741227-3379733",0,0,0,1,1,0,1,0,0,0,"equal"
"620411-1722226",1,1,1,0,1,0,1,1,1,1,"equal"
"510927-3055651",0,1,1,0,1,1,0,1,1,0,"equal"
"570925-4361019",0,0,1,0,1,0,0,0,1,1,"equal"
"850822-3016554",1,1,1,1,1,0,0,0,0,1,"equal"
"611002-1852097",1,0,1,0,0,0,1,1,0,1,"equal"
"971015-3166449",0,0,0,1,1,0,1,0,1,0,"equal"
"960323-4037087",0,1,0,0,1,1,1,0,0,0,"equal"
"971008-2699949",0,0,0,0,1,1,0,0,1,0,"equal"
"600620-1324101",0,1,0,0,0,1,1,0,1,0,"equal"
"611223-1697269",0,1,0,1,1,0,0,1,1,1,"equal"
"910425-3093643",1,1,1,0,1,0,1,1,1,0,"equal"
"630312-4345142",1,1,0,0,1,1,1,0,0,0,"equal"
"700115-1695323",0,1,0,1,0,1,1,0,0,1,"equal"
"770325-2754983",1,0,1,0,0,0,0,0,0,1,"equal"
"990323-3714105",0,0,0,0,1,1,0,0,1,1,"equal"
"900108-1366375",0,0,0,0,1,0,1,1,1,0,"equal"
"760312-4894471",0,1,0,1,1,1,0,0,1,0,"equal"
"980428-1928296",1,1,0,0,1,1,0,0,0,1,"equal"
"820513-2965841",1,1,1,1,1,0,0,1,0,1,"equal"
"580308-2975195",1,0,1,0,0,0,0,1,0,1,"equal"
"841121-3184565",1,0,0,1,1,1,0,1,0,0,"equal"
"810827-2947816",1,0,1,1,0,0,1,1,1,0,"equal"
"710510-2090286",1,1,0,0,1,1,1,1,1,0,"equal"
"541225-4773842",0,0,1,0,1,0,0,1,0,0,"equal"
"800723-2428724",0,0,0,0,1,0,0,0,1,1,"equal"
"781204-4930383",0,0,1,1,1,0,1,0,0,0,"equal"
"790417-1487154",0,1,0,0,0,0,1,0,1,1,"equal"
"710916-3241388",0,1,0,0,0,1,1,0,1,1,"equal"
"720801-4453552",1,0,1,0,0,1,0,1,1,0,"equal"
"801105-3136677",0,1,0,0,1,0,1,1,0,1,"equal"
"561228-1342799",0,0,0,1,1,1,1,0,1,0,"equal"
"600817-3877884",1,0,1,0,1,1,1,0,0,1,"equal"
"760217-2832966",1,0,0,1,0,0,1,1,0,0,"equal"
"890215-4096816",0,0,0,1,1,1,1,1,0,0,"equal"
"560425-3073636",1,1,1,1,0,1,0,1,0,0,"equal"
"560724-4055168",0,0,0,1,1,0,0,0,0,0,"equal"
"800903-4364519",0,0,1,0,0,0,1,0,0,0,"equal"
"951101-4336613",1,0,0,1,0,0,0,1,1,1,"equal"
"630823-2978564",1,0,1,0,1,1,0,0,1,0,"equal"
"790403-1293411",0,0,0,0,0,0,0,0,0,1,"equal"
"690502-1669359",0,0,0,0,0,0,1,1,1,1,"equal"
"851227-1214423",0,0,1,1,0,0,1,1,1,0,"equal"
"530218-4352727",0,1,1,0,1,0,1,1,0,0,"equal"
"561021-2366852",0,1,0,1,0,0,1,0,1,0,"equal"
"900116-1733364",1,0,0,1,0,0,0,0,0,1,"equal"
"800701-3563034",0,0,1,0,0,1,1,0,1,1,"equal"
"770712-2807460",0,0,0,1,0,0,1,1,0,0,"equal"
"510116-1608785",0,1,1,1,1,1,0,0,1,1,"equal"
"550815-4788754",0,0,0,0,0,1,0,0,1,0,"equal"
"630211-2589048",0,0,1,0,1,1,1,0,0,1,"equal"
"541109-2118097",1,1,0,1,1,1,1,0,0,1,"equal"
"771222-4583784",1,1,0,1,0,0,0,0,1,0,"equal"
"960716-4074085",1,0,0,0,1,0,1,0,0,0,"equal"
"641107-2855577",1,0,0,0,0,0,0,0,0,1,"equal"
"621026-2066504",0,0,0,0,0,1,0,0,0,0,"equal"
"891220-2578866",0,0,1,0,0,1,0,1,1,1,"equal"
"560904-3427685",1,0,1,0,1,1,0,1,1,0,"equal"
"931101-4071138",0,1,1,1,0,0,0,1,1,0,"equal"
"510706-2400183",0,1,0,0,1,1,0,1,0,0,"equal"
"671201-2512348",1,0,0,1,0,1,1,0,1,0,"equal"
"830714-1860956",1,0,1,0,1,0,0,0,0,1,"equal"
"520328-1127895",1,1,0,0,0,0,1,1,0,0,"equal"
"721001-4111932",0,0,1,0,1,0,0,1,1,0,"equal"
"890516-4901558",0,1,0,0,1,1,1,0,0,1,"equal"
"700612-2194241",0,0,1,0,1,0,0,1,1,0,"equal"
"870928-4516744",1,1,1,1,1,0,1,1,0,1,"equal"
"690705-2616971",1,1,0,0,1,0,0,0,1,1,"equal"
"740901-1099270",1,1,0,0,0,0,1,0,0,0,"equal"
"710520-3256602",1,1,1,1,0,0,0,0,1,0,"equal"
"820814-2512998",0,0,0,0,1,1,1,1,0,1,"equal"
"801107-3254595",1,1,0,0,0,1,0,0,0,1,"equal"
"540207-4347447",1,1,1,0,1,0,1,1,0,1,"equal"
"680923-3709502",0,0,1,1,0,1,0,0,1,1,"equal"
"880120-3436185",1,0,1,0,0,0,0,1,1,0,"equal"
"610606-4192289",0,0,1,0,1,1,1,0,1,1,"equal"
"780624-2904194",0,1,0,0,0,0,1,0,1,1,"equal"
"700307-1065174",0,1,0,0,0,1,0,1,0,0,"equal"
"650428-2153201",1,1,0,1,1,1,1,1,0,1,"equal"
"670808-2253688",0,0,1,1,1,0,1,0,1,0,"equal"
"950302-2865405",0,0,0,1,0,0,1,0,0,1,"equal"
"620418-4979627",1,1,1,1,0,0,0,1,1,0,"equal"
"800414-2686876",0,0,0,1,0,0,0,0,1,1,"equal"
"781118-2862304",0,0,0,0,0,1,1,0,0,1,"equal"
"721122-1329170",0,1,0,0,1,1,0,0,1,0,"equal"
"540720-2315588",0,0,1,0,1,1,0,1,1,0,"equal"
"790610-1315868",0,0,1,0,1,1,1,0,0,1,"equal"
"850902-1245364",0,1,0,0,1,0,0,1,1,0,"equal"
"800425-4562807",0,1,1,0,1,0,1,0,1,1,"equal"
"920925-1037609",0,1,0,1,1,0,0,1,0,1,"equal"
"830627-2788758",1,0,0,0,0,1,1,0,0,1,"equal"
"570324-3503519",0,0,0,1,1,1,1,1,0,1,"equal"
"850611-1095695",1,0,1,1,0,0,1,1,0,1,"equal"
"711201-1885066",0,1,0,1,0,0,0,0,1,1,"equal"
"940228-2538063",1,0,1,0,0,0,0,0,1,0,"equal"
"540404-2877606",1,1,0,0,1,1,1,1,0,1,"equal"
"850413-4999295",0,0,0,0,0,1,1,0,1,1,"equal"
"690721-3629448",1,1,1,1,1,1,0,0,0,0,"equal"
"910917-3801357",1,1,1,0,0,0,0,1,0,0,"equal"
"940728-4911842",1,0,0,1,0,0,0,0,1,1,"equal"
"620501-4462298",0,0,0,0,0,0,0,0,1,0,"equal"
"501010-4135887",1,1,1,0,1,0,1,1,1,0,"equal"
"620328-2011730",0,0,0,0,1,0,1,1,0,1,"equal"
"570414-4067405",0,1,1,0,0,0,1,0,0,1,"equal"
"700121-3925743",0,0,1,1,1,0,1,1,0,1,"equal"
"610222-2181416",0,0,0,0,1,1,1,0,1,1,"equal"
"711124-2035542",1,1,1,1,1,1,0,0,1,1,"equal"
"871125-4484617",0,0,0,1,1,0,0,0,0,0,"equal"
"500504-2895655",1,1,1,1,0,0,1,1,1,0,"equal"
"661106-1761074",1,1,1,0,1,1,0,1,1,0,"equal"
"700227-2574416",1,1,1,1,0,0,1,0,1,1,"equal"
"820101-2764466",0,0,0,0,0,0,1,0,1,0,"equal"
"830702-4029223",1,1,1,1,1,1,0,1,0,0,"equal"
"731018-1425967",1,0,1,0,0,0,0,1,0,0,"equal"
"780902-2760154",0,0,0,1,0,0,0,1,0,0,"equal"
"780912-1295640",0,1,1,0,1,0,0,1,0,0,"equal"
"640126-4438950",1,1,1,1,0,1,1,0,0,1,"equal"
"880206-4595535",0,1,1,1,1,1,0,0,0,0,"equal"
"520211-3174494",0,1,0,0,1,0,1,1,0,1,"equal"
"960928-2060093",1,1,1,1,1,1,0,0,1,1,"equal"
"720808-1185530",1,0,1,0,1,0,1,0,1,0,"equal"
"931210-2699446",1,1,1,1,0,0,0,1,0,1,"equal"
"760718-4175631",0,1,0,1,1,1,1,0,1,1,"equal"
"940120-3257870",1,1,0,0,1,0,1,1,0,1,"equal"
"760611-2055505",0,1,0,1,0,0,1,0,1,0,"equal"
"711020-4296286",0,1,1,1,1,1,0,0,0,0,"equal"
"980615-1215401",0,0,1,1,0,0,0,0,1,0,"equal"
"710304-1573393",0,0,1,0,1,1,0,0,1,0,"equal"
"680406-4374574",1,0,1,1,1,1,1,0,0,0,"equal"
"781108-1462761",0,1,0,1,0,1,0,1,1,1,"equal"
"860216-3908250",1,0,1,1,1,1,0,1,1,1,"equal"
"890218-1029549",0,1,1,1,1,1,1,1,1,1,"equal"
"850214-4070618",0,1,1,1,1,1,1,1,0,0,"equal"
"870711-2022280",1,0,0,1,0,0,1,1,0,1,"equal"
"860608-1963027",1,0,1,1,0,1,1,0,1,1,"equal"
"760511-4514270",1,1,1,1,0,0,0,1,1,1,"equal"
"511017-4468705",0,0,1,0,1,1,1,0,1,0,"equal"
"640619-3652972",1,0,1,0,1,0,1,0,1,1,"equal"
"731002-3525908",0,0,1,0,0,1,0,0,1,1,"equal"
"820512-1523436",1,0,0,0,1,1,0,1,0,0,"equal"
"500123-3366123",0,1,0,0,1,0,1,0,1,0,"equal"
"610414-2461578",0,0,1,0,0,0,0,1,1,1,"equal"
"741222-2227636",0,1,1,0,1,0,1,0,0,1,"equal"
"650117-2172642",1,1,1,0,1,1,1,0,0,1,"equal"
"830508-4875262",0,1,0,0,0,0,1,0,1,0,"equal"
"871119-3598123",1,0,1,0,0,1,0,1,1,1,"equal"
"860820-1157818",1,1,1,1,1,0,0,1,0,1,"equal"
"580413-1158823",1,0,1,0,1,0,0,1,0,1,"equal"
"890409-2362696",1,0,0,1,1,0,0,0,0,0,"equal"
"561121-3627197",0,1,1,0,1,1,1,1,1,0,"equal"
"630806-2160635",0,1,0,1,0,1,0,1,0,1,"equal"
"610209-3110484",0,1,1,0,1,1,1,1,1,0,"equal"
"531007-4690579",0,1,0,1,1,0,0,1,0,1,"equal"
"810715-4175044",0,0,1,0,0,0,0,1,0,1,"equal"
"791109-2145531",0,1,1,1,1,1,1,0,0,1,"equal"
"690517-2852352",1,1,1,1,0,0,1,0,1,0,"equal"
"840312-2693197",0,0,0,0,0,0,1,0,0,1,"equal"
"731216-1685405",1,1,0,0,1,0,1,1,0,1,"equal"
"550610-4398259",1,1,0,1,1,0,1,1,0,1,"equal"
"830819-3476414",0,0,0,0,1,0,0,1,0,0,"equal"
"860821-1588929",0,1,1,0,0,1,0,0,1,1,"equal"
"771202-1730137",0,1,1,0,1,1,1,0,1,0,"equal"
"510917-4299306",1,0,1,1,1,0,1,0,1,1,"equal"
"891203-2414719",0,0,1,1,1,1,1,0,1,1,"equal"
"950501-2157309",0,1,1,1,1,1,0,0,0,1,"equal"
"510721-2409566",0,1,0,0,1,0,1,0,1,0,"equal"
"630608-4808339",0,0,1,0,1,0,1,0,1,1,"equal"
"651105-2784509",1,1,0,1,1,1,0,1,0,1,"equal"
"790216-4703316",1,0,1,1,0,0,0,0,1,1,"equal"
"640502-4204195",1,0,0,1,1,0,0,1,1,1,"equal"
"590209-2388585",1,1,1,0,1,0,1,1,0,1,"equal"
"760714-2277237",0,0,1,0,0,1,1,1,0,0,"equal"
"930723-1077131",0,1,1,0,0,0,0,0,0,1,"equal"
"720806-2940987",1,0,0,1,1,0,0,0,1,1,"equal"
"940507-4714826",1,0,1,0,0,0,1,1,0,0,"equal"
"570320-4796006",1,0,1,1,1,0,1,0,1,0,"equal"
"600506-2303260",0,1,1,1,1,1,1,0,0,0,"equal"
"911020-1550359",1,0,1,1,0,0,0,0,0,1,"equal"
"771010-2028986",1,0,0,0,1,0,1,0,1,1,"equal"
"790712-3813300",1,1,1,1,0,0,1,1,0,0,"equal"
"850922-2703471",1,1,1,1,1,1,0,1,0,0,"equal"
"940820-1894965",1,1,1,1,1,1,0,1,1,0,"equal"
"950828-4341265",1,1,0,1,1,1,0,0,0,1,"equal"
"881012-4030727",0,1,1,0,1,0,1,1,0,0,"equal"
"580507-3338299",1,1,1,0,0,0,0,1,1,1,"equal"
"790118-2509698",0,1,0,0,1,0,0,0,1,0,"equal"
"770909-3608069",0,0,0,0,0,0,0,0,1,1,"equal"
"650815-4885710",1,1,0,0,0,1,1,0,1,1,"equal"
"891112-3003903",0,1,0,0,0,0,1,1,1,1,"equal"
"660622-3517227",0,1,0,0,1,1,1,0,0,1,"equal"
"700426-4838171",1,0,1,0,1,0,1,1,1,0,"equal"
"940609-1748736",0,1,0,1,0,0,0,1,1,0,"equal"
"510820-1416805",0,1,0,0,0,0,1,0,1,0,"equal"
"790401-3759058",0,0,0,0,1,0,0,0,0,0,"equal"
"800923-2321048",0,1,1,1,0,1,0,0,1,0,"equal"
"921028-2035309",0,1,1,1,1,0,1,0,1,0,"equal"
"760616-1696053",1,1,1,0,0,0,0,1,0,0,"equal"
"780420-2175947",1,1,0,0,1,0,0,0,1,0,"equal"
"691118-1676723",0,0,0,1,1,0,0,0,0,0,"equal"
"530524-3821870",0,1,1,1,1,1,0,0,0,0,"equal"
"740621-2558059",0,1,1,0,0,0,0,1,1,0,"equal"
"970402-2739107",0,1,1,1,1,0,0,0,1,1,"equal"
"891219-2142182",0,0,0,1,1,0,0,1,0,0,"equal"
"640812-3138228",0,1,0,1,1,0,1,1,1,0,"equal"
"600701-2356768",0,0,1,1,1,0,1,1,1,1,"equal"
"720313-2474886",1,0,0,0,0,0,0,1,1,1,"equal"
"750504-2151041",1,1,0,0,1,1,0,0,0,0,"equal"
"710416-3617755",0,0,0,1,1,0,0,1,0,1,"equal"
"870819-4142753",1,0,0,0,1,1,1,0,0,0,"equal"
"560305-4386425",1,1,0,0,1,0,1,1,1,0,"equal"
"870102-4583692",0,0,0,1,1,1,1,0,1,0,"equal"
"750712-1014255",0,1,1,1,1,0,0,0,1,1,"equal"
"960607-3798581",0,1,0,0,0,1,1,0,1,0,"equal"
"980828-4613260",0,0,1,1,1,0,1,1,1,1,"equal"
"760611-3775260",0,1,1,0,0,0,1,1,1,0,"equal"
"780221-1599642",0,0,0,1,1,1,1,1,0,0,"equal"
"881204-1503336",1,0,1,1,0,1,1,0,0,0,"equal"
"810218-2294953",0,1,1,1,1,1,1,0,0,0,"equal"
"530616-4038184",1,0,1,0,1,0,0,0,1,1,"equal"
"980425-2780914",0,1,1,0,0,1,1,1,0,0,"equal"
"880609-4436672",0,1,0,1,1,1,1,0,0,0,"equal"
"560321-2613699",0,1,1,0,1,0,0,1,1,0,"equal"
"591004-2841801",1,1,0,1,1,0,1,0,0,0,"equal"
"730211-2702749",1,1,0,1,0,1,1,1,0,0,"equal"
"740510-4032163",1,1,0,1,1,0,0,1,1,0,"equal"
"700426-1017512",0,0,1,0,0,0,0,1,0,1,"equal"
"761009-1199965",0,0,0,1,0,1,0,0,1,0,"equal"
"960606-4699529",0,1,1,0,0,0,0,1,0,1,"equal"
"781201-4371823",0,0,1,1,0,0,1,1,1,1,"equal"
"900903-4632822",0,1,0,0,1,0,0,1,1,1,"equal"
"650911-1154491",0,0,0,1,0,1,0,0,1,1,"equal"
"830726-3186647",0,0,1,0,0,1,0,1,0,0,"equal"
"590818-4210521",1,0,0,1,1,1,1,1,0,0,"equal"
"910721-4894098",1,0,0,1,1,0,1,0,0,1,"equal"
"800407-1442158",0,0,0,0,1,0,1,0,0,0,"equal"
"780602-3335346",1,1,1,1,0,1,0,1,0,0,"equal"
"640125-1380727",0,0,1,1,1,1,1,1,0,0,"equal"
"720201-2042299",0,0,0,1,0,0,0,0,1,1,"equal"
"900125-2339548",0,1,0,1,1,1,0,0,0,1,"equal"
"651121-1583507",0,0,0,0,1,0,1,0,1,0,"equal"
"940717-1302005",1,1,0,0,0,0,1,0,0,0,"equal"
"750508-1160842",0,0,1,1,1,0,1,1,0,1,"equal"
"981025-1839766",0,0,0,0,1,0,1,0,0,1,"equal"
"660102-3319379",1,0,1,1,0,1,1,1,1,0,"equal"
"710416-2806511",1,0,0,1,1,1,0,0,0,0,"equal"
"590621-4793241",1,0,0,1,1,0,0,0,1,1,"equal"
"720213-1252330",0,1,1,1,0,0,1,0,0,0,"equal"
"950509-4682834",0,1,0,1,1,1,1,1,1,1,"equal"
"680326-4465277",0,1,0,1,0,0,1,0,1,1,"equal"
"621123-4038985",1,0,0,1,1,0,0,0,0,0,"equal"
"700813-2945889",0,0,1,1,1,1,1,0,1,0,"equal"
"960327-2565302",0,0,0,1,1,0,1,0,0,0,"equal"
"620705-2951311",1,1,1,1,0,1,0,0,0,0,"equal"
"660328-1316851",0,0,0,0,0,1,0,1,1,1,"equal"
"750417-1837388",0,0,1,1,1,0,0,0,1,0,"equal"
"780308-4428636",1,1,0,1,0,1,0,1,1,0,"equal"
"600824-2458458",1,0,1,0,1,1,1,1,0,1,"equal"
"680827-2876579",0,0,0,1,1,1,1,0,1,0,"equal"
"510509-1261928",0,0,0,0,1,1,0,0,0,1,"equal"
"540907-4816334",1,1,1,0,0,1,0,1,1,1,"equal"
"560501-1628813",0,1,1,1,1,1,0,1,1,1,"equal"
"590423-3465416",1,0,1,1,1,1,0,1,0,0,"equal"
"521105-2459873",0,0,1,0,0,0,1,1,1,1,"equal"
"690518-4190414",0,0,0,0,1,1,1,1,0,1,"equal"
"650517-4161390",1,0,1,1,0,1,1,1,1,0,"equal"
"960125-4618408",0,1,1,0,1,1,0,1,1,0,"equal"
"610124-2012006",1,0,1,1,1,1,0,1,1,1,"equal"
"920802-1474955",0,0,0,1,0,1,0,1,0,0,"equal"
"630113-4914786",0,0,1,0,0,1,1,1,1,0,"equal"
"540126-4646458",1,1,1,0,1,1,1,0,0,0,"equal"
"940108-1686611",1,1,1,1,0,1,1,0,1,1,"equal"
"610924-2626362",0,0,0,0,1,0,0,0,1,1,"equal"
"860310-1752635",1,0,1,0,0,0,0,0,1,0,"equal"
"530128-4039698",0,0,0,1,1,0,1,0,0,0,"equal"
"510816-1194198",1,1,1,1,1,1,1,0,0,1,"equal"
"590318-4739991",1,0,1,1,1,1,0,1,1,1,"equal"
"900116-2378478",1,1,1,0,0,1,0,1,0,0,"equal"
"740428-1844886",1,1,0,0,0,1,1,1,1,0,"equal"
"920926-2619266",1,0,0,0,1,1,1,0,0,1,"equal"
"640128-4883271",0,0,0,1,1,0,1,0,0,0,"equal"
"990617-1265323",0,1,0,1,0,0,1,0,0,1,"equal"
"991112-3375068",1,1,0,1,0,1,0,1,0,1,"equal"
"580405-4046092",1,1,1,0,1,1,0,0,1,0,"equal"
"620515-2238995",1,1,0,0,1,0,1,0,0,0,"equal"
"681123-4995854",0,0,1,1,1,1,1,1,0,0,"equal"
"520905-3651716",1,0,0,0,1,0,1,0,0,0,"equal"
"560321-2095725",0,0,0,1,1,0,0,1,1,1,"equal"
"611222-4204715",1,1,0,0,0,1,0,1,0,1,"equal"
"590320-2220149",1,0,0,0,0,0,0,0,0,1,"equal"
"910911-4677080",1,0,0,1,0,0,0,0,0,1,"equal"
"790210-2661479",0,0,0,0,0,1,0,0,0,0,"equal"
"650523-2466047",1,0,1,1,0,0,1,0,0,0,"equal"
"781004-2351237",1,1,1,0,0,1,0,0,0,0,"equal"
"760812-3943740",1,1,0,1,0,1,0,1,0,1,"equal"
"650315-2222808",1,1,1,1,1,0,1,1,1,1,"equal"
"970215-2804832",0,0,0,0,0,1,1,1,0,0,"equal"
"590923-2294598",1,1,1,0,1,1,1,1,0,0,"equal"
"500519-4989157",1,0,1,1,0,1,0,1,0,0,"equal"
"931220-3724623",1,0,0,0,1,0,0,0,0,1,"equal"
"971113-1554294",0,1,1,0,1,0,1,0,1,0,"equal"
"660505-1010189",0,1,1,0,0,0,1,0,1,1,"equal"
"571102-4790122",1,1,0,0,1,0,0,0,1,1,"equal"
"671223-3812518",1,0,0,0,1,1,1,1,0,0,"equal"
"630418-1287704",0,0,1,0,0,0,1,1,0,0,"equal"
"560403-2079498",0,0,0,1,1,1,0,0,0,1,"equal"
"930511-4133359",0,1,1,0,0,0,0,1,0,1,"equal"
"930627-2928235",0,0,1,0,0,0,1,1,0,1,"equal"
"770305-1666673",1,1,1,1,1,0,1,1,0,0,"equal"
"651211-4380334",1,0,1,0,0,0,1,1,1,1,"equal"
"970121-1250518",0,1,0,0,0,1,1,1,1,0,"equal"
"720215-1245996",1,1,1,0,0,0,1,0,1,0,"equal"
"620423-2483411",1,0,0,1,0,1,1,1,1,0,"equal"
"761006-1012076",0,0,0,0,1,1,1,1,0,1,"equal"
"851006-2141436",0,0,1,0,1,1,1,0,0,0,"equal"
"830703-4548407",1,0,0,0,0,0,0,0,1,0,"equal"
"750305-2364865",0,1,1,0,1,0,1,1,0,0,"equal"
"791228-4912142",1,1,1,0,1,0,1,0,0,0,"equal"
"660414-4151711",1,1,1,1,1,0,0,1,0,1,"equal"
"720420-4097072",0,0,1,1,1,0,0,1,0,0,"equal"
"531006-3198501",1,0,0,1,0,0,0,1,1,0,"equal"
"690715-2457975",1,0,0,1,1,0,0,1,1,0,"equal"
"830420-2014484",0,0,0,0,1,1,1,0,0,1,"equal"
"700907-2325736",0,0,1,0,1,0,0,0,0,0,"equal"
"601012-2362531",1,0,1,0,1,1,1,1,1,0,"equal"
"911218-3901231",1,0,1,0,0,0,0,1,0,1,"equal"
"790317-4349530",1,1,1,0,1,0,0,0,1,0,"equal"
"800327-2115879",1,1,0,0,0,0,0,1,0,0,"equal"
"920618-2368864",0,1,1,0,1,0,1,0,1,0,"equal"
"560701-2608287",1,1,1,0,0,1,1,0,1,0,"equal"
"990120-2884733",1,0,0,1,1,0,1,0,1,0,"equal"
"690528-4816235",0,0,1,0,0,0,1,0,1,0,"equal"
"840403-2554158",1,0,1,0,1,1,1,1,0,1,"equal"
"990217-4507934",1,1,0,0,0,0,0,0,0,1,"equal"
"670317-2919788",1,0,0,1,0,0,1,0,1,1,"equal"
"930615-1549026",1,1,0,0,1,1,0,1,1,0,"equal"
"940311-4034976",1,1,0,0,0,0,1,0,1,0,"equal"
"660801-2449207",1,1,1,0,0,0,1,1,0,0,"equal"
"820515-3272366",1,1,0,1,1,0,1,1,1,1,"equal"
"610703-4082372",0,1,0,0,1,0,1,1,0,1,"equal"
"990919-2407006",0,0,0,0,1,1,0,0,0,1,"equal"
"740908-4030332",1,0,1,0,0,0,1,1,0,0,"equal"
"870921-2017130",1,0,1,0,0,0,1,1,0,1,"equal"
"780926-1835849",1,0,1,1,1,0,1,0,0,1,"equal"
"700706-4244840",1,1,0,0,0,0,0,1,0,0,"equal"
"691204-4001800",1,1,0,0,0,1,0,1,0,0,"equal"
"650611-4669602",1,0,0,1,1,1,0,0,1,0,"equal"
"750621-3615719",1,0,1,1,0,0,0,0,1,1,"equal"
"590728-1644519",0,0,0,0,0,0,0,0,1,1,"equal"
"891107-3571698",0,1,1,0,0,0,0,1,1,1,"equal"
"571126-2997169",1,0,0,1,1,0,1,0,1,1,"equal"
"790615-3701650",0,0,0,0,1,1,1,1,0,1,"equal"
"820604-4850791",1,1,1,0,0,1,0,0,0,0,"equal"
"960409-1155622",0,0,0,1,1,0,1,1,1,0,"equal"
"880623-1978445",0,0,0,0,1,0,0,1,1,1,"equal"
"681009-3345602",0,0,1,0,0,0,0,1,0,0,"equal"
"771108-1363552",0,1,1,0,1,1,1,0,0,1,"equal"
"960604-4457945",0,0,1,0,0,1,1,0,1,1,"equal"
"690304-2939133",0,1,1,1,0,1,1,1,0,1,"equal"
"950820-2960713",0,1,1,1,1,1,1,1,0,0,"equal"
"690502-2980778",1,1,1,1,1,1,1,0,1,1,"equal"
"700228-2690000",1,0,1,0,0,0,0,1,0,1,"equal"
"730624-3900892",1,0,1,1,0,0,1,1,1,0,"equal"
"800704-1561739",1,0,1,1,1,0,1,1,1,0,"equal"
"570828-2604984",1,1,0,0,1,1,1,1,1,1,"equal"
"860425-3170326",0,1,1,1,0,1,0,1,0,1,"equal"
"560516-1089785",1,0,1,0,1,1,1,1,1,1,"equal"
"570309-4903090",1,0,1,0,0,1,0,1,1,0,"equal"
"741202-3288597",0,1,1,0,1,0,1,0,1,1,"equal"
"960315-4017693",1,1,0,1,1,0,1,1,1,1,"equal"
"751020-2653675",0,0,0,1,0,0,0,0,0,0,"equal"
"891019-4537310",1,0,0,1,0,0,1,1,0,1,"equal"
"670211-4610030",0,0,1,1,0,1,1,0,0,0,"equal"
"630822-1040353",1,1,1,0,1,1,0,1,0,0,"equal"
"750514-2051486",1,0,1,0,1,0,0,0,0,1,"equal"
"610314-3592796",1,1,1,1,0,0,0,1,0,0,"equal"
"550419-1074463",0,1,0,0,1,1,1,1,0,1,"equal"
"801219-4387566",1,1,1,1,1,1,1,1,1,0,"equal"
"850816-2171228",0,1,0,0,1,0,0,1,0,1,"equal"
"950408-2913049",1,0,1,0,0,0,1,0,0,0,"equal"
"780318-2143113",0,0,1,1,1,1,1,1,1,1,"equal"
"850615-2404888",0,1,1,0,1,1,1,1,0,0,"equal"
"990512-2812515",0,0,1,1,1,1,0,1,1,1,"equal"
"830212-2445093",0,0,0,1,1,1,1,1,1,0,"equal"
"770316-2872695",1,0,0,0,0,1,1,0,0,1,"equal"
"541102-1460630",1,0,0,0,1,1,1,1,0,1,"equal"
"581128-1135047",1,1,0,0,0,1,1,1,0,0,"equal"
"540525-3932196",0,0,0,0,0,0,1,1,1,1,"equal"
"640128-2614320",1,1,1,1,1,1,0,0,1,0,"equal"
"680403-1470403",0,0,0,0,0,1,0,0,0,0,"equal"
"640417-3441680",0,1,1,1,1,1,0,1,0,0,"equal"
"850909-3986100",1,0,1,1,1,1,1,1,0,1,"equal"
"530701-2319735",1,0,0,0,1,1,1,1,0,0,"equal"
"890821-2598759",1,0,0,1,0,0,1,1,1,0,"equal"
"990111-2004857",1,1,1,1,1,1,0,1,1,1,"equal"
"770523-2419601",1,1,0,0,0,0,1,0,0,0,"equal"
"860910-1986350",0,0,0,0,1,1,1,0,1,1,"equal"
"991113-2941450",0,0,1,1,0,1,1,1,1,1,"equal"
"660825-4165734",0,1,0,0,1,1,1,1,1,1,"equal"
"691108-2121663",1,0,0,1,0,1,0,0,1,1,"equal"
"930413-1978753",0,0,0,1,1,1,0,1,0,0,"equal"
"570218-1910701",0,1,1,0,1,0,1,0,1,1,"equal"
"590701-3418138",1,0,0,0,1,1,0,0,1,0,"equal"
"710613-1155680",1,1,1,0,0,1,1,1,0,0,"equal"
"570326-4163342",0,1,0,0,1,0,1,1,1,0,"equal"
"970119-4184161",0,0,1,0,1,0,1,0,1,1,"equal"
"880602-1504627",0,0,1,0,1,0,0,1,0,1,"equal"
"950908-4612414",1,1,0,1,1,0,1,1,1,0,"equal"
"940102-4253583",0,0,0,1,1,0,0,1,0,1,"equal"
"760915-4043748",1,1,0,1,0,0,0,1,1,1,"equal"
"900117-2135613",1,0,0,1,1,1,0,1,0,1,"equal"
"971025-4304988",0,1,0,1,1,1,1,0,1,0,"equal"
"590104-4202432",0,0,1,1,0,1,1,1,0,0,"equal"
"690311-1693545",0,0,1,0,0,1,1,0,1,0,"equal"
"780513-4765894",0,1,0,0,0,1,0,0,1,1,"equal"
"551203-1845302",1,0,1,0,1,1,0,1,1,0,"equal"
"951122-4194581",1,0,1,0,1,1,1,1,0,0,"equal"
"500802-2517177",0,1,1,1,1,0,0,0,1,0,"equal"
"661114-2652936",0,0,0,1,0,1,0,1,0,1,"equal"
"660419-4204397",0,0,1,1,0,0,0,0,1,1,"equal"
"640926-3923416",0,1,1,1,0,1,1,0,1,1,"equal"
"920611-4442116",1,1,1,0,0,1,1,1,0,0,"equal"
"690524-2901526",1,1,0,1,1,0,0,1,0,1,"equal"
"730902-1576404",1,0,1,1,0,0,1,1,0,0,"equal"
"720327-3877075",1,0,0,0,0,1,1,0,1,0,"equal"
"770116-1476516",1,0,0,0,0,0,0,0,1,1,"equal"
"551005-2845574",1,1,1,0,1,1,0,0,0,1,"equal"
"970215-4596338",0,0,0,1,0,0,1,0,1,1,"equal"
"780415-4292729",1,0,1,0,0,0,1,0,0,1,"equal"
"630317-3258578",0,0,0,0,1,0,0,0,0,1,"equal"
"610527-1602193",0,0,0,1,0,1,0,0,0,0,"equal"
"540620-1454127",1,1,1,0,0,0,0,0,0,1,"equal"
"661215-3413775",0,1,0,0,0,0,1,0,0,1,"equal"
"901026-3120119",1,0,0,1,0,1,1,1,1,1,"equal"
"710126-1988412",0,1,0,1,1,1,1,0,0,0,"equal"
"901223-2755910",0,1,0,0,1,1,1,0,0,1,"equal"
"810101-3693276",0,0,1,1,1,0,0,1,0,0,"equal"
"520802-3776699",0,1,0,1,1,1,1,0,1,0,"equal"
"660825-2188167",0,0,1,1,1,1,0,1,0,1,"equal"
"851002-3862127",0,1,0,1,0,1,1,0,1,0,"equal"
"730216-2524486",1,1,1,0,1,1,0,1,0,0,"equal"
"980304-4517417",0,0,1,0,0,0,1,1,1,1,"equal"
"750414-1409765",1,0,1,0,1,1,1,0,1,1,"equal"
"690312-2286719",0,1,1,0,0,1,1,0,1,0,"equal"
"790627-1998326",0,1,1,0,1,0,0,0,0,0,"equal"
"951107-1078311",1,1,1,1,0,1,0,1,0,0,"equal"
"590814-4898176",0,1,0,0,0,1,0,1,1,0,"equal"
"701006-2720016",1,0,0,0,1,0,1,1,0,1,"equal"
"660315-4981654",1,1,0,0,0,1,0,1,0,0,"equal"
"530712-4315856",0,0,1,0,1,0,0,0,1,0,"equal"
"521104-1515955",0,1,0,0,1,0,1,1,0,1,"equal"
"670607-4850915",1,0,0,0,1,1,1,0,1,0,"equal"
"660611-1986029",1,1,1,0,0,1,1,0,1,1,"equal"
"541020-4723636",1,1,0,0,1,1,1,0,0,1,"equal"
"900924-1342260",0,0,0,0,0,1,0,1,1,1,"equal"
"570323-4764455",0,0,1,0,0,1,1,1,0,0,"equal"
"540201-1349726",0,1,0,1,1,0,0,1,1,1,"equal"
"510321-4385715",0,1,0,0,1,1,1,1,0,1,"equal"
"760425-4951371",0,0,1,0,0,1,1,1,1,1,"equal"
"840102-1208295",1,1,1,1,0,1,1,0,0,1,"equal"
"750301-2085724",0,0,1,1,0,1,0,1,1,0,"equal"
"530224-1961663",1,0,1,1,1,1,0,1,0,1,"equal"
"910324-4080458",1,1,0,1,0,1,0,1,0,1,"equal"
"630723-3380429",1,1,0,1,0,0,0,1,1,1,"equal"
"630501-1993633",1,0,1,0,1,0,0,1,1,1,"equal"
"520802-3737809",0,1,0,1,0,1,1,0,1,1,"equal"
"630828-4979576",1,0,0,0,1,0,0,0,1,1,"equal"
"900110-3972951",1,0,0,1,0,1,0,1,0,0,"equal"
"580123-2956198",1,0,1,0,1,0,1,1,0,0,"equal"
"580902-2704529",1,1,0,0,0,1,1,1,1,0,"equal"
"890517-1568187",0,1,0,0,0,1,0,0,1,0,"equal"
"560310-3801689",0,1,1,0,1,0,0,1,0,1,"equal"
"771226-3283737",1,1,1,1,0,1,0,1,1,0,"equal"
"520928-1849978",1,1,0,1,0,0,0,0,1,1,"equal"
"900715-4451161",0,1,0,0,0,0,1,1,1,1,"equal"
"740405-4341749",1,0,0,1,0,0,0,0,1,1,"equal"
"750505-2091118",0,0,0,0,0,1,0,0,1,0,"equal"
"970223-3797832",1,1,1,1,1,1,1,1,0,1,"equal"
"750127-3091954",0,0,1,0,1,1,0,0,0,1,"equal"
"941226-2242311",0,1,1,0,0,1,0,0,0,1,"equal"
"880724-1748262",1,1,0,1,1,1,1,0,1,0,"equal"
"850603-1363415",1,1,1,1,1,1,0,0,0,1,"equal"
"540623-2526665",1,1,0,0,0,0,0,1,0,0,"equal"
"500211-3337865",1,0,0,1,0,1,0,1,1,0,"equal"
"760223-2964688",1,1,0,0,0,1,0,0,0,0,"equal"
"750910-2949676",1,0,0,1,1,0,1,1,1,1,"equal"
"590920-2092912",0,1,0,0,0,0,0,0,0,1,"equal"
"860817-4108061",1,1,0,1,1,0,0,0,0,0,"equal"
"790809-4410069",1,1,1,1,0,1,0,1,0,0,"equal"
"521003-3967481",1,1,1,0,0,1,1,0,1,0,"equal"
"650120-2076802",1,0,1,1,1,0,0,1,1,0,"equal"
"740407-3502897",1,0,1,1,0,0,0,1,0,1,"equal"
"641215-2371823",1,1,0,0,1,1,0,1,1,0,"equal"
"800814-4615169",0,1,0,1,0,1,0,0,0,1,"equal"
"690519-3429269",0,1,0,1,1,0,1,1,1,1,"equal"
"990910-3474873",1,0,0,0,0,1,0,1,1,1,"equal"
"970403-4336717",0,1,1,0,0,0,0,0,0,1,"equal"
"580615-3259919",0,1,1,0,0,1,0,1,0,0,"equal"
"500906-1220619",1,1,0,0,0,0,1,1,0,0,"equal"
"860126-1272571",1,0,1,0,0,0,0,1,1,0,"equal"
"531119-2402109",1,1,1,1,1,1,0,0,1,1,"equal"
"930508-4178303",1,0,1,1,0,1,1,1,1,0,"equal"
"560410-4056664",1,1,0,1,0,0,1,1,1,1,"equal"
"790905-3791528",0,1,0,0,1,1,0,0,0,1,"equal"
"760402-2058889",0,0,0,0,0,0,0,1,1,0,"equal"
"890511-2663471",0,0,1,0,0,0,1,0,0,0,"equal"
"750304-2210251",0,0,1,0,0,0,0,1,0,0,"equal"
"770402-3814650",1,0,1,0,1,1,0,0,1,1,"equal"
"670328-4169946",1,0,1,0,0,1,0,0,1,1,"equal"
"840617-3159021",1,1,0,1,1,1,1,1,1,1,"equal"
"530408-3436952",0,1,1,0,0,0,1,1,1,0,"equal"
"940503-3307743",0,0,0,1,0,1,1,0,0,0,"equal"
"740424-3664976",1,0,1,0,1,0,0,0,1,0,"equal"
"900218-3943412",0,1,1,1,0,1,1,0,1,1,"equal"
"920425-3279697",1,0,0,0,0,1,0,0,0,1,"equal"
"651224-4883298",0,1,1,0,0,0,0,1,1,1,"equal"
"860528-2439055",1,1,0,0,1,0,1,1,0,1,"equal"
"910525-3524942",1,0,0,0,1,0,0,0,1,0,"equal"
"820408-3132341",0,1,1,0,1,0,0,1,1,0,"equal"
"941219-3429883",0,0,0,1,1,1,0,0,0,1,"equal"
"690402-2173131",1,0,1,1,1,1,1,0,0,0,"equal"
"690320-3123413",0,1,0,1,1,1,1,0,0,0,"equal"
"900104-2609185",0,1,0,1,0,1,1,0,1,0,"equal"
"851218-3012006",1,0,1,0,0,0,1,0,1,1,"equal"
"500201-1455338",1,0,1,0,1,0,0,1,1,1,"equal"
"630110-2591732",1,1,1,1,0,1,0,0,1,1,"equal"
"900527-3881543",0,1,1,1,0,1,0,1,0,1,"equal"
"960114-2757358",0,1,0,1,1,0,1,1,0,0,"equal"
"690826-4907911",1,0,1,1,1,1,0,1,1,1,"equal"
"901009-3262033",1,1,1,0,0,0,1,0,1,0,"equal"
"940903-3598344",0,0,0,0,0,1,0,1,0,1,"equal"
"640611-4586011",0,1,1,0,0,1,0,1,0,0,"equal"
"950810-3979565",0,1,0,0,0,1,0,0,1,1,"equal"
"600504-1882819",0,0,0,1,1,0,0,1,1,0,"equal"
"630220-2087666",1,0,0,1,1,0,0,0,0,0,"equal"
"680209-4219172",1,1,0,0,0,1,0,1,0,1,"equal"
"740520-2132467",1,1,1,0,0,1,1,0,1,1,"equal"
"770923-3211112",1,1,0,0,1,1,1,0,0,1,"equal"
"810807-3214972",0,1,0,0,0,1,1,0,1,1,"equal"
"990806-2622965",1,1,1,1,0,1,1,1,0,1,"equal"
"820128-4962560",1,1,0,1,1,0,0,0,0,1,"equal"
"880422-3279735",1,0,0,1,0,0,0,0,1,0,"equal"
"560214-1163339",1,0,0,0,0,1,0,1,1,0,"equal"
"541226-2381559",0,0,0,1,0,1,0,1,1,0,"equal"
"980718-3096227",0,0,1,0,0,1,0,0,0,0,"equal"
"550526-4936989",0,1,1,1,1,1,0,1,0,1,"equal"
"920612-2223741",0,0,0,0,0,0,1,0,0,1,"equal"
"970913-4009272",0,0,0,1,0,0,1,1,0,0,"equal"
"970317-4884106",1,1,1,0,0,0,0,0,0,1,"equal"
"630420-2442259",1,0,1,0,1,0,1,1,0,1,"equal"
"960804-2730998",0,1,0,1,0,1,0,1,1,1,"equal"
"750715-2207218",1,0,0,0,1,0,1,1,1,0,"equal"
"860216-3547933",0,1,1,1,1,1,0,0,1,0,"equal"
"530311-3462630",0,0,1,1,1,1,1,1,1,0,"equal"
"530314-2699129",0,0,0,0,1,1,1,1,1,0,"equal"
"830612-4752147",0,0,0,1,0,1,1,0,1,0,"equal"
"790919-1379163",1,0,1,1,1,0,0,1,1,0,"equal"
"500521-4509756",0,0,1,0,1,1,0,0,1,0,"equal"
"970819-2791454",0,1,0,0,1,0,1,0,0,1,"equal"
"701127-3546193",0,1,1,0,0,0,1,0,0,0,"equal"
"770428-1427714",1,1,0,1,0,1,0,1,1,0,"equal"
"731120-4234915",0,1,1,0,0,0,1,1,0,0,"equal"
"570426-2120846",0,1,0,1,1,0,1,1,1,1,"equal"
"840323-4006333",1,0,1,1,0,1,1,1,1,0,"equal"
"680220-4292029",0,0,1,0,1,0,1,1,0,0,"equal"
"541105-2647695",0,1,1,1,0,0,0,1,0,0,"equal"
"720204-3593244",0,0,0,1,1,1,0,1,1,0,"equal"
"671025-3453704",0,0,1,1,1,0,1,1,1,1,"equal"
"980714-4276064",1,0,0,1,0,0,1,0,0,1,"equal"
"730403-2068521",1,1,1,0,1,1,1,1,1,0,"equal"
"890516-2989325",1,0,1,0,0,1,0,0,0,1,"equal"
"811107-3389896",1,0,0,0,1,1,0,1,0,0,"equal"
"900306-1116104",0,1,1,1,1,1,1,1,1,0,"equal"
"681217-3515258",1,1,1,0,0,0,1,1,0,0,"equal"
"551018-4779033",0,1,1,0,0,1,1,1,1,1,"equal"
"630315-4724567",0,1,0,1,0,0,0,0,0,1,"equal"
"600319-3807014",0,0,1,1,0,0,1,1,0,0,"equal"
"831109-1237885",0,0,0,0,1,1,1,0,1,1,"equal"
"540204-3407512",1,1,0,0,1,0,1,1,1,1,"equal"
"861110-3341115",0,1,1,1,1,0,0,1,0,1,"equal"
"750503-1524300",1,0,1,0,1,0,0,0,0,0,"equal"
"801128-3874358",0,0,1,1,1,1,1,1,1,0,"equal"
"500905-4817863",0,1,1,1,0,1,0,1,1,1,"equal"
"770408-2083404",1,0,1,0,1,0,0,1,0,1,"equal"
"761219-4396551",0,1,0,1,0,0,1,1,1,0,"equal"
"830308-1016623",1,1,0,0,1,1,1,1,0,0,"equal"
"850222-4882987",0,1,0,0,1,1,1,0,1,1,"equal"
"540418-4250714",0,0,0,1,0,1,0,1,1,0,"equal"
"730913-1581653",0,1,1,0,1,0,1,1,0,1,"equal"
"680207-1970597",0,1,1,0,0,1,1,0,0,0,"equal"
"850712-3325312",1,1,1,1,0,1,1,0,0,1,"equal"
"860720-3486529",1,0,0,1,1,0,0,1,1,0,"equal"
"590902-1177233",0,0,1,1,1,1,1,0,0,1,"equal"
"990505-4608789",1,1,0,0,0,0,0,0,0,1,"equal"
"660403-4561994",1,1,0,1,1,1,0,0,0,0,"equal"
"950118-1158796",0,0,1,1,0,0,1,0,0,1,"equal"
"531020-2921663",0,1,0,1,1,1,0,0,1,0,"equal"
"651108-4289225",1,0,0,0,1,1,0,0,0,1,"equal"
"771015-2182836",1,1,0,1,1,1,1,1,0,0,"equal"
"850304-1591996",1,0,1,0,1,0,0,0,1,1,"equal"
"711211-1555462",0,0,0,0,1,0,1,0,0,1,"equal"
"821020-2032887",0,0,0,0,0,0,1,0,1,1,"equal"
"500821-2118903",1,1,0,1,0,0,1,0,1,0,"equal"
"910420-4803742",1,0,0,1,0,0,0,0,0,0,"equal"
"920816-3439165",0,1,1,1,1,0,0,1,1,0,"equal"
"730223-4524974",1,1,0,0,0,1,1,1,0,1,"equal"
"500919-3932080",1,1,0,1,0,1,1,1,0,0,"equal"
"600305-4247997",0,0,1,1,1,0,0,1,1,0,"equal"
"810221-4057592",1,1,0,0,0,0,0,1,0,0,"equal"
"990519-2496624",0,0,0,1,1,1,0,0,1,1,"equal"
"790808-2138045",1,0,1,1,1,0,0,1,0,1,"equal"
"950707-2511234",0,0,1,1,0,0,1,0,0,0,"equal"
"580413-4721071",1,1,1,1,0,1,0,0,1,0,"equal"
"620516-1464187",0,1,1,0,1,0,1,1,0,0,"equal"
"850528-3006172",0,0,1,0,1,0,0,0,0,1,"equal"
"710822-3971377",0,1,0,1,1,0,0,1,1,0,"equal"
"500707-3291657",0,0,0,0,1,1,1,0,0,1,"equal"
"620205-1982948",1,0,0,0,1,0,0,0,0,1,"equal"
"950907-4422778",0,1,1,0,0,1,1,0,1,1,"equal"
"700102-1568974",1,1,0,0,0,1,0,0,0,0,"equal"
"640226-1568953",0,0,0,0,1,1,1,1,1,0,"equal"
"720902-4243964",0,1,1,0,0,0,0,1,0,1,"equal"
"500811-2202615",0,0,1,0,1,1,0,1,0,1,"equal"
"530212-1587292",1,0,0,0,1,0,1,0,0,0,"equal"
"730402-1306006",1,0,0,0,1,0,0,0,0,0,"equal"
"861016-4140766",0,0,0,0,1,1,1,1,1,1,"equal"
"700726-3695289",0,0,1,1,1,1,1,1,0,0,"equal"
"580605-1182233",0,1,1,0,1,0,1,1,1,0,"equal"
"760423-2346451",1,1,1,1,0,1,0,0,0,1,"equal"
"790303-2101003",1,1,1,0,0,0,0,1,1,0,"equal"
"620717-2790061",1,0,1,1,1,1,1,0,0,0,"equal"
"840215-3436601",0,1,1,1,1,1,0,1,1,0,"equal"
"600619-2050107",0,0,1,0,1,0,1,0,0,1,"equal"
"551024-4406871",0,0,0,1,1,0,1,1,1,0,"equal"
"530122-2642367",1,1,0,0,1,1,1,1,0,1,"equal"
"511025-3192111",0,0,0,0,1,0,1,0,0,1,"equal"
"650120-1325141",1,1,1,0,1,0,1,0,0,0,"equal"
"760828-4638754",1,1,0,1,1,0,1,0,0,1,"equal"
"860324-4376013",1,1,0,1,0,1,0,1,1,0,"equal"
"800821-4271592",1,0,0,0,0,0,1,0,1,0,"equal"
"510719-4874113",1,1,0,0,0,0,1,1,1,0,"equal"
"680401-4198088",1,1,1,0,1,0,0,1,0,0,"equal"
"760704-4093515",1,1,1,0,1,1,0,0,1,0,"equal"
"920210-1374970",1,1,1,1,1,1,0,0,1,1,"equal"
"571205-1350385",0,0,1,0,1,1,0,0,0,0,"equal"
"770724-3282374",1,1,1,1,0,1,1,1,0,0,"equal"
"870912-1362082",1,1,1,1,1,1,0,0,0,1,"equal"
"631201-3247976",0,0,1,1,0,0,0,0,0,1,"equal"
"960517-1586369",1,0,0,1,1,1,1,1,1,1,"equal"
"770805-1633811",0,0,0,0,0,0,0,1,0,0,"equal"
"700509-3284428",1,0,1,1,0,1,1,0,0,1,"equal"
"970619-3784760",1,1,1,1,1,1,1,0,1,0,"equal"
"521117-3872909",0,0,0,0,0,0,0,0,0,1,"equal"
"720827-3874454",0,1,0,0,1,0,1,0,0,1,"equal"
"731003-3934438",1,0,1,0,0,0,1,0,1,1,"equal"
"940427-3859589",0,1,1,0,0,1,0,0,0,1,"equal"
"760322-4774674",0,0,0,0,0,1,0,0,0,0,"equal"
"530822-2100416",1,1,1,0,1,0,0,1,0,0,"equal"
"610427-3633173",1,1,1,0,0,0,0,0,1,0,"equal"
"690911-3455772",1,1,1,0,0,0,1,1,1,1,"equal"
"640708-2138935",1,0,0,0,0,1,0,0,1,0,"equal"
"651116-2106826",1,1,0,0,0,0,1,0,1,0,"equal"
"741004-3216037",1,0,0,0,1,0,1,0,1,0,"equal"
"920107-1311201",0,1,0,1,0,1,0,0,0,0,"equal"
"900228-4214894",0,1,0,1,0,0,1,0,1,1,"equal"
"530208-2965809",1,1,0,1,1,0,0,1,0,0,"equal"
"940816-2465376",0,0,0,0,0,1,1,1,1,1,"equal"
"610415-2600215",0,0,0,1,0,1,1,0,1,1,"equal"
"970112-3931360",1,0,1,1,1,0,1,1,0,1,"equal"
"990924-3865781",0,0,0,0,0,1,0,1,0,1,"equal"
"901222-4200028",0,0,1,0,1,0,1,0,0,0,"equal"
"870214-1867371",1,1,0,0,1,0,0,0,1,0,"equal"
"910727-1082071",1,0,1,0,1,1,1,1,1,0,"equal"
"520214-2629411",1,1,1,1,0,1,0,1,1,1,"equal"
"970912-4575095",1,1,1,0,0,1,1,1,0,1,"equal"
"940716-1564666",1,0,1,0,0,0,1,1,0,0,"equal"
"640925-1772118",0,0,1,1,1,1,1,0,0,0,"equal"
"580103-1858103",0,0,1,0,1,1,0,0,0,0,"equal"
"941024-3708136",1,0,1,1,0,0,0,1,1,1,"equal"
"700305-3622969",1,0,1,0,0,0,0,0,0,1,"equal"
"590425-1296744",1,0,1,1,0,1,1,0,1,0,"equal"
"610111-2410802",0,1,0,1,0,1,0,0,0,0,"equal"
"981023-4246529",0,1,1,0,1,1,0,1,0,0,"equal"
"500613-1206157",0,0,1,1,1,1,1,1,1,0,"equal"
"930722-4822305",0,1,1,1,1,0,0,0,1,0,"equal"
"560826-4643651",0,0,1,1,1,0,0,1,1,1,"equal"
"760615-1223382",0,1,1,1,1,0,1,0,1,0,"equal"
"550826-4192475",0,0,0,1,0,1,1,1,0,0,"equal"
"951015-2958570",0,0,1,0,1,1,1,1,1,0,"equal"
"780620-2364642",1,0,1,0,0,0,0,1,1,1,"equal"
"971001-3944301",1,1,1,1,0,0,1,1,1,0,"equal"
"760604-4026289",0,0,0,0,0,1,1,0,1,0,"equal"
"830819-4572032",1,1,0,0,0,1,1,0,1,0,"equal"
"590321-4954204",0,1,0,0,0,1,0,0,1,1,"equal"
"971105-3198519",0,1,1,1,1,1,0,1,1,1,"equal"
"591122-2166754",1,0,1,0,0,1,0,1,0,0,"equal"
"930622-2374187",1,0,1,1,1,1,1,0,0,1,"equal"
"540807-1108052",1,0,1,0,1,0,0,0,1,1,"equal"
"861123-2811482",0,0,0,0,0,0,0,1,1,0,"equal"
"920909-1086412",0,1,1,0,0,0,1,1,0,1,"equal"
"531025-4924834",0,0,0,0,0,0,1,0,0,0,"equal"
"980723-1098485",0,1,1,0,0,1,1,0,0,0,"equal"
"980101-2247859",1,1,1,1,1,0,0,0,1,0,"equal"
"631118-2289807",0,1,1,1,0,0,0,0,0,1,"equal"
"761026-4079461",1,0,0,0,1,1,1,1,0,1,"equal"
"710802-2602880",1,0,0,0,1,0,0,0,1,0,"equal"
"940724-2524370",0,0,1,1,1,0,1,0,1,0,"equal"
"670828-2208129",1,1,1,0,1,1,1,1,1,0,"equal"
"730809-2071561",1,0,1,1,1,1,0,1,1,1,"equal"
"920504-1150464",0,1,0,0,1,0,0,1,0,1,"equal"
"630408-3288438",1,1,0,1,0,1,1,1,1,0,"equal"
"911201-2197518",1,0,1,1,1,1,0,0,0,0,"equal"
"520210-4135220",0,0,1,0,0,1,0,1,1,0,"equal"
"930704-4454553",0,1,0,0,1,0,1,0,0,0,"equal"
"810422-3270732",0,1,0,1,1,1,1,0,1,1,"equal"
"680524-4045884",0,0,1,0,0,0,1,0,0,0,"equal"
"931005-4124720",0,0,1,0,0,1,1,1,0,1,"equal"
"750314-2549370",0,0,0,0,1,1,1,0,1,1,"equal"
"790128-3232465",0,0,0,0,1,0,0,1,1,1,"equal"
"971211-3968730",1,0,1,0,1,1,1,1,0,0,"equal"
"780521-1058972",1,1,0,0,0,1,1,1,1,1,"equal"
"620925-3052557",1,1,0,0,0,0,0,0,0,1,"equal"
"760721-4863490",0,1,0,0,0,0,0,1,0,1,"equal"
"850103-4566059",0,1,1,0,0,0,1,0,0,0,"equal"
"550926-4246335",1,0,1,0,1,0,1,0,1,0,"equal"
"640211-3294408",0,0,0,0,1,0,1,0,0,0,"equal"
"560109-3223494",1,1,0,0,1,1,0,1,0,0,"equal"
"980402-4733009",1,0,1,0,1,1,1,0,0,0,"equal"
"940525-2181482",1,1,0,0,0,0,0,1,1,0,"equal"
"880514-2296088",1,0,1,0,1,0,0,1,1,1,"equal"
"660206-2206499",1,0,0,0,1,0,0,1,1,1,"equal"
"520125-2425592",0,0,1,0,1,0,0,1,0,0,"equal"
"710818-4493591",1,0,0,0,0,0,0,0,0,1,"equal"
"671103-3253033",0,1,0,1,0,1,1,1,0,1,"equal"
"870321-1270988",1,1,1,1,1,1,0,0,0,1,"equal"
"500903-2234145",0,0,0,0,1,1,0,0,0,0,"equal"
"640517-1891865",0,0,1,1,0,0,0,1,1,1,"equal"
"780710-3899068",0,0,1,1,1,1,1,1,1,1,"equal"
"550504-1409497",0,1,1,1,0,1,1,1,1,1,"equal"
"810912-1597537",1,1,1,0,0,1,0,0,1,1,"equal"
"720811-4726486",0,0,1,0,1,1,1,1,0,1,"equal"
"930922-3388976",0,1,1,1,1,0,0,1,1,0,"equal"
"851227-2545073",0,0,1,1,1,0,0,0,1,0,"equal"
"830709-2625625",0,0,0,1,0,1,1,0,1,0,"equal"
"701104-1803477",1,0,1,1,1,0,0,0,0,1,"equal"
"681017-1826813",1,1,0,0,0,0,0,0,1,0,"equal"
"820214-3649708",1,1,1,1,1,1,0,1,1,0,"equal"
"840825-3728761",1,1,1,1,1,1,0,0,1,0,"equal"
"610428-1627090",0,0,0,0,0,1,1,0,1,1,"equal"
"940112-3144416",0,0,1,0,1,1,1,0,1,0,"equal"
"960107-4201134",1,0,1,1,1,0,1,1,1,0,"equal"
"841111-4316131",0,1,1,1,0,0,1,1,0,0,"equal"
"760417-3039299",1,1,1,1,1,1,0,1,0,0,"equal"
"930527-3959434",0,1,0,0,0,1,0,0,0,0,"equal"
"590826-2204701",0,1,1,1,0,1,0,1,0,1,"equal"
"800504-1284472",1,0,0,1,1,0,0,1,1,0,"equal"
"970114-4269125",0,0,1,1,0,1,0,1,0,1,"equal"
"940514-1452236",0,1,0,1,0,1,1,0,0,1,"equal"
"650924-1421192",1,1,0,1,1,0,1,1,1,1,"equal"
"620812-3728248",0,1,1,0,0,1,0,0,1,0,"equal"
"790608-2738656",0,0,1,1,1,1,0,0,0,0,"equal"
"980526-2208833",0,0,1,1,0,1,0,0,1,0,"equal"
"640506-4025008",0,1,0,0,0,1,1,0,0,1,"equal"
"540714-4811177",1,1,1,1,0,1,1,1,0,1,"equal"
"580513-2339214",0,0,0,0,1,0,0,0,1,0,"equal"
"500222-4600164",0,0,0,0,1,0,0,1,1,1,"equal"
"820701-4706397",1,0,1,1,1,1,0,0,0,1,"equal"
"510116-4552072",0,0,1,0,0,0,0,0,1,1,"equal"
"770701-4816093",1,0,0,1,0,0,1,1,1,1,"equal"
"900123-4314787",0,1,1,1,1,1,0,1,0,1,"equal"
"981202-4543005",0,0,1,0,0,0,0,0,1,0,"equal"
"710203-1588844",0,1,0,0,1,1,1,1,1,0,"equal"
"600919-2113655",1,1,0,0,0,1,0,1,1,0,"equal"
"520819-3756044",1,0,0,1,0,1,1,1,1,0,"equal"
"910921-2736087",0,1,1,1,1,1,1,1,1,0,"equal"
"590118-2292203",1,0,0,1,1,1,0,0,1,0,"equal"
"830523-3601122",0,0,0,1,1,1,1,0,0,0,"equal"
"901104-4146846",0,1,1,1,1,0,1,1,1,0,"equal"
"800822-4833618",0,0,0,0,0,1,0,0,1,0,"equal"
"861012-1240741",1,1,0,1,0,0,1,0,0,1,"equal"
"910803-1276261",1,1,1,1,1,1,1,1,0,0,"equal"
"590320-4033261",0,1,0,0,1,1,1,1,0,0,"equal"
"930717-1368568",1,1,0,0,1,0,0,1,1,1,"equal"
"590601-4813467",1,0,1,0,0,0,1,0,0,1,"equal"
"941108-1645171",0,0,1,0,1,1,1,0,0,0,"equal"
"510109-4503289",0,1,0,1,0,1,1,1,1,0,"equal"
"830619-3220122",1,1,1,0,1,1,1,1,0,1,"equal"
"891011-3700832",1,1,0,0,0,1,1,0,0,0,"equal"
"990909-4047895",0,0,0,1,1,1,0,0,0,1,"equal"
"680427-2049852",1,1,1,1,0,0,0,0,1,1,"equal"
"670622-1443603",0,0,0,0,0,1,0,1,1,1,"equal"
"690916-4541159",1,0,0,1,0,0,1,0,0,1,"equal"
"800720-1966102",0,0,1,0,1,1,1,1,1,1,"equal"
"860309-4139569",1,0,0,0,1,0,0,1,1,1,"equal"
"820125-3153825",0,0,0,0,1,0,1,1,1,1,"equal"
"950625-1216463",1,0,0,0,1,0,1,1,1,1,"equal"
"700522-2557379",0,0,0,1,1,1,1,0,0,1,"equal"
"890816-4711989",1,0,1,0,0,0,0,1,0,1,"equal"
"950705-4619341",1,1,1,0,0,0,1,1,0,1,"equal"
"730318-4822066",0,0,1,1,1,0,1,1,0,0,"equal"
"851212-2545125",1,0,1,1,1,0,1,1,0,0,"equal"
"850713-3790026",1,0,1,1,1,0,0,1,1,0,"equal"
"801028-1430383",1,0,1,1,0,0,1,0,0,1,"equal"
"700105-3671795",0,0,1,0,0,1,0,0,1,0,"equal"
"921020-2722229",1,0,0,0,0,0,1,0,1,1,"equal"
"580317-4155712",0,0,0,0,0,1,0,1,0,0,"equal"
"570720-4330333",1,0,1,1,0,1,0,1,0,0,"equal"
"950307-1078060",1,1,1,0,0,1,0,0,1,1,"equal"
"931120-2087450",1,1,1,0,1,0,1,0,1,0,"equal"
"861225-1836077",1,0,1,1,1,1,0,0,0,0,"equal"
"790225-4499492",1,1,1,1,0,0,0,1,1,0,"equal"
"531104-3941076",1,1,0,0,1,0,0,0,1,0,"equal"
"900408-4222294",1,0,0,1,1,0,1,1,1,0,"equal"
"820715-4564931",1,1,1,1,1,0,0,0,1,1,"equal"
"910901-2511033",1,0,0,0,0,0,0,0,1,1,"equal"
"550827-3176510",1,0,0,1,1,1,0,1,1,1,"equal"
"530103-4971743",1,1,1,1,0,0,0,0,0,1,"equal"
"760125-2367848",0,0,0,1,0,0,1,0,0,0,"equal"
"721115-4328844",0,1,0,1,0,1,0,1,1,1,"equal"
"710506-3700967",0,0,0,1,0,1,0,1,1,1,"equal"
"980719-2867428",1,0,0,0,0,1,1,1,1,1,"equal"
"761103-3055280",1,1,0,0,1,1,0,1,1,0,"equal"
"950406-4382613",0,0,1,0,0,0,1,0,0,1,"equal"
"750508-1544303",0,1,1,1,0,0,0,0,1,0,"equal"
"960417-4330928",0,1,1,0,0,0,0,1,0,1,"equal"
"980524-4105963",0,0,1,1,1,1,1,0,1,1,"equal"
"881203-1281392",0,0,1,1,1,1,0,1,0,1,"equal"
"620617-3172216",0,0,0,1,1,0,1,0,0,0,"equal"
"921102-3584382",0,1,1,0,0,0,0,0,1,1,"equal"
"690810-4681536",0,1,1,0,0,0,1,1,1,0,"equal"
"550520-3784871",0,1,0,1,1,1,0,1,1,0,"equal"
"650927-2027200",0,0,0,1,0,1,1,1,0,1,"equal"
"841126-4150909",0,0,1,1,0,0,0,1,0,0,"equal"
"560917-2797720",0,1,1,1,0,0,0,1,0,0,"equal"
"750414-4427434",1,1,0,1,1,0,1,0,1,0,"equal"
"870701-1515419",0,1,1,1,1,1,0,1,0,0,"equal"
"550421-3047406",1,0,0,1,0,0,1,1,1,0,"equal"
"740525-1802132",0,1,1,1,1,1,1,0,0,0,"equal"
"940914-1548807",1,1,1,0,1,1,0,1,1,0,"equal"
"810724-3598491",1,0,1,0,0,1,0,0,1,1,"equal"
"850521-4015733",0,1,1,0,1,1,0,0,0,1,"equal"
"580928-3162884",0,0,1,0,0,1,0,1,1,0,"equal"
"801002-4768839",1,1,1,1,1,0,1,0,1,1,"equal"
"810924-3266800",1,0,0,1,0,1,1,0,1,1,"equal"
"540508-2360009",0,1,0,0,0,0,0,0,0,0,"equal"
"850815-2699139",1,0,0,0,0,0,1,0,0,1,"equal"
"671116-4725355",0,0,0,0,0,0,1,1,0,1,"equal"
"970717-2520041",1,0,1,0,1,1,0,0,0,0,"equal"
"530228-4379817",0,1,1,1,0,1,0,0,0,0,"equal"
"921203-3353546",0,0,1,0,1,0,0,0,1,1,"equal"
"750208-1163872",0,1,1,0,0,1,1,0,0,1,"equal"
"920211-3786669",0,1,1,1,1,0,1,0,0,1,"equal"
"850213-3719866",0,0,0,1,0,0,1,0,0,1,"equal"
"610208-2451461",1,1,0,1,1,1,0,0,0,1,"equal"
"950613-4870794",0,1,1,1,1,1,0,0,1,0,"equal"
"751214-4401047",1,0,1,1,1,0,1,0,1,1,"equal"
"560212-4897923",1,0,1,0,1,0,1,0,0,0,"equal"
"600404-2480800",1,1,1,0,1,0,0,0,0,1,"equal"
"780523-3043084",0,1,0,1,0,1,0,0,0,1,"equal"
"930420-3035279",0,0,1,0,1,0,1,0,1,1,"equal"
"540610-4218674",1,0,1,0,0,0,0,1,1,0,"equal"
"860907-3938158",1,1,0,1,1,1,1,0,1,0,"equal"
"940323-2642941",0,0,0,1,1,0,1,0,0,0,"equal"
"831128-1410858",1,0,0,1,0,1,1,1,1,1,"equal"
"890311-1034419",1,0,0,1,1,0,0,0,0,1,"equal"
"941107-1072534",0,1,1,0,1,1,1,1,1,0,"equal"
"720415-4319308",0,0,0,1,1,1,0,1,0,1,"equal"
"631128-3286140",1,1,0,1,1,0,0,0,1,1,"equal"
"881114-1492466",0,0,0,0,0,1,1,0,1,1,"equal"
"590221-2100888",0,1,1,1,0,1,0,1,0,0,"equal"
"690201-2338069",0,1,0,1,1,0,0,1,0,0,"equal"
"981216-3740704",0,1,1,0,0,0,0,0,0,0,"equal"
"901215-4032907",1,0,0,0,1,1,0,0,1,1,"equal"
"620903-1410471",0,1,0,0,0,0,1,1,0,1,"equal"
"510506-4873232",0,1,0,1,1,1,1,1,0,0,"equal"
"911115-4926328",1,0,1,0,1,1,0,0,0,1,"equal"
"630718-2738494",1,0,0,1,1,0,0,0,0,1,"equal"
"550911-4998999",0,0,0,1,1,0,1,1,1,0,"equal"
"550314-2350700",1,1,0,1,0,0,0,1,0,0,"equal"
"880906-3264536",0,1,1,0,1,0,1,0,1,0,"equal"
"700607-1851119",0,0,0,0,1,1,0,0,1,0,"equal"
"741207-3913747",1,1,1,0,1,1,0,0,1,0,"equal"
"641110-2322153",0,0,0,1,1,1,1,0,1,0,"equal"
"940717-4501862",0,1,1,1,0,0,1,0,1,0,"equal"
"571012-4015561",0,1,0,0,1,0,1,1,0,0,"equal"
"740317-3272891",0,0,0,1,0,0,0,0,0,0,"equal"
"830904-2696137",0,1,1,0,0,0,1,1,0,0,"equal"
"651111-1041121",0,0,0,1,1,1,1,0,1,1,"equal"
"711026-1794980",1,0,1,0,1,0,1,0,1,0,"equal"
"770324-1973029",1,1,1,1,1,1,1,0,1,1,"equal"
"500203-3331739",1,1,0,1,0,0,1,1,1,0,"equal"
"850921-2536423",0,1,1,0,1,1,1,0,1,1,"equal"
"800607-4941908",0,0,1,1,0,1,1,1,1,0,"equal"
"830927-3918972",1,0,1,0,1,0,1,1,1,1,"equal"
"770321-2662883",1,0,0,1,1,0,0,0,1,1,"equal"
"750107-2312412",1,1,1,0,0,1,1,0,0,1,"equal"
"680522-1212822",1,0,1,1,1,1,0,0,1,0,"equal"
"550524-2118698",0,0,0,0,1,0,0,0,1,0,"equal"
"660910-2201591",0,0,1,0,1,0,0,0,1,1,"equal"
"540120-1919393",0,1,1,1,1,1,1,0,1,0,"equal"
"951224-3677960",0,1,1,0,1,0,1,0,0,0,"equal"
"510221-2682129",0,0,1,0,1,1,0,1,1,0,"equal"
"560514-3479111",0,1,0,1,1,1,1,1,1,0,"equal"
"980913-3937262",1,1,1,0,0,1,1,1,0,1,"equal"
"830722-3720703",0,0,1,0,0,1,1,1,1,1,"equal"
"690604-2081400",1,0,1,0,1,1,1,1,0,0,"equal"
"660615-4067769",0,0,0,1,1,0,1,1,1,0,"equal"
"930408-1680092",1,1,0,0,1,0,1,1,1,1,"equal"
"740814-1842880",0,0,1,0,0,0,1,0,1,1,"equal"
"541227-2361730",1,1,0,0,1,1,0,1,0,0,"equal"
"690310-1150861",1,1,0,0,0,1,1,1,0,1,"equal"
"620926-2944974",1,0,0,1,0,0,0,1,0,0,"equal"
"810222-4116717",0,1,0,0,1,0,0,0,0,0,"equal"
"580217-4923971",1,0,1,1,0,0,0,1,1,0,"equal"
"860613-3866613",0,1,0,1,1,0,1,0,1,0,"equal"
"500113-3778661",0,0,1,0,1,1,0,0,0,0,"equal"
"710120-1914024",1,0,0,1,0,1,1,0,1,1,"equal"
"870901-4440337",0,0,1,0,0,0,0,1,0,0,"equal"
"511106-1538974",0,0,0,1,0,1,0,1,1,1,"equal"
"770113-3365402",1,0,1,0,0,1,1,1,0,0,"equal"
"970610-2185347",1,0,0,1,0,0,1,1,0,1,"equal"
"720109-4705574",0,0,0,0,1,1,0,0,0,1,"equal"
"580219-4404134",1,1,1,1,0,1,1,0,0,1,"equal"
"620927-2783939",1,1,0,0,0,0,0,0,1,1,"equal"
"611128-4514784",1,0,0,1,1,1,1,0,0,0,"equal"
"741121-2564572",0,1,0,0,1,0,1,1,0,0,"equal"
"701212-3055944",0,1,1,1,0,0,0,0,0,0,"equal"
"900803-4164034",0,1,0,1,1,0,1,1,1,0,"equal"
"810605-1090068",1,0,0,0,1,0,0,1,1,0,"equal"
"840725-3794933",0,1,0,0,0,0,0,1,0,0,"equal"
"850220-4499508",0,1,1,1,0,1,1,0,0,0,"equal"
"540215-2176931",0,1,0,0,0,1,0,0,1,0,"equal"
"511127-2532383",1,0,1,1,1,0,0,1,0,0,"equal"
"991011-1795944",0,0,1,1,1,1,0,1,0,1,"equal"
"810520-4040289",0,1,0,0,1,0,1,1,1,1,"equal"
"980716-4698384",0,0,0,1,1,0,0,0,1,1,"equal"
"701017-4709510",0,0,1,1,1,1,1,1,0,1,"equal"
"971008-4852452",1,1,1,1,0,0,1,0,0,1,"equal"
"850309-4572181",1,1,0,1,0,1,1,0,0,1,"equal"
"890511-1059512",1,1,1,1,0,0,0,1,1,0,"equal"
"580515-1655198",1,0,0,1,1,1,0,0,1,0,"equal"
"631124-1810091",1,0,1,0,0,1,1,0,0,0,"equal"
"750205-1264155",1,1,1,0,0,0,0,0,1,0,"equal"
"820114-2386802",0,1,0,1,1,0,1,1,1,1,"equal"
"510119-1915662",0,0,1,0,1,0,0,1,0,1,"equal"
"631204-2452690",1,1,0,1,1,1,0,1,1,0,"equal"
"810508-1520123",0,1,0,1,1,0,0,1,1,0,"equal"
"960717-4061128",0,0,0,1,0,1,1,1,1,0,"equal"
"791217-4937611",1,1,1,0,1,0,1,1,0,1,"equal"
"840623-4287646",0,0,0,0,1,1,0,0,0,0,"equal"
"920322-2659167",1,0,1,1,0,1,0,1,0,1,"equal"
"690418-1284624",0,0,0,0,1,0,0,1,0,1,"equal"
"771027-2061318",0,1,1,0,0,0,1,0,1,1,"equal"
"640120-1107443",1,1,1,1,1,0,0,1,0,0,"equal"
"600812-1033561",0,0,1,1,0,1,0,0,0,1,"equal"
"570612-1841937",0,0,0,1,0,0,0,1,1,1,"equal"
"860711-3078982",1,0,1,0,0,0,1,0,0,1,"equal"
"760523-1617026",1,1,1,0,0,1,1,1,1,1,"equal"
"961105-4210558",0,0,1,0,1,0,1,0,0,1,"equal"
"990127-1938770",1,0,0,0,1,1,1,0,0,1,"equal"
"520616-1694197",1,1,1,0,0,1,0,0,0,0,"equal"
"560120-4471141",0,1,1,1,1,1,1,0,1,1,"equal"
"660605-3700741",0,1,0,1,0,1,0,1,0,1,"equal"
"820626-1823744",1,1,0,0,1,0,0,0,1,1,"equal"
"590708-4002651",1,0,1,0,1,1,1,1,1,0,"equal"
"810406-1316695",0,1,0,0,0,0,0,0,0,0,"equal"
"740314-1724665",1,1,0,1,0,1,1,0,1,0,"equal"
"620804-3605478",1,1,1,1,1,1,1,1,1,0,"equal"
"650727-3366273",0,0,1,0,0,1,0,1,1,1,"equal"
"770614-4444435",1,0,1,0,1,1,1,1,1,1,"equal"
"980601-4849688",0,0,1,0,0,1,1,0,0,0,"equal"
"701204-3868047",1,1,0,0,1,0,0,1,0,0,"equal"
"830127-4193380",0,1,1,1,0,1,0,1,1,1,"equal"
"800319-3692167",1,1,0,1,1,1,0,1,1,0,"equal"
"990310-4490523",0,1,0,0,1,0,1,0,0,1,"equal"
"891222-4952696",0,0,1,1,0,1,1,0,1,1,"equal"
"920123-2835278",1,0,0,1,0,1,0,1,0,0,"equal"
"840121-1248254",0,1,0,1,0,1,0,0,0,0,"equal"
"971211-2594246",0,1,1,0,0,0,0,1,1,1,"equal"
"910309-2761295",0,1,0,1,1,1,1,0,1,1,"equal"
"931218-3626166",1,1,1,1,1,0,1,0,1,1,"equal"
"580505-4167881",1,0,0,0,0,0,0,1,1,1,"equal"
"780105-4524572",0,1,0,0,1,0,1,0,0,1,"equal"
"931002-4657932",1,1,1,1,1,1,0,0,0,1,"equal"
"920809-1624663",1,1,0,1,1,0,1,0,1,0,"equal"
"710201-3581070",1,0,1,0,1,0,0,0,1,1,"equal"
"610213-3702455",1,0,0,0,0,1,0,1,1,0,"equal"
"880311-2306978",0,0,0,0,1,1,0,1,0,1,"equal"
"791024-2434444",0,1,1,0,1,0,1,1,0,0,"equal"
"651004-1975784",0,1,0,0,1,0,0,0,1,1,"equal"
"750408-3185801",1,0,0,0,0,0,0,0,0,1,"equal"
"690806-4489209",0,0,0,1,0,1,1,0,1,1,"equal"
"581214-1727605",1,1,1,0,1,0,1,1,1,1,"equal"
"580413-2244266",1,0,0,0,1,1,1,1,0,0,"equal"
"521123-1536638",0,0,1,0,0,1,0,1,1,1,"equal"
"951209-2977257",1,0,1,0,1,0,0,1,0,0,"equal"
"711111-1872002",1,1,1,0,0,0,0,0,1,0,"equal"
"820810-4646570",0,1,1,0,0,1,1,0,1,0,"equal"
"930822-1210780",0,1,1,1,0,0,0,0,0,1,"equal"
"590906-3362904",0,0,0,0,1,0,1,0,0,0,"equal"
"890816-1595556",1,0,0,1,1,1,0,1,0,1,"equal"
"790407-3483848",1,1,1,1,0,1,1,1,0,0,"equal"
"560805-2517904",0,1,0,0,0,0,0,0,0,0,"equal"
"870722-2445529",1,1,1,1,0,1,0,1,1,0,"equal"
"690206-4505791",1,1,0,1,1,1,0,1,0,0,"equal"
"690612-4550017",0,0,0,0,0,1,0,0,1,1,"equal"
"981010-4265162",0,1,0,0,0,0,1,0,1,1,"equal"
"721202-3595099",1,0,0,1,0,1,1,0,1,1,"equal"
"740305-4942867",1,1,0,0,1,0,1,0,0,0,"equal"
"910313-1963403",1,0,1,0,0,0,0,0,0,1,"equal"
"830523-1304357",0,0,0,0,0,0,1,0,1,0,"equal"
"960602-3520547",0,0,0,0,1,0,1,0,0,0,"equal"
"790326-4893122",0,1,1,0,0,1,0,0,1,0,"equal"
"721112-1734577",0,0,1,0,1,0,1,0,0,1,"equal"
"990107-3529985",0,0,1,0,1,1,0,1,1,0,"equal"
"520215-2601302",1,0,1,1,1,1,0,0,0,1,"equal"
"990423-3029772",0,0,0,0,0,0,1,0,1,1,"equal"
"901005-2384249",0,0,1,1,1,0,1,0,0,0,"equal"
"710323-1888560",1,1,1,0,1,1,1,0,1,0,"equal"
"820825-1390968",1,1,0,0,0,0,1,0,0,1,"equal"
"670915-4435623",0,1,1,0,1,1,1,0,0,0,"equal"
"870903-1400744",1,0,1,1,1,1,1,0,1,1,"equal"
"701003-4201864",0,1,0,1,1,1,1,0,1,1,"equal"
"531006-3694570",1,1,0,1,0,0,0,1,0,1,"equal"
"910125-2632917",1,1,0,0,0,1,1,0,0,0,"equal"
"800109-3050135",0,1,0,0,0,0,1,1,0,1,"equal"
"530414-3855163",1,0,1,1,0,0,1,1,1,0,"equal"
"830523-4601064",0,0,0,1,0,0,0,0,0,1,"equal"
"530321-1354263",0,1,1,0,1,0,0,0,1,0,"equal"
"551022-2233148",1,0,0,1,1,0,1,1,0,0,"equal"
"611213-3353458",1,0,1,0,0,0,0,0,0,0,"equal"
"690515-4910989",0,1,0,0,1,0,0,0,0,1,"equal"
"630606-1725631",1,1,1,0,0,1,0,1,1,0,"equal"
"660525-3865154",1,0,1,1,1,0,0,0,1,1,"equal"
"811109-3634421",1,1,1,0,1,1,0,0,0,1,"equal"
"560912-1413588",0,1,1,1,0,0,1,0,1,1,"equal"
"800617-1745836",1,0,1,0,0,0,0,0,1,0,"equal"
"890209-4062492",1,1,0,0,0,1,1,0,0,1,"equal"
"521208-1090414",1,1,0,1,0,0,0,1,0,0,"equal"
"551221-1489080",1,0,0,0,1,0,0,0,1,1,"equal"
"811001-3692676",1,1,0,1,1,0,1,1,0,1,"equal"
"981110-4122653",0,1,1,1,0,0,0,1,0,1,"equal"
"600502-1424989",1,1,0,0,1,1,1,1,1,0,"equal"
"900913-4113345",1,0,0,0,0,0,0,1,1,0,"equal"
"670116-1552212",0,0,0,0,1,1,1,0,1,0,"equal"
"860316-1176539",1,1,1,0,1,1,0,0,0,1,"equal"
"670210-3120532",1,1,1,1,1,1,1,0,1,0,"equal"
"660408-1909287",0,0,0,1,0,0,0,0,1,0,"equal"
"970319-4386941",0,1,0,0,0,1,0,1,0,0,"equal"
"850723-2573344",1,0,0,1,1,0,0,0,1,0,"equal"
"600916-1661553",1,1,0,1,1,1,0,1,0,0,"equal"
"540619-3823768",0,0,0,1,0,0,1,1,1,1,"equal"
"931017-1372882",1,0,1,1,1,0,0,0,0,0,"equal"
"760812-1918390",0,1,0,0,0,0,0,1,1,0,"equal"
"830619-3892341",0,0,1,1,0,1,1,0,0,1,"equal"
"601001-3322796",0,0,1,0,0,1,0,1,1,0,"equal"
"891023-2971372",0,0,1,1,1,1,0,0,0,0,"equal"
"971121-1831082",1,0,1,1,0,0,0,1,1,0,"equal"
"920513-3246706",1,1,0,0,0,1,1,1,0,1,"equal"
"890326-1385147",0,0,0,0,0,0,1,1,1,1,"equal"
"940720-4321474",0,1,1,1,1,1,1,1,1,1,"equal"
"831127-3250703",0,0,1,0,0,0,0,0,0,0,"equal"
"890320-4081855",0,0,0,1,0,0,0,0,0,0,"equal"
"990423-4768382",0,0,1,0,1,1,0,0,1,0,"equal"
"980510-3040935",0,0,1,1,1,1,1,0,0,1,"equal"
"821105-4406169",0,1,1,0,1,1,0,1,1,1,"equal"
"891220-3179377",0,0,0,1,0,0,0,1,1,0,"equal"
"751009-4089380",0,0,0,0,0,0,0,1,1,1,"equal"
"950824-3827137",1,0,0,1,1,1,0,1,1,1,"equal"
"821027-1934864",0,0,0,1,0,1,0,1,1,1,"equal"
"750717-2396116",0,0,0,0,0,1,0,0,0,1,"equal"
"911115-2877295",1,1,1,0,1,1,0,1,1,0,"equal"
"700225-3088748",0,1,0,0,1,0,1,0,0,0,"equal"
"800625-4185112",1,0,0,0,0,1,1,1,0,1,"equal"
"581024-2440990",0,0,0,0,0,1,0,1,0,0,"equal"
"521201-1247424",1,0,0,1,1,0,1,1,1,1,"equal"
"750602-1446798",0,1,0,0,0,0,0,1,0,0,"equal"
"870909-4549107",0,0,1,1,0,1,0,0,1,0,"equal"
"550717-2181269",1,0,1,0,0,1,0,0,1,0,"equal"
"640427-2581097",1,1,0,1,1,1,0,0,0,0,"equal"
"710310-4511705",0,1,1,1,1,0,0,1,0,1,"equal"
"890311-4994360",0,1,1,0,1,0,0,0,0,0,"equal"
"821120-4725592",1,1,0,1,1,1,1,1,0,1,"equal"
"660208-1915881",0,0,1,1,0,1,1,0,1,1,"equal"
"581019-1941293",0,0,0,0,0,0,1,0,1,0,"equal"
"590102-4120359",0,0,1,0,0,1,0,0,1,1,"equal"
"601226-4543763",0,1,0,1,1,1,1,1,0,1,"equal"
"930609-4542893",0,1,1,1,0,0,0,0,1,0,"equal"
"750107-1495656",0,1,0,1,0,1,1,0,1,0,"equal"
"760509-3483059",0,0,0,1,0,1,1,0,1,1,"equal"
"811106-1332510",0,0,1,1,0,1,0,0,1,1,"equal"
"510906-1140595",1,0,1,1,1,0,0,0,1,1,"equal"
"501015-3805462",1,0,0,0,1,0,0,0,0,0,"equal"
"640610-3458533",0,0,1,1,0,0,1,1,0,1,"equal"
"900803-2057424",1,0,0,1,0,0,0,0,1,1,"equal"
"981101-3037123",1,0,0,1,1,0,0,1,0,0,"equal"
"670416-3769798",1,1,1,0,0,1,1,0,1,1,"equal"
"771028-2734157",1,1,0,1,1,1,1,1,0,1,"equal"
"670305-4980442",1,1,0,1,0,0,0,0,1,0,"equal"
"920521-2469628",0,1,0,0,0,1,1,1,1,0,"equal"
"790515-4645855",1,0,0,0,0,1,0,1,1,1,"equal"
"680606-1257040",0,1,0,0,0,1,0,1,0,1,"equal"
"820822-3480309",1,1,1,0,0,1,1,1,0,1,"equal"
"870507-1065109",1,1,0,1,1,1,1,1,1,0,"equal"
"740618-2325317",1,0,1,0,0,0,1,0,0,0,"equal"
"950609-1691474",1,0,1,0,0,0,1,0,0,1,"equal"
"530606-1718813",0,1,0,1,1,1,0,1,0,0,"equal"
"770913-1592241",0,0,1,1,0,1,1,1,0,0,"equal"
"590724-2463841",0,0,1,0,1,1,0,0,1,0,"equal"
"620612-2791870",0,0,1,1,1,1,0,0,0,1,"equal"
"641228-1378425",1,1,1,1,0,1,1,1,1,1,"equal"
"830816-1597694",0,0,1,1,0,0,0,0,0,1,"equal"
"900205-4037299",0,0,1,1,1,1,1,1,0,0,"equal"
"680608-2669831",1,0,0,0,0,1,1,0,1,0,"equal"
"800301-4831727",1,0,1,1,0,1,1,0,0,1,"equal"
"751216-1462211",0,0,0,0,0,1,0,0,0,1,"equal"
"560624-3924310",0,1,1,0,1,1,0,0,1,0,"equal"
"690423-4726632",1,1,0,1,0,0,1,1,1,0,"equal"
"611125-4338060",0,0,0,0,1,1,0,1,0,1,"equal"
"800804-3317053",0,0,0,1,1,0,0,1,1,1,"equal"
"540505-2729952",1,1,1,0,0,0,1,0,1,1,"equal"
"590517-4131147",0,1,1,1,1,0,0,0,0,1,"equal"
"841101-1353185",1,1,1,1,0,0,0,1,0,0,"equal"
"950102-3388360",1,0,0,1,1,0,1,1,1,1,"equal"
"830806-1831258",1,0,0,0,1,0,1,1,1,1,"equal"
"980818-1579422",1,0,1,0,1,0,0,0,1,0,"equal"
"820512-4488718",0,0,0,0,0,1,0,0,0,1,"equal"
"941128-3720973",0,0,0,1,0,1,1,1,1,1,"equal"
"520623-1587003",0,1,1,1,0,0,1,1,0,0,"equal"
"570205-3965471",1,0,0,0,0,1,0,1,1,0,"equal"
"630408-2533911",1,0,1,0,1,0,1,1,0,0,"equal"
"621127-1471275",1,1,1,1,0,1,1,1,1,0,"equal"
"890706-3452472",0,0,1,0,1,0,1,1,0,1,"equal"
"661022-1138689",0,0,0,1,1,0,1,1,0,0,"equal"
"750609-2432066",1,0,1,0,0,0,1,0,0,0,"equal"
"541119-2773769",0,0,1,0,1,1,0,1,0,1,"equal"
"710604-3180283",1,0,0,1,1,0,0,1,1,1,"equal"
"820909-3652913",0,0,1,0,0,0,0,0,1,1,"equal"
"640517-3970552",0,0,0,0,0,0,1,1,1,0,"equal"
"790719-4138944",1,1,1,1,0,0,0,1,0,1,"equal"
"831003-2848862",1,1,0,1,1,1,1,0,0,0,"equal"
"700813-3720195",1,1,0,1,1,1,1,1,1,1,"equal"
"581107-1639902",1,1,1,1,1,0,1,1,0,0,"equal"
"501228-3178590",0,0,1,1,1,1,1,0,0,0,"equal"
"780228-4095495",1,1,1,0,0,1,1,1,0,0,"equal"
"951015-3866670",1,0,0,1,1,1,1,1,1,0,"equal"
"610612-4228102",1,0,1,0,1,1,1,0,0,1,"equal"
"591227-2083629",1,1,1,1,1,1,0,1,1,1,"equal"
"751105-3433884",0,0,1,1,1,0,0,1,1,0,"equal"
"560413-2968323",1,0,0,0,1,1,0,0,0,0,"equal"
"951013-4411822",0,1,0,0,0,1,1,1,0,1,"equal"
"820305-1438696",0,1,0,1,0,0,1,1,1,1,"equal"
"730523-2075914",0,1,0,0,1,0,0,0,0,1,"equal"
"710213-1500324",0,1,0,0,0,0,0,0,0,1,"equal"
"750410-3104169",1,0,1,0,1,1,0,0,1,0,"equal"
"501020-2790733",1,1,1,1,1,0,1,0,0,0,"equal"
"860714-4576969",0,0,0,0,0,1,1,1,1,1,"equal"
"530628-1325144",1,1,0,0,0,0,1,1,1,0,"equal"
"950812-2246924",1,0,1,1,0,0,0,1,0,1,"equal"
"690723-1568410",0,1,1,1,0,0,1,1,0,1,"equal"
"830709-3174558",1,0,0,0,0,0,1,0,0,0,"equal"
"910901-4928361",0,1,0,0,0,1,1,1,0,0,"equal"
"621226-3441044",0,1,0,1,1,0,1,0,0,1,"equal"
"800513-3928462",0,0,1,0,0,0,1,0,0,1,"equal"
"841207-1611899",0,0,0,1,0,0,1,1,1,0,"equal"
"540704-4069710",1,1,1,0,0,1,1,1,1,1,"equal"
"711004-4450912",1,0,1,0,1,1,0,0,1,0,"equal"
"530311-4662637",0,1,0,1,0,0,1,0,1,1,"equal"
"991121-2482756",0,0,0,1,0,0,1,0,1,0,"equal"
"751025-4383538",0,0,1,1,0,1,1,1,0,1,"equal"
"880522-1796899",1,0,0,1,1,1,0,1,0,0,"equal"
"860720-1867477",1,0,0,1,0,1,1,1,1,0,"equal"
"630423-3891485",1,0,0,1,1,1,1,0,1,1,"equal"
"890821-1900528",0,0,1,0,1,1,1,0,0,0,"equal"
"850819-2218520",1,1,1,1,0,1,0,1,1,1,"equal"
"570211-3034064",0,0,0,0,1,1,1,1,0,0,"equal"
"941205-1134032",1,0,1,0,0,1,0,0,1,0,"equal"
"670326-2870865",0,1,1,0,1,0,0,0,0,1,"equal"
"820624-4735152",0,1,1,0,1,1,0,0,1,0,"equal"
"910922-3241038",1,0,0,0,0,1,0,1,1,1,"equal"
"731209-3645986",1,1,0,1,1,0,1,1,1,0,"equal"
"610518-1128466",0,1,0,0,1,1,0,1,0,1,"equal"
"570613-3055195",0,0,1,1,1,1,1,1,1,0,"equal"
"760928-2730580",0,1,0,1,0,1,0,1,0,1,"equal"
"600224-2827391",1,1,0,1,1,1,1,0,0,0,"equal"
"811222-3432389",1,1,1,1,1,0,0,0,1,1,"equal"
"520507-2450747",1,0,0,1,0,0,1,1,1,1,"equal"
"940525-2398835",0,0,0,0,1,1,1,1,1,1,"equal"
"590314-3766698",0,0,1,1,1,0,0,0,1,1,"equal"
"950827-3063155",0,0,0,1,0,1,0,0,0,1,"equal"
"931114-3067436",1,0,1,1,0,0,1,1,0,0,"equal"
"650501-3337676",1,0,1,1,1,1,0,1,0,1,"equal"
"640621-2929156",0,1,1,1,0,0,1,0,0,0,"equal"
"840107-2026718",1,1,1,0,1,0,1,0,0,1,"equal"
"730101-3049925",0,0,1,1,0,0,0,0,1,0,"equal"
"691201-3086575",0,1,0,0,0,0,1,0,1,1,"equal"
"880910-2161583",1,0,0,1,0,0,1,0,0,0,"equal"
"680926-1806001",0,0,1,1,0,0,1,0,0,0,"equal"
"610406-3413107",0,1,0,0,1,1,1,0,0,1,"equal"
"680828-4662055",1,0,0,0,0,0,0,0,1,1,"equal"
"651202-3109142",0,0,0,0,0,0,0,0,0,1,"equal"
"880522-2948795",1,1,1,0,1,0,0,0,0,0,"equal"
"570610-4188606",1,1,0,1,1,1,0,1,1,1,"equal"
"540118-3158633",0,1,1,1,0,1,1,1,1,0,"equal"
"740126-3042084",0,1,0,1,1,0,1,1,0,1,"equal"
"651123-2473163",1,1,0,0,1,1,0,1,0,1,"equal"
"831105-4067625",0,0,1,1,1,1,0,1,0,0,"equal"
"640107-2863044",1,0,1,0,1,1,1,1,0,0,"equal"
"701005-1528987",0,1,1,1,1,0,0,0,1,0,"equal"
"820311-2692699",1,0,0,0,0,0,0,1,0,0,"equal"
"550126-3638795",1,0,1,0,0,1,1,1,1,1,"equal"
"740513-3946983",0,0,0,1,0,0,0,0,0,0,"equal"
"901006-3090725",0,0,1,0,0,1,0,1,1,1,"equal"
"760421-2813773",1,1,1,0,0,0,1,0,1,0,"equal"
"750211-2731019",0,0,0,1,1,1,1,1,0,0,"equal"
"680811-1646940",0,1,0,0,0,0,1,0,0,0,"equal"
"760605-4514990",0,1,0,1,0,0,0,1,0,0,"equal"
"840628-1215861",1,0,1,1,1,0,1,1,1,0,"equal"
"521022-2399057",0,1,0,0,1,1,1,0,0,0,"equal"
"541111-4712024",1,1,1,0,1,1,1,0,1,0,"equal"
"640828-3288580",0,1,0,0,1,0,0,1,1,0,"equal"
"640310-2530557",0,1,0,1,0,1,1,1,0,0,"equal"
"930822-3549231",0,1,1,0,0,0,0,1,1,0,"equal"
"740923-3037053",1,1,1,1,1,1,0,0,1,1,"equal"
"980923-4202986",0,1,0,1,1,1,1,1,0,0,"equal"
"760324-2841805",0,0,0,1,0,1,0,0,0,0,"equal"
"750211-2766507",1,0,1,1,1,1,1,1,1,1,"equal"
"770226-3390621",1,1,1,1,1,1,1,1,0,0,"equal"
"660304-3649929",0,0,0,1,1,1,1,1,0,1,"equal"
"760410-2701294",0,1,1,1,1,1,1,1,1,0,"equal"
"640222-4306824",0,1,0,0,0,1,0,1,1,0,"equal"
"831221-3682218",0,1,1,1,0,0,1,0,1,1,"equal"
"700406-2919893",1,0,1,0,0,0,0,0,1,0,"equal"
"730719-2493234",1,1,0,1,1,1,1,0,0,0,"equal"
"500214-3978017",1,0,1,0,0,1,1,1,0,0,"equal"
"960805-3712146",0,0,0,1,1,0,1,1,0,1,"equal"
"820912-4853300",0,1,1,1,1,0,1,0,0,1,"equal"
"500809-2570423",0,1,1,1,0,0,1,0,0,0,"equal"
"810312-4860072",0,1,1,0,1,1,1,1,0,0,"equal"
"940713-4932407",1,0,0,1,1,1,1,0,1,1,"equal"
"770806-2173620",0,1,0,1,0,1,0,0,1,1,"equal"
"711214-3947264",0,0,0,0,0,1,1,1,0,0,"equal"
"721225-3642525",0,0,0,1,0,0,0,1,1,1,"equal"
"580414-1751000",1,1,0,1,1,1,0,0,0,1,"equal"
"941024-1257403",1,1,0,0,0,1,0,1,0,1,"equal"
"820109-1730779",1,0,1,1,0,1,1,0,1,0,"equal"
"500515-3248733",1,0,0,1,1,0,1,1,1,1,"equal"
"730117-2980430",0,1,1,0,0,1,0,1,1,0,"equal"
"621128-1646940",0,1,1,0,1,0,0,1,1,1,"equal"
"800612-1290616",0,1,0,1,0,1,1,0,0,0,"equal"
"750621-1673465",1,0,0,0,1,0,0,1,1,0,"equal"
"731119-4738448",1,0,1,1,0,0,1,1,0,0,"equal"
"560415-4988979",0,0,0,1,0,1,1,0,1,1,"equal"
"760412-3319085",0,1,0,1,1,0,0,1,1,1,"equal"
"880809-2075311",1,1,0,1,1,1,1,1,0,1,"equal"
"960722-2445560",1,0,0,1,0,0,1,0,0,0,"equal"
"790324-2299216",1,0,1,0,0,1,1,1,0,1,"equal"
"500604-4054119",1,1,0,1,1,1,1,1,1,0,"equal"
"781218-3002824",1,0,1,1,1,1,0,1,0,1,"equal"
"830305-1097786",0,0,0,1,0,0,1,0,0,0,"equal"
"540821-3169948",1,0,1,0,0,0,0,0,0,0,"equal"
"510204-2940258",1,0,1,0,0,0,0,1,1,0,"equal"
"720511-1069721",1,0,1,0,0,0,0,0,1,1,"equal"
"740512-4967240",0,1,1,0,1,0,1,0,0,1,"equal"
"610413-2677816",1,0,0,1,1,0,1,0,0,1,"equal"
"990223-4495964",0,0,0,0,0,1,1,0,0,0,"equal"
"950325-2437846",1,0,1,0,1,0,0,0,0,0,"equal"
"510709-1633681",0,0,0,0,0,0,1,1,1,0,"equal"
"880522-3489829",1,1,0,0,1,0,1,1,1,1,"equal"
"810601-3596373",0,0,1,1,1,1,0,1,1,1,"equal"
"540204-3550369",0,1,0,0,0,1,1,0,0,0,"equal"
"810115-2757914",1,0,1,1,1,1,1,0,1,0,"equal"
"870807-2793155",0,0,1,0,0,0,1,1,0,0,"equal"
"770902-4662265",0,1,0,0,1,1,0,0,1,1,"equal"
"780626-1615132",0,1,0,0,1,1,1,1,0,1,"equal"
"890223-4555564",0,0,1,1,0,1,0,1,1,0,"equal"
"911214-1473638",1,1,0,0,1,0,1,1,1,1,"equal"
"950602-4116794",0,1,0,0,1,1,0,1,0,0,"equal"
"650603-4100684",0,0,1,1,1,0,1,1,0,1,"equal"
"930307-4850935",0,1,0,0,0,1,0,0,0,0,"equal"
"920505-1989010",1,0,0,1,1,0,1,0,1,0,"equal"
"580528-4842036",1,0,0,0,1,1,1,1,0,1,"equal"
"990622-1691404",1,0,1,0,0,1,0,1,1,1,"equal"
"940617-3555271",0,0,0,1,0,0,0,1,1,1,"equal"
"990813-2207799",0,0,0,1,0,1,1,1,0,1,"equal"
"600905-2717296",1,0,0,0,1,0,0,0,1,1,"equal"
"550309-4185070",0,0,0,0,1,0,0,1,0,1,"equal"
"620106-2027552",0,0,0,1,0,1,1,0,1,1,"equal"
"900427-1291783",0,1,0,0,1,1,0,1,0,0,"equal"
"680926-1525390",0,0,0,0,1,0,1,1,1,0,"equal"
"830113-3257228",1,0,1,1,0,1,1,1,1,0,"equal"
"810621-2061397",1,1,0,1,0,0,0,1,1,1,"equal"
"820306-1430413",1,0,0,0,0,0,1,0,0,0,"equal"
"810805-2327601",0,0,1,1,0,0,0,1,1,1,"equal"
"860205-4101087",0,1,0,1,0,0,0,1,0,0,"equal"
"530414-3362859",0,1,1,0,1,0,1,1,1,0,"equal"
"910104-4863486",1,0,1,1,0,1,0,1,1,1,"equal"
"710717-2486932",0,1,0,0,0,0,0,0,1,0,"equal"
"550919-3396051",0,0,0,1,0,0,0,0,0,0,"equal"
"740703-1962020",1,0,0,0,0,0,0,1,1,0,"equal"
"870120-3359747",0,1,1,1,0,0,1,0,0,1,"equal"
"581228-2235701",0,1,0,0,0,1,1,0,1,0,"equal"
"631207-2998688",0,1,1,1,1,1,1,1,1,0,"equal"
"900607-4769808",1,1,1,0,1,1,1,0,0,0,"equal"
"880501-4779565",0,0,0,0,0,0,0,0,0,1,"equal"
"510127-2958741",1,1,1,1,1,1,1,0,1,1,"equal"
"720523-3454167",1,1,0,0,1,0,1,1,1,1,"equal"
"791212-3249888",1,1,1,1,0,0,0,0,1,1,"equal"
"810819-4172968",0,1,0,0,1,0,0,0,1,1,"equal"
"541006-3771731",0,1,1,0,1,0,1,1,1,1,"equal"
"661217-1930826",1,1,0,1,0,1,1,0,1,0,"equal"
"740314-1949495",0,0,0,0,0,1,0,1,1,1,"equal"
"601219-2028523",1,0,0,1,1,0,1,1,0,1,"equal"
"811019-2008930",0,0,0,1,0,1,0,0,0,1,"equal"
"770902-1266808",1,1,0,0,1,1,0,1,1,0,"equal"
"911202-2812404",1,1,1,0,0,0,1,1,1,0,"equal"
"520423-3007989",0,1,0,0,0,0,0,1,0,1,"equal"
"521013-2614871",0,0,1,1,1,0,1,1,1,0,"equal"
"880217-2523363",1,0,1,0,0,1,0,1,1,0,"equal"
"510716-4363948",1,1,1,1,0,1,0,1,0,0,"disease_code_miss"
"671111-4405108",0,1,0,1,0,0,0,0,0,0,"disease_code_miss"
"580124-4830962",1,0,0,0,1,0,0,0,0,1,"disease_code_miss"
"731022-1213171",0,0,0,0,0,1,0,0,1,1,"disease_code_miss"
"590428-3411766",0,1,1,0,0,1,1,0,0,0,"disease_code_miss"
"920314-3334981",1,1,0,0,0,1,1,1,0,0,"disease_code_miss"
"690825-2096434",0,1,0,1,0,1,0,1,1,0,"disease_code_miss"
"940326-2174325",0,0,1,0,1,1,0,1,1,1,"disease_code_miss"
"720616-1536991",0,1,0,0,1,1,0,0,1,1,"disease_code_miss"
"560708-1431606",0,0,1,0,0,1,1,1,1,1,"disease_code_miss"
"890213-2862097",0,1,1,1,0,1,0,1,0,0,"disease_code_miss"
"960306-2148115",1,0,1,0,0,0,0,0,1,0,"disease_code_miss"
"620313-2452723",1,1,0,1,0,0,0,1,1,0,"disease_code_miss"
"921021-3199508",1,0,1,0,0,0,0,0,1,1,"disease_code_miss"
"750108-2201902",1,1,0,0,1,0,0,0,1,0,"disease_code_miss"
"721107-2476541",1,0,0,1,0,0,0,0,0,1,"disease_code_miss"
"720305-4659414",1,1,0,1,0,0,0,1,0,0,"disease_code_miss"
"990106-3735059",1,1,1,1,1,0,0,0,1,1,"disease_code_miss"
"551027-3388919",1,0,0,0,1,0,1,1,0,0,"disease_code_miss"
"600111-4461130",0,1,1,1,0,0,0,0,1,0,"disease_code_miss"
"581101-3748183",1,1,0,0,1,0,0,0,0,0,"disease_code_miss"
"810127-4399435",0,1,0,0,1,1,1,1,0,0,"disease_code_miss"
"730427-2456301",0,0,0,1,1,0,1,1,1,1,"disease_code_miss"
"890601-2723342",1,0,1,1,0,1,0,0,0,0,"disease_code_miss"
"571001-3801035",1,1,0,1,1,1,0,1,0,0,"disease_code_miss"
"880119-4957608",1,1,0,0,1,1,1,1,0,1,"disease_code_miss"
"730113-3889953",1,1,1,0,1,1,1,0,1,0,"disease_code_miss"
"680110-4720508",0,0,1,1,1,1,1,1,0,0,"disease_code_miss"
"730907-4650221",0,0,0,1,0,0,0,1,1,1,"disease_code_miss"
"640413-2063681",1,1,1,0,0,0,0,1,0,0,"disease_code_miss"
"701028-2414715",0,1,0,1,1,0,1,1,1,0,"disease_code_miss"
"790215-4662491",0,0,0,1,1,0,0,0,1,1,"disease_code_miss"
"600725-3051200",1,0,1,0,1,0,1,1,0,1,"disease_code_miss"
"500620-2214213",1,1,0,1,0,1,0,0,1,1,"disease_code_miss"
"750127-4159752",1,1,1,1,1,1,1,1,0,1,"disease_code_miss"
"800625-3285560",0,0,0,1,1,1,1,0,1,1,"disease_code_miss"
"920316-4171636",0,0,0,1,1,0,1,0,1,0,"disease_code_miss"
"981222-3412074",1,0,0,1,0,1,0,1,1,1,"disease_code_miss"
"941127-3934022",1,0,0,0,1,0,1,0,1,1,"disease_code_miss"
"580805-2282895",0,0,1,1,1,1,1,0,1,0,"disease_code_miss"
"661122-4580782",0,0,1,1,1,1,1,0,1,0,"disease_code_miss"
"530826-2694320",1,0,0,0,0,1,0,0,0,0,"disease_code_miss"
"700711-4773617",0,1,1,1,0,1,1,0,0,1,"disease_code_miss"
"520418-1811378",0,1,0,0,0,1,1,1,0,0,"disease_code_miss"
"830803-4297125",1,0,0,0,0,1,1,0,0,1,"disease_code_miss"
"550502-4612311",1,1,0,1,1,1,1,1,1,1,"disease_code_miss"
"780312-1631744",0,1,0,1,1,0,0,0,0,0,"disease_code_miss"
"810420-2411273",1,1,0,1,0,1,0,0,0,1,"disease_code_miss"
"661005-2349859",0,1,0,1,0,0,0,1,0,1,"disease_code_miss"
"730224-2099234",1,1,0,0,0,0,1,1,1,1,"disease_code_miss"
"701222-2418796",1,1,1,1,0,1,0,1,1,1,"disease_code_miss"
"730420-3814636",0,1,0,1,0,1,1,0,1,1,"disease_code_miss"
"780814-2727763",0,1,0,1,0,0,1,0,0,1,"disease_code_miss"
"990803-1788577",0,1,0,0,0,1,1,0,0,0,"person_id_miss"
"810702-2369949",1,1,1,1,0,1,0,0,0,0,"person_id_miss"
"690202-2285450",0,0,1,0,0,0,1,1,0,1,"person_id_miss"
"891010-2967784",0,0,1,1,0,1,0,1,1,1,"person_id_miss"
"591113-3924213",0,1,1,0,1,1,0,0,1,0,"person_id_miss"
"691107-1074208",0,0,1,0,0,1,0,0,0,0,"person_id_miss"
"930416-2262549",0,1,1,0,1,0,1,1,1,1,"person_id_miss"
"590104-4203073",0,0,1,0,1,0,1,1,1,1,"person_id_miss"
"630412-2630665",0,1,0,0,0,1,0,0,0,0,"person_id_miss"
"521219-1808216",0,1,0,0,1,0,0,1,1,0,"person_id_miss"
"910712-4152065",1,1,1,1,1,0,0,0,1,0,"person_id_miss"
"911008-3229031",0,1,1,0,1,0,1,1,0,0,"person_id_miss"
"740302-3290206",0,0,0,1,1,0,0,1,1,0,"person_id_miss"
"670817-2883487",1,0,1,0,0,0,0,0,0,1,"person_id_miss"
"690420-1981118",0,1,1,0,1,1,1,1,0,1,"person_id_miss"
"790225-1358984",0,1,1,0,1,0,1,0,1,0,"person_id_miss"
"941008-1544356",0,0,1,0,0,1,0,1,1,0,"person_id_miss"
"521113-3872101",1,1,0,0,0,0,0,1,0,0,"person_id_miss"
"900701-4295722",0,1,1,1,0,0,1,0,0,0,"person_id_miss"
"940205-3596194",1,1,1,0,0,1,0,1,0,1,"person_id_miss"
"840905-3196966",1,1,0,0,1,1,1,1,1,0,"person_id_miss"
"901208-1164848",1,0,0,1,0,0,1,0,0,0,"person_id_miss"
"860323-2633290",1,1,0,1,0,1,0,0,1,1,"person_id_miss"
"530707-4888369",0,0,0,0,0,1,1,0,1,0,"person_id_miss"
"930221-1207435",0,0,1,0,1,0,1,1,0,1,"person_id_miss"
"700120-4027456",1,0,0,1,1,1,1,0,0,1,"person_id_miss"
"830322-1534944",1,1,0,1,0,1,0,0,0,1,"person_id_miss"
"910724-3999517",0,0,1,0,1,1,1,0,1,1,"person_id_miss"
"840806-1717985",0,1,0,0,0,0,1,1,0,0,"person_id_miss"
"571204-4578123",0,0,0,0,1,0,1,0,0,1,"person_id_miss"
"891209-3635955",0,0,1,1,1,1,1,0,0,0,"person_id_miss"
"970118-4089898",1,0,0,0,1,0,1,0,1,1,"person_id_miss"
"861223-1893595",0,1,1,0,1,1,0,1,1,1,"person_id_miss"
"640322-4862308",1,1,0,1,1,0,0,0,0,1,"person_id_miss"
"511117-2012408",0,1,1,0,0,1,0,1,0,1,"person_id_miss"
"620926-4260111",1,1,0,0,1,0,0,1,0,0,"person_id_miss"
"790505-1302552",0,0,0,1,0,0,0,0,1,1,"person_id_miss"
"871217-2156942",0,0,1,1,0,0,1,1,1,1,"person_id_miss"
"680423-4078298",0,0,1,1,0,0,0,0,0,0,"person_id_miss"
"590419-4869435",1,0,1,1,1,0,1,1,1,1,"person_id_miss"
"810918-4871321",1,0,1,0,0,1,1,0,0,0,"person_id_miss"
"920816-4107086",1,0,0,0,0,1,0,0,1,1,"person_id_miss"
"611020-3559214",1,0,1,1,0,0,1,0,1,0,"person_id_miss"
"991009-3512192",1,1,0,0,0,0,0,1,1,0,"person_id_miss"
"581107-1409948",0,1,1,0,0,1,0,0,1,0,"person_id_miss"
"660102-2329449",0,1,1,1,0,1,1,0,0,1,"person_id_miss"
"840706-4995866",0,0,1,0,0,1,1,0,0,1,"person_id_miss"
"820425-3615371",1,1,0,1,0,1,0,1,0,0,"person_id_miss"
"600522-2813094",0,1,1,0,1,0,0,1,0,0,"person_id_miss"
"890116-2866235",0,1,1,0,0,1,0,0,0,1,"person_id_miss"
"620204-1191894",1,0,1,1,1,1,1,1,0,1,"person_id_miss"
"560227-1789803",0,0,0,1,1,1,0,0,0,1,"person_id_miss"
"570511-4172586",1,0,0,0,0,1,1,0,1,1,"person_id_miss"
