"personal_id","Disease_1","Disease_2","Disease_3","Disease_4","Disease_5","Disease_6","Disease_7","Disease_8","Disease_9","Disease_10","Status"
"800705-2614495",0,0,0,1,1,1,0,1,1,1,"equal"
"920323-4673725",0,1,1,0,0,0,0,1,0,1,"equal"
"641212-3300418",1,1,0,0,1,0,0,0,1,0,"equal"
"730815-3351125",1,0,0,0,1,1,0,1,1,1,"equal"
"930617-3429130",1,1,1,0,1,0,1,0,0,0,"equal"
"541215-2383327",1,1,0,0,0,0,1,1,1,0,"equal"
"590107-2277967",1,1,0,1,0,0,0,1,1,0,"equal"
"630611-1829354",0,1,1,0,0,0,1,1,0,0,"equal"
"910108-2954808",0,1,1,1,1,0,0,1,0,0,"equal"
"540501-3026541",1,1,0,0,1,1,1,1,0,1,"equal"
"880202-3131979",0,0,0,1,1,1,1,1,1,1,"equal"
"710811-1796001",0,1,0,1,0,1,1,0,0,1,"equal"
"560526-2510276",1,0,1,1,1,1,0,0,1,1,"equal"
"690101-4892242",0,0,1,0,0,0,0,1,0,1,"equal"
"500807-3672078",0,1,1,0,1,1,0,1,1,1,"equal"
"610427-3464747",0,0,0,1,0,1,1,0,0,1,"equal"
"771227-2967072",1,1,1,1,1,0,0,0,0,1,"equal"
"580716-3483882",0,0,0,1,0,1,0,1,1,0,"equal"
"530401-1422279",0,1,1,1,0,0,1,0,1,0,"equal"
"790712-1304675",1,1,1,1,0,0,1,0,1,0,"equal"
"911016-1491984",1,0,0,0,1,0,0,1,1,1,"equal"
"910814-2155323",0,1,1,0,0,1,0,0,0,0,"equal"
"811215-1748967",0,0,0,1,1,0,1,1,0,1,"equal"
"850528-3598196",0,0,1,0,0,1,1,1,0,0,"equal"
"560522-4760677",1,1,1,0,0,1,1,0,1,0,"equal"
"690727-1402000",1,0,0,1,1,0,1,1,0,0,"equal"
"950823-2700057",0,0,0,0,0,0,0,0,0,1,"equal"
"831028-3909580",0,0,0,0,1,0,1,0,0,0,"equal"
"500822-4497048",1,0,1,0,0,1,1,1,0,1,"equal"
"620123-3943408",0,0,0,0,1,1,0,0,1,1,"equal"
"500805-2833123",1,1,0,0,0,1,1,1,1,0,"equal"
"720824-4927428",0,0,0,0,1,0,0,1,1,0,"equal"
"720504-1735377",0,0,0,1,1,1,1,0,1,1,"equal"
"860806-2001823",0,0,1,0,0,1,0,1,0,0,"equal"
"970328-4544513",1,0,0,1,1,0,1,0,0,1,"equal"
"740513-4774569",0,1,1,1,1,0,0,0,1,0,"equal"
"840417-4456598",0,0,0,0,1,0,0,1,1,1,"equal"
"561112-2574065",0,0,0,1,1,1,0,1,0,0,"equal"
"820428-1908074",1,0,1,0,1,0,0,0,0,1,"equal"
"501112-4507335",0,1,1,1,1,1,1,1,0,0,"equal"
"900809-3768674",1,1,1,1,1,1,0,0,0,1,"equal"
"680621-1157152",1,1,1,0,0,1,1,0,0,0,"equal"
"520821-2141300",0,0,1,1,1,0,1,1,0,0,"equal"
"611009-2123852",0,1,0,1,0,1,1,0,1,0,"equal"
"680815-2639135",0,0,1,0,0,0,0,0,1,1,"equal"
"540909-3741236",0,0,1,0,1,1,1,0,1,0,"equal"
"891019-3732259",0,1,0,1,0,0,1,0,0,1,"equal"
"950814-1310161",0,0,1,1,1,1,1,1,1,0,"equal"
"960615-3573641",1,0,0,1,1,1,1,1,0,0,"equal"
"830212-1345276",0,0,1,1,0,0,0,0,0,0,"equal"
"840918-2518516",1,0,1,1,1,1,0,0,1,1,"equal"
"601104-3332420",1,1,1,0,1,1,0,0,1,0,"equal"
"630411-3397469",1,0,1,1,1,1,0,0,1,0,"equal"
"961115-3024463",0,0,1,1,1,0,0,0,0,0,"equal"
"700423-2061240",1,1,0,0,0,0,1,0,0,0,"equal"
"820207-4499822",1,1,0,0,0,1,0,1,0,1,"equal"
"980402-4297109",1,0,0,1,0,0,1,1,1,1,"equal"
"680210-2657081",0,0,0,1,0,1,1,1,0,1,"equal"
"660412-3474428",0,0,1,0,1,0,0,1,0,1,"equal"
"850218-3576210",1,0,0,0,1,0,0,0,0,1,"equal"
"500618-4366541",1,1,0,1,1,1,0,0,1,0,"equal"
"840723-1097598",1,0,0,0,0,1,0,0,0,0,"equal"
"820820-2217199",1,1,1,1,0,0,1,0,0,1,"equal"
"960907-4509751",0,1,0,1,1,0,0,0,1,1,"equal"
"590424-2225889",0,0,1,0,1,0,1,0,0,1,"equal"
"600322-3837116",0,1,0,0,0,1,1,1,1,1,"equal"
"631207-2814718",0,1,1,0,1,1,1,1,0,0,"equal"
"780320-4914395",1,1,1,1,1,0,0,1,0,1,"equal"
"540717-4428732",0,1,0,0,1,0,1,1,0,0,"equal"
"780620-4790752",0,0,0,0,1,0,1,1,0,1,"equal"
"670801-1015265",1,0,0,0,0,1,1,0,1,1,"equal"
"640523-1055099",0,0,1,1,1,0,0,1,0,1,"equal"
"800618-4656019",1,0,0,0,0,1,1,0,0,1,"equal"
"940219-4951358",1,1,0,0,0,0,1,1,0,1,"equal"
"770902-4064334",1,0,0,0,1,0,1,1,0,1,"equal"
"921006-3337438",0,1,1,0,0,1,1,0,0,0,"equal"
"730802-4526033",0,1,1,0,1,1,1,1,0,1,"equal"
"730911-3312104",0,0,1,1,0,1,1,1,1,0,"equal"
"770211-4578660",1,0,0,0,0,1,0,1,1,0,"equal"
"920905-1530534",1,0,1,1,1,1,1,1,1,0,"equal"
"650718-3219514",0,1,1,0,1,1,0,0,1,0,"equal"
"920320-3201112",0,0,0,0,1,1,0,0,1,0,"equal"
"790111-2281103",0,1,1,0,1,0,1,0,0,1,"equal"
"950212-1421190",0,0,0,1,1,1,0,1,1,1,"equal"
"711118-1703255",1,0,1,1,1,0,0,1,0,0,"equal"
"850424-4560463",0,0,0,0,1,0,1,1,0,0,"equal"
"840424-2593166",1,1,1,1,1,1,0,0,1,0,"equal"
"641210-1068616",1,1,1,0,0,0,0,0,0,0,"equal"
"720521-1656829",0,1,0,1,0,1,1,0,1,0,"equal"
"530418-2941749",1,1,1,0,0,0,0,0,0,0,"equal"
"691218-1132824",0,1,0,1,1,0,1,1,0,1,"equal"
"960924-3623900",1,0,1,1,1,1,0,1,0,1,"equal"
"831105-3174010",1,1,0,0,0,0,0,0,0,1,"equal"
"971218-1314786",1,0,1,0,1,0,0,1,1,1,"equal"
"621028-3552653",1,1,1,1,1,0,0,0,0,0,"equal"
"900103-4381140",1,1,1,0,1,1,0,0,1,0,"equal"
"630722-1580162",0,1,0,1,1,0,1,1,0,0,"equal"
"560211-4490077",1,0,0,0,1,1,1,1,1,0,"equal"
"880507-3213541",1,1,0,0,0,0,0,1,1,1,"equal"
"970913-4004619",0,1,0,0,1,0,1,0,0,1,"equal"
"660511-4665545",0,1,0,0,1,1,0,0,1,0,"equal"
"731204-2706872",0,1,1,0,0,1,0,1,0,0,"equal"
"781108-2510881",1,1,1,1,0,1,1,0,0,1,"equal"
"720917-3605884",0,1,1,1,0,0,0,0,1,0,"equal"
"520824-1183128",0,0,1,1,1,1,1,1,1,0,"equal"
"680811-2082889",1,0,0,1,1,0,1,1,1,1,"equal"
"750614-1191048",1,0,1,0,0,0,1,0,0,0,"equal"
"960515-2683022",0,1,1,0,0,0,1,0,0,0,"equal"
"990401-1693909",0,1,0,0,0,1,0,1,1,1,"equal"
"711119-1110043",1,0,1,0,1,1,1,0,1,0,"equal"
"581221-2436935",0,0,0,0,1,0,1,0,1,1,"equal"
"880601-2698797",1,0,0,1,1,1,1,1,0,1,"equal"
"840506-3826676",0,1,1,0,0,1,0,1,1,0,"equal"
"830102-1658360",1,0,1,1,0,0,0,1,0,1,"equal"
"610311-1256003",1,1,1,0,1,1,1,0,1,0,"equal"
"860814-3055048",0,0,1,0,1,0,1,1,0,1,"equal"
"620212-3039908",0,0,1,0,1,1,0,0,1,1,"equal"
"630423-1349186",1,0,0,1,0,1,0,1,0,0,"equal"
"581127-4206642",0,1,1,0,1,1,1,1,1,0,"equal"
"511009-2719120",0,0,1,1,0,1,0,0,1,1,"equal"
"530405-4060030",0,0,0,0,1,0,0,0,1,1,"equal"
"610827-1040205",1,0,0,0,1,1,1,0,1,1,"equal"
"541123-2513609",1,1,0,1,1,1,0,1,0,0,"equal"
"531117-3884566",0,0,0,1,0,1,1,1,0,1,"equal"
"630707-4981785",1,0,1,1,0,0,0,0,1,1,"equal"
"840519-3125072",1,0,0,0,1,1,0,0,0,0,"equal"
"661204-3578648",1,1,0,0,0,1,0,1,1,1,"equal"
"970224-3243118",1,0,0,0,0,1,1,1,1,1,"equal"
"610621-3375387",0,0,1,1,0,1,0,1,0,0,"equal"
"921207-1918386",0,0,1,0,1,1,1,1,1,0,"equal"
"880616-3229304",1,0,1,0,1,1,0,1,1,1,"equal"
"860608-2714822",1,0,0,0,1,0,1,0,1,1,"equal"
"720121-2296842",1,0,0,1,1,0,1,0,0,0,"equal"
"981224-3011218",0,0,1,0,1,1,0,0,1,0,"equal"
"810914-3283485",0,0,0,0,0,1,1,0,0,0,"equal"
"570810-1813440",0,1,1,0,1,1,0,0,0,0,"equal"
"940304-1784869",0,0,1,1,0,0,1,0,1,1,"equal"
"790605-4171381",1,1,0,1,1,0,0,1,0,1,"equal"
"551212-4239982",0,1,1,1,0,1,0,1,1,0,"equal"
"870911-2731696",1,1,1,1,1,1,1,1,0,0,"equal"
"980814-3238950",0,0,0,1,0,1,0,0,0,1,"equal"
"511120-2654297",0,0,1,1,0,1,0,0,0,0,"equal"
"510117-3250401",1,0,1,1,1,1,0,0,0,1,"equal"
"680523-3137551",0,0,0,0,0,0,1,1,0,1,"equal"
"910910-2511288",0,1,1,1,0,1,1,0,0,1,"equal"
"600308-4827242",0,1,1,1,1,0,1,1,0,0,"equal"
"600513-2288600",1,1,0,1,0,0,0,1,0,1,"equal"
"980524-1284440",1,1,0,0,1,0,1,1,0,0,"equal"
"720602-2585673",1,0,1,0,0,1,1,1,0,0,"equal"
"790115-2158502",1,0,0,0,0,0,0,0,0,1,"equal"
"501101-3981295",1,0,1,1,1,1,0,0,1,1,"equal"
"691112-1518442",0,1,0,1,1,1,1,0,0,1,"equal"
"520227-1508975",0,0,0,1,1,1,0,0,0,1,"equal"
"530115-4311212",1,0,0,1,1,1,0,0,0,1,"equal"
"861115-3484242",0,0,1,0,0,0,1,0,0,1,"equal"
"690609-2702951",0,1,1,1,0,1,0,1,0,1,"equal"
"790219-3380469",1,1,0,1,0,0,1,0,1,0,"equal"
"521120-1260574",0,1,1,1,0,0,1,0,1,1,"equal"
"560307-3562968",0,1,1,0,0,1,0,0,1,0,"equal"
"760520-3899101",1,0,1,1,0,1,0,0,0,1,"equal"
"790515-4056612",1,1,0,1,0,1,0,0,1,1,"equal"
"680118-1741309",0,1,0,1,1,0,0,0,1,1,"equal"
"750622-4468861",0,1,1,0,0,0,0,0,1,0,"equal"
"661017-4736967",0,1,0,1,1,0,0,1,0,1,"equal"
"650928-3670466",1,1,1,0,0,0,0,1,1,0,"equal"
"880828-4711449",1,0,0,0,1,1,1,1,1,1,"equal"
"930509-4894594",0,0,0,0,1,1,1,0,0,1,"equal"
"600916-4289832",0,1,1,1,1,0,0,1,0,1,"equal"
"720126-3053765",1,1,1,0,0,0,0,0,0,1,"equal"
"810121-1431406",0,1,1,0,1,0,0,0,1,0,"equal"
"570408-2140510",1,0,1,0,0,0,1,1,0,1,"equal"
"810719-4849634",0,1,0,1,1,1,0,1,1,1,"equal"
"670211-1494359",0,1,1,1,1,1,0,1,1,1,"equal"
"930203-4353166",0,0,1,0,0,1,0,0,0,1,"equal"
"990306-1335329",0,0,0,0,1,1,1,1,0,0,"equal"
"831012-4668661",1,0,1,1,1,0,0,0,0,1,"equal"
"860820-1318948",1,1,1,1,0,0,0,0,1,1,"equal"
"830616-3682092",1,0,1,0,0,1,1,0,1,1,"equal"
"520918-4555096",1,0,1,0,0,1,1,0,1,0,"equal"
"650208-2649404",0,0,1,0,0,0,1,1,1,1,"equal"
"610116-2679950",1,1,1,1,1,1,1,0,1,1,"equal"
"800128-4198466",1,1,0,1,1,0,0,0,1,1,"equal"
"700326-3967619",1,0,0,1,0,1,0,1,0,0,"equal"
"920114-2336295",1,1,1,0,1,1,0,1,1,0,"equal"
"811011-3835817",1,0,0,1,0,0,0,1,0,1,"equal"
"520711-3133898",1,1,0,1,0,1,1,0,0,1,"equal"
"681027-3530767",1,1,1,0,1,1,1,1,1,0,"equal"
"740317-2296725",0,1,0,0,1,0,0,0,0,1,"equal"
"590201-4791977",0,0,1,1,1,0,0,1,0,1,"equal"
"660625-2409349",1,0,0,0,0,0,1,0,0,1,"equal"
"521202-4661058",0,1,1,1,0,0,1,0,1,1,"equal"
"961220-4354075",1,0,0,0,1,0,1,0,1,0,"equal"
"881126-3136932",1,1,0,0,0,0,0,0,1,1,"equal"
"921009-2584210",1,1,1,0,0,1,1,0,0,1,"equal"
"650928-4466490",1,0,1,1,0,1,0,1,0,0,"equal"
"530316-1470909",1,1,0,1,1,0,1,1,1,0,"equal"
"650713-2184451",0,1,0,1,0,1,0,1,1,0,"equal"
"690403-2606493",1,1,1,1,0,0,1,1,0,1,"equal"
"600710-4201579",1,0,0,1,0,0,0,1,0,0,"equal"
"810718-2982425",0,0,0,0,0,0,1,1,0,1,"equal"
"720716-2867512",1,0,0,0,1,1,1,0,0,0,"equal"
"870702-2717579",1,1,0,0,0,0,1,0,0,1,"equal"
"800917-2162203",1,1,1,0,1,1,0,0,0,0,"equal"
"620221-1667573",0,1,1,0,1,1,1,1,0,1,"equal"
"870301-3255043",0,1,0,0,1,1,1,0,1,0,"equal"
"821122-1411211",1,1,0,1,1,1,0,1,0,0,"equal"
"980611-2154061",1,1,0,0,0,0,1,0,1,0,"equal"
"640622-2832384",1,0,0,0,0,1,0,1,0,1,"equal"
"961003-2881068",0,0,0,1,1,0,0,0,0,0,"equal"
"911211-4324785",0,1,1,0,0,0,0,0,1,0,"equal"
"910523-3386724",0,1,1,0,0,0,0,1,1,0,"equal"
"680126-2902966",1,1,0,1,1,0,1,0,0,0,"equal"
"611115-4375608",0,1,1,0,1,0,0,1,1,0,"equal"
"711211-2608132",0,1,0,1,0,1,0,0,0,0,"equal"
"860627-1865440",0,1,1,1,0,1,1,0,1,1,"equal"
"760327-3177793",0,1,1,0,1,0,1,0,1,0,"equal"
"610619-4842489",1,0,1,0,1,1,1,1,0,0,"equal"
"580407-4049701",1,1,0,1,1,0,1,1,1,0,"equal"
"900710-2688471",0,1,1,1,1,0,1,1,1,1,"equal"
"811025-3308905",0,1,0,1,0,1,1,1,1,0,"equal"
"670424-4831796",0,1,0,1,1,1,0,0,1,1,"equal"
"560917-1482479",1,1,1,1,0,1,1,0,0,1,"equal"
"551107-2863819",0,1,1,0,1,1,0,0,0,0,"equal"
"711007-3107103",0,1,1,1,1,0,1,1,0,1,"equal"
"940315-1758578",0,0,1,1,0,1,1,0,0,1,"equal"
"551009-1228997",1,1,0,1,1,1,0,1,1,1,"equal"
"670114-1207741",1,1,0,0,1,0,1,0,0,1,"equal"
"521103-2987782",0,1,0,1,1,0,0,1,0,0,"equal"
"540711-2004434",0,0,1,0,0,1,1,1,0,0,"equal"
"690226-4831238",1,0,1,0,0,1,1,0,1,0,"equal"
"680625-3470340",1,1,0,1,0,0,1,0,1,1,"equal"
"680114-3821517",0,1,1,1,1,1,0,0,0,0,"equal"
"510202-2744069",1,1,1,0,0,0,0,1,1,0,"equal"
"530702-3143144",1,0,1,1,1,0,1,1,1,1,"equal"
"840417-3880065",0,0,0,1,1,0,1,1,1,1,"equal"
"820109-1483503",0,0,0,0,1,1,0,0,0,1,"equal"
"800208-3012382",0,1,0,0,0,1,1,1,1,0,"equal"
"860322-3943802",1,0,0,1,0,1,0,0,0,0,"equal"
"651207-2208233",1,1,0,0,0,1,1,0,0,0,"equal"
"750916-1777594",0,0,1,1,1,1,1,1,0,0,"equal"
"940521-4744017",1,1,0,0,1,1,0,0,0,1,"equal"
"820619-2860985",1,0,1,1,1,0,1,1,1,1,"equal"
"790906-3638900",1,1,0,1,1,0,1,1,0,1,"equal"
"970205-4726469",1,0,1,1,1,1,0,0,0,0,"equal"
"790102-4506445",1,1,0,0,0,0,0,1,1,1,"equal"
"631018-1234185",0,0,0,0,1,1,1,0,1,1,"equal"
"640620-4406993",0,0,1,1,1,1,0,0,1,1,"equal"
"680820-2569746",0,1,1,0,1,0,0,1,1,1,"equal"
"790228-3572411",1,0,0,1,1,1,1,1,1,0,"equal"
"920701-3856514",1,1,1,0,0,0,1,1,0,1,"equal"
"670101-1642841",0,0,0,0,1,0,1,1,0,1,"equal"
"510303-2796068",1,0,1,1,0,0,1,1,0,1,"equal"
"750623-2093708",1,1,1,1,0,0,1,0,0,0,"equal"
"670406-2923641",0,0,0,1,0,1,0,0,0,1,"equal"
"960222-1825675",0,1,0,1,1,1,1,1,1,0,"equal"
"510609-2641875",0,0,0,0,1,0,1,0,1,0,"equal"
"690824-2118447",0,0,1,0,1,1,0,1,0,1,"equal"
"550726-1117426",1,0,0,0,1,0,1,1,1,0,"equal"
"960720-4325564",1,1,1,0,0,1,1,1,1,0,"equal"
"770516-4256139",1,1,1,1,1,0,0,1,1,1,"equal"
"710707-3973124",0,0,0,0,0,0,0,1,0,1,"equal"
"721020-1200583",0,1,0,1,1,0,0,0,0,1,"equal"
"830208-2594699",1,1,1,0,1,1,0,1,0,1,"equal"
"801001-2550718",0,1,0,0,1,1,1,1,0,1,"equal"
"721025-4851621",0,1,1,0,0,0,0,1,0,1,"equal"
"670114-4373568",0,1,0,1,1,1,0,0,0,1,"equal"
"650213-1179225",1,0,1,1,0,0,0,1,1,0,"equal"
"981105-1213021",0,0,1,0,1,1,0,0,1,1,"equal"
"691228-2157018",1,1,1,1,1,0,1,1,0,0,"equal"
"891202-4648123",0,1,1,1,1,1,1,1,1,1,"equal"
"940823-4630977",1,0,1,1,0,0,1,0,0,1,"equal"
"750517-2181810",1,1,0,0,1,1,1,0,1,0,"equal"
"870309-4208394",0,0,0,1,0,0,1,0,0,1,"equal"
"660716-1553629",1,0,1,1,1,0,1,1,0,0,"equal"
"990214-4570194",0,0,0,0,0,0,0,0,1,1,"equal"
"900112-4023590",0,1,1,0,0,0,0,1,0,0,"equal"
"851207-1831557",0,1,1,0,1,1,0,0,0,1,"equal"
"990511-4178544",0,0,0,1,1,0,0,0,1,1,"equal"
"811222-2012180",0,1,1,0,0,0,0,0,0,0,"equal"
"710413-4923005",0,1,0,1,1,1,1,0,1,1,"equal"
"551220-2956186",1,1,0,1,0,0,1,0,1,1,"equal"
"770911-4588667",0,0,1,0,0,0,1,0,0,0,"equal"
"630228-4856209",1,1,1,0,1,1,1,0,0,1,"equal"
"650712-2241319",0,1,0,1,0,1,0,0,0,0,"equal"
"580917-4834794",1,1,1,0,1,1,1,0,0,1,"equal"
"930118-4610827",0,0,0,1,0,0,0,0,0,1,"equal"
"651107-3543827",0,0,0,0,0,0,1,1,1,1,"equal"
"531027-1959138",0,0,0,0,1,0,1,0,1,0,"equal"
"600915-3771274",0,0,1,0,0,1,0,0,1,1,"equal"
"631219-4918233",1,0,1,1,0,0,1,1,0,0,"equal"
"980904-3242631",0,1,0,0,0,0,0,0,1,0,"equal"
"691203-4959619",0,0,1,1,1,1,1,0,0,1,"equal"
"830606-4380245",1,0,0,1,0,1,0,0,1,1,"equal"
"831228-4695262",1,0,1,0,1,0,0,0,0,0,"equal"
"660204-1695203",0,1,0,0,1,1,1,0,0,0,"equal"
"591012-1990366",0,0,1,1,0,0,1,0,1,1,"equal"
"580619-2453476",0,1,0,0,1,1,1,0,0,0,"equal"
"701018-1330606",1,1,0,0,1,0,0,0,1,0,"equal"
"500626-3977168",1,1,0,0,0,0,0,1,1,0,"equal"
"811014-2182967",0,0,1,1,1,1,1,1,0,1,"equal"
"931017-4408229",0,1,1,1,0,1,1,1,1,1,"equal"
"691204-4751602",0,0,1,0,1,1,0,0,0,1,"equal"
"960310-4982063",1,0,0,0,1,0,0,0,1,1,"equal"
"841023-3594275",1,1,0,1,0,1,1,0,0,1,"equal"
"630608-1191995",1,1,1,0,0,0,0,0,1,0,"equal"
"670515-4913102",1,0,1,1,0,1,0,1,1,1,"equal"
"720717-2307256",0,1,1,1,0,0,0,0,0,1,"equal"
"920726-2905619",0,0,1,0,1,0,1,0,1,1,"equal"
"960909-3768764",0,1,0,1,0,0,0,1,0,1,"equal"
"940117-1232428",1,1,1,0,0,1,0,0,1,0,"equal"
"700911-2412181",0,0,0,0,1,0,0,1,0,1,"equal"
"571210-3628355",1,1,1,0,1,1,1,1,1,1,"equal"
"800401-2716425",1,0,0,1,1,1,1,0,1,1,"equal"
"600708-2064014",0,0,1,1,1,0,1,1,1,1,"equal"
"751127-4764954",1,0,1,0,1,1,0,0,0,1,"equal"
"561021-4091713",1,0,1,0,0,1,0,1,1,0,"equal"
"680206-4243609",1,1,0,1,0,0,1,1,0,0,"equal"
"530315-4136840",1,0,0,1,0,1,1,0,0,0,"equal"
"640817-3377327",1,0,1,0,1,0,0,0,1,1,"equal"
"691125-1357055",0,0,0,0,1,0,0,1,0,0,"equal"
"771013-2953952",0,1,1,0,0,0,1,1,0,1,"equal"
"640211-1410069",0,0,1,1,1,0,1,1,1,0,"equal"
"980207-4043935",1,0,0,1,0,0,0,0,0,0,"equal"
"871212-3332392",0,0,1,0,1,0,0,1,1,1,"equal"
"910928-1284667",0,1,0,0,0,0,0,0,0,1,"equal"
"811021-3664700",0,1,0,1,1,1,1,1,1,1,"equal"
"661115-3747290",1,0,0,0,0,1,1,1,0,0,"equal"
"510916-4097554",0,0,0,1,1,0,0,0,0,0,"equal"
"620421-1961703",1,0,0,0,0,0,1,0,1,0,"equal"
"950427-4512421",1,0,1,1,0,0,0,0,1,1,"equal"
"980628-2558058",1,0,1,0,1,1,0,0,1,1,"equal"
"790822-1541454",1,1,0,1,1,1,0,1,0,1,"equal"
"760209-2959946",0,0,0,0,1,0,0,0,1,1,"equal"
"810819-1446512",0,0,0,0,0,1,1,1,0,0,"equal"
"951202-1334234",1,0,1,1,1,0,0,0,1,1,"equal"
"710618-3602882",0,0,0,0,0,1,0,0,0,0,"equal"
"960117-4878789",0,1,1,1,1,1,0,0,0,1,"equal"
"970312-2907658",0,1,1,0,0,0,1,1,0,0,"equal"
"831122-3120265",0,0,0,0,1,1,1,0,0,1,"equal"
"610416-3204619",0,1,0,0,1,0,0,0,0,1,"equal"
"700415-1548142",0,1,1,0,0,1,0,0,0,0,"equal"
"821223-3947808",1,0,1,1,0,0,1,1,1,0,"equal"
"520911-3615146",1,0,1,1,1,1,1,0,1,0,"equal"
"730626-2980820",0,0,0,1,0,1,0,1,0,1,"equal"
"740214-3198787",1,0,0,0,1,0,1,0,1,1,"equal"
"590115-1035032",0,1,0,1,1,1,1,0,0,1,"equal"
"571218-3864337",0,0,0,0,1,1,1,1,0,1,"equal"
"661002-3224806",0,0,1,0,0,1,0,0,0,1,"equal"
"911211-3227549",1,0,0,1,0,0,0,0,1,0,"equal"
"541226-4739985",1,1,1,1,1,1,0,1,0,1,"equal"
"950107-2771968",0,0,1,1,1,0,0,0,1,1,"equal"
"750612-1073809",1,1,1,1,1,0,0,0,0,0,"equal"
"621127-3724793",0,1,0,1,0,1,1,1,0,0,"equal"
"860604-4262329",0,1,1,0,1,0,0,0,1,0,"equal"
"591211-3033852",1,1,0,0,1,1,0,0,0,1,"equal"
"540528-4314254",0,0,1,0,1,1,1,0,1,0,"equal"
"891128-2989810",1,1,0,0,1,0,0,0,1,1,"equal"
"960307-1771100",0,1,1,1,1,0,1,0,1,0,"equal"
"871023-3079411",0,1,1,1,0,0,0,0,0,0,"equal"
"860811-2932812",1,0,0,1,1,1,1,1,0,1,"equal"
"950118-1743537",1,1,0,0,1,1,1,1,1,0,"equal"
"651107-4644624",1,1,0,1,0,1,1,0,1,1,"equal"
"890103-3271281",1,1,0,1,1,1,1,0,0,0,"equal"
"771018-2613928",0,0,1,1,1,1,1,1,0,0,"equal"
"851101-2431251",1,0,1,0,1,1,1,0,0,1,"equal"
"790318-1919284",0,1,1,1,0,0,1,1,0,0,"equal"
"590218-1879046",0,1,1,0,1,0,1,1,0,0,"equal"
"811209-4915095",1,0,0,0,1,0,0,1,1,0,"equal"
"800611-1070486",0,1,1,1,0,0,0,1,0,0,"equal"
"830408-2118657",0,1,1,0,0,1,1,0,1,1,"equal"
"590816-3327765",0,0,0,1,0,0,1,0,0,0,"equal"
"840823-2888576",0,0,0,1,1,1,0,1,0,0,"equal"
"770215-1363372",1,1,0,1,0,1,1,1,1,1,"equal"
"950524-1299064",1,1,0,0,1,0,0,1,1,0,"equal"
"851103-3270874",0,1,0,0,1,0,0,1,0,0,"equal"
"930404-1009904",0,0,1,0,1,1,1,0,0,0,"equal"
"630828-1448850",0,0,0,1,1,0,1,1,0,1,"equal"
"540325-1205510",1,1,1,0,0,0,0,0,0,1,"equal"
"670714-3288943",1,0,0,1,0,0,1,1,1,1,"equal"
"520203-2392207",0,1,0,1,0,0,0,0,0,1,"equal"
"740518-3627397",1,1,0,0,0,1,1,0,0,0,"equal"
"630312-1967216",1,0,1,1,1,0,0,0,0,1,"equal"
"900508-3555929",0,0,1,0,1,0,1,0,1,1,"equal"
"671104-2818700",0,1,0,0,1,0,1,0,1,1,"equal"
"700527-4426985",1,1,1,1,1,0,1,1,0,0,"equal"
"520702-1933031",0,0,0,0,0,0,1,1,1,1,"equal"
"771007-3506956",0,1,1,0,1,0,1,1,1,0,"equal"
"570710-2711674",1,1,1,1,1,0,1,1,0,0,"equal"
"791028-3755332",1,0,0,0,1,1,0,0,1,0,"equal"
"830421-1212641",1,0,1,0,1,1,1,0,1,1,"equal"
"950808-2995254",0,1,0,1,0,1,0,0,1,1,"equal"
"681027-4993944",1,1,1,0,1,1,1,0,0,1,"equal"
"540523-2877085",0,0,0,0,1,0,0,1,0,1,"equal"
"670423-2482491",1,0,1,0,0,0,1,0,0,0,"equal"
"901216-3116982",1,1,1,1,1,1,0,1,1,1,"equal"
"990402-4975896",1,0,0,0,0,1,0,1,0,1,"equal"
"851021-4288707",0,1,0,1,0,0,0,1,1,1,"equal"
"520208-2299954",1,1,0,0,0,0,0,0,0,0,"equal"
"900916-3874822",1,1,1,0,1,1,1,0,0,0,"equal"
"720701-2875666",0,0,0,0,1,1,1,1,0,1,"equal"
"661026-4799042",1,0,0,1,0,1,1,0,0,1,"equal"
"670409-1751101",1,0,0,0,1,0,1,1,0,1,"equal"
"900408-3032832",0,0,0,0,1,0,0,0,1,1,"equal"
"960418-4778355",0,1,0,0,0,1,1,1,1,1,"equal"
"720404-4834849",1,0,1,0,0,1,0,1,0,0,"equal"
"541209-3023848",0,0,1,1,0,0,0,0,1,0,"equal"
"750506-2070488",0,0,1,1,0,0,1,1,1,1,"equal"
"921201-1339724",0,0,1,0,0,1,0,1,0,1,"equal"
"530110-3412115",1,0,1,1,1,1,0,1,1,0,"equal"
"680203-4074570",1,1,0,1,0,0,1,1,1,0,"equal"
"870111-2257311",0,0,1,0,1,1,1,0,1,0,"equal"
"870904-1853025",0,1,1,1,0,0,1,0,0,0,"equal"
"570827-1761234",1,0,0,0,0,0,1,0,0,1,"equal"
"910207-4359191",0,0,0,0,1,1,0,1,1,0,"equal"
"940725-1288106",0,1,0,0,1,0,0,1,0,1,"equal"
"910115-4365867",0,0,1,1,0,0,1,0,0,0,"equal"
"780109-4412404",1,1,1,1,0,1,0,0,0,1,"equal"
"850712-2489777",1,0,1,1,0,0,0,1,1,0,"equal"
"521008-3721899",0,0,1,1,0,1,0,1,1,0,"equal"
"670103-1048592",0,0,1,0,0,0,0,1,0,1,"equal"
"520315-3706152",0,0,1,1,1,1,0,0,0,0,"equal"
"880124-1900278",1,0,0,1,1,0,0,0,0,1,"equal"
"770725-1154441",1,1,1,0,1,1,0,1,0,1,"equal"
"860414-2290392",1,0,0,0,1,1,1,0,1,1,"equal"
"870913-4958097",0,0,1,0,0,0,1,1,0,0,"equal"
"700113-4400569",0,0,0,1,0,0,1,1,1,1,"equal"
"820125-4991478",0,1,0,0,1,0,0,1,0,1,"equal"
"630114-2234818",1,1,0,1,1,0,1,0,1,0,"equal"
"570607-2990369",0,1,1,0,1,1,0,0,0,0,"equal"
"710404-3321603",1,1,0,1,1,1,0,1,1,0,"equal"
"661216-2417337",0,1,0,0,0,1,1,0,1,0,"equal"
"961214-2226522",0,1,1,0,0,0,0,1,0,0,"equal"
"870615-3382731",0,0,0,1,1,0,1,1,1,1,"equal"
"891205-1579063",1,1,0,1,0,0,0,1,1,1,"equal"
"690613-2619787",0,0,0,1,1,0,0,0,1,0,"equal"
"621006-1904364",0,0,1,1,1,1,0,0,1,0,"equal"
"840427-1327504",0,1,1,0,0,0,0,1,1,1,"equal"
"800718-4730634",0,1,0,1,1,1,0,1,1,1,"equal"
"810416-1681853",1,0,1,0,1,0,0,1,0,1,"equal"
"820917-3534407",0,1,0,1,1,1,1,1,1,1,"equal"
"800908-1880683",0,0,1,1,1,0,0,0,1,1,"equal"
"561221-1752406",0,1,0,1,1,0,0,0,1,0,"equal"
"570825-1901040",0,1,0,0,1,0,1,1,1,1,"equal"
"820414-2774023",0,1,0,1,1,0,1,0,1,1,"equal"
"520526-3903990",0,0,1,0,1,1,1,1,1,0,"equal"
"600425-3773929",0,1,0,0,1,1,0,0,1,0,"equal"
"710416-1712053",0,1,0,1,1,0,1,0,0,0,"equal"
"811007-2258450",1,1,1,1,0,0,1,0,0,0,"equal"
"640723-1246871",0,0,1,0,1,1,1,0,1,1,"equal"
"860325-2516912",1,0,0,1,1,0,0,1,0,1,"equal"
"960815-1692916",0,1,0,1,0,1,1,0,1,0,"equal"
"920523-2154497",1,1,0,0,0,1,0,1,0,0,"equal"
"630608-2148203",1,0,0,1,0,0,1,1,0,0,"equal"
"651111-3392427",0,1,0,0,0,1,0,0,0,1,"equal"
"540822-4703698",1,1,1,0,0,1,1,1,0,1,"equal"
"630321-1893750",0,0,0,0,1,1,0,1,1,1,"equal"
"521019-2181522",1,0,1,0,0,1,1,0,0,1,"equal"
"520117-3564128",1,0,0,1,1,0,0,0,1,0,"equal"
"800420-2696656",0,0,1,1,1,1,1,0,1,0,"equal"
"940716-2120868",0,0,0,0,0,1,1,0,1,1,"equal"
"510821-3058568",1,1,1,0,0,0,1,0,0,1,"equal"
"510727-2009984",1,1,0,0,0,0,0,1,1,1,"equal"
"660115-3230077",1,1,1,0,0,0,1,1,1,0,"equal"
"710214-2055523",1,1,0,1,1,1,1,1,1,1,"equal"
"940209-2715410",0,1,1,0,0,1,0,0,1,0,"equal"
"850728-3072182",1,0,1,0,0,1,0,0,1,0,"equal"
"500827-4250856",0,0,0,1,0,0,1,1,0,1,"equal"
"670502-3917400",1,0,1,1,0,1,0,0,0,0,"equal"
"921025-1783972",0,1,1,1,1,1,0,0,1,1,"equal"
"900917-1232958",0,1,1,1,1,0,1,0,0,1,"equal"
"980619-3112771",0,0,0,0,0,1,1,0,1,1,"equal"
"510612-2665721",1,0,0,0,1,1,0,1,1,0,"equal"
"910224-1231553",0,0,1,1,1,1,1,0,1,1,"equal"
"640312-3152939",0,1,0,0,0,1,1,1,1,0,"equal"
"580722-1756910",1,0,1,0,0,0,1,1,1,1,"equal"
"941021-2382979",1,0,0,1,1,1,0,0,0,1,"equal"
"660401-1324579",0,0,1,0,0,1,0,1,1,0,"equal"
"650224-3113138",1,1,0,1,1,0,0,0,1,1,"equal"
"650217-4201202",0,1,0,0,1,0,1,1,0,0,"equal"
"570913-4751885",1,0,1,0,0,0,0,0,1,0,"equal"
"880923-1355306",1,1,1,0,1,1,1,1,0,1,"equal"
"800407-1729526",0,1,1,1,1,0,0,0,0,0,"equal"
"700419-2302569",1,1,0,1,1,0,1,0,0,1,"equal"
"500717-1632832",1,0,0,1,1,1,1,1,0,0,"equal"
"520226-3856180",0,1,0,1,1,0,0,1,1,1,"equal"
"670308-2486263",1,0,1,1,0,0,0,0,0,0,"equal"
"780118-1599226",1,1,1,0,0,1,0,1,1,0,"equal"
"530907-2629019",1,1,0,1,0,1,0,0,0,1,"equal"
"640419-1486642",1,0,1,0,1,0,0,1,0,1,"equal"
"960507-1666079",0,0,0,1,1,1,0,0,0,1,"equal"
"640125-4373474",0,1,0,1,0,1,0,1,0,1,"equal"
"540105-2288781",1,1,1,1,1,0,0,1,0,0,"equal"
"700623-3037021",1,0,0,0,1,0,1,0,1,0,"equal"
"910323-2236566",1,0,1,1,1,1,1,1,0,0,"equal"
"740706-2166872",0,1,0,0,0,0,1,0,1,1,"equal"
"580910-4605423",1,1,1,0,0,0,0,0,1,0,"equal"
"561205-3171398",1,0,0,0,1,0,1,0,0,0,"equal"
"810508-3483712",0,0,0,0,1,0,0,0,1,0,"equal"
"810221-1827563",1,0,0,0,0,0,0,1,0,0,"equal"
"660808-2850140",1,0,0,0,1,1,1,0,0,1,"equal"
"940213-4663181",1,1,0,0,0,1,0,0,0,1,"equal"
"510504-1542161",1,0,0,1,1,0,0,1,0,1,"equal"
"950301-3119609",0,0,0,1,0,1,0,0,0,0,"equal"
"790428-2318464",0,0,1,0,1,0,0,0,1,1,"equal"
"920319-1060214",1,0,1,1,0,0,0,1,0,0,"equal"
"940704-3059112",0,0,1,0,1,1,0,0,1,0,"equal"
"810802-4116576",0,1,0,0,1,1,1,0,0,1,"equal"
"880127-1589170",0,1,1,1,1,1,1,0,0,0,"equal"
"891120-1201296",0,0,1,1,0,0,1,0,0,1,"equal"
"540526-2576115",1,1,0,0,1,0,0,0,0,0,"equal"
"651202-1137767",0,1,1,0,1,1,1,0,0,0,"equal"
"851205-2176770",1,0,0,0,1,0,0,0,0,1,"equal"
"710520-3336731",0,1,1,1,1,0,1,0,0,0,"equal"
"570814-1463799",0,1,0,1,1,0,0,1,1,1,"equal"
"500126-1529438",0,1,0,1,0,0,0,1,0,0,"equal"
"931107-1718771",0,1,0,1,1,1,1,0,1,1,"equal"
"800606-2285412",1,0,0,1,1,1,0,0,0,0,"equal"
"570913-2529858",1,0,1,1,1,0,1,0,1,0,"equal"
"870719-2253078",1,0,0,1,0,0,0,1,1,1,"equal"
"770325-2242033",0,1,1,0,0,1,1,1,0,0,"equal"
"951109-3606523",1,0,1,1,1,1,1,0,1,0,"equal"
"820820-2278532",1,0,0,1,0,1,0,1,1,0,"equal"
"980324-1197591",0,0,1,0,1,1,1,0,0,0,"equal"
"630305-4561857",1,0,1,1,0,0,0,1,0,0,"equal"
"781005-1519428",1,1,0,0,1,1,1,0,1,0,"equal"
"950204-3320075",1,0,1,1,1,0,1,1,1,0,"equal"
"991001-4459678",0,1,1,1,0,1,1,1,0,0,"equal"
"621228-3489551",0,0,1,0,0,1,0,1,1,0,"equal"
"690407-1790006",1,0,0,0,0,1,0,1,0,0,"equal"
"520413-4653802",0,1,0,0,1,1,1,1,0,0,"equal"
"520928-4214764",1,1,0,0,1,0,0,0,0,0,"equal"
"810313-3282134",1,1,0,1,0,0,0,1,1,0,"equal"
"510708-2138834",0,0,0,1,1,0,0,1,0,1,"equal"
"900115-3180072",0,1,0,1,0,0,0,1,0,1,"equal"
"550507-1150155",1,0,0,1,0,1,0,1,1,0,"equal"
"840126-4221873",0,0,0,1,1,1,1,0,1,0,"equal"
"660424-4602388",1,1,0,1,0,1,1,1,1,0,"equal"
"750411-2746010",1,0,0,1,0,0,0,1,1,1,"equal"
"961122-4184766",0,0,0,0,0,0,0,0,1,0,"equal"
"640711-1900296",1,0,0,1,1,0,1,0,1,0,"equal"
"950605-3130629",0,0,0,1,0,1,0,0,1,1,"equal"
"730519-1754453",0,1,1,1,0,0,1,1,1,1,"equal"
"591107-2605995",0,0,1,0,1,0,0,0,0,0,"equal"
"850923-4919961",0,0,0,0,1,0,1,0,0,1,"equal"
"550427-3038263",1,0,0,1,0,0,0,1,1,1,"equal"
"840606-2627466",1,1,0,0,1,0,0,0,0,0,"equal"
"510201-2911225",0,1,0,0,1,1,0,1,0,0,"equal"
"980119-2412062",0,1,0,0,0,0,1,0,0,1,"equal"
"880706-3602305",1,1,1,0,1,1,0,0,1,0,"equal"
"660111-1112040",0,0,1,0,1,1,1,1,1,1,"equal"
"600417-1793680",1,1,1,0,0,0,1,1,1,1,"equal"
"830109-3528502",1,0,1,0,1,0,0,1,0,1,"equal"
"510523-4502553",1,1,0,1,1,1,0,0,0,0,"equal"
"540906-4933580",1,1,1,0,0,1,1,0,1,0,"equal"
"800121-4321119",1,1,1,0,0,0,0,1,0,1,"equal"
"730525-1528542",1,0,0,1,0,0,1,0,1,0,"equal"
"840507-3142788",1,1,1,0,0,0,1,1,1,0,"equal"
"830327-4473593",1,1,0,1,0,0,0,1,0,0,"equal"
"541220-1508556",0,0,1,0,1,1,1,0,1,0,"equal"
"590502-1572757",1,1,0,1,1,0,1,1,0,0,"equal"
"890901-2636574",1,0,1,1,1,1,0,0,0,0,"equal"
"950417-2799349",1,0,0,1,1,0,1,1,1,1,"equal"
"711214-4084674",0,1,1,0,0,0,0,0,0,0,"equal"
"690519-3174392",0,0,0,1,1,1,1,1,1,0,"equal"
"600703-1439761",1,1,1,0,0,1,0,1,1,0,"equal"
"761226-3529423",1,0,0,1,0,1,0,1,0,1,"equal"
"671103-1388915",0,0,0,0,0,1,0,1,1,0,"equal"
"930507-3689178",1,1,1,0,1,1,1,1,0,0,"equal"
"891126-3178596",1,0,1,0,1,1,1,0,1,1,"equal"
"550703-3347953",0,1,0,0,0,0,0,1,1,0,"equal"
"850606-4148113",0,0,1,1,0,0,0,1,1,0,"equal"
"630324-4243524",1,1,1,1,0,0,1,1,1,0,"equal"
"850328-3234651",1,1,1,0,1,1,0,0,1,0,"equal"
"790920-1521264",0,1,0,0,1,0,1,0,1,1,"equal"
"851113-2780000",1,1,1,0,0,0,1,1,0,0,"equal"
"760613-3112139",0,0,0,0,1,1,0,1,0,0,"equal"
"660424-1279110",0,0,1,0,0,1,1,1,1,0,"equal"
"920804-3464914",1,0,1,0,0,1,1,0,1,1,"equal"
"920327-1411486",0,0,1,1,1,0,1,0,1,1,"equal"
"701115-3082396",0,0,0,1,1,0,0,1,1,1,"equal"
"700303-1218683",1,0,0,1,0,0,1,1,0,1,"equal"
"680403-2527624",1,0,0,0,0,1,1,0,1,1,"equal"
"800120-1450884",1,0,1,0,0,0,1,1,1,0,"equal"
"790213-1855170",0,1,1,1,1,1,0,0,1,1,"equal"
"820423-4000378",1,1,0,1,0,1,1,1,0,0,"equal"
"970705-3197810",0,1,1,1,0,1,0,1,1,1,"equal"
"540519-4806768",0,1,0,1,0,1,0,1,1,1,"equal"
"960911-1846925",1,1,0,1,0,1,0,1,1,0,"equal"
"771222-2595517",1,1,0,1,1,1,0,1,0,0,"equal"
"561115-4719351",1,1,0,1,1,1,0,1,0,0,"equal"
"520110-2841360",1,1,0,0,1,0,0,1,1,0,"equal"
"900915-3004053",1,1,0,1,0,0,1,0,1,1,"equal"
"861016-1011123",1,1,1,1,0,1,0,1,0,1,"equal"
"880825-1513525",1,1,0,0,1,1,1,1,1,1,"equal"
"771001-3753588",0,0,0,0,1,1,0,0,1,0,"equal"
"730508-2943243",0,1,0,0,1,0,1,1,0,1,"equal"
"711117-3433209",1,1,1,0,1,1,1,1,1,0,"equal"
"500208-2137605",1,1,0,1,0,0,0,0,1,1,"equal"
"900922-3195390",0,0,1,0,0,1,1,0,0,1,"equal"
"511021-1002908",1,0,1,0,1,1,1,0,0,0,"equal"
"760527-1441331",1,1,0,1,0,1,0,1,0,1,"equal"
"920820-4219026",0,1,1,0,1,1,1,0,0,1,"equal"
"831225-3886691",1,0,0,1,0,0,0,1,0,0,"equal"
"511218-3140477",0,0,1,1,0,1,0,1,0,0,"equal"
"570520-2363755",1,1,1,1,1,0,1,0,1,0,"equal"
"850906-4346126",1,1,0,0,0,1,0,0,0,0,"equal"
"621228-3655755",0,1,1,0,1,0,1,0,0,0,"equal"
"571016-4905158",1,1,1,1,1,0,1,1,1,0,"equal"
"880605-3575164",1,1,0,0,1,1,1,1,0,0,"equal"
"980125-2094406",1,1,1,1,1,0,0,0,1,0,"equal"
"880223-2971707",1,1,0,1,0,1,1,1,0,1,"equal"
"861124-3906719",1,0,1,0,1,1,1,0,0,1,"equal"
"650315-1484550",0,1,0,0,0,1,0,0,1,1,"equal"
"670712-2261841",0,1,0,0,0,1,1,1,0,1,"equal"
"570620-1884766",1,0,1,1,1,1,0,0,0,1,"equal"
"690320-1745348",0,1,1,1,0,1,1,0,0,1,"equal"
"830128-4049875",0,0,1,0,1,0,0,1,0,1,"equal"
"960525-4790095",1,1,0,0,1,0,0,1,0,1,"equal"
"620823-2829544",0,0,0,0,0,1,1,1,0,0,"equal"
"741115-1862299",0,1,0,0,0,0,1,0,1,0,"equal"
"540618-3634812",0,0,0,0,1,0,0,1,1,1,"equal"
"570217-2834349",0,0,0,1,0,1,0,1,0,0,"equal"
"810419-1897703",1,0,1,0,1,1,0,1,0,0,"equal"
"510601-1619059",1,1,1,1,1,1,1,1,1,1,"equal"
"761107-1425182",1,1,1,1,1,1,0,1,1,1,"equal"
"970402-4283706",0,1,0,1,1,0,1,1,1,1,"equal"
"830226-4738868",1,1,0,0,0,0,1,0,1,0,"equal"
"680722-2837788",0,1,0,0,1,1,1,0,0,1,"equal"
"670317-1513900",1,0,1,0,1,0,1,0,1,0,"equal"
"930424-4790542",1,0,1,1,0,0,0,0,1,0,"equal"
"530510-3978704",1,1,0,0,1,0,1,0,0,0,"equal"
"530226-1548167",0,0,0,1,0,0,1,0,1,1,"equal"
"830727-4869229",1,0,0,1,1,1,1,1,1,0,"equal"
"890124-3957375",0,1,0,1,1,0,1,1,0,1,"equal"
"951112-4214259",1,1,0,1,0,0,1,0,0,0,"equal"
"880204-1378655",1,1,0,0,1,0,1,1,1,0,"equal"
"850323-4610470",1,1,0,1,1,0,1,1,1,0,"equal"
"760512-3014743",0,0,0,1,0,0,0,1,0,1,"equal"
"910527-4013877",1,1,0,0,0,1,1,0,0,1,"equal"
"521217-2224336",0,0,1,1,0,0,1,1,1,1,"equal"
"930716-4450251",1,1,1,1,0,0,1,1,1,0,"equal"
"640823-3001298",0,1,0,0,0,0,1,1,1,0,"equal"
"910406-1976742",0,1,1,1,0,1,1,0,0,0,"equal"
"810320-4544336",1,1,1,0,1,1,1,1,0,0,"equal"
"830307-4423337",0,1,0,0,0,0,0,1,1,0,"equal"
"530920-4636312",1,1,1,0,0,1,1,1,1,0,"equal"
"681226-4185826",0,0,0,1,0,1,0,0,1,0,"equal"
"510106-1188575",1,1,0,0,1,0,0,1,0,0,"equal"
"701015-4055053",1,1,0,1,1,1,0,1,1,0,"equal"
"540723-2060017",1,1,0,1,0,1,0,1,1,0,"equal"
"910315-1134312",0,0,1,0,1,0,1,0,1,1,"equal"
"981213-4069504",1,1,0,0,1,1,1,1,1,0,"equal"
"840505-1229439",0,1,0,1,0,0,0,1,1,0,"equal"
"951026-4240306",1,1,1,1,1,0,1,1,0,0,"equal"
"820109-1503313",1,1,1,1,1,1,0,1,0,1,"equal"
"621210-3612911",1,1,0,0,0,0,1,1,1,1,"equal"
"960221-4929076",1,0,0,1,1,1,0,0,1,1,"equal"
"710713-2096892",0,0,0,0,1,1,1,0,1,0,"equal"
"760616-4304123",0,1,1,0,1,1,1,0,0,0,"equal"
"600212-3766106",0,1,0,0,0,1,1,1,0,0,"equal"
"680626-1614295",1,0,0,1,0,0,0,0,1,1,"equal"
"591008-4324495",0,1,0,1,1,1,0,1,1,1,"equal"
"971123-4835683",0,0,0,0,1,1,0,1,1,1,"equal"
"541003-1271256",1,1,0,1,0,1,0,1,0,0,"equal"
"561228-1242856",1,0,1,1,1,0,0,1,0,0,"equal"
"610706-2070776",0,0,0,1,0,0,1,1,0,0,"equal"
"700106-4641537",0,1,0,0,0,0,0,1,1,0,"equal"
"800927-2215397",0,1,1,0,0,1,1,1,1,0,"equal"
"911203-4956855",0,1,0,0,0,0,1,0,0,0,"equal"
"790123-4485759",1,0,1,1,0,1,1,0,1,1,"equal"
"800908-4113788",0,1,1,1,1,0,0,0,1,0,"equal"
"890407-2565412",0,0,0,0,1,0,0,1,0,1,"equal"
"900407-2710261",1,0,0,1,0,1,0,1,0,0,"equal"
"640128-1892037",1,1,1,1,0,0,0,0,1,1,"equal"
"951228-3459247",0,0,1,1,0,1,1,0,1,1,"equal"
"951120-4950690",0,1,0,1,1,0,1,0,1,1,"equal"
"630718-3634235",1,1,0,0,1,0,0,0,0,1,"equal"
"731209-4848417",1,0,0,0,0,0,0,1,0,1,"equal"
"910125-2836883",1,1,0,0,0,0,0,0,1,1,"equal"
"570222-1229180",1,0,1,0,1,0,1,1,1,0,"equal"
"731214-4771310",1,1,1,1,1,1,0,0,1,1,"equal"
"651210-2158845",1,0,1,0,0,0,1,1,1,1,"equal"
"761209-1182010",1,0,1,0,0,0,1,0,0,1,"equal"
"930114-3930254",0,1,1,1,1,0,1,1,1,0,"equal"
"540226-3217843",0,0,0,0,0,0,0,0,1,1,"equal"
"960323-3174018",1,0,1,1,1,1,0,0,0,0,"equal"
"761018-3163674",0,0,1,0,0,1,0,1,1,0,"equal"
"990923-3556127",0,0,0,0,0,1,0,1,0,1,"equal"
"570811-1749262",0,0,0,1,0,0,0,1,1,1,"equal"
"780201-1917836",1,1,1,0,0,1,1,1,1,0,"equal"
"591005-4925190",0,0,1,0,0,1,1,1,0,1,"equal"
"801211-1748788",1,0,1,0,1,0,1,0,1,1,"equal"
"930510-4845423",1,0,1,0,1,0,1,0,0,1,"equal"
"900320-3673171",0,1,1,0,1,0,1,1,0,1,"equal"
"941222-1906786",0,1,1,0,1,1,0,1,1,1,"equal"
"800627-4872016",0,0,0,0,1,1,0,0,0,1,"equal"
"720111-2776793",1,0,1,0,0,1,1,1,0,0,"equal"
"790813-2512804",0,0,0,1,0,1,1,0,0,0,"equal"
"520327-1695355",0,0,0,0,0,0,1,0,0,1,"equal"
"540201-4711169",0,1,0,1,1,1,1,1,1,0,"equal"
"590819-4077576",0,0,0,0,1,1,0,0,1,0,"equal"
"640608-1298361",0,1,1,0,0,1,0,0,1,1,"equal"
"600903-2355791",0,0,0,0,0,0,0,1,0,1,"equal"
"631102-3472392",1,1,0,1,0,1,0,0,0,1,"equal"
"851222-1482205",1,0,1,1,0,0,0,1,0,1,"equal"
"651018-4892734",1,1,0,0,1,1,0,0,1,0,"equal"
"981005-4874146",1,0,0,1,1,0,1,0,0,0,"equal"
"581114-3421270",0,1,0,0,1,0,1,1,0,1,"equal"
"550218-4404788",0,0,1,0,1,0,0,0,0,1,"equal"
"960504-1345478",1,0,0,0,0,0,1,1,0,1,"equal"
"561012-4152015",0,0,0,1,1,1,1,1,0,1,"equal"
"740426-1275916",1,1,0,0,1,1,0,0,0,0,"equal"
"970203-3197547",0,1,0,0,0,0,1,0,0,0,"equal"
"520511-1556695",0,1,0,1,1,0,0,0,0,1,"equal"
"691107-3946115",1,1,1,1,0,1,1,0,0,1,"equal"
"561026-3754425",0,1,1,1,1,0,1,0,1,1,"equal"
"860303-4263941",0,0,1,1,1,0,1,1,1,0,"equal"
"791225-4850132",1,0,1,0,0,0,1,1,0,1,"equal"
"641013-4766359",1,1,0,0,1,0,1,1,0,1,"equal"
"580203-2465670",1,0,0,1,1,1,0,1,1,1,"equal"
"620410-2863617",1,1,1,1,0,0,1,0,1,0,"equal"
"621018-2600230",0,0,0,1,0,1,1,1,1,0,"equal"
"720717-1399732",1,1,1,1,0,0,1,0,1,1,"equal"
"940911-1429292",0,1,1,1,1,1,1,0,0,1,"equal"
"990727-2450792",0,0,0,0,1,1,0,1,1,0,"equal"
"880419-2539087",1,1,0,1,0,1,0,1,1,1,"equal"
"770601-1901425",1,1,1,0,1,0,0,0,0,1,"equal"
"500206-2720378",1,0,0,1,1,0,1,1,0,0,"equal"
"671201-4764946",1,1,0,1,1,0,1,1,1,0,"equal"
"790412-4286332",0,1,1,0,0,0,1,0,0,0,"equal"
"920413-1985867",1,0,0,1,1,1,1,0,0,0,"equal"
"730603-4341756",0,1,1,1,1,1,0,0,1,1,"equal"
"980828-1470894",0,0,0,0,1,1,1,0,1,1,"equal"
"550815-4323131",1,1,1,0,0,1,1,1,1,0,"equal"
"700223-4939893",1,1,0,0,1,1,1,0,1,0,"equal"
"731208-3946663",0,0,1,0,0,1,1,1,1,1,"equal"
"930305-2131835",1,0,0,0,1,1,0,1,1,0,"equal"
"791107-3706863",0,1,0,0,1,1,1,1,0,1,"equal"
"590520-3741375",0,0,0,1,1,0,1,1,0,0,"equal"
"890204-1336834",1,1,0,0,0,0,0,1,0,1,"equal"
"501007-1129333",0,0,0,1,1,1,0,1,0,0,"equal"
"891208-1457072",1,0,1,1,1,1,0,1,1,0,"equal"
"620120-4701367",0,1,1,0,0,0,1,1,1,1,"equal"
"951014-4310965",1,0,0,1,0,1,0,0,1,0,"equal"
"780123-1205031",0,1,1,1,0,0,0,1,1,1,"equal"
"861201-1889011",1,1,1,0,0,1,1,1,1,0,"equal"
"801220-1114172",1,1,0,1,0,1,1,0,1,0,"equal"
"740117-2186920",1,0,1,0,0,1,1,0,1,0,"equal"
"660118-3017424",1,1,1,1,0,1,1,1,1,0,"equal"
"871221-2784199",0,0,0,1,1,1,1,0,1,0,"equal"
"870620-4142852",1,1,0,1,0,0,1,1,0,0,"equal"
"851217-1032793",0,1,1,1,1,0,0,0,0,0,"equal"
"691215-2648328",0,1,0,1,0,1,0,0,0,1,"equal"
"750705-2925227",0,1,1,1,0,0,1,1,1,0,"equal"
"940112-3415675",0,0,0,1,1,0,1,0,0,0,"equal"
"560514-2334710",1,1,1,1,0,1,1,1,1,0,"equal"
"980517-1585691",0,0,1,1,1,1,0,0,1,1,"equal"
"900103-2382305",1,0,1,0,0,1,0,1,0,1,"equal"
"730409-4732843",1,0,1,1,1,1,0,1,1,0,"equal"
"520821-3479347",1,0,1,1,1,1,1,1,0,1,"equal"
"890814-1048019",1,1,1,0,1,1,1,0,1,1,"equal"
"930302-1679909",0,1,1,1,0,1,1,1,1,0,"equal"
"601021-3665224",0,1,1,1,1,1,0,0,1,0,"equal"
"760926-3959594",1,0,1,1,0,1,1,0,1,1,"equal"
"781023-1630059",1,0,1,1,0,1,1,0,1,1,"equal"
"520110-3818676",1,1,0,1,1,1,1,0,1,0,"equal"
"950226-2999207",0,0,0,0,1,1,1,0,0,0,"equal"
"800727-1519731",1,1,0,1,0,1,1,0,0,1,"equal"
"600318-2474115",0,1,0,1,0,0,0,1,0,0,"equal"
"830708-3009599",0,1,0,0,0,0,1,1,0,1,"equal"
"660917-4474858",1,1,1,0,1,0,1,1,0,0,"equal"
"920718-4977655",0,1,0,0,1,0,1,1,0,1,"equal"
"560725-4142715",0,0,0,1,1,0,1,0,1,1,"equal"
"580909-2003799",0,0,1,1,1,0,1,1,0,0,"equal"
"901005-1501161",1,1,0,1,0,1,0,1,1,0,"equal"
"640809-4455395",0,0,1,1,0,1,0,1,1,1,"equal"
"830301-1037789",1,1,0,1,1,0,0,1,0,1,"equal"
"920620-2881355",0,1,0,1,0,0,0,0,0,0,"equal"
"790304-2480719",1,1,0,0,1,0,1,1,1,0,"equal"
"551225-3689617",0,0,1,0,1,0,0,0,1,0,"equal"
"851103-2212169",1,1,0,0,1,1,0,0,0,0,"equal"
"700819-2172605",0,1,0,0,0,0,0,1,1,1,"equal"
"890509-4282438",1,0,1,1,1,0,1,1,0,0,"equal"
"530708-3559148",1,0,0,0,1,1,0,1,1,1,"equal"
"610503-1370302",1,1,1,0,0,0,0,0,0,1,"equal"
"890503-1225425",0,1,1,1,0,0,1,1,1,0,"equal"
"650803-1529748",0,0,1,0,0,1,1,0,1,0,"equal"
"910209-1083851",0,0,0,0,1,1,1,0,1,0,"equal"
"620518-1714887",1,1,0,0,1,0,0,1,1,0,"equal"
"720212-1646355",1,0,1,1,1,1,1,1,1,0,"equal"
"960211-2339786",1,1,1,1,1,0,0,1,1,0,"equal"
"700323-3320537",0,0,0,0,1,1,1,0,0,0,"equal"
"711122-2142605",1,1,0,0,1,0,0,1,1,0,"equal"
"611115-3124020",1,0,0,0,1,1,1,0,0,0,"equal"
"750612-3005066",1,1,1,1,0,1,1,1,0,0,"equal"
"840514-2727184",0,1,0,0,1,1,1,1,0,1,"equal"
"871004-2166243",1,1,1,1,0,0,0,0,0,0,"equal"
"741110-4683760",0,1,0,1,1,0,0,0,0,1,"equal"
"901022-2799072",1,0,1,0,1,0,0,1,0,1,"equal"
"660615-4429758",0,0,0,1,0,1,1,0,0,1,"equal"
"540816-2321923",0,0,1,1,1,1,1,1,0,0,"equal"
"970503-3350305",0,0,1,0,1,1,1,1,1,0,"equal"
"531219-4798456",0,0,1,0,1,1,1,1,0,0,"equal"
"801214-2777752",0,1,1,1,0,1,1,1,1,1,"equal"
"641124-4474863",1,1,0,1,0,1,1,1,1,0,"equal"
"640126-3099889",1,0,0,0,1,0,1,0,0,0,"equal"
"840126-2361482",0,0,1,0,1,0,0,0,1,0,"equal"
"840315-1530583",0,1,0,0,1,1,0,1,1,1,"equal"
"980121-3904645",1,1,1,0,1,1,1,1,0,1,"equal"
"860422-1451425",1,0,0,1,1,0,1,1,1,0,"equal"
"880526-1650789",1,1,0,0,1,1,1,1,0,1,"equal"
"750411-1340435",1,0,1,0,1,0,1,0,0,0,"equal"
"950311-2383916",0,1,1,1,0,1,1,0,1,1,"equal"
"750303-1292655",0,1,0,1,0,1,0,0,1,1,"equal"
"880313-3760498",0,0,0,1,0,0,0,0,1,0,"equal"
"600522-2168764",0,1,1,0,1,1,1,1,1,1,"equal"
"681103-1358294",1,0,1,1,1,1,0,1,0,1,"equal"
"560424-3399086",1,1,1,0,1,1,1,1,1,0,"equal"
"930226-3168162",1,0,1,0,0,0,1,0,1,0,"equal"
"891222-3227804",1,0,0,1,1,0,1,1,0,1,"equal"
"710527-2400248",0,0,1,1,0,1,0,0,0,0,"equal"
"570115-3944522",0,1,0,1,1,0,1,1,0,1,"equal"
"521206-4728497",1,0,0,0,1,1,1,1,1,0,"equal"
"730711-2503891",1,1,0,0,0,1,1,0,1,1,"equal"
"890107-2830756",1,1,1,0,0,0,1,1,1,0,"equal"
"690115-2739915",1,1,1,1,1,0,0,0,0,1,"equal"
"881104-3125051",1,1,1,1,1,0,0,1,1,1,"equal"
"750128-1046801",1,1,0,0,1,1,0,1,0,0,"equal"
"771105-3786197",1,0,1,1,0,1,1,0,0,1,"equal"
"510217-3600002",0,0,1,0,1,1,1,0,0,0,"equal"
"981201-2621332",1,0,0,0,1,0,0,0,1,0,"equal"
"701123-2246566",1,1,0,0,1,1,0,1,0,1,"equal"
"751204-4074196",1,1,0,0,1,1,0,0,0,1,"equal"
"500913-2008053",0,1,1,0,0,1,1,1,0,0,"equal"
"680206-2459209",0,0,0,0,0,1,1,1,0,1,"equal"
"951107-3239779",0,1,1,0,1,0,0,1,1,0,"equal"
"640523-1834449",1,0,1,1,1,0,1,1,0,0,"equal"
"581024-1106874",0,0,1,0,1,0,0,1,0,1,"equal"
"810804-2679142",1,1,0,0,0,1,1,1,1,1,"equal"
"921006-2951107",0,1,1,1,0,1,1,1,0,0,"equal"
"960926-3668487",1,1,1,0,1,1,0,1,0,1,"equal"
"521011-3500684",1,0,0,0,1,0,1,0,1,1,"equal"
"550224-3359608",0,0,0,1,1,1,0,0,0,0,"equal"
"701125-4810601",0,1,1,0,0,0,1,1,1,1,"equal"
"910816-2957289",0,0,1,0,0,1,1,1,0,1,"equal"
"780620-1883978",0,0,0,1,1,0,1,0,1,1,"equal"
"780213-1134239",0,0,1,0,0,1,1,0,0,1,"equal"
"900702-2913332",1,0,0,1,1,0,1,1,1,1,"equal"
"700812-1949257",1,1,0,0,1,0,0,0,1,0,"equal"
"780710-1384315",0,1,0,0,0,1,1,1,1,1,"equal"
"860201-3986443",0,1,1,0,1,0,0,0,1,1,"equal"
"720122-4102370",0,0,0,1,0,1,0,1,1,0,"equal"
"720901-2710280",1,1,1,1,0,0,1,0,0,0,"equal"
"961201-4318951",0,0,0,1,1,1,1,0,1,0,"equal"
"691026-2760306",0,0,1,0,1,1,0,1,1,1,"equal"
"810405-2068360",0,0,0,1,0,1,1,0,0,1,"equal"
"761118-4471450",0,1,0,0,0,1,0,1,1,1,"equal"
"671119-2936672",1,1,1,0,0,1,0,1,0,1,"equal"
"570706-4015121",1,1,0,0,1,1,0,1,0,1,"equal"
"940315-4168698",1,0,0,0,0,0,1,1,0,1,"equal"
"950403-4774865",1,0,1,1,0,1,0,1,0,0,"equal"
"880825-4640034",0,0,0,1,1,1,0,0,0,1,"equal"
"740128-3423681",0,1,0,1,1,0,1,0,0,0,"equal"
"960316-3937657",1,0,0,1,0,1,1,0,0,1,"equal"
"580213-4345116",0,0,0,1,1,0,1,0,0,0,"equal"
"740806-1951903",0,0,1,0,1,0,0,0,1,1,"equal"
"510514-2158354",0,0,0,1,1,1,0,0,0,1,"equal"
"730627-4703334",0,0,0,1,0,0,1,0,1,1,"equal"
"500125-1029520",1,1,0,1,0,1,0,1,0,1,"equal"
"630325-1228825",1,0,1,1,0,1,0,0,0,0,"equal"
"560122-3839792",1,1,1,0,1,0,1,1,1,1,"equal"
"871023-2208716",1,1,1,1,1,0,1,1,1,1,"equal"
"530911-4000329",0,1,1,1,1,0,0,1,1,0,"equal"
"800414-4390905",0,0,1,1,1,0,1,1,1,0,"equal"
"560524-2272351",0,1,1,0,1,0,0,1,1,0,"equal"
"821110-2926545",1,1,0,0,1,0,1,1,1,0,"equal"
"840501-1450882",0,0,0,0,1,1,1,0,0,1,"equal"
"661213-2190965",0,1,1,0,0,0,0,1,1,1,"equal"
"700311-2848839",1,0,1,1,1,1,1,1,0,0,"equal"
"680314-4222149",0,0,1,0,0,0,1,1,1,1,"equal"
"960921-1166391",1,0,0,0,0,1,0,1,1,1,"equal"
"720208-3935985",1,0,0,1,0,1,0,0,0,1,"equal"
"840109-3937898",1,0,0,0,0,0,0,0,0,0,"equal"
"620506-2255641",0,1,1,1,1,0,1,1,0,1,"equal"
"870110-4912847",0,0,0,1,0,0,0,1,0,1,"equal"
"710725-2396887",0,0,0,0,1,0,0,0,0,0,"equal"
"940823-4596275",1,1,0,0,1,1,0,0,0,0,"equal"
"730728-2245628",1,1,1,0,1,0,0,0,1,1,"equal"
"951128-1738378",1,1,1,0,1,0,0,0,1,0,"equal"
"630924-2601052",1,0,0,1,0,1,1,0,1,0,"equal"
"600620-2390043",1,0,0,0,0,0,1,0,0,0,"equal"
"571006-2420544",0,0,0,1,0,0,1,1,0,1,"equal"
"771220-2048935",0,1,0,0,0,0,1,1,1,0,"equal"
"540324-4640505",1,0,0,1,0,0,0,1,1,0,"equal"
"600504-3775507",0,1,0,0,0,0,1,0,1,0,"equal"
"500714-4396287",0,1,0,0,1,0,1,0,0,1,"equal"
"630105-3893457",1,1,0,0,0,1,0,1,1,1,"equal"
"740106-4178004",0,0,0,1,0,0,1,0,1,1,"equal"
"710102-2090438",0,1,0,1,1,0,1,1,0,1,"equal"
"790309-2657487",1,1,1,1,1,0,1,1,0,0,"equal"
"541025-1599593",1,0,0,0,1,0,0,0,0,1,"equal"
"840218-2165414",1,1,0,1,1,0,1,0,1,1,"equal"
"530111-2625129",0,0,0,1,1,0,0,1,1,1,"equal"
"751025-1199256",0,0,1,1,1,0,0,1,0,1,"equal"
"561204-1440716",0,1,1,1,0,1,1,1,0,0,"equal"
"950624-1542291",0,0,0,1,0,0,0,1,0,1,"equal"
"980707-1709459",0,1,0,1,1,0,1,1,0,0,"equal"
"871107-3437518",1,1,1,1,0,0,1,1,1,1,"equal"
"960327-2621019",0,1,1,0,0,0,1,0,0,1,"equal"
"910717-3834715",1,0,0,1,0,0,1,0,1,0,"equal"
"980705-3648493",0,0,1,0,0,0,0,0,1,0,"equal"
"921009-1994248",1,0,0,1,1,1,1,0,0,0,"equal"
"630412-4627371",0,1,1,0,0,0,1,1,1,0,"equal"
"721122-4870625",0,0,1,1,0,0,0,0,1,0,"equal"
"861022-2115763",1,1,0,1,0,1,0,0,0,0,"equal"
"920504-3313557",1,1,0,1,0,1,1,1,1,1,"equal"
"650203-3716021",1,0,0,0,0,0,0,1,0,1,"equal"
"670227-2823829",0,1,1,1,1,0,1,0,0,0,"equal"
"551122-3336517",0,1,0,0,0,1,0,1,0,0,"equal"
"710604-1008427",1,0,1,0,1,0,0,1,0,0,"equal"
"820113-4373465",0,1,1,0,0,1,0,1,0,1,"equal"
"581123-1200096",0,1,0,1,0,0,1,1,1,0,"equal"
"800627-3481984",1,0,1,1,0,0,0,0,1,1,"equal"
"640223-2181004",0,0,0,1,0,1,0,1,0,1,"equal"
"910320-3561562",0,0,0,0,1,0,0,0,1,1,"equal"
"900228-3649708",1,1,1,0,0,1,0,0,1,1,"equal"
"590711-1529168",0,1,1,0,1,0,0,0,0,0,"equal"
"830223-1856546",0,0,1,1,0,0,0,1,0,0,"equal"
"890601-4535717",0,1,0,0,1,0,1,1,0,0,"equal"
"790406-4145665",1,1,0,0,0,0,0,1,1,1,"equal"
"530820-3630880",1,1,0,0,0,1,0,0,1,0,"equal"
"901107-2616608",0,1,0,0,1,1,1,0,0,0,"equal"
"571026-4874780",1,0,0,1,0,0,0,0,1,1,"equal"
"670518-1194961",0,1,1,0,0,0,0,1,1,1,"equal"
"890726-4018949",1,1,0,0,1,0,1,1,1,1,"equal"
"760310-1620179",0,0,1,1,1,0,1,0,0,1,"equal"
"910403-4577967",0,1,1,1,1,1,0,0,0,1,"equal"
"861210-3101339",1,1,1,1,0,0,1,1,1,1,"equal"
"650702-4340066",1,1,0,1,0,1,0,1,1,1,"equal"
"950725-3654672",1,0,0,1,0,0,1,1,0,1,"equal"
"910113-2478705",1,0,0,0,1,0,0,0,1,1,"equal"
"680206-2947928",0,0,1,1,1,1,1,0,1,1,"equal"
"830406-1046016",0,1,1,1,1,1,1,0,0,0,"equal"
"900608-4421134",0,1,1,0,0,0,0,0,0,0,"equal"
"660106-2186398",0,0,0,1,1,1,0,1,0,1,"equal"
"730220-3535564",0,1,0,0,0,0,0,1,0,0,"equal"
"860119-3353449",0,1,1,0,0,0,0,1,1,0,"equal"
"651222-2053435",0,0,1,0,1,1,1,1,0,0,"equal"
"800124-1110950",1,0,1,0,0,0,1,1,1,0,"equal"
"740422-4038384",1,1,1,0,1,1,1,0,1,0,"equal"
"980520-2678582",0,0,0,1,0,1,1,1,0,0,"equal"
"611115-2538597",1,1,0,0,0,0,1,1,1,0,"equal"
"930115-2587618",1,0,1,1,0,1,1,0,0,0,"equal"
"530117-2083972",1,0,0,0,1,0,0,0,1,0,"equal"
"740521-1973496",1,0,0,1,0,1,0,1,0,1,"equal"
"590627-3882693",1,0,0,0,1,0,1,0,1,1,"equal"
"820408-3543551",1,1,0,1,0,0,1,0,0,0,"equal"
"930328-1407049",0,1,1,0,1,1,1,0,1,1,"equal"
"580928-4244876",1,1,1,1,1,1,1,1,0,0,"equal"
"710507-1836858",0,0,0,1,1,1,0,0,0,1,"equal"
"941025-4118684",0,0,0,1,1,0,0,0,1,1,"equal"
"910423-1747779",1,0,0,0,1,0,1,1,0,1,"equal"
"960405-1658331",1,1,1,0,0,0,0,1,0,1,"equal"
"791118-4982531",1,0,0,1,1,0,0,0,1,0,"equal"
"730517-4842970",1,1,1,0,1,0,0,0,1,1,"equal"
"551021-1467795",1,0,0,1,1,0,1,1,0,1,"equal"
"860416-1010946",0,0,1,1,1,0,1,0,1,1,"equal"
"710520-2802579",0,0,1,1,0,0,0,1,0,1,"equal"
"780422-2723112",0,1,1,0,1,1,1,0,0,1,"equal"
"890308-3912097",0,1,1,1,0,0,0,1,0,0,"equal"
"760207-1919957",0,0,0,0,1,1,0,1,0,0,"equal"
"951105-3209378",0,0,0,0,0,1,1,0,0,0,"equal"
"801204-2782393",0,0,0,0,0,0,0,1,0,0,"equal"
"690407-3751934",0,1,1,0,1,1,1,0,1,1,"equal"
"641014-3443508",0,0,0,1,1,0,0,1,0,0,"equal"
"860307-2661189",1,1,1,0,1,0,1,1,0,0,"equal"
"670508-4579479",1,0,0,1,1,1,0,0,0,1,"equal"
"790405-4644505",0,1,1,1,0,1,1,1,1,0,"equal"
"671001-2641750",1,0,1,0,1,1,1,0,0,0,"equal"
"781119-1450718",1,1,1,1,0,1,1,1,0,0,"equal"
"850705-2501359",1,1,1,1,1,1,1,1,1,0,"equal"
"811218-3864712",0,0,0,1,1,0,1,0,0,0,"equal"
"900221-4461782",1,0,1,0,0,1,0,0,1,0,"equal"
"651210-1783891",1,0,0,1,0,1,0,1,1,0,"equal"
"710802-4449323",0,1,0,1,0,0,1,0,0,1,"equal"
"900714-3743297",1,1,1,0,0,1,0,0,1,1,"equal"
"761203-2520247",1,1,0,1,0,1,1,0,0,0,"equal"
"670701-3159791",1,0,1,1,0,0,0,1,0,1,"equal"
"900628-3340021",0,1,1,0,0,0,0,0,1,1,"equal"
"750222-2120588",1,0,0,0,0,1,1,0,1,1,"equal"
"851111-1814252",1,0,0,1,1,0,0,0,0,0,"equal"
"861204-2446650",0,0,1,1,1,0,0,1,1,1,"equal"
"580325-4369671",1,1,0,0,1,0,1,1,0,0,"equal"
"930527-4297947",0,1,0,0,1,0,0,0,1,1,"equal"
"940620-3751959",0,1,1,0,1,1,1,0,1,1,"equal"
"930820-3668633",1,0,1,0,0,1,0,1,1,1,"equal"
"851108-4362101",0,1,1,1,1,0,1,0,1,1,"equal"
"600517-3677830",1,0,1,0,1,0,1,0,0,1,"equal"
"770226-1083072",0,0,1,1,1,1,1,0,1,1,"equal"
"720908-1582028",1,1,0,0,1,0,1,1,1,0,"equal"
"650301-1339674",1,0,0,0,1,1,1,0,0,0,"equal"
"760528-1843088",0,0,0,1,0,0,0,1,1,0,"equal"
"740724-2301580",1,0,1,1,1,1,1,0,0,0,"equal"
"970112-3910834",1,1,0,1,0,1,0,0,0,1,"equal"
"750127-4113545",0,1,1,1,0,1,0,0,1,0,"equal"
"570902-3405757",1,1,1,1,0,1,0,1,0,0,"equal"
"530518-3930926",1,1,0,0,0,0,0,1,0,1,"equal"
"751111-1475493",0,1,0,0,1,1,0,0,1,1,"equal"
"550821-4140365",1,1,0,0,0,0,1,1,1,1,"equal"
"941218-2894814",1,0,0,0,1,0,0,0,1,1,"equal"
"960903-4366112",0,1,1,1,1,1,1,1,0,1,"equal"
"530927-4789783",1,0,1,1,1,0,1,1,1,0,"equal"
"770411-1358203",0,1,0,0,0,0,0,0,1,1,"equal"
"640104-1760150",1,0,1,1,1,0,0,1,0,0,"equal"
"520425-2217438",1,0,0,1,1,0,1,0,1,1,"equal"
"850301-1083940",1,0,0,1,0,1,1,0,1,0,"equal"
"981004-4557095",1,0,0,1,1,0,0,1,0,1,"equal"
"791120-3538531",1,1,1,0,0,0,1,0,0,1,"equal"
"780212-2694342",1,0,0,0,0,0,1,1,0,0,"equal"
"500219-3298413",0,1,0,1,0,1,0,0,1,0,"equal"
"710119-1544704",0,0,1,1,1,1,0,1,0,1,"equal"
"500223-2118156",1,1,1,1,1,0,0,1,0,0,"equal"
"930616-4383814",0,0,1,1,0,0,0,1,0,1,"equal"
"810714-2945478",1,0,1,1,1,1,1,0,1,1,"equal"
"500323-2980440",0,1,1,1,1,1,1,0,0,1,"equal"
"781114-1519373",0,1,0,1,1,0,0,0,1,0,"equal"
"641220-1595089",1,1,0,0,0,0,1,0,0,1,"equal"
"850913-1500519",0,0,1,0,1,0,1,1,1,1,"equal"
"820307-3887486",0,1,1,1,0,0,1,1,0,1,"equal"
"941115-2531302",0,1,0,1,0,1,1,1,1,0,"equal"
"751001-4011542",0,1,1,1,1,0,1,0,1,1,"equal"
"900420-3792907",0,0,0,1,1,0,0,0,0,0,"equal"
"591012-1474030",1,1,1,1,0,1,1,0,1,1,"equal"
"530308-1469342",1,0,0,1,0,0,0,0,0,1,"equal"
"740911-3817091",1,1,1,0,0,1,1,1,0,0,"equal"
"841218-4358849",0,1,1,1,0,0,0,0,1,0,"equal"
"780523-3213597",1,0,0,1,1,0,0,1,1,1,"equal"
"691225-2124943",1,1,0,1,1,1,0,1,1,0,"equal"
"680405-4410186",0,1,0,1,0,1,1,0,0,1,"equal"
"560326-1849182",0,1,0,1,0,1,0,0,1,1,"equal"
"971213-3770795",0,1,1,0,1,0,0,1,0,0,"equal"
"961221-3969738",1,1,0,0,0,1,0,0,0,1,"equal"
"990606-1447846",1,0,0,1,1,1,0,0,1,1,"equal"
"660307-2680082",0,0,0,0,1,1,1,1,0,0,"equal"
"611209-3889483",0,0,0,0,1,1,1,1,1,1,"equal"
"720317-4112118",1,0,0,0,0,0,1,1,0,0,"equal"
"640322-4088167",1,0,1,0,0,1,0,1,1,0,"equal"
"830621-1056240",1,1,0,1,1,0,1,0,1,0,"equal"
"770828-3525994",1,1,1,1,0,1,1,0,0,0,"equal"
"790612-3420673",1,0,0,0,1,1,1,1,0,1,"equal"
"520605-3880241",0,0,1,0,1,1,0,1,0,0,"equal"
"640126-2935359",1,0,1,1,0,1,0,0,1,0,"equal"
"790413-1824246",0,0,1,1,1,0,0,0,0,1,"equal"
"991026-1840712",0,1,0,1,0,1,0,1,0,1,"equal"
"521021-3921140",1,1,0,1,0,1,0,0,0,1,"equal"
"511023-3194234",0,1,0,0,0,1,1,1,0,1,"equal"
"641123-4451692",0,1,1,1,1,1,1,1,0,0,"equal"
"720906-2648953",0,0,1,1,0,1,1,1,1,0,"equal"
"790810-2122484",1,0,0,0,1,0,0,1,1,1,"equal"
"750720-1277023",1,0,1,0,1,1,1,1,1,0,"equal"
"590325-1850646",0,0,0,0,0,0,0,1,0,0,"equal"
"730327-1068910",0,0,1,0,0,1,0,0,1,0,"equal"
"540925-4483774",0,1,0,0,1,0,1,0,1,0,"equal"
"650624-1907766",0,0,0,0,1,0,0,0,0,0,"equal"
"661115-4125919",0,0,1,1,0,1,1,1,1,0,"equal"
"960825-1278820",0,1,1,0,1,0,0,1,0,0,"equal"
"871014-4433152",0,0,1,1,0,1,1,1,1,0,"equal"
"780916-1513375",0,0,0,0,0,0,0,1,0,0,"equal"
"540304-3651050",0,0,1,0,0,0,0,0,1,1,"equal"
"680522-4605013",1,0,0,0,0,1,0,1,0,1,"equal"
"770728-4231744",1,0,0,0,1,1,1,0,1,1,"equal"
"960607-3170972",1,0,0,0,1,1,0,1,0,0,"equal"
"620410-1220875",0,0,0,1,1,0,0,0,1,1,"equal"
"851225-3757967",0,1,1,1,1,0,0,0,0,1,"equal"
"550619-2401167",1,0,1,1,0,0,1,1,0,1,"equal"
"580326-3015949",1,1,1,1,0,0,1,0,0,0,"equal"
"950923-4525172",1,1,0,1,0,1,0,1,0,1,"equal"
"841202-1422928",0,1,1,1,0,1,1,1,0,0,"equal"
"700320-3652233",0,0,0,0,1,0,1,0,1,1,"equal"
"890902-4209282",0,1,0,0,1,0,1,0,0,1,"equal"
"650326-4561337",1,1,0,1,0,1,1,0,1,0,"equal"
"900105-4507544",0,1,1,0,1,1,0,1,1,0,"equal"
"900218-3285450",0,1,0,1,1,1,1,0,0,1,"equal"
"960721-1980974",1,0,0,1,0,1,1,1,0,0,"equal"
"891213-4794452",1,0,0,0,1,1,1,1,0,0,"equal"
"510109-4368760",0,0,0,0,1,1,0,0,0,1,"equal"
"790524-2100884",1,0,0,1,0,0,0,0,0,0,"equal"
"640817-3520601",1,0,0,0,0,0,1,0,1,0,"equal"
"661101-1851853",1,0,1,0,1,1,1,0,1,1,"equal"
"820203-4539655",0,0,0,0,1,1,0,1,0,0,"equal"
"511120-3068188",0,1,0,1,1,0,0,1,0,1,"equal"
"670206-4622931",1,0,0,1,0,1,0,1,1,0,"equal"
"780215-2837010",0,1,0,0,1,0,1,1,1,1,"equal"
"890501-4944116",0,0,1,1,0,0,1,0,0,0,"equal"
"680505-4117663",1,1,0,0,0,1,0,1,1,0,"equal"
"731101-1831612",0,1,1,1,1,0,0,1,0,0,"equal"
"550211-2895846",1,1,0,0,1,0,0,0,1,1,"equal"
"640121-1494126",0,1,1,0,0,0,1,1,0,0,"equal"
"990202-3754032",0,1,1,1,0,1,0,0,1,1,"equal"
"820519-1129039",0,0,0,1,0,1,1,1,1,0,"equal"
"760715-3412522",0,1,0,0,1,1,1,0,0,0,"equal"
"761006-4449235",1,1,1,1,1,1,0,1,0,0,"equal"
"740521-2589333",1,0,1,1,1,0,1,1,0,1,"equal"
"840924-4335673",0,0,0,1,0,0,0,1,1,0,"equal"
"741107-2796961",0,0,1,1,1,0,1,1,1,1,"equal"
"650726-1110185",0,1,1,1,1,1,0,1,0,1,"equal"
"790227-2219670",1,1,0,1,0,0,0,0,1,1,"equal"
"800701-3918324",0,1,0,0,1,1,1,1,1,0,"equal"
"910907-3408363",0,1,1,0,1,0,0,0,1,1,"equal"
"631101-3135010",0,0,1,1,1,0,0,1,1,1,"equal"
"790513-1025386",0,1,1,1,1,0,0,0,1,0,"equal"
"780409-2601772",1,1,1,0,0,0,1,0,0,1,"equal"
"521128-1037592",1,1,1,1,1,1,1,1,1,0,"equal"
"840301-3606874",1,0,1,1,1,1,1,1,0,0,"equal"
"970321-1102072",1,0,0,0,1,1,1,0,0,0,"equal"
"580710-1766421",1,1,1,0,0,0,1,0,0,1,"equal"
"690308-4853090",0,1,0,0,1,0,0,1,0,1,"equal"
"520114-3808469",1,1,1,1,0,1,0,0,1,1,"equal"
"550108-3744911",1,1,1,0,1,1,0,1,0,0,"equal"
"660907-3180310",1,0,0,1,1,0,0,0,0,1,"equal"
"971226-4774945",1,1,0,1,1,1,0,1,1,1,"equal"
"821126-3866284",1,1,1,0,1,0,0,1,0,0,"equal"
"960707-1833600",0,1,0,0,0,1,0,0,1,0,"equal"
"521028-2661198",0,0,0,0,1,0,0,0,1,1,"equal"
"941209-3360337",1,1,1,0,1,1,0,0,1,1,"equal"
"850910-2292965",1,0,1,1,0,0,0,1,0,1,"equal"
"880327-2937108",0,0,0,1,0,1,1,1,0,1,"equal"
"930912-4518572",0,1,1,1,0,0,1,1,0,0,"equal"
"591005-2403205",1,1,1,1,1,1,1,1,0,1,"equal"
"830617-4374244",1,1,1,0,0,1,1,0,1,1,"equal"
"800923-3897146",1,1,0,0,0,0,1,1,0,1,"equal"
"840124-1915554",1,0,0,1,1,1,1,0,1,0,"equal"
"520416-4005642",0,1,1,1,0,0,1,0,0,1,"equal"
"520428-4310040",0,1,1,0,0,1,0,0,0,0,"equal"
"930421-4566253",0,0,1,1,1,0,1,0,0,1,"equal"
"530911-2246465",0,1,0,0,1,0,1,1,0,0,"equal"
"700214-2300490",0,1,0,1,0,0,0,0,0,1,"equal"
"800814-3416103",1,1,1,1,0,0,1,0,1,1,"equal"
"921023-1193203",0,1,1,0,0,0,1,0,1,1,"equal"
"790205-1564482",0,1,0,0,0,0,1,0,0,0,"equal"
"690517-1841646",0,1,1,1,0,0,0,1,1,0,"equal"
"780918-2131570",1,1,1,1,0,1,1,1,1,0,"equal"
"710621-4576656",0,1,0,1,0,1,1,0,0,1,"equal"
"780508-4292804",0,0,1,1,0,0,1,1,1,1,"equal"
"550823-4579214",0,0,0,1,1,0,1,0,0,0,"equal"
"510913-4988893",1,1,0,0,1,0,0,1,0,0,"equal"
"810522-1926642",1,1,0,0,1,1,1,0,1,0,"equal"
"790714-4798094",1,0,1,0,0,0,0,0,0,1,"equal"
"860214-4002327",1,0,1,0,0,1,1,1,0,1,"equal"
"980411-3775310",1,0,1,0,0,0,1,0,1,1,"equal"
"830211-3271023",1,1,0,1,0,1,0,0,1,1,"equal"
"920804-1947779",0,1,1,0,0,1,1,0,1,0,"equal"
"540328-3289388",0,0,0,1,1,0,1,0,0,1,"equal"
"690713-3160330",1,0,1,1,1,1,0,1,1,1,"equal"
"870308-1195581",0,1,0,0,0,1,1,0,1,1,"equal"
"930207-3921754",0,0,1,0,0,1,1,1,0,0,"equal"
"560413-1173878",1,0,0,1,0,0,1,1,0,0,"equal"
"931228-3808518",1,1,1,1,1,0,0,0,0,1,"equal"
"630509-1153113",1,0,0,1,0,0,1,0,1,1,"equal"
"640117-3890460",0,0,1,0,1,0,0,0,1,0,"equal"
"560218-2131362",0,0,1,0,0,0,1,1,1,0,"equal"
"820324-4136893",0,0,0,1,1,1,1,1,0,1,"equal"
"801124-2483983",0,1,1,1,0,1,0,0,1,0,"equal"
"700122-2555137",1,0,0,1,1,1,1,0,0,0,"equal"
"750209-4545485",0,1,1,0,1,0,1,1,0,1,"equal"
"530910-2834726",0,0,1,0,1,1,1,1,1,1,"equal"
"670919-3184857",1,1,0,0,0,1,0,1,0,1,"equal"
"771105-4478664",1,0,0,0,0,0,0,0,0,1,"equal"
"570803-1611008",0,0,0,1,0,0,0,1,1,1,"equal"
"830922-2261659",1,0,0,0,1,1,1,0,1,0,"equal"
"581104-1932938",0,1,0,0,0,1,0,0,1,0,"equal"
"761018-1870556",0,1,0,0,1,1,0,1,1,1,"equal"
"540409-3627957",1,1,1,0,1,1,0,0,1,0,"equal"
"590407-2702010",1,0,0,1,0,1,1,1,1,1,"equal"
"930416-2005973",0,0,1,0,0,1,1,1,0,1,"equal"
"790302-4581963",1,0,1,1,1,1,0,1,1,0,"equal"
"780825-4166229",1,0,0,0,0,0,1,1,1,1,"equal"
"990813-4981950",0,0,0,1,0,1,0,0,1,0,"equal"
"850411-4549820",1,1,1,0,0,0,0,0,0,0,"equal"
"961024-2167548",1,0,1,0,1,1,0,0,1,1,"equal"
"790705-1207877",1,1,0,0,0,0,1,1,0,1,"equal"
"620104-4874260",0,1,1,0,0,0,1,0,0,1,"equal"
"791127-1080999",0,1,1,1,1,0,0,1,0,1,"equal"
"870615-2225467",1,1,1,0,1,1,1,1,1,1,"equal"
"580206-3996418",1,0,1,0,1,1,0,0,0,0,"equal"
"501208-4427703",1,0,1,0,1,1,0,0,1,0,"equal"
"771018-1331995",0,0,0,1,0,0,1,1,1,0,"equal"
"500521-3711605",0,1,0,0,1,0,0,0,0,0,"equal"
"550811-2799884",0,1,1,0,0,1,1,1,0,0,"equal"
"580925-2809999",0,0,0,0,0,1,0,0,0,0,"equal"
"510222-4342987",1,1,0,0,0,0,1,1,0,0,"equal"
"901126-3955372",1,0,0,0,0,0,1,0,0,1,"equal"
"960523-3045485",1,1,1,1,1,1,1,0,1,1,"equal"
"620203-2136913",0,1,1,0,0,1,0,1,0,1,"equal"
"900718-4750638",0,1,0,0,1,0,1,1,0,1,"equal"
"540625-3158799",1,1,1,0,1,1,0,1,1,0,"equal"
"960920-4610417",0,0,1,0,0,0,0,1,0,0,"equal"
"900801-4619188",0,1,1,0,1,1,0,0,0,0,"equal"
"890617-2906351",1,1,1,0,1,1,1,1,1,1,"equal"
"630124-4013240",0,0,1,0,1,0,0,1,0,0,"equal"
"690925-4309611",1,1,0,0,1,0,1,1,0,0,"equal"
"610111-2687894",1,0,0,1,0,1,0,0,0,0,"equal"
"580505-1533517",0,1,0,0,0,0,1,0,0,0,"equal"
"930728-3761014",0,0,0,1,1,1,0,0,0,0,"equal"
"711027-3142381",1,0,1,1,0,1,1,1,0,0,"equal"
"850921-4084327",0,1,0,1,1,0,1,0,0,1,"equal"
"990119-3400860",1,0,1,0,1,1,0,0,1,0,"equal"
"790214-3357127",1,1,0,1,1,1,0,1,1,1,"equal"
"840311-4529696",1,0,1,1,0,0,0,0,0,0,"equal"
"550524-2204082",0,0,0,1,0,0,0,1,0,1,"equal"
"670113-3456885",0,1,0,0,0,1,0,1,0,1,"equal"
"960904-3861640",1,1,1,1,1,1,0,1,1,1,"equal"
"661011-3058400",0,1,0,0,1,1,0,0,1,0,"equal"
"640822-1293113",0,0,0,0,1,1,0,1,1,0,"equal"
"580204-1401238",1,0,0,1,1,1,0,0,0,0,"equal"
"670220-4811823",0,0,1,0,0,0,1,1,0,0,"equal"
"800404-2877110",0,1,0,0,1,1,1,0,1,0,"equal"
"560810-1103061",1,0,1,0,0,1,1,1,0,0,"equal"
"660625-1571283",1,1,1,1,0,1,0,0,1,1,"equal"
"950420-2267521",1,0,0,1,1,0,0,1,1,1,"equal"
"700119-3577996",0,1,1,0,1,0,0,1,1,0,"equal"
"841224-2518801",1,1,0,0,0,0,0,0,1,0,"equal"
"760503-1845181",0,0,1,1,0,0,0,0,0,1,"equal"
"950521-4312944",1,0,0,1,0,0,1,1,0,1,"equal"
"660303-4763208",0,1,1,0,1,0,0,0,1,1,"equal"
"720814-2182054",1,1,1,0,1,0,1,1,0,1,"equal"
"631225-3596788",0,1,1,1,0,1,1,0,0,1,"equal"
"750909-3090214",0,1,0,0,1,1,0,1,0,1,"equal"
"710314-1986056",1,1,0,1,1,0,1,0,0,1,"equal"
"990901-2299455",0,0,1,1,1,1,0,1,0,0,"equal"
"710412-2097151",0,0,1,0,0,1,0,0,0,0,"equal"
"620415-3072808",1,0,1,1,1,1,1,1,0,0,"equal"
"660803-4453556",0,0,1,0,1,1,0,0,1,0,"equal"
"850120-1680357",1,0,0,1,0,1,1,1,1,0,"equal"
"990528-2825298",0,1,1,1,1,0,1,1,1,0,"equal"
"600522-1091499",0,0,0,1,1,0,0,0,1,0,"equal"
"890119-4395454",0,1,0,1,0,1,1,0,0,1,"equal"
"541207-1238222",1,0,1,0,0,1,1,0,0,0,"equal"
"580605-3504087",1,1,1,0,1,0,1,1,1,1,"equal"
"920220-2819333",0,0,0,0,0,1,1,1,0,0,"equal"
"680618-4860415",0,0,0,0,0,1,0,0,1,0,"equal"
"580308-2101862",0,1,0,1,0,0,1,1,0,0,"equal"
"970624-2951481",0,1,0,1,0,0,0,1,1,1,"equal"
"780424-2479842",0,1,1,0,1,0,0,1,0,0,"equal"
"580721-3577383",1,1,0,1,0,1,1,0,1,1,"equal"
"880617-2869461",0,1,0,0,0,1,1,0,1,0,"equal"
"980206-3283168",1,1,0,1,0,0,1,0,0,1,"equal"
"990305-4783528",1,1,1,1,0,1,1,1,0,0,"equal"
"840307-3947075",1,1,0,1,0,1,1,0,1,1,"equal"
"581218-2451868",1,0,0,0,1,0,0,0,1,0,"equal"
"820607-2567913",1,1,1,1,1,0,0,0,1,1,"equal"
"820224-4626673",0,1,0,0,0,0,1,0,1,1,"equal"
"680605-4389372",1,0,0,0,0,1,1,0,1,0,"equal"
"501228-2533336",0,0,1,0,1,1,0,1,0,1,"equal"
"790111-3561309",0,1,0,0,1,1,1,0,1,1,"equal"
"770624-2172463",0,1,1,0,1,0,1,0,1,0,"equal"
"980621-4312852",1,1,0,0,1,0,0,1,0,1,"equal"
"740116-4368121",0,0,1,0,0,0,1,0,0,0,"equal"
"710114-4572068",0,0,1,1,0,0,0,0,0,1,"equal"
"720218-2458025",0,1,1,1,1,1,1,1,0,1,"equal"
"860402-3235236",0,0,0,1,1,1,1,0,0,1,"equal"
"870217-4898543",0,0,1,0,0,0,1,1,0,0,"equal"
"561022-1572284",0,0,1,0,1,0,1,0,1,0,"equal"
"700107-4069581",0,1,1,1,1,1,0,1,0,0,"equal"
"680620-2597260",0,1,1,0,0,0,1,0,1,0,"equal"
"700920-3884039",0,1,0,0,0,1,1,0,1,0,"equal"
"560411-3200699",1,0,0,0,0,0,1,1,1,0,"equal"
"830325-4914688",0,0,1,0,0,1,1,1,1,0,"equal"
"580201-1369473",0,1,1,0,1,0,0,0,0,1,"equal"
"520124-4949807",1,1,0,0,0,1,1,0,1,0,"equal"
"571115-2193377",0,1,0,1,1,0,0,1,0,1,"equal"
"890411-1857002",1,1,0,1,1,1,1,1,0,1,"equal"
"710625-4422643",0,1,1,0,1,1,1,1,1,0,"equal"
"910216-4740707",1,1,0,1,0,0,1,0,0,1,"equal"
"771020-1072454",0,1,1,0,1,0,1,1,0,1,"equal"
"581206-4547316",1,1,0,0,0,1,1,1,0,0,"equal"
"880718-4562705",1,0,0,0,1,0,0,0,0,0,"equal"
"611201-4926370",0,0,0,0,1,1,0,0,0,1,"equal"
"620117-3662272",1,1,0,0,1,0,0,0,1,1,"equal"
"580318-2038112",1,0,0,1,1,0,0,0,0,0,"equal"
"771209-2217127",1,0,0,0,0,1,0,0,1,1,"equal"
"680707-4374420",0,0,0,0,1,0,0,0,0,1,"equal"
"610309-4785147",0,1,1,0,1,1,0,0,1,0,"equal"
"850304-2941507",1,1,0,1,0,1,1,1,0,0,"equal"
"770110-3885915",1,1,1,0,0,1,0,1,1,1,"equal"
"961001-4953943",1,0,1,1,1,1,1,0,1,0,"equal"
"910515-1475198",0,0,0,0,0,0,0,1,0,1,"equal"
"910820-4344802",0,1,0,1,0,0,1,0,1,0,"equal"
"730902-1538740",0,0,0,0,0,0,0,0,1,1,"equal"
"801105-3054155",1,1,0,0,1,0,1,1,0,1,"equal"
"700826-1959761",0,1,1,1,0,0,1,1,1,0,"equal"
"520319-2313187",1,0,1,1,1,1,1,0,0,0,"equal"
"920423-1438482",0,1,1,0,0,1,1,0,0,1,"equal"
"881006-4113394",1,1,0,1,0,0,0,1,0,0,"equal"
"820325-4778078",0,1,0,0,1,0,1,0,0,1,"equal"
"550309-4837791",1,0,0,0,1,0,1,0,0,0,"equal"
"600826-1771964",0,1,1,1,0,0,1,1,0,1,"equal"
"710802-2772589",0,1,1,0,0,0,1,0,1,1,"equal"
"931101-2656814",0,1,0,0,1,1,0,0,0,0,"equal"
"861119-1205825",0,0,1,1,1,0,0,1,0,0,"equal"
"580517-2848054",0,1,0,0,0,0,0,0,1,1,"equal"
"780418-1369287",0,1,1,1,0,0,0,0,0,0,"equal"
"961210-2396651",0,0,1,1,0,0,0,0,0,0,"equal"
"840803-2031747",1,1,1,0,1,0,0,1,1,0,"equal"
"730511-3814917",1,0,0,1,0,0,0,1,0,1,"equal"
"520627-3898857",1,0,0,0,0,0,1,0,1,0,"equal"
"840113-1085131",1,1,1,0,0,0,1,1,0,0,"equal"
"980109-3761182",1,1,1,0,0,0,0,0,0,0,"equal"
"570215-1922174",1,1,1,1,0,1,1,0,1,0,"equal"
"790416-1589835",0,0,0,1,1,0,1,1,1,1,"equal"
"640426-2581581",1,1,0,1,0,0,1,0,1,1,"equal"
"670718-4224068",0,1,0,1,0,1,1,1,1,0,"equal"
"600315-4915063",1,1,0,1,1,1,1,1,0,0,"equal"
"541218-1059951",0,1,1,1,1,1,0,1,0,0,"equal"
"920221-2991435",0,1,1,0,0,0,1,1,0,0,"equal"
"660112-1519694",0,1,0,1,1,1,0,0,1,0,"equal"
"631225-1680435",1,0,1,1,1,0,1,1,0,0,"equal"
"740101-3369180",1,0,1,0,0,0,1,1,1,0,"equal"
"840408-4728327",1,0,1,0,1,1,1,1,1,0,"equal"
"571217-2233127",0,1,1,1,0,1,1,1,0,1,"equal"
"710111-3277745",0,1,1,0,0,1,1,0,0,1,"equal"
"590910-3525607",0,1,0,0,1,0,0,1,0,1,"equal"
"951226-3717293",0,0,1,1,1,1,1,0,0,1,"equal"
"951015-2148673",1,0,1,1,1,1,0,1,0,1,"equal"
"951205-4433074",1,0,0,0,1,0,0,1,0,1,"equal"
"830109-2359976",1,1,0,0,1,0,1,1,1,0,"equal"
"641210-3935082",0,0,1,0,1,1,1,0,1,1,"equal"
"730510-2745712",0,1,1,1,1,1,1,1,0,0,"equal"
"760415-2594398",1,1,0,1,0,1,1,0,1,0,"equal"
"771010-4034627",0,1,0,0,1,0,1,1,0,1,"equal"
"930104-4944262",1,0,0,0,1,1,1,1,0,0,"equal"
"760119-2463503",1,1,0,0,1,0,1,0,1,1,"equal"
"861008-2625183",0,1,0,1,1,0,1,0,0,1,"equal"
"790602-4469075",1,1,0,1,1,1,0,1,1,1,"equal"
"500828-2435795",1,1,1,1,1,1,1,1,0,1,"equal"
"900813-2763203",1,0,0,1,1,0,1,1,1,0,"equal"
"840610-3109630",0,0,0,0,1,0,0,0,0,0,"equal"
"681012-2011156",0,0,1,1,1,1,1,1,0,1,"equal"
"890309-1713239",1,1,1,1,1,0,0,1,0,0,"equal"
"730105-1486724",1,0,0,1,1,0,0,0,1,0,"equal"
"880424-4355198",1,1,1,1,0,0,1,0,1,1,"equal"
"911215-3851917",0,0,0,0,0,1,0,1,1,0,"equal"
"711208-1854654",1,1,1,0,1,0,1,0,0,0,"equal"
"820228-4159205",0,0,1,1,1,1,1,1,1,0,"equal"
"530311-2838945",1,0,1,0,1,1,1,1,0,0,"equal"
"811221-1120765",0,1,1,1,0,1,1,1,1,0,"equal"
"880208-3996104",0,0,1,1,0,1,1,0,1,0,"equal"
"680405-3149608",1,0,0,0,1,1,0,0,1,0,"equal"
"541023-4422990",1,1,0,1,1,1,1,1,0,0,"equal"
"730202-4037330",1,1,0,1,1,0,0,0,0,0,"equal"
"510113-3620977",0,0,1,1,1,0,0,0,0,1,"equal"
"901005-3445949",1,0,0,1,0,0,1,0,1,1,"equal"
"940212-3417574",1,0,0,0,0,0,1,0,1,1,"equal"
"880201-3748261",0,1,1,1,1,1,0,0,1,0,"equal"
"770517-1101903",0,1,1,1,0,0,0,0,0,0,"equal"
"931108-2210871",1,1,0,0,1,1,1,1,0,1,"equal"
"670428-4286951",1,1,0,0,1,1,0,0,0,0,"equal"
"780506-3174977",0,0,1,1,0,0,0,0,0,1,"equal"
"860927-1443032",1,0,1,1,1,0,1,1,0,0,"equal"
"810809-3430651",1,1,1,1,1,0,1,0,0,1,"equal"
"540905-4989980",1,0,0,1,1,1,1,1,1,0,"equal"
"550111-4983084",0,1,0,0,1,1,0,0,1,0,"equal"
"680703-3377984",1,1,1,0,0,0,0,0,0,1,"equal"
"970825-2215640",0,1,1,0,1,0,0,1,0,1,"equal"
"921016-3663401",1,0,0,1,0,1,0,0,0,0,"equal"
"560118-2467027",1,0,1,1,1,0,0,0,0,1,"equal"
"880322-1585452",0,1,1,1,1,1,1,1,1,1,"equal"
"941114-3607397",0,1,1,0,1,1,0,1,1,1,"equal"
"870601-1862444",1,0,0,0,0,1,0,1,1,0,"equal"
"850828-1414456",1,1,1,1,0,0,0,1,0,0,"equal"
"630517-2280104",1,1,1,0,0,0,0,1,1,0,"equal"
"660404-3990380",1,1,0,0,0,0,0,0,0,1,"equal"
"701009-2025421",1,0,0,0,1,0,1,1,1,1,"equal"
"990727-1733834",1,1,0,1,0,0,0,1,0,1,"equal"
"701016-2153079",0,0,0,0,0,0,0,0,1,1,"equal"
"990314-2685073",1,1,0,1,0,0,0,1,0,1,"equal"
"860517-3434332",0,1,0,1,1,0,0,0,0,1,"equal"
"611028-1974406",0,1,0,1,1,1,1,0,0,1,"equal"
"730318-1887590",0,0,1,0,1,1,1,1,0,0,"equal"
"731015-1738874",1,1,0,1,1,0,1,1,0,1,"equal"
"791207-1895705",0,0,0,1,1,0,0,1,0,0,"equal"
"860403-3991656",1,1,0,1,1,1,0,0,0,1,"equal"
"950625-4773336",0,1,0,1,0,1,0,1,0,1,"equal"
"631103-4367307",1,0,1,1,0,0,0,0,0,0,"equal"
"800817-3004971",1,0,1,1,1,0,1,1,0,1,"equal"
"790625-2448327",0,0,1,0,1,1,1,0,0,0,"equal"
"791223-1682420",1,1,0,0,0,0,0,1,1,1,"equal"
"530427-2369673",0,0,1,0,0,1,0,0,1,0,"equal"
"600119-3610922",0,1,0,0,0,1,0,0,0,1,"equal"
"830523-3337837",1,0,1,1,0,0,0,1,0,1,"equal"
"651015-3030863",0,1,0,1,0,0,1,0,0,1,"equal"
"631203-2454154",1,1,1,1,0,1,0,0,0,1,"equal"
"691120-2690537",1,0,1,0,0,1,1,0,0,0,"equal"
"891002-4482093",1,1,1,1,0,1,1,1,0,0,"equal"
"870710-3033354",0,1,0,1,0,0,1,1,0,1,"equal"
"520902-3149108",1,0,0,1,1,0,1,0,0,1,"equal"
"630411-4723755",1,0,1,1,0,0,0,0,0,1,"equal"
"660607-2653306",0,1,1,0,1,0,0,1,1,1,"equal"
"880228-3590983",0,0,1,1,0,0,0,1,1,0,"equal"
"791217-1445955",0,1,0,1,0,1,0,1,1,1,"equal"
"540907-2025706",0,0,0,1,0,1,1,1,1,1,"equal"
"760209-2326667",0,0,0,0,0,0,0,0,1,1,"equal"
"590202-1931140",1,1,0,0,1,1,0,1,0,0,"equal"
"781015-2326687",0,0,1,1,0,1,1,0,1,1,"equal"
"840420-3707664",0,1,1,0,1,0,0,0,0,0,"equal"
"591115-4666630",0,1,1,1,1,1,1,1,0,0,"equal"
"890719-3874409",1,1,1,0,1,0,0,1,1,0,"equal"
"601115-4236314",1,1,1,0,0,1,0,1,0,1,"equal"
"500606-1258897",1,1,1,1,1,0,0,1,0,0,"equal"
"850715-3998875",1,0,1,0,1,0,1,1,1,0,"equal"
"950921-1929373",1,1,0,0,1,1,0,0,0,0,"equal"
"980609-2519320",0,1,1,1,0,1,1,0,0,1,"equal"
"911026-1623638",0,1,1,1,1,0,1,0,1,1,"equal"
"851107-3479304",0,0,1,0,1,0,0,1,0,1,"equal"
"701115-1086670",1,0,0,0,1,0,0,0,1,1,"equal"
"970516-2236613",0,1,0,1,0,0,1,1,1,0,"equal"
"641207-3622556",1,1,1,1,0,1,0,1,0,1,"equal"
"801114-3845588",0,0,0,0,1,0,0,1,0,0,"equal"
"651106-1890908",0,1,0,0,1,1,1,1,1,1,"equal"
"551023-3824631",1,1,1,0,1,1,1,0,1,1,"equal"
"810425-1725546",1,0,0,0,0,1,1,0,1,1,"equal"
"751208-4831074",1,0,0,0,1,0,1,0,1,0,"equal"
"740628-3565179",1,1,0,0,1,1,0,0,1,0,"equal"
"800216-3174014",0,0,0,1,1,0,1,0,0,1,"equal"
"821115-1217708",0,0,0,1,1,0,1,1,0,1,"equal"
"871116-1074459",0,0,0,1,0,1,1,0,1,1,"equal"
"970314-1978911",1,0,1,0,0,0,0,0,0,0,"equal"
"941028-3552743",0,1,1,0,1,1,1,1,0,1,"equal"
"990321-3955163",1,1,1,1,0,1,1,0,1,1,"equal"
"521002-1504924",1,1,0,0,0,1,1,0,1,1,"equal"
"981104-1106289",1,0,0,1,1,0,1,0,0,0,"equal"
"900907-1989249",1,1,1,1,0,0,0,1,1,0,"equal"
"971127-4469650",0,0,1,1,1,0,1,1,1,0,"equal"
"500114-2782767",1,0,1,1,1,1,1,0,0,1,"equal"
"520420-3271265",0,1,1,1,1,1,1,0,1,0,"equal"
"660907-4204548",0,0,0,0,0,1,0,1,1,0,"equal"
"500309-3812227",0,1,1,1,0,0,0,1,0,0,"equal"
"700601-1900790",0,1,0,1,0,0,0,0,0,1,"equal"
"850318-4192900",0,1,0,1,1,0,1,0,0,0,"equal"
"890522-3007772",0,1,0,0,1,0,1,1,0,0,"equal"
"590805-2148185",0,0,1,0,0,0,0,0,0,0,"equal"
"610514-4292022",0,0,1,0,0,0,0,1,1,1,"equal"
"821105-4414480",0,1,0,1,1,1,0,0,1,0,"equal"
"691104-1046083",1,1,0,1,1,0,1,1,0,0,"equal"
"940809-1957727",0,1,1,1,0,1,0,1,1,1,"equal"
"560415-2626591",1,0,0,0,1,0,0,1,1,0,"equal"
"870201-1149421",0,0,0,1,0,0,0,1,0,1,"equal"
"701024-2763053",1,1,0,1,0,1,1,0,0,0,"equal"
"500825-3205114",0,0,0,0,0,1,0,0,1,1,"equal"
"850217-3317993",0,1,0,1,0,0,0,1,1,0,"equal"
"660613-1236086",1,0,1,0,0,1,1,0,0,1,"equal"
"830310-1673222",0,0,1,1,1,0,0,0,1,1,"equal"
"531101-1658698",1,0,1,0,1,0,1,1,1,0,"equal"
"540414-2710530",0,0,0,1,1,1,1,0,0,1,"equal"
"840117-4527541",1,1,1,0,0,0,0,1,1,0,"equal"
"891227-2222158",1,0,0,0,0,0,0,1,0,1,"equal"
"821008-4181667",1,1,0,1,1,0,0,0,1,1,"equal"
"810905-1160523",1,1,1,0,1,0,0,0,1,1,"equal"
"521115-2075391",1,0,0,0,1,0,0,1,1,1,"equal"
"621106-3980632",1,1,0,1,1,1,1,1,0,1,"equal"
"760410-4553330",0,0,0,0,0,0,1,0,0,0,"equal"
"810911-1862917",1,1,0,1,1,1,0,1,0,0,"equal"
"660315-4512289",1,1,0,1,1,0,1,0,1,0,"equal"
"590108-2338239",1,0,1,1,0,1,1,1,0,1,"equal"
"591214-1414581",1,1,1,0,0,1,0,1,1,1,"equal"
"910313-1250834",1,1,0,1,0,1,0,0,1,0,"equal"
"930727-3943678",1,1,0,1,1,1,0,1,1,0,"equal"
"780116-2372180",1,0,1,0,0,0,1,0,1,1,"equal"
"610702-2129705",0,0,1,1,1,0,0,0,1,0,"equal"
"521108-2451471",0,0,0,0,0,1,0,0,0,0,"equal"
"520723-1965225",0,1,1,1,0,0,0,0,0,1,"equal"
"660208-3534777",1,0,1,0,1,1,0,0,0,1,"equal"
"691007-2532136",0,0,0,0,1,1,1,0,0,1,"equal"
"880925-1746529",1,0,1,1,0,0,1,1,1,0,"equal"
"650723-4043109",0,0,1,0,1,0,1,0,1,1,"equal"
"651128-4740994",0,1,0,1,0,0,1,1,1,0,"equal"
"670716-4128940",1,1,1,0,1,0,0,0,1,0,"equal"
"891221-3426868",1,1,0,0,1,0,0,1,0,0,"equal"
"820119-4136681",1,0,0,0,0,1,1,0,0,1,"equal"
"720609-1766461",1,1,0,0,1,1,0,1,0,0,"equal"
"711217-2283664",1,0,0,0,1,1,0,1,0,1,"equal"
"841006-4834792",0,1,0,0,1,0,1,0,0,1,"equal"
"760804-4074482",0,0,1,1,0,0,0,1,1,1,"equal"
"650704-1697575",1,0,1,0,0,1,1,0,0,0,"equal"
"940828-1510779",0,0,0,1,0,0,0,0,0,1,"equal"
"740224-2374404",1,1,0,1,1,0,0,1,1,1,"equal"
"990226-3262175",1,1,0,1,1,0,1,1,1,0,"equal"
"920705-4825962",1,0,1,0,1,1,0,0,0,1,"equal"
"541101-3111229",1,1,0,1,1,1,1,0,1,0,"equal"
"690524-3008288",0,0,1,0,0,1,1,1,1,0,"equal"
"840115-3764428",0,0,0,0,1,0,1,1,0,1,"equal"
"520325-2492075",0,0,1,1,1,0,0,1,0,0,"equal"
"961006-1073411",1,0,1,1,0,1,0,0,1,0,"equal"
"640724-2161634",0,1,1,0,0,0,0,1,0,0,"equal"
"710312-2288050",1,0,0,0,1,0,1,0,0,0,"equal"
"590624-3321797",1,0,1,1,0,0,1,1,0,1,"equal"
"720903-1524464",1,0,1,0,1,1,0,0,1,0,"equal"
"790524-2161333",0,1,0,1,0,1,1,1,1,1,"equal"
"621015-2596086",0,1,1,1,1,1,0,1,0,1,"equal"
"670316-1106033",1,0,1,0,1,0,1,1,0,0,"equal"
"600203-4545013",0,1,1,1,0,1,1,0,1,1,"equal"
"910426-3039861",1,0,0,1,0,0,1,0,0,1,"equal"
"720220-3878083",0,0,1,1,0,0,1,0,1,1,"equal"
"750512-1554849",1,0,0,1,0,1,0,0,1,0,"equal"
"760605-1801457",0,1,1,0,0,1,0,0,1,0,"equal"
"910210-2513259",1,1,1,0,0,0,0,1,1,0,"equal"
"970419-1715845",1,1,1,1,1,1,0,0,0,0,"equal"
"981223-2625972",1,0,0,1,1,0,0,0,1,1,"equal"
"710827-3401480",1,0,0,1,0,1,0,0,1,0,"equal"
"590315-3995784",1,0,1,0,0,1,0,1,0,1,"equal"
"560417-3534237",0,0,1,0,0,1,0,0,1,0,"equal"
"950904-4279383",1,0,1,1,1,1,1,1,1,0,"equal"
"570206-1613691",0,0,1,1,1,1,0,0,0,1,"equal"
"781213-2638288",1,0,1,0,0,0,1,1,0,1,"equal"
"590304-3018184",1,1,0,1,0,0,1,0,0,1,"equal"
"500303-1547615",1,0,1,1,0,0,0,1,1,1,"equal"
"600427-2929490",1,0,1,1,0,0,0,1,1,0,"equal"
"760613-4302898",1,1,1,0,1,0,1,1,0,0,"equal"
"570407-4444166",1,1,1,1,0,1,1,0,1,0,"equal"
"900223-4751679",0,0,0,0,1,1,1,0,0,1,"equal"
"660721-3484183",1,1,0,0,0,0,0,1,0,1,"equal"
"990305-2208194",1,1,1,0,0,1,1,0,0,0,"equal"
"690205-1925644",1,0,1,0,1,1,1,0,1,1,"equal"
"620316-4703543",1,1,0,1,1,0,1,0,1,0,"equal"
"920901-1688917",1,1,0,0,0,1,1,0,0,0,"equal"
"620508-2727878",0,0,1,1,1,0,0,0,0,1,"equal"
"501117-3750713",1,0,0,0,0,0,1,1,0,1,"equal"
"741128-2369109",0,0,1,0,0,1,0,1,1,1,"equal"
"721014-3229831",1,1,1,0,1,0,1,0,1,1,"equal"
"520722-2638624",1,0,1,0,1,1,1,1,1,0,"equal"
"511026-1821116",0,0,0,0,1,0,0,1,0,0,"equal"
"771111-4814760",1,0,0,0,0,1,1,1,0,0,"equal"
"690105-1603240",1,1,0,1,0,1,1,1,0,1,"equal"
"701028-4712870",0,1,1,0,1,0,1,0,1,1,"equal"
"701119-2737759",1,1,1,1,1,0,0,1,0,0,"equal"
"711202-4251011",0,0,0,1,1,1,1,1,0,1,"equal"
"830509-4382216",1,0,0,0,0,1,0,0,0,0,"equal"
"670527-3067812",1,0,1,0,1,0,0,0,1,0,"equal"
"960607-1703554",0,0,1,1,0,0,0,1,1,1,"equal"
"761112-1214866",1,1,1,0,1,1,0,1,1,0,"equal"
"801117-1308330",0,1,1,0,1,0,0,1,1,0,"equal"
"831109-3076623",1,0,1,0,0,1,1,0,0,1,"equal"
"821026-1455055",1,0,0,0,0,0,0,0,0,0,"equal"
"720518-4551541",0,1,0,0,0,0,0,1,1,1,"equal"
"800220-1426373",0,0,1,1,0,0,0,0,0,0,"equal"
"960516-2977701",1,1,0,0,1,1,1,1,0,0,"equal"
"900120-1678399",0,1,0,0,0,0,0,1,1,1,"equal"
"810618-1586611",1,1,1,0,1,1,1,1,1,0,"equal"
"950205-2412414",1,0,0,1,1,1,1,0,1,0,"equal"
"661217-1097299",1,0,1,0,0,0,0,1,0,1,"equal"
"800626-4550888",1,1,0,1,0,0,1,1,0,1,"equal"
"780616-1338822",0,1,1,0,1,1,0,1,1,0,"equal"
"940910-3247080",1,1,0,1,0,0,0,0,1,1,"equal"
"571002-4283682",1,0,1,0,1,1,0,1,1,0,"equal"
"751225-3327456",0,0,0,1,0,0,0,0,0,0,"equal"
"500101-1037859",1,0,1,1,1,0,0,1,0,0,"equal"
"800727-4580015",1,0,1,1,0,1,1,1,1,0,"equal"
"940520-1765550",0,1,0,0,0,0,1,0,0,0,"equal"
"840501-2117025",0,1,0,0,0,1,1,1,0,1,"equal"
"780326-4636943",0,0,0,0,1,1,1,0,0,1,"equal"
"590615-2581995",0,1,1,1,1,0,1,1,1,1,"equal"
"690606-2175345",1,0,0,1,1,1,0,1,1,0,"equal"
"560101-3666826",1,0,1,0,1,0,0,0,1,1,"equal"
"780713-3046075",1,0,0,0,1,0,1,0,1,1,"equal"
"530508-1487876",0,0,0,0,0,1,0,1,0,0,"equal"
"650925-1060030",1,0,0,1,1,1,1,1,0,1,"equal"
"861024-1387542",0,0,1,1,0,1,0,0,0,0,"equal"
"660318-3982073",1,1,0,0,1,0,0,0,0,0,"equal"
"631213-3919073",0,1,0,1,0,0,0,1,0,0,"equal"
"770117-3540965",0,1,0,0,1,0,0,0,0,1,"equal"
"690922-3999555",0,0,1,0,1,0,0,0,1,0,"equal"
"781027-4161605",1,1,1,1,0,1,0,0,1,0,"equal"
"841220-4519866",1,0,0,0,1,1,1,1,0,1,"equal"
"690224-1119079",1,1,1,1,1,0,0,1,1,0,"equal"
"871218-1735657",0,0,0,0,1,1,0,1,0,1,"equal"
"631205-3261350",0,1,0,1,0,1,0,1,1,0,"equal"
"610815-1656417",0,1,1,1,1,0,1,1,0,0,"equal"
"660315-1369941",1,0,0,0,0,0,1,1,0,1,"equal"
"670210-1323212",1,0,0,1,1,0,1,0,1,0,"equal"
"740627-4891044",0,1,1,1,1,1,0,0,0,0,"equal"
"710215-2193967",1,1,1,0,0,1,0,1,0,0,"equal"
"680319-2389557",0,1,0,0,1,0,1,0,0,0,"equal"
"650921-4207549",0,0,1,1,0,1,1,0,0,1,"equal"
"840908-1497948",1,1,0,1,0,0,0,1,0,1,"equal"
"620218-3345783",0,0,0,0,0,1,0,0,0,0,"equal"
"560309-2303875",1,0,1,1,1,0,1,1,0,0,"equal"
"870712-1657493",1,0,1,0,0,1,0,1,0,0,"equal"
"661020-3980655",1,0,0,1,0,0,0,0,0,0,"equal"
"690719-1052467",1,0,0,1,1,0,1,1,1,1,"equal"
"950320-1228430",1,1,1,0,1,1,1,0,1,0,"equal"
"651120-1825664",0,1,0,0,1,0,0,1,0,0,"equal"
"621101-3951209",1,1,1,1,0,1,0,1,1,0,"equal"
"680609-2556016",0,1,1,1,1,0,0,1,0,0,"equal"
"940518-4937094",0,1,1,0,0,0,1,0,1,1,"equal"
"531107-3125080",0,1,1,1,0,0,0,0,1,1,"equal"
"830523-3375979",1,1,0,0,1,0,1,1,1,0,"equal"
"870825-4013401",0,0,0,0,1,1,1,1,1,1,"equal"
"841210-3503746",0,1,0,1,0,1,0,1,0,1,"equal"
"790726-4465888",1,0,0,1,1,0,0,1,0,1,"equal"
"590623-3055262",0,0,0,1,0,1,1,1,1,0,"equal"
"730107-2476926",1,1,1,1,0,1,0,0,1,0,"equal"
"760825-3007515",1,0,1,0,1,1,0,1,1,1,"equal"
"660907-3270199",0,1,1,1,0,1,1,1,0,0,"equal"
"930919-4462730",0,0,1,1,1,1,0,0,1,0,"equal"
"800711-2605812",0,0,0,0,0,0,0,1,0,0,"equal"
"961109-1525212",1,0,1,0,1,0,0,0,1,1,"equal"
"661020-1718550",0,1,1,0,1,1,0,0,1,0,"equal"
"900826-4667589",0,1,0,1,1,0,0,0,1,1,"equal"
"771016-4351714",1,0,0,1,1,1,0,1,0,1,"equal"
"710212-3688652",1,1,1,0,0,1,0,0,0,0,"equal"
"540707-1056102",0,1,0,0,0,0,0,1,1,1,"equal"
"770820-1830336",1,1,0,1,1,0,1,1,1,1,"equal"
"580302-3958461",1,0,0,1,0,0,1,0,1,0,"equal"
"820324-4540482",1,1,0,0,0,1,0,1,1,1,"equal"
"761023-1642739",1,0,1,1,0,1,0,1,0,1,"equal"
"720704-2297638",1,0,0,1,1,1,1,0,1,1,"equal"
"780212-3351793",0,0,1,1,0,1,1,1,1,0,"equal"
"851120-4632587",1,0,1,1,1,1,0,0,0,1,"equal"
"911004-1784222",0,1,0,1,1,1,0,1,0,0,"equal"
"640213-2975093",0,1,1,1,0,0,0,1,1,1,"equal"
"891101-1403374",1,0,0,1,1,1,1,1,1,0,"equal"
"690705-4467272",1,1,1,1,0,1,1,1,0,0,"equal"
"740203-3658774",1,1,0,0,1,1,0,1,1,0,"equal"
"540613-1338081",1,0,1,1,1,1,0,0,1,1,"equal"
"560518-3345374",1,1,1,1,1,1,0,0,0,0,"equal"
"940924-1388462",0,1,1,0,1,0,0,0,1,0,"equal"
"620509-3904403",1,0,1,1,1,1,0,1,0,1,"equal"
"570919-2310632",1,1,1,1,1,1,1,0,1,0,"equal"
"521109-3768802",0,1,0,1,1,0,0,0,0,0,"equal"
"720711-3256585",0,1,0,0,1,0,0,1,1,1,"equal"
"610806-3340037",1,0,0,1,1,0,1,1,0,0,"equal"
"771117-2244065",0,0,1,0,1,0,0,1,1,1,"equal"
"581226-1052946",1,1,1,0,1,1,1,1,1,0,"equal"
"840423-3983285",1,1,1,1,0,1,1,0,0,1,"equal"
"850101-3396062",0,1,0,1,1,1,0,0,1,0,"equal"
"570327-3930986",1,1,0,1,1,0,0,0,0,1,"equal"
"840726-4689066",1,1,1,1,1,1,0,1,1,0,"equal"
"810603-2145455",0,1,1,1,1,1,1,1,1,1,"equal"
"790724-2790036",1,1,1,1,0,1,1,1,0,1,"equal"
"830610-2723919",0,1,1,0,0,0,0,0,1,1,"equal"
"840622-1083364",0,1,1,0,1,0,0,0,0,1,"equal"
"730217-2847805",0,1,0,0,1,0,1,0,0,0,"equal"
"500101-1939071",0,0,0,1,0,1,0,0,1,0,"equal"
"720520-4673273",1,0,1,1,1,0,1,0,1,0,"equal"
"791002-3772845",0,0,1,1,1,0,1,1,1,0,"equal"
"750615-4856545",1,0,1,0,0,0,1,0,1,1,"equal"
"751225-2464764",1,1,0,0,1,1,1,0,1,1,"equal"
"520517-1518659",0,0,1,0,0,0,0,1,1,0,"equal"
"590827-2802851",1,0,0,0,0,1,0,1,1,0,"equal"
"880423-1468109",0,1,0,0,1,0,0,0,0,0,"equal"
"790507-3226658",0,0,1,1,1,0,1,1,0,1,"equal"
"810327-1312771",1,0,1,1,0,0,0,1,0,0,"equal"
"590508-4343900",1,0,1,0,0,1,1,0,0,1,"equal"
"740702-1073844",0,1,1,1,1,1,1,0,0,1,"equal"
"890807-4988624",1,0,0,0,0,0,1,0,0,1,"equal"
"890621-3864595",1,1,1,0,1,1,0,0,1,1,"equal"
"830105-2291137",0,0,0,0,0,1,0,0,0,1,"equal"
"530321-1485089",1,0,1,1,0,0,0,1,0,0,"equal"
"741207-2244845",1,0,1,0,0,0,0,0,0,0,"equal"
"630317-4758577",0,1,0,1,0,0,1,1,0,0,"equal"
"550428-1119008",0,1,0,1,1,0,0,1,0,0,"equal"
"960809-3521642",0,0,0,0,0,0,1,1,1,1,"equal"
"520825-2193744",0,0,0,0,1,1,1,1,0,0,"equal"
"920317-1967157",1,0,0,1,1,0,0,1,1,1,"equal"
"661001-4428654",0,1,0,0,1,1,0,1,1,1,"equal"
"850614-3103599",1,0,0,0,0,1,1,1,1,1,"equal"
"570318-4145864",0,1,1,0,0,1,1,0,0,0,"equal"
"580423-4524827",1,0,1,0,1,1,1,1,0,1,"equal"
"890212-1948283",1,1,0,1,1,0,1,1,1,0,"equal"
"510525-3593952",1,0,0,1,1,0,0,0,1,1,"equal"
"851227-2585993",0,1,0,1,0,0,1,1,1,1,"equal"
"851115-3907581",0,1,1,0,1,0,1,1,0,1,"equal"
"660111-4461916",0,0,1,1,1,1,1,0,0,1,"equal"
"540610-2306124",1,0,0,0,0,1,1,1,1,1,"equal"
"661028-1311372",0,0,0,1,1,1,1,1,0,1,"equal"
"711027-4888468",0,0,1,0,0,0,0,1,1,1,"equal"
"890602-4265491",1,1,1,0,1,0,1,1,1,1,"equal"
"940328-4193639",0,0,0,1,1,1,0,1,1,0,"equal"
"590805-3453562",1,0,0,0,1,0,0,1,0,0,"equal"
"880304-1371337",1,1,1,0,1,1,1,0,1,0,"equal"
"651112-3791800",1,0,0,0,1,1,1,0,0,1,"equal"
"831001-1741547",0,0,1,0,1,1,1,1,0,0,"equal"
"580508-3021178",1,1,0,1,1,0,0,1,0,1,"equal"
"740319-4561802",0,0,0,1,0,1,1,1,0,1,"equal"
"781106-3226535",0,0,1,0,0,1,0,0,0,0,"equal"
"871222-2502106",0,0,1,0,0,0,0,0,0,0,"equal"
"951212-4366064",1,0,1,0,0,1,0,1,1,1,"equal"
"780719-1528032",0,0,1,1,1,0,0,0,0,0,"equal"
"620525-3609128",1,1,1,0,0,0,0,0,0,0,"equal"
"930401-1063932",1,1,1,1,0,0,0,1,0,0,"equal"
"530819-1867676",1,0,1,1,1,0,0,0,0,0,"equal"
"610821-1483054",1,1,0,1,1,1,1,1,0,1,"equal"
"830625-2414147",1,0,0,0,0,1,1,1,1,0,"equal"
"610610-4953388",1,1,1,1,0,1,0,1,0,1,"equal"
"860718-2333459",1,1,0,0,1,1,1,1,1,0,"equal"
"880216-3722777",0,0,0,1,0,0,1,0,1,1,"equal"
"680825-2548698",0,0,0,0,1,0,0,1,1,1,"equal"
"500122-1104157",1,1,0,0,0,0,0,1,0,1,"equal"
"780821-1605920",0,0,1,1,1,0,1,0,1,1,"equal"
"991013-3176344",1,0,0,0,1,1,0,1,1,1,"equal"
"811009-4048172",1,1,1,0,0,1,0,0,0,0,"equal"
"770920-1792836",0,0,1,0,0,1,0,1,1,0,"equal"
"910421-2160344",1,1,1,0,0,1,1,1,1,0,"equal"
"701128-3769349",0,0,1,0,1,1,0,0,0,0,"equal"
"590906-3373631",0,1,1,1,1,0,0,0,0,1,"equal"
"920201-2037544",0,1,0,0,0,1,1,1,1,0,"equal"
"500601-1965030",0,1,0,1,1,0,0,1,1,1,"equal"
"990826-3168339",1,1,0,1,0,1,1,0,1,1,"equal"
"820712-2031467",1,1,1,1,0,1,0,1,1,0,"equal"
"540620-1703541",1,0,1,0,1,1,1,1,1,0,"equal"
"600522-1941950",0,0,1,1,0,0,1,0,0,1,"equal"
"710110-1262648",1,1,0,1,0,1,1,1,0,1,"equal"
"800605-3360185",1,0,0,1,1,0,1,1,0,0,"equal"
"891123-2106233",0,1,1,1,0,1,0,0,1,1,"equal"
"690319-1747576",1,0,0,0,0,1,1,1,1,1,"equal"
"801022-4406875",0,1,0,1,0,1,0,0,0,0,"equal"
"690101-3908012",1,1,0,0,0,1,0,1,1,0,"equal"
"790903-3995173",1,1,0,1,0,1,0,1,0,0,"equal"
"631014-3529710",1,1,1,0,1,1,1,0,0,0,"equal"
"550304-3527491",1,0,0,0,0,1,1,1,0,1,"equal"
"911124-1840501",0,1,0,0,1,1,0,0,0,0,"equal"
"611109-1532679",1,0,1,1,1,0,1,0,0,0,"equal"
"741015-4894935",0,1,0,0,0,0,1,0,1,1,"equal"
"610512-4703583",0,0,1,1,1,1,0,1,1,1,"equal"
"910914-2933430",0,0,0,0,0,0,1,1,0,0,"equal"
"911202-3218375",1,0,1,0,1,0,1,0,0,1,"equal"
"791123-4134863",0,1,0,0,1,1,0,1,0,1,"equal"
"990112-4001544",0,1,0,0,0,1,0,0,1,1,"equal"
"740414-2685962",1,1,1,1,0,1,0,1,0,0,"equal"
"680906-2416041",0,0,0,1,1,0,0,1,0,1,"equal"
"840123-4653637",0,0,1,0,0,1,0,0,0,0,"equal"
"770722-2010043",0,1,0,0,1,0,1,1,0,0,"equal"
"761123-2195171",0,1,0,1,1,0,1,0,0,0,"equal"
"670318-1082473",0,0,1,1,1,0,0,0,1,1,"equal"
"901224-2027279",0,0,1,1,0,0,1,1,0,0,"equal"
"830613-3390034",1,0,1,0,0,1,0,0,0,0,"equal"
"710304-1785657",0,0,1,0,0,1,1,1,0,0,"equal"
"901202-2242792",1,0,1,1,0,0,0,1,0,1,"equal"
"630321-3058021",0,1,0,0,0,1,0,1,1,0,"equal"
"600320-2025949",1,1,1,0,0,0,1,1,1,0,"equal"
"970405-4972545",0,0,0,0,0,0,0,0,1,0,"equal"
"761007-4023435",1,1,0,1,0,1,0,1,0,0,"equal"
"581202-4230179",0,0,0,1,1,1,0,1,0,0,"equal"
"981011-4603485",0,0,1,1,1,0,1,1,1,1,"equal"
"990420-4345422",1,1,1,1,1,0,0,1,0,1,"equal"
"870806-2849691",0,0,1,0,1,0,0,0,1,1,"equal"
"820320-3258217",1,0,0,0,0,0,1,1,1,0,"equal"
"500323-4841161",0,1,1,1,0,1,1,1,0,0,"equal"
"940402-3370242",0,0,1,1,1,1,1,0,1,0,"equal"
"790508-4964474",1,0,1,0,0,0,1,0,0,1,"equal"
"730206-1167454",0,1,0,0,0,1,0,0,1,0,"equal"
"731219-3087987",0,0,1,0,0,1,1,1,1,0,"equal"
"671021-1010470",1,0,0,1,0,0,1,1,1,1,"equal"
"830417-2836353",0,1,0,0,1,0,0,1,1,0,"equal"
"990801-4490053",0,1,1,1,1,1,1,0,1,1,"equal"
"630627-3197308",1,0,0,1,0,0,1,1,0,0,"equal"
"650625-3759815",0,1,0,0,0,0,1,0,1,0,"equal"
"740209-3994375",0,1,0,0,0,1,1,1,0,1,"equal"
"690328-2430986",1,0,0,0,0,1,0,0,1,1,"equal"
"990210-2701991",0,0,0,1,0,0,0,1,1,1,"equal"
"630106-4916115",0,0,0,0,0,1,1,0,0,0,"equal"
"770802-2141484",0,1,0,1,1,0,1,1,0,1,"equal"
"750319-4579565",1,1,1,0,1,0,0,0,1,1,"equal"
"970717-1379064",1,1,1,1,0,0,1,0,1,1,"equal"
"580207-2587281",0,0,0,0,0,1,1,1,1,0,"equal"
"820117-3783290",1,0,1,1,0,0,0,0,1,0,"equal"
"801008-1607432",1,0,1,1,0,0,1,1,1,1,"equal"
"811215-2687151",0,1,1,0,1,1,1,1,1,1,"equal"
"750615-1495607",0,1,1,0,1,1,1,0,0,0,"equal"
"770403-2818459",0,0,1,1,1,1,0,1,1,0,"equal"
"960724-3780526",1,1,1,1,1,1,0,1,1,1,"equal"
"730801-4409305",0,1,1,1,0,0,1,0,1,0,"equal"
"620310-3003838",1,0,0,1,1,0,1,1,0,0,"equal"
"680319-4233132",1,0,0,1,1,1,1,1,0,1,"equal"
"660822-2401074",1,0,0,0,0,0,1,1,0,1,"equal"
"520505-3458360",0,1,1,0,1,1,0,1,0,1,"equal"
"590602-1177237",0,0,0,0,0,1,0,1,0,1,"equal"
"930410-1919384",1,0,0,1,1,1,1,0,0,0,"equal"
"560121-4337363",1,0,1,0,1,0,0,1,0,0,"equal"
"580913-2188292",1,1,0,1,1,0,0,0,1,1,"equal"
"511207-4170661",0,1,0,1,0,1,1,0,0,0,"equal"
"650314-2083742",0,1,0,1,1,1,0,0,1,0,"equal"
"500725-1638888",1,0,0,1,0,0,0,1,1,0,"equal"
"950810-3803484",0,1,1,1,0,1,0,0,1,0,"equal"
"840825-4058683",1,0,0,0,1,0,1,1,0,1,"equal"
"691208-4231187",0,0,0,1,0,1,0,1,0,0,"equal"
"520209-4196138",0,1,0,1,1,0,0,1,0,0,"equal"
"841023-4220673",0,1,0,1,0,1,0,1,1,1,"equal"
"820702-4725475",0,0,1,0,0,1,0,0,1,1,"equal"
"550419-4035892",0,0,1,1,1,0,1,0,0,0,"equal"
"820221-2054306",0,0,1,0,0,0,0,1,1,1,"equal"
"710510-2331108",1,0,1,0,0,1,1,0,0,0,"equal"
"570309-4883905",0,1,0,1,0,0,0,1,1,1,"equal"
"500406-2727643",1,1,0,1,0,1,0,1,1,0,"equal"
"951220-4005517",1,0,0,1,0,0,0,0,0,0,"equal"
"620328-3892557",0,1,0,0,0,0,1,1,1,1,"equal"
"990920-3596025",1,0,0,1,0,0,1,0,1,1,"equal"
"611214-1335197",0,0,0,1,1,0,0,1,0,0,"equal"
"660310-3964502",0,1,1,1,0,0,1,1,1,1,"equal"
"671225-4755485",0,0,0,0,0,1,0,1,1,1,"equal"
"940704-2618513",0,0,0,1,1,0,0,0,0,1,"equal"
"670524-4717046",1,1,1,0,0,1,1,0,0,0,"equal"
"540917-1811875",1,0,0,1,0,1,1,1,1,1,"equal"
"551026-1907872",1,0,0,0,1,1,0,1,0,1,"equal"
"950105-1100103",1,1,0,1,1,1,0,1,0,0,"equal"
"720823-3069197",1,1,0,0,1,0,1,1,0,0,"equal"
"850509-4548716",0,1,1,1,0,0,1,1,0,0,"equal"
"560824-1180724",1,1,0,1,0,0,1,1,0,1,"equal"
"590304-1246682",1,1,0,0,0,0,1,1,1,0,"equal"
"830906-2892622",0,1,0,0,1,0,1,1,1,0,"equal"
"630423-4822772",1,1,1,1,1,1,1,0,0,1,"equal"
"551217-4844163",0,1,1,1,1,0,1,1,1,1,"equal"
"830513-1092613",0,1,0,0,0,1,1,0,1,1,"equal"
"610716-2014323",0,0,1,0,1,0,1,1,0,1,"equal"
"510422-4187683",0,1,0,1,0,1,0,1,1,1,"equal"
"500809-4538294",1,1,1,0,0,1,0,1,0,1,"equal"
"971224-3160781",1,1,0,0,0,0,1,1,1,0,"equal"
"561206-1387434",1,1,1,1,0,1,1,0,1,1,"equal"
"830512-1563278",1,1,0,0,1,0,0,0,0,1,"equal"
"510605-1976775",1,1,1,1,1,0,1,0,0,0,"equal"
"611011-3328324",1,0,1,1,0,0,1,0,0,0,"equal"
"770721-3711660",1,0,1,0,1,0,0,1,1,1,"equal"
"710214-4737623",0,0,0,1,0,1,0,1,0,0,"equal"
"981024-1972020",1,0,0,1,1,0,0,1,1,1,"equal"
"801020-3039123",1,1,1,1,0,0,1,1,0,0,"equal"
"570725-4909240",0,0,1,1,1,0,0,1,1,1,"equal"
"941009-3708185",0,1,1,1,1,1,1,1,1,0,"equal"
"670802-2316399",1,1,0,1,0,0,0,1,0,1,"equal"
"550926-3443058",0,1,0,1,0,0,1,0,1,1,"equal"
"520502-2471791",0,0,0,0,1,1,0,0,1,1,"equal"
"680401-3395327",1,1,1,1,1,1,1,1,1,0,"equal"
"641207-3508816",1,0,1,0,1,0,1,0,1,1,"equal"
"500623-4474394",1,1,1,1,0,0,0,1,1,0,"equal"
"790114-1170809",0,1,1,1,0,0,0,0,0,1,"equal"
"760212-2012946",1,1,0,0,0,0,0,0,1,1,"equal"
"551102-4791012",1,1,0,1,1,1,0,1,1,1,"equal"
"961101-2220302",1,0,0,1,0,1,0,0,0,1,"equal"
"610606-2607931",1,0,0,0,0,0,0,1,1,1,"equal"
"840421-1343362",1,0,1,0,0,0,0,0,1,1,"equal"
"841102-4051201",1,1,0,0,0,1,1,1,1,0,"equal"
"710821-2410796",1,1,1,1,1,1,0,1,1,0,"equal"
"730622-2772912",1,1,0,1,1,1,1,0,0,0,"equal"
"840624-1968455",0,0,1,0,1,0,0,1,0,0,"equal"
"930602-4083833",0,0,1,0,0,1,1,1,1,1,"equal"
"610312-2194751",1,1,0,1,0,1,1,0,1,0,"equal"
"631223-3314396",0,1,1,1,1,0,1,1,1,0,"equal"
"590606-3972136",1,1,0,0,1,0,1,0,1,1,"equal"
"650314-3746864",0,0,0,1,0,1,0,0,0,1,"equal"
"721114-2338646",1,1,1,0,1,1,0,0,1,0,"equal"
"610903-4560037",0,1,1,1,0,1,0,1,0,0,"equal"
"990604-2062868",0,1,0,0,1,1,1,1,1,1,"equal"
"660625-3038889",0,0,0,0,0,0,1,0,1,1,"equal"
"520626-4595659",0,0,1,1,0,0,0,1,1,1,"equal"
"520518-4765425",1,0,1,0,1,0,0,1,0,1,"equal"
"730402-3142278",0,0,0,1,0,0,1,1,0,1,"equal"
"520428-4497684",1,1,0,1,0,0,1,0,0,1,"equal"
"540625-1458005",1,0,0,0,0,1,1,1,1,0,"equal"
"811121-2275066",1,0,0,0,1,0,0,0,0,0,"equal"
"810617-2133493",0,0,0,0,0,1,1,0,1,0,"equal"
"941212-1265052",0,0,0,0,0,1,1,0,0,1,"equal"
"651001-3923575",0,0,0,0,1,1,0,0,1,1,"equal"
"671025-4655407",1,1,1,1,1,0,1,0,1,1,"equal"
"750104-1466669",0,0,1,0,0,0,0,0,0,0,"equal"
"930728-2720541",0,0,1,1,1,1,1,0,1,0,"equal"
"631028-4158971",1,1,0,1,0,1,0,0,1,1,"equal"
"670925-4359409",1,1,0,1,0,0,1,0,1,1,"equal"
"650526-2382731",1,0,0,0,1,1,1,0,1,0,"equal"
"520620-4058136",0,1,1,0,1,0,1,1,0,1,"equal"
"650216-1151150",0,1,1,1,1,0,0,1,0,0,"equal"
"751123-3417745",0,0,0,0,0,1,0,0,0,1,"equal"
"700124-3003263",0,1,1,1,1,1,0,0,1,1,"equal"
"640112-1668999",1,1,1,1,0,1,0,1,1,0,"equal"
"521016-2263155",1,1,1,1,1,0,0,0,0,0,"equal"
"750720-3444283",0,0,1,0,1,1,0,1,0,1,"equal"
"890109-2779835",1,1,0,0,1,0,0,1,0,0,"equal"
"630627-1941150",1,1,1,0,0,1,0,1,0,1,"equal"
"631124-3170401",1,1,0,1,0,0,0,1,1,1,"equal"
"520307-4352767",0,1,0,0,1,0,1,1,1,0,"equal"
"740603-2299723",1,0,0,1,0,1,1,0,1,0,"equal"
"990113-2630578",1,1,1,0,0,0,0,1,1,1,"equal"
"860313-3290447",1,0,0,1,1,1,1,0,1,0,"equal"
"941021-3149043",0,1,0,1,0,0,0,0,1,1,"equal"
"500401-4970598",1,0,0,1,0,0,0,1,1,0,"equal"
"970828-2749963",1,0,0,0,1,1,0,0,1,1,"equal"
"580608-2423912",0,0,0,1,0,0,1,0,1,1,"equal"
"900411-2230742",0,0,0,1,0,0,1,0,1,0,"equal"
"540514-2805894",1,1,1,1,0,1,0,1,0,1,"equal"
"720602-4147831",1,1,0,1,0,0,0,0,0,0,"equal"
"830813-2391168",0,0,0,0,1,0,1,1,1,0,"equal"
"760103-2452849",0,1,0,1,1,0,1,0,0,1,"equal"
"971123-4728010",0,1,0,1,1,0,0,0,0,1,"equal"
"780821-2529514",0,1,0,0,0,0,1,0,1,0,"equal"
"960924-4883495",0,0,1,0,0,0,1,1,0,1,"equal"
"610804-2334177",1,0,0,1,1,1,0,1,1,1,"equal"
"840703-1681808",0,0,0,1,0,1,1,1,0,0,"equal"
"770919-2754416",0,1,1,0,0,0,0,0,1,1,"equal"
"530717-4820893",0,1,1,1,0,1,0,0,0,1,"equal"
"770817-4774860",0,0,1,1,1,1,0,1,1,1,"equal"
"760419-2804888",1,0,1,1,0,0,0,0,0,1,"equal"
"740710-1514379",0,0,0,0,0,1,0,1,1,1,"equal"
"540722-3114850",0,0,0,0,0,0,0,1,0,1,"equal"
"890202-3328814",1,1,0,0,0,0,0,1,0,0,"equal"
"630912-2991916",0,1,0,0,0,0,1,0,1,0,"equal"
"890217-1503435",0,1,1,1,1,1,1,1,0,1,"equal"
"600106-1301721",1,1,1,1,1,0,1,0,0,0,"equal"
"500409-4990390",1,1,0,0,0,0,0,1,0,0,"equal"
"910516-2905890",1,0,1,0,0,0,1,0,0,1,"equal"
"781106-3699052",0,1,0,1,1,0,1,0,1,1,"equal"
"831215-3538281",1,0,1,0,0,1,0,1,1,0,"equal"
"830222-4471604",1,1,0,1,1,0,1,1,1,0,"equal"
"931024-2604082",1,1,0,0,1,0,1,1,0,0,"equal"
"720719-2509116",0,1,1,1,1,0,1,0,1,1,"equal"
"801212-2009841",1,0,1,1,0,0,0,1,1,1,"equal"
"530106-2230494",0,1,0,0,1,1,0,0,0,1,"equal"
"970425-3466520",1,1,0,0,0,1,0,1,0,1,"equal"
"550609-2825774",0,1,0,1,0,0,1,0,1,1,"equal"
"621204-4908039",0,1,1,0,1,0,1,0,1,1,"equal"
"880626-3146396",0,1,1,1,1,0,1,0,0,0,"equal"
"770410-4506659",1,0,0,0,0,0,0,0,1,1,"equal"
"930417-3652208",1,1,1,1,0,0,0,0,1,1,"equal"
"920520-3520141",1,0,1,1,0,1,0,1,0,1,"equal"
"970504-3514330",0,0,1,1,0,0,1,1,1,1,"equal"
"630808-1380672",0,1,0,0,0,0,0,0,1,1,"equal"
"520410-4114618",1,0,1,0,1,0,0,1,1,0,"equal"
"971020-4502897",0,1,1,0,0,0,0,0,0,1,"equal"
"600505-1331473",1,0,0,0,1,1,1,1,1,1,"equal"
"691101-4026505",0,1,0,0,1,1,0,0,1,1,"equal"
"690901-4064861",0,1,0,1,0,0,0,0,0,1,"equal"
"610705-4052855",1,0,1,0,0,0,1,1,0,0,"equal"
"580306-4936821",1,0,0,0,0,1,1,0,1,0,"equal"
"870412-4682244",0,1,1,0,1,1,1,0,0,0,"equal"
"771202-2410927",1,0,1,1,0,1,1,1,1,0,"equal"
"900103-3255908",1,1,1,1,0,0,1,1,1,1,"equal"
"760319-1784833",0,1,1,1,1,0,0,0,1,0,"equal"
"520503-3534747",0,0,1,1,1,1,1,0,1,1,"equal"
"520523-3772928",1,0,0,1,1,1,0,1,0,0,"equal"
"790209-1680794",1,0,0,1,1,1,1,0,0,1,"equal"
"640224-3829636",0,1,1,0,0,1,0,0,1,1,"equal"
"710621-1336411",0,0,0,0,0,1,1,0,1,1,"equal"
"691105-2672047",1,0,1,0,1,1,0,0,1,1,"equal"
"700420-3255694",0,1,0,0,1,0,0,0,0,0,"equal"
"510828-2504765",0,1,0,0,0,1,0,1,1,1,"equal"
"500213-3345999",1,1,1,0,0,0,0,0,1,1,"equal"
"840101-1221712",0,0,0,0,0,1,0,0,1,0,"equal"
"630907-4640087",1,0,0,1,1,0,1,0,1,0,"equal"
"700727-4140875",0,1,0,0,0,1,1,1,0,0,"equal"
"950710-4660518",0,0,1,0,0,1,0,0,0,1,"equal"
"680406-1038789",1,0,1,1,0,0,1,1,1,0,"equal"
"791221-3336569",0,0,0,0,0,1,0,0,1,1,"equal"
"680610-3678995",1,0,0,1,0,1,0,0,0,0,"equal"
"870127-3843225",1,0,0,0,1,0,1,1,0,1,"equal"
"530103-4159927",0,0,0,1,0,0,1,1,0,0,"equal"
"910516-2817645",0,0,0,1,0,1,0,0,0,0,"equal"
"990910-4214835",1,1,0,0,1,1,0,1,0,1,"equal"
"521116-2896203",0,1,0,0,1,0,1,1,0,1,"equal"
"810323-2557835",1,0,1,0,0,0,0,1,1,0,"equal"
"540804-3086943",0,1,0,1,1,0,1,1,0,0,"equal"
"820104-2476767",1,1,1,0,0,0,0,1,0,1,"equal"
"810422-4961925",0,0,1,1,0,1,1,1,0,0,"equal"
"920712-1134303",1,0,1,0,0,1,1,1,1,1,"equal"
"970912-4002649",1,0,1,1,1,0,0,1,0,1,"equal"
"811212-4510409",0,1,0,0,0,0,1,0,1,0,"equal"
"930713-1155281",0,1,0,0,1,0,1,0,1,0,"equal"
"970916-3558954",1,1,0,1,1,1,0,0,1,0,"equal"
"811013-1269709",0,1,1,1,1,1,0,0,0,0,"equal"
"871004-4845031",0,1,1,0,0,0,1,0,0,1,"equal"
"670601-2468565",0,0,1,0,1,1,0,1,0,1,"equal"
"960127-1757398",1,1,1,0,0,0,1,0,1,1,"equal"
"591101-3760076",1,1,0,1,0,0,0,0,1,1,"equal"
"901104-2587251",1,0,0,0,1,1,1,0,0,1,"equal"
"740104-1603478",1,0,0,1,1,0,0,0,1,1,"equal"
"590301-1519709",1,0,0,1,1,0,1,1,0,0,"equal"
"730724-2559375",0,1,0,1,0,1,0,1,1,0,"equal"
"990105-3731150",0,0,0,1,0,1,1,0,0,1,"equal"
"870621-4983342",0,1,0,0,1,1,0,0,0,1,"equal"
"860203-3041896",0,0,0,0,0,0,1,0,1,1,"equal"
"720106-1912689",1,1,1,0,0,0,1,1,0,0,"equal"
"970118-4722361",0,0,0,0,0,0,1,0,1,0,"equal"
"650818-2537625",1,0,1,1,1,1,1,0,1,1,"equal"
"800103-3519138",0,0,0,0,0,0,0,1,1,1,"equal"
"870411-3066216",0,0,0,1,1,0,0,1,1,0,"equal"
"540323-4622126",1,1,1,0,0,1,1,0,1,0,"equal"
"850628-1335797",0,0,0,0,0,0,0,0,0,0,"equal"
"701015-3805848",1,1,1,0,1,0,1,1,1,1,"equal"
"740219-1390444",1,0,1,1,0,1,1,1,1,1,"equal"
"830705-1062374",0,1,1,0,1,1,0,1,1,1,"equal"
"800327-4641074",1,1,1,0,1,1,0,0,1,1,"equal"
"530614-4179390",1,1,1,1,1,0,0,1,0,1,"equal"
"901017-3151439",1,0,0,0,1,0,1,0,0,1,"equal"
"850620-2635405",0,0,1,1,1,0,1,1,1,1,"equal"
"790722-2928551",0,1,1,0,0,0,1,0,1,0,"equal"
"650201-4470503",0,0,0,0,1,0,0,0,1,1,"equal"
"691002-4436571",1,1,1,1,0,0,0,0,0,0,"equal"
"610718-3241676",1,1,1,1,1,1,0,1,0,1,"equal"
"831102-4218059",1,0,1,1,1,1,0,0,0,0,"equal"
"530108-3472235",0,1,0,1,0,1,0,1,1,1,"equal"
"810701-4610736",0,0,1,1,0,1,1,1,0,1,"equal"
"530327-1616507",0,0,0,1,0,0,1,1,1,1,"equal"
"851221-3140835",1,0,0,0,1,0,1,1,1,1,"equal"
"970707-2236559",0,1,0,1,1,1,0,1,0,0,"equal"
"810316-4000951",1,1,1,1,1,0,0,1,1,1,"equal"
"500426-1204394",0,1,1,1,1,0,0,0,1,1,"equal"
"630116-3655706",0,1,0,1,1,0,0,0,0,1,"equal"
"520515-2800286",0,1,1,0,1,1,1,0,1,1,"equal"
"960527-3834652",0,1,1,1,0,0,1,0,1,1,"equal"
"700510-2182106",1,1,0,1,1,1,1,1,1,1,"equal"
"600720-3951089",1,1,0,1,1,1,0,0,0,0,"equal"
"700813-4053286",1,1,0,0,0,0,1,0,0,0,"equal"
"961006-4132170",0,1,1,0,1,0,1,1,0,1,"equal"
"651202-4316782",1,0,0,1,1,0,1,1,1,0,"equal"
"881104-3135195",0,0,1,0,1,1,1,1,1,1,"equal"
"790226-2842989",0,1,0,0,0,0,0,0,0,1,"equal"
"530127-3376518",0,1,1,1,0,0,1,0,1,1,"equal"
"990702-2553767",0,0,1,0,0,0,1,1,1,0,"equal"
"590814-4263458",1,1,0,0,1,1,0,1,1,1,"equal"
"930521-4975900",0,1,0,1,1,1,0,0,1,1,"equal"
"520424-3810577",0,0,0,0,1,0,0,0,1,0,"equal"
"880503-3495216",1,1,0,0,1,1,0,1,1,1,"equal"
"901105-4668728",0,1,0,1,0,1,1,0,0,0,"equal"
"700505-3547389",1,0,0,1,1,1,1,1,1,0,"equal"
"600728-1454695",1,0,1,1,0,0,1,0,1,0,"equal"
"720302-4998644",1,0,1,0,1,0,1,1,0,0,"equal"
"900411-3488278",1,1,0,1,1,0,0,0,1,1,"equal"
"910313-3617709",1,1,0,0,0,0,0,1,1,0,"equal"
"750518-2087961",1,1,0,0,1,0,1,0,0,0,"equal"
"590924-3970651",0,1,1,1,1,1,0,1,0,1,"equal"
"991222-4704781",0,1,0,0,1,1,1,1,0,0,"equal"
"540601-4587337",1,1,0,0,1,1,0,1,0,1,"equal"
"921201-1963693",0,0,0,0,0,1,1,1,1,1,"equal"
"860522-3839450",1,0,0,1,1,1,1,0,1,1,"equal"
"790610-4129660",1,1,1,1,0,1,1,0,0,0,"equal"
"550411-3047864",0,0,0,1,0,0,1,1,1,1,"equal"
"580527-3130468",0,1,1,0,1,1,0,1,1,0,"equal"
"850819-1887063",1,1,1,1,1,0,0,0,1,0,"equal"
"840913-2758545",1,0,1,0,0,0,0,1,0,1,"equal"
"531025-2485028",0,1,0,1,0,0,0,1,1,1,"equal"
"801109-4630814",1,1,1,1,0,0,1,0,0,1,"equal"
"840526-3047113",0,1,0,1,0,0,1,0,0,1,"equal"
"660422-3757450",1,1,0,0,0,1,0,1,1,1,"equal"
"930609-4995131",1,1,0,1,1,0,1,0,0,0,"equal"
"970218-4885461",1,1,0,0,0,1,1,0,1,0,"equal"
"830408-1105194",1,1,0,1,1,0,1,0,1,1,"equal"
"820906-4971258",1,1,1,1,1,0,1,1,0,1,"equal"
"970821-1975552",1,0,0,0,0,1,1,0,0,1,"equal"
"550305-3997093",0,1,0,1,0,0,1,0,0,0,"equal"
"600717-2268463",1,1,0,1,0,1,0,0,1,1,"equal"
"830223-4556118",1,0,0,0,1,0,1,1,0,0,"equal"
"590205-3292773",0,0,1,0,1,0,1,0,1,0,"equal"
"960727-2885547",1,1,1,0,1,0,1,0,1,1,"equal"
"800108-3410744",1,1,1,0,0,0,1,0,0,0,"equal"
"950817-1868435",0,1,1,0,0,0,0,1,0,0,"equal"
"850308-1515044",1,1,0,1,1,1,0,1,0,1,"equal"
"760125-2908751",1,0,0,1,1,0,1,0,0,0,"equal"
"561110-3715675",1,1,1,0,1,0,1,0,0,0,"equal"
"750226-1986459",0,0,0,1,0,1,0,0,0,0,"equal"
"850813-4588787",1,1,1,1,1,0,0,0,0,1,"equal"
"620214-2606059",0,0,1,0,1,1,0,0,0,1,"equal"
"680407-3485429",0,1,0,0,0,1,1,0,0,1,"equal"
"880812-4046985",1,1,0,0,0,0,0,1,1,1,"equal"
"890225-4963567",0,0,1,0,1,1,0,1,1,0,"equal"
"560125-2907449",1,0,0,0,1,0,0,0,1,0,"equal"
"701015-4616894",1,1,0,0,0,0,0,0,0,0,"equal"
"980618-4469419",0,1,0,0,1,0,1,1,0,0,"equal"
"830722-4516905",1,1,0,0,0,1,1,0,1,1,"equal"
"570711-1361219",1,0,0,0,1,0,1,0,0,1,"equal"
"591006-2890735",1,1,1,0,1,0,0,1,1,0,"equal"
"920626-4511884",1,0,0,1,0,1,0,1,1,0,"equal"
"520101-4396205",0,1,0,0,0,0,0,1,0,0,"equal"
"840215-4597875",1,0,0,1,0,1,0,0,1,0,"equal"
"940822-2984424",1,0,0,1,1,1,1,0,0,1,"equal"
"680207-2538865",0,1,0,1,1,0,0,1,0,0,"equal"
"690721-4761492",1,0,0,1,1,1,0,0,1,1,"equal"
"961126-2995561",0,0,0,1,0,1,1,1,0,1,"equal"
"510125-1218940",0,1,0,0,1,1,0,0,0,1,"equal"
"971201-4976236",1,1,0,0,1,1,1,0,0,0,"equal"
"710316-1255838",0,1,0,0,1,0,1,1,1,0,"equal"
"990616-2727958",1,0,0,0,1,1,0,1,1,1,"equal"
"640903-3785583",1,0,1,0,0,1,1,1,1,0,"equal"
"850722-2303901",1,0,1,1,1,0,0,1,0,0,"equal"
"881119-1329113",1,0,1,0,0,1,0,1,1,1,"equal"
"900324-4708159",1,0,0,0,0,0,0,0,0,1,"equal"
"941115-2998674",0,1,0,1,0,0,1,0,1,0,"equal"
"950217-4419247",0,1,1,1,0,0,0,0,1,1,"equal"
"600724-4202128",0,0,1,1,1,0,1,1,0,0,"equal"
"770801-2606757",0,0,0,1,0,0,1,0,1,1,"equal"
"651118-4964393",0,0,0,0,1,0,1,0,1,0,"equal"
"741120-3527820",1,0,1,0,0,1,0,0,0,1,"equal"
"810411-1992775",0,0,1,1,1,1,0,1,1,1,"equal"
"831205-4629867",1,0,1,1,1,1,0,1,1,0,"equal"
"811210-4066135",0,0,0,0,1,1,0,1,0,0,"equal"
"550417-2373902",0,1,1,1,0,0,1,0,0,1,"equal"
"740425-3800775",0,0,1,1,1,1,1,0,1,1,"equal"
"720307-2422463",1,1,1,1,0,1,1,1,1,1,"equal"
"771218-4996739",1,1,1,0,1,0,1,0,1,0,"equal"
"740721-2071742",0,0,1,0,1,0,1,1,0,0,"equal"
"901109-1837380",0,0,1,1,1,0,1,1,1,1,"equal"
"570216-4361429",1,1,1,1,1,0,0,0,0,0,"equal"
"590515-2192029",0,1,1,0,1,1,0,1,0,0,"equal"
"940601-1836873",0,0,0,1,0,0,0,1,0,0,"equal"
"980303-3279156",0,0,1,0,1,1,1,0,0,0,"equal"
"500819-4849871",0,0,0,1,0,1,1,0,0,0,"equal"
"540221-3364981",1,0,1,0,0,0,1,1,1,1,"equal"
"921223-4945012",0,1,1,0,1,0,0,0,0,0,"equal"
"590228-3076218",1,1,0,1,1,1,1,0,0,0,"equal"
"911126-1581298",0,0,1,0,1,0,1,0,1,0,"equal"
"621007-2658781",1,1,1,1,0,0,1,0,0,0,"equal"
"980625-4067435",0,0,1,0,1,1,0,0,1,1,"equal"
"990118-2349406",1,0,0,0,0,1,1,1,0,1,"equal"
"691215-1479099",1,1,1,1,1,1,1,0,0,1,"equal"
"750305-2277332",0,0,0,0,0,0,1,0,0,1,"equal"
"910915-4258232",1,0,0,0,1,0,1,1,1,1,"equal"
"860228-3714484",0,1,1,1,0,1,1,1,0,0,"equal"
"940207-3259138",1,0,0,0,1,1,0,0,0,0,"equal"
"680704-1591440",1,1,0,1,1,1,1,1,0,0,"equal"
"910608-4837706",1,0,1,0,0,1,0,0,1,0,"equal"
"720710-1058369",0,1,1,0,1,1,0,1,1,1,"equal"
"570917-4176174",1,1,1,1,0,1,0,0,0,1,"equal"
"901123-2394062",0,1,1,0,0,1,1,0,0,0,"equal"
"850715-4350405",0,1,1,1,0,0,0,1,1,1,"equal"
"710217-3731998",0,1,0,0,0,1,1,0,1,0,"equal"
"810811-2654444",1,1,0,1,0,1,0,0,1,0,"equal"
"860519-2666151",0,0,0,0,0,0,0,0,1,0,"equal"
"560121-2698112",0,0,1,0,0,0,0,1,1,0,"equal"
"961012-3583776",0,1,0,1,1,0,1,0,1,1,"equal"
"770528-3727041",1,0,1,0,1,1,0,1,1,0,"equal"
"750620-2579336",1,0,1,0,1,1,1,1,0,0,"equal"
"590712-1380120",0,0,1,0,0,0,0,0,1,1,"equal"
"601224-3055645",0,1,1,0,0,0,0,0,1,1,"equal"
"710723-4107956",0,0,0,0,0,0,0,1,1,0,"equal"
"611211-3560317",0,0,1,0,1,1,1,0,0,0,"equal"
"661008-1371296",1,1,1,0,0,1,1,0,0,1,"equal"
"820417-3068599",1,1,0,1,0,0,0,1,0,1,"equal"
"540428-4763629",0,0,0,1,1,0,1,0,1,0,"equal"
"950727-1086483",1,0,0,1,0,1,0,0,0,1,"equal"
"731011-4670850",1,1,0,0,0,0,1,0,1,0,"equal"
"640704-2376119",1,1,1,1,1,1,0,1,1,1,"equal"
"770108-3861670",0,0,0,0,0,0,1,1,0,1,"equal"
"730703-3954896",0,1,0,1,0,1,1,1,1,0,"equal"
"820819-3930926",1,0,0,0,1,1,1,1,1,1,"equal"
"961110-2135048",1,0,0,0,0,0,0,1,0,0,"equal"
"900712-4640408",0,1,0,1,1,1,0,0,1,0,"equal"
"760908-4664584",0,1,0,1,1,0,1,0,0,0,"equal"
"871110-2438090",1,0,0,0,1,0,1,1,0,0,"equal"
"920214-3102549",0,1,0,0,1,0,0,1,1,0,"equal"
"640619-3937101",0,0,1,1,0,1,1,1,0,1,"equal"
"740625-3656462",0,0,0,0,0,0,1,0,0,0,"equal"
"650710-1323330",1,0,0,1,1,0,0,0,0,1,"equal"
"690423-4604734",1,1,0,1,1,0,1,0,1,0,"equal"
"850325-4116098",0,0,1,1,0,0,0,1,1,0,"equal"
"800321-1702078",1,1,1,0,1,1,1,0,1,0,"equal"
"650720-3051225",0,0,0,0,1,0,1,0,0,0,"equal"
"820618-1440944",1,0,0,1,1,1,1,0,1,1,"equal"
"620105-4101477",1,0,0,1,0,1,0,0,0,1,"equal"
"750325-2475391",1,1,1,0,1,0,1,0,0,1,"equal"
"820602-1079276",0,1,1,0,0,0,0,0,0,1,"equal"
"500218-2368008",1,1,0,1,1,0,1,0,1,0,"equal"
"551220-4341541",0,0,0,1,0,1,1,1,1,1,"equal"
"500408-2229235",1,1,1,1,0,1,0,0,0,1,"equal"
"790118-1414491",1,1,1,0,0,0,0,1,1,0,"equal"
"960916-1618127",0,0,0,0,1,1,0,1,0,1,"equal"
"990103-1519235",0,0,0,0,0,1,1,0,1,0,"equal"
"650813-3864087",1,0,1,1,0,1,1,0,0,0,"equal"
"570909-3679064",0,0,1,0,1,0,0,1,0,1,"equal"
"551213-1070450",1,0,1,0,0,1,0,1,0,1,"equal"
"530820-3530778",1,0,1,0,1,1,0,1,1,0,"equal"
"821124-3187573",0,0,0,1,1,1,1,1,1,0,"equal"
"880521-1962373",1,0,0,1,1,1,1,1,0,0,"equal"
"930426-3639491",1,0,1,1,1,1,0,0,0,0,"equal"
"901006-4950000",0,0,0,1,0,1,1,0,1,1,"equal"
"810508-3262741",0,1,0,1,1,0,1,0,1,1,"equal"
"940907-2583689",0,0,0,0,1,1,0,1,0,0,"equal"
"671205-2653343",0,0,1,1,0,0,1,1,1,1,"equal"
"760507-2297493",1,1,0,0,1,1,1,0,0,1,"equal"
"840118-3768062",1,1,1,0,0,0,0,0,0,1,"equal"
"531201-2533242",1,0,1,1,0,0,0,0,0,1,"equal"
"560825-2121027",1,0,0,0,1,0,0,1,1,1,"equal"
"960608-3807170",0,1,1,0,0,0,1,1,1,1,"equal"
"610826-1608464",1,0,0,0,1,1,0,0,0,1,"equal"
"700924-4820848",1,0,0,1,1,0,0,1,1,0,"equal"
"821207-1849776",1,0,0,0,0,1,0,0,1,1,"equal"
"990921-2249743",0,1,0,0,0,0,0,1,1,0,"equal"
"641001-3005774",0,0,1,0,0,0,0,0,1,0,"equal"
"961223-3611043",1,1,1,0,1,1,0,1,0,0,"equal"
"510620-4736777",1,1,1,0,0,0,1,1,1,1,"equal"
"790106-2638562",0,1,1,1,1,1,0,0,0,0,"equal"
"960415-3799736",1,0,1,0,0,1,1,0,1,1,"equal"
"650810-4060561",0,0,0,1,0,0,1,0,0,1,"equal"
"740910-4411876",1,0,1,0,1,0,0,0,0,1,"equal"
"650221-4670908",1,1,0,0,0,0,1,1,0,1,"equal"
"970617-4673840",1,1,1,1,0,1,1,1,0,0,"equal"
"570921-3654458",1,0,0,0,0,1,0,1,1,1,"equal"
"850428-2046603",0,1,0,0,1,0,0,0,0,1,"equal"
"741004-4606581",1,1,0,1,0,0,0,0,1,0,"equal"
"731015-2924230",1,0,0,0,0,1,0,1,0,1,"equal"
"891111-2519356",1,0,1,1,0,1,0,0,0,1,"equal"
"600427-3829169",1,0,0,1,1,1,1,0,1,1,"equal"
"900501-3580310",0,1,1,0,0,0,0,0,0,1,"equal"
"820603-3630522",1,1,1,1,0,0,0,1,0,1,"equal"
"880813-1401733",0,0,1,1,1,0,1,0,1,1,"equal"
"530902-4496334",1,0,0,1,0,1,0,0,0,1,"equal"
"500113-4480796",0,1,1,0,0,0,0,1,1,1,"equal"
"710607-1592519",1,1,0,0,0,0,1,1,1,1,"equal"
"500708-1889296",1,1,1,1,0,0,0,1,1,0,"equal"
"720408-1412394",1,1,1,1,1,0,0,0,1,0,"equal"
"790307-2886022",0,0,0,0,0,1,1,1,1,1,"equal"
"830915-2246502",0,1,1,1,0,1,1,0,0,1,"equal"
"530402-3142235",0,1,0,1,1,0,1,0,0,1,"equal"
"630501-2028832",0,1,1,0,1,1,0,0,0,1,"equal"
"800117-2072861",0,1,0,0,0,0,1,1,1,0,"equal"
"941112-4226688",0,1,0,1,0,1,0,1,1,1,"equal"
"711001-4864185",1,0,1,1,1,1,1,1,1,1,"equal"
"920127-4880957",1,1,1,0,0,0,1,0,0,1,"equal"
"670913-1623907",0,1,1,0,0,1,1,1,0,0,"equal"
"720504-2322820",1,1,1,0,1,1,1,1,0,0,"equal"
"740327-1480700",0,1,0,1,0,0,1,1,1,0,"equal"
"910627-2828218",0,1,1,0,0,1,0,1,1,1,"equal"
"950818-1440099",0,1,1,1,0,0,0,0,0,1,"equal"
"860113-1426969",1,1,1,0,0,1,1,0,1,0,"equal"
"591201-1546744",1,1,1,0,0,0,1,0,0,1,"equal"
"990418-4689495",0,1,0,0,0,0,0,0,1,0,"equal"
"560803-3143540",0,1,0,1,1,1,0,1,1,0,"equal"
"680318-1721997",0,0,0,0,0,1,1,1,1,0,"equal"
"590520-3101897",1,1,1,1,0,1,1,1,1,0,"equal"
"910620-2590893",1,0,0,0,1,0,0,0,1,1,"equal"
"670509-2264268",1,0,0,1,0,1,1,0,1,0,"equal"
"581001-2880560",1,0,1,0,1,1,1,1,1,0,"equal"
"500128-1166866",1,0,0,0,1,1,0,0,1,0,"equal"
"560216-2677154",1,0,1,1,0,1,0,0,1,0,"equal"
"960805-4394317",0,1,0,1,1,1,1,1,0,0,"equal"
"580224-1481029",1,0,0,0,0,1,1,1,0,0,"equal"
"920422-4997271",1,0,1,0,1,1,1,1,0,0,"equal"
"541220-1045049",1,0,0,1,0,0,0,0,1,0,"equal"
"661101-4982044",0,1,0,0,1,1,0,1,0,1,"equal"
"680105-2387134",1,0,1,0,1,0,0,1,1,1,"equal"
"961005-2097984",0,0,1,1,0,1,0,0,0,1,"equal"
"800913-4525095",1,1,0,0,1,1,1,1,0,1,"equal"
"861004-2848077",1,1,1,1,0,1,1,0,0,1,"equal"
"970407-2754190",1,0,0,0,0,0,1,1,1,1,"equal"
"560528-4699948",1,0,1,1,1,1,0,0,1,1,"equal"
"940413-3610795",1,1,0,1,0,1,1,0,1,1,"equal"
"911113-1290766",1,0,1,1,1,1,1,0,1,0,"equal"
"641227-4536676",1,0,0,0,0,0,0,0,0,0,"equal"
"950928-3299640",1,0,0,0,1,1,1,0,0,0,"equal"
"500515-3717985",0,0,0,0,1,1,0,0,0,0,"equal"
"810525-3985551",1,1,1,0,0,0,0,1,0,1,"equal"
"990920-3372249",1,1,1,0,1,0,0,1,1,1,"equal"
"500901-3799805",0,0,0,0,0,1,1,1,0,1,"equal"
"520922-1777583",0,0,0,0,0,0,0,0,0,0,"equal"
"511228-4657880",0,1,1,0,0,1,1,1,0,0,"equal"
"950515-1064544",1,0,0,0,1,0,1,1,1,1,"equal"
"941205-2186315",0,0,0,0,1,0,1,1,1,0,"equal"
"771209-1464735",0,0,1,1,0,1,1,1,0,1,"equal"
"780709-1399493",0,0,1,1,0,1,0,1,1,0,"equal"
"991127-2632676",0,1,0,0,0,0,0,1,0,1,"equal"
"661122-3879327",0,1,0,1,0,1,1,1,1,0,"equal"
"770505-1630675",0,0,1,0,1,0,1,1,0,1,"equal"
"540801-2760749",1,0,1,1,0,0,0,0,0,0,"equal"
"771226-2402300",0,1,0,0,0,0,1,0,1,0,"equal"
"811206-3029316",1,1,1,0,1,1,1,1,0,0,"equal"
"570308-2699528",0,0,0,1,1,1,0,0,1,0,"equal"
"601102-1096506",1,1,1,0,1,1,0,0,1,1,"equal"
"760509-2557052",0,1,0,0,0,1,0,1,0,0,"equal"
"741108-3761471",0,1,0,0,0,0,0,1,0,1,"equal"
"600821-1190523",0,1,0,1,0,1,0,0,1,0,"equal"
"931207-2412311",1,1,1,1,1,0,0,1,1,0,"equal"
"500722-1878953",0,0,0,1,1,1,0,1,1,1,"equal"
"601106-3574743",1,0,0,0,1,0,0,0,1,1,"equal"
"580613-4771508",0,1,0,0,0,1,0,0,0,0,"equal"
"860425-4298463",0,0,1,0,1,0,1,1,0,0,"equal"
"860209-1710257",1,0,1,1,0,1,0,1,1,0,"equal"
"840120-3813607",1,0,0,1,1,1,1,1,1,1,"equal"
"790721-3112410",1,0,0,0,1,1,0,1,1,1,"equal"
"860503-3459348",1,1,1,1,1,1,1,1,1,0,"equal"
"811008-2677796",0,0,1,0,0,1,0,1,1,1,"equal"
"620602-3930657",1,1,0,0,1,0,0,1,0,1,"equal"
"590107-1333758",0,0,1,1,1,1,0,0,0,1,"equal"
"771205-1842544",1,1,1,0,0,0,0,0,0,1,"equal"
"700123-3227097",1,1,1,1,0,1,1,0,1,0,"equal"
"950812-1555320",0,1,1,0,1,0,0,0,1,1,"equal"
"510314-2106561",0,1,0,0,1,0,0,1,1,1,"equal"
"590505-2963419",0,1,1,0,0,0,1,0,1,0,"equal"
"911105-3164735",0,1,0,0,1,0,1,0,0,0,"equal"
"700425-1646900",1,0,0,0,1,1,1,0,1,0,"equal"
"550425-3950075",0,1,1,1,1,0,1,0,0,1,"equal"
"700826-4951182",1,0,1,1,1,0,0,1,1,0,"equal"
"960711-4648778",1,0,0,0,1,0,1,1,1,0,"equal"
"950104-2167325",1,1,1,1,1,1,1,1,1,1,"equal"
"680708-2461467",0,0,0,1,1,0,0,1,0,1,"equal"
"640914-3376454",1,1,1,1,0,1,1,1,1,1,"equal"
"600627-2393183",0,1,0,0,0,0,1,1,1,0,"equal"
"690302-2038105",0,0,1,1,1,0,0,1,0,1,"equal"
"940923-2337444",0,0,0,1,0,0,0,1,0,0,"equal"
"890221-4829084",1,1,0,1,0,0,1,1,1,0,"equal"
"780725-2724582",0,0,0,0,0,0,1,1,0,1,"equal"
"900505-1847789",0,1,1,0,0,0,0,1,0,0,"equal"
"691007-3381634",1,1,1,0,0,1,0,1,1,0,"equal"
"861226-1702526",1,0,0,1,1,0,1,0,1,1,"equal"
"721205-2855912",0,1,0,1,1,0,1,1,0,0,"equal"
"500214-3292763",1,0,1,0,0,1,1,0,0,1,"equal"
"510126-2100895",0,0,1,0,0,0,0,1,1,1,"equal"
"780221-4501898",0,1,1,0,0,0,0,0,0,1,"equal"
"980227-3958369",1,1,1,1,1,0,0,0,0,0,"equal"
"980915-2799357",1,0,0,1,0,0,1,0,0,0,"equal"
"980117-4865415",1,0,0,0,1,0,1,0,1,0,"equal"
"841119-4731374",1,0,0,0,0,0,0,1,1,1,"equal"
"681221-2759967",1,0,1,0,1,1,1,0,1,1,"equal"
"980309-4255960",1,1,0,0,1,0,1,1,1,0,"equal"
"550714-2156063",0,1,0,0,1,0,1,1,0,0,"equal"
"510818-2610364",1,0,1,1,0,0,1,1,0,0,"equal"
"990218-1018281",0,1,0,1,0,0,0,1,1,1,"equal"
"801105-1338413",1,0,1,1,1,0,1,1,1,0,"equal"
"900126-3563207",0,0,1,0,0,0,0,0,1,1,"equal"
"961204-1655588",0,0,1,1,0,1,0,1,1,1,"equal"
"750311-1650963",1,1,0,1,1,1,1,1,0,0,"equal"
"530408-4517292",1,0,0,1,0,0,1,1,1,1,"equal"
"981009-2276014",1,1,1,0,0,0,1,0,1,0,"equal"
"510407-2578495",0,1,1,0,1,1,0,0,1,0,"equal"
"690918-1829696",0,0,0,0,0,0,1,0,1,1,"equal"
"860407-4686376",1,0,1,0,1,0,0,0,0,1,"equal"
"710814-1856220",1,1,1,1,1,1,1,0,1,0,"equal"
"870401-2612949",1,0,0,1,0,1,0,1,1,1,"equal"
"610124-3494138",1,1,1,0,1,0,0,1,1,1,"equal"
"960622-3144255",1,0,0,0,1,1,1,0,0,1,"equal"
"520702-4231541",0,1,0,1,0,0,1,1,0,0,"equal"
"821125-1328801",0,0,0,1,1,1,0,1,0,0,"equal"
"820720-3027724",1,0,0,0,0,1,1,1,1,0,"equal"
"511219-3844263",0,1,1,1,0,0,1,0,0,1,"equal"
"951019-3596875",0,1,1,0,0,0,0,0,1,0,"equal"
"631006-4528552",0,1,1,0,0,1,0,0,1,1,"equal"
"620610-2496836",0,0,1,0,1,0,0,0,1,0,"equal"
"930423-2701435",0,0,1,1,1,1,0,0,0,1,"equal"
"681013-3461235",1,1,0,1,0,1,1,0,0,1,"equal"
"830205-4666334",0,1,1,1,0,0,0,1,0,0,"equal"
"710819-1581166",0,0,0,0,0,0,0,0,1,1,"equal"
"820309-1629041",0,0,0,0,1,1,1,0,0,1,"equal"
"950528-2658997",1,0,1,0,0,0,1,0,1,1,"equal"
"940318-1840478",0,0,1,0,1,1,1,0,0,0,"equal"
"950922-3887948",0,0,0,0,1,1,1,0,0,0,"equal"
"781116-3801293",1,1,1,1,0,0,0,1,0,1,"equal"
"970903-1531132",0,1,0,0,1,0,1,1,0,0,"equal"
"791209-1928863",0,0,0,1,0,1,1,0,1,0,"equal"
"581226-4512732",0,1,0,1,1,1,1,1,0,0,"equal"
"690726-4039853",0,1,1,1,1,0,0,1,0,0,"equal"
"640504-3964517",0,1,0,0,0,1,1,1,0,0,"equal"
"740625-1864973",1,1,0,1,1,0,1,1,1,0,"equal"
"920518-1092957",0,1,1,1,0,0,0,1,0,0,"equal"
"871202-3176960",0,0,0,1,0,1,1,0,1,0,"equal"
"850815-1877777",1,0,1,1,0,0,1,0,1,1,"equal"
"890323-1480080",0,1,0,0,1,0,0,0,0,1,"equal"
"811227-3582194",1,1,1,0,0,0,1,0,1,1,"equal"
"900122-4375712",0,0,1,0,0,1,0,0,0,1,"equal"
"670226-3371027",1,1,1,0,0,0,0,1,0,0,"equal"
"640301-1497288",1,1,0,0,0,0,1,1,0,1,"equal"
"960118-1613558",0,1,0,1,0,1,1,1,0,0,"equal"
"911006-1959986",0,1,1,1,0,0,1,0,1,0,"equal"
"990605-3035214",0,1,1,1,0,0,1,0,1,0,"equal"
"931007-2488328",0,1,0,1,1,0,0,0,0,0,"equal"
"900205-1126059",1,1,0,1,1,1,1,1,1,1,"equal"
"961219-4363134",0,1,1,1,1,1,1,0,1,1,"equal"
"970818-1173292",1,1,1,0,1,1,1,1,1,0,"equal"
"750704-3527329",0,1,0,0,0,1,1,0,0,1,"equal"
"971028-4900249",1,0,0,1,0,0,1,0,0,1,"equal"
"820115-2820913",0,0,1,0,0,0,0,1,1,0,"equal"
"521124-1326906",1,0,0,0,1,0,1,1,1,1,"equal"
"710916-4990748",0,0,0,1,1,0,1,1,0,0,"equal"
"890523-1371047",0,1,1,1,0,0,1,1,1,0,"equal"
"610524-2298349",0,0,0,1,0,0,1,1,0,1,"equal"
"811109-2900162",1,1,1,1,1,1,0,1,1,1,"equal"
"731124-4540118",0,0,1,0,1,1,1,1,1,0,"equal"
"650701-3779897",1,0,0,0,0,0,0,1,0,0,"equal"
"680118-3552486",0,1,1,0,1,0,1,0,0,1,"equal"
"681015-3684505",1,1,0,0,0,1,1,0,1,1,"equal"
"920627-4997265",1,1,0,1,0,1,1,1,0,0,"equal"
"940304-3700218",1,0,1,0,1,1,1,1,1,0,"equal"
"990104-4806577",1,1,1,0,0,0,1,0,0,1,"equal"
"661214-3893324",1,1,0,0,1,0,0,1,1,1,"equal"
"961012-3042063",1,0,0,1,1,0,1,0,0,1,"equal"
"600406-3835789",1,0,1,0,1,0,0,0,0,0,"equal"
"961123-3089351",0,0,0,0,0,0,0,0,1,1,"equal"
"900204-1607499",1,1,1,0,0,0,0,0,1,0,"equal"
"540808-3632904",1,1,0,1,1,1,0,1,0,1,"equal"
"581002-2596984",0,0,1,0,1,1,1,1,0,1,"equal"
"881209-2471274",0,1,0,0,0,1,0,0,0,1,"equal"
"560714-1540609",0,1,1,1,0,0,1,0,1,1,"equal"
"580507-2564526",1,0,0,1,0,0,1,1,0,0,"equal"
"530808-2569839",1,1,1,0,1,0,0,1,0,1,"equal"
"810105-2611677",0,0,1,1,1,0,0,0,1,1,"equal"
"631209-3157918",1,0,0,0,1,0,0,0,0,1,"equal"
"590214-3861648",1,0,1,1,0,1,1,0,1,0,"equal"
"640203-2683271",1,0,0,0,1,1,1,0,0,0,"equal"
"520701-4074603",0,1,0,0,1,1,0,0,0,0,"equal"
"530626-3135413",0,0,0,1,1,0,1,0,0,0,"equal"
"651228-4969053",1,1,0,0,1,1,0,1,0,0,"equal"
"970127-2023778",1,1,1,1,1,0,0,0,1,0,"equal"
"790406-1189424",1,0,0,0,1,0,1,0,0,1,"equal"
"710101-4077598",0,1,1,1,1,1,0,0,1,1,"equal"
"630907-4321355",0,0,1,1,0,0,0,0,1,1,"equal"
"730217-4537432",0,1,1,1,0,0,0,1,0,0,"equal"
"551019-3531535",0,1,0,0,1,1,0,0,1,1,"equal"
"900501-3049534",0,0,0,0,0,0,1,1,0,0,"equal"
"770805-2053316",1,0,0,0,1,1,1,1,1,1,"equal"
"550205-3957429",1,1,0,1,1,1,0,0,1,1,"equal"
"680306-1124813",1,1,0,1,0,0,0,0,1,0,"equal"
"711224-2112390",1,1,0,0,0,0,0,1,0,1,"equal"
"670824-4305731",0,0,1,1,1,0,1,0,1,1,"equal"
"990819-4577752",0,1,0,1,0,1,1,0,1,0,"equal"
"540305-2639950",1,0,0,0,1,1,0,0,0,1,"equal"
"541006-2350436",1,0,1,0,0,1,0,1,0,1,"equal"
"771021-3421954",1,0,1,1,0,1,1,1,0,0,"equal"
"951225-1897339",0,1,0,0,1,0,1,1,1,0,"equal"
"721011-1704130",1,0,1,1,1,0,1,0,1,1,"equal"
"740118-2277002",0,0,0,1,1,0,1,1,0,0,"equal"
"740217-1697050",0,1,1,0,0,0,1,1,0,0,"equal"
"851014-3776231",1,0,1,1,1,0,1,1,1,0,"equal"
"900517-3974350",1,0,1,1,0,1,1,0,1,0,"equal"
"820126-3885309",0,0,1,1,0,0,0,1,0,0,"equal"
"960515-1558253",0,0,1,1,0,1,0,1,1,0,"equal"
"821028-3957923",1,1,0,0,1,1,1,0,0,1,"equal"
"890203-2478073",1,1,0,1,1,0,0,0,1,1,"equal"
"830413-4736697",0,0,1,0,1,0,0,0,1,1,"equal"
"750827-4594412",0,1,0,1,1,1,1,0,1,0,"equal"
"891120-1303342",1,0,0,1,1,0,1,1,0,0,"equal"
"870124-4007251",0,1,0,1,1,1,0,0,0,1,"equal"
"830122-2866922",1,1,1,1,1,1,0,0,0,1,"equal"
"790922-4272055",0,1,1,0,0,1,1,1,1,0,"equal"
"750419-3521087",0,1,0,1,1,0,1,0,1,1,"equal"
"730321-1100307",1,1,0,0,1,1,0,0,0,0,"equal"
"691021-1141542",0,0,1,1,1,1,0,0,1,0,"equal"
"910315-2306999",0,0,0,1,1,1,0,0,0,1,"equal"
"580328-1637240",0,0,1,0,1,1,0,0,0,0,"equal"
"601204-1598108",1,1,1,1,1,0,0,1,1,0,"equal"
"781213-1077459",0,0,0,0,1,1,1,0,0,1,"equal"
"550206-3213896",1,1,0,0,0,0,1,0,1,1,"equal"
"960515-2945544",0,1,1,1,0,1,0,1,0,1,"equal"
"850919-2592802",1,1,1,1,0,0,0,0,1,0,"equal"
"500707-4358401",1,1,0,0,1,0,0,1,0,1,"equal"
"850419-2269464",0,0,1,0,0,1,1,0,0,0,"equal"
"920828-4375802",0,0,1,1,1,1,0,0,0,0,"equal"
"770708-3065867",1,0,0,0,0,0,0,1,0,0,"equal"
"690828-3537087",1,0,1,0,1,0,0,0,1,1,"equal"
"530427-1560687",1,0,0,0,0,1,1,1,0,0,"equal"
"620306-2237106",0,0,0,1,0,1,0,0,1,1,"equal"
"701214-4934710",1,0,0,0,1,1,0,1,1,0,"equal"
"630920-2902794",1,0,0,1,1,0,0,0,1,0,"equal"
"991207-2364037",1,0,0,1,1,1,0,1,1,1,"equal"
"500705-2731146",1,1,1,0,1,1,1,0,1,1,"equal"
"950509-3787297",1,1,0,0,1,0,1,1,1,0,"equal"
"740411-1448241",1,1,0,1,1,1,0,0,0,1,"equal"
"900301-1006777",1,0,0,1,0,0,1,0,1,0,"equal"
"940502-1159205",0,0,1,0,1,0,1,0,0,0,"equal"
"500227-4279615",1,0,1,1,1,0,1,1,1,0,"equal"
"750705-4383958",0,0,1,1,1,0,0,0,0,1,"equal"
"780207-1428082",1,1,1,0,0,1,1,1,1,1,"equal"
"731111-2009654",1,0,0,1,0,0,1,1,0,0,"equal"
"630414-3290040",1,0,0,1,1,0,0,1,0,1,"equal"
"940904-3267453",0,0,0,0,1,0,0,1,1,1,"equal"
"791010-1079870",1,0,0,1,1,1,0,0,1,0,"equal"
"571114-2554520",1,0,1,0,1,0,0,1,0,1,"equal"
"630206-2030694",0,1,0,1,0,0,1,1,0,0,"equal"
"720713-4320658",1,1,1,1,1,1,0,1,0,0,"equal"
"890312-1720709",1,0,0,0,1,1,0,0,0,1,"equal"
"740907-4907532",1,0,1,0,1,1,0,0,0,0,"equal"
"881119-4300466",1,1,0,1,1,0,0,0,0,0,"equal"
"761217-4892036",1,0,1,1,1,1,0,1,1,1,"equal"
"510425-2899249",1,0,0,1,1,1,0,0,1,1,"equal"
"580911-4389976",1,0,1,1,1,0,0,1,0,1,"equal"
"940418-1668952",0,0,1,0,1,0,0,1,0,1,"equal"
"510918-1071558",1,0,0,1,0,1,1,1,0,0,"equal"
"950208-4338085",0,0,1,0,1,0,1,1,0,0,"equal"
"510922-4691847",1,1,1,1,0,1,0,0,1,1,"equal"
"500116-3533892",0,0,0,1,0,0,0,1,1,1,"equal"
"660704-3154626",0,1,0,0,0,1,1,0,1,1,"equal"
"850627-1507439",0,1,1,1,0,0,1,1,1,0,"equal"
"510107-1342162",1,1,1,0,0,1,1,0,0,1,"equal"
"630505-2945082",1,1,1,0,0,1,1,0,0,1,"equal"
"950421-4982916",1,1,0,1,0,1,0,1,1,1,"equal"
"661223-3894475",1,1,1,0,0,0,1,0,0,0,"equal"
"970524-2326337",0,0,1,1,0,0,1,0,0,0,"equal"
"980308-3449704",0,0,1,0,1,0,0,0,1,1,"equal"
"990608-1062656",1,1,0,1,0,0,1,1,1,0,"equal"
"520727-2631856",1,0,1,1,1,0,0,1,1,1,"equal"
"840421-4099455",1,1,1,0,1,0,1,1,1,1,"equal"
"911219-2653169",1,0,1,1,0,0,0,1,0,0,"equal"
"580607-1342310",0,0,0,1,0,1,0,0,1,0,"equal"
"700326-3598890",1,1,0,0,0,1,1,1,0,1,"equal"
"890317-3186472",0,0,1,0,1,0,1,0,0,0,"equal"
"681123-1920121",0,1,1,1,1,0,0,0,0,0,"equal"
"680222-3054658",1,0,0,0,0,0,1,0,0,1,"equal"
"590511-2663816",1,1,1,1,0,1,1,1,0,1,"equal"
"611014-2500055",0,0,0,1,0,1,1,1,0,0,"equal"
"720916-1669936",1,1,0,0,1,1,1,0,0,0,"equal"
"690307-3660148",1,0,1,1,1,1,0,1,1,1,"equal"
"820502-4284692",0,1,1,1,1,0,0,1,1,1,"equal"
"661026-2065490",1,1,0,0,1,1,0,0,1,0,"equal"
"981224-3712190",1,0,1,0,1,0,0,0,0,0,"equal"
"680201-3124687",1,0,0,1,0,0,0,0,0,1,"equal"
"780610-2717399",1,1,0,1,1,1,0,0,1,1,"equal"
"670701-4846231",0,1,0,1,0,1,0,1,0,0,"equal"
"710510-1224512",1,0,0,1,1,1,0,1,0,1,"equal"
"651108-1260450",1,0,0,1,1,0,1,0,0,0,"equal"
"980718-3003362",0,0,0,0,1,1,1,1,0,1,"equal"
"850220-3551641",1,0,1,1,1,0,0,1,0,0,"equal"
"640406-2169929",1,1,0,1,0,1,1,0,0,1,"equal"
"640620-4452088",0,0,1,1,1,0,1,1,1,0,"equal"
"930425-2533733",1,0,1,1,0,1,1,0,1,0,"equal"
"881205-3818361",0,1,1,1,0,0,0,1,1,0,"equal"
"610226-1037100",0,1,0,1,0,1,1,0,1,0,"equal"
"660525-2503206",1,1,0,0,0,0,0,0,1,1,"equal"
"980927-4236613",1,0,0,0,1,0,0,0,0,0,"equal"
"700705-4078379",0,1,0,0,0,1,1,0,1,1,"equal"
"630708-4025538",1,0,0,0,1,0,0,0,1,0,"equal"
"760101-4927118",0,0,0,1,1,1,0,0,0,0,"equal"
"890525-3168026",1,1,1,1,0,1,0,0,1,1,"equal"
"800702-2205925",0,0,0,1,1,1,0,0,0,0,"equal"
"850508-3345248",1,0,1,0,0,0,1,1,1,1,"equal"
"830126-4777320",1,1,0,0,0,1,1,0,0,0,"equal"
"720921-1684360",0,0,0,0,0,1,0,1,1,1,"equal"
"570904-1164889",0,0,0,0,1,1,1,1,1,1,"equal"
"631124-4166588",0,1,0,1,0,0,0,1,1,0,"equal"
"940128-3211216",1,1,1,0,0,0,0,1,0,0,"equal"
"501227-3571698",1,0,0,1,1,0,0,0,0,1,"equal"
"660105-3005983",1,1,1,0,1,0,0,1,1,1,"equal"
"560914-3446035",0,0,1,1,0,1,0,1,0,1,"equal"
"870515-2405693",0,0,0,0,1,0,1,0,1,0,"equal"
"940515-2610057",1,1,1,1,0,1,1,0,1,1,"equal"
"921019-4518661",0,1,1,1,1,1,0,0,1,0,"equal"
"950910-3176213",0,0,0,0,0,0,1,0,0,1,"equal"
"860217-2530691",0,1,1,1,0,0,1,0,1,0,"equal"
"931008-1204424",1,1,0,0,0,0,1,1,0,1,"equal"
"561016-3756630",0,0,1,1,0,1,0,1,1,0,"equal"
"860921-2226165",0,0,1,0,0,1,1,1,0,1,"equal"
"531007-3818706",0,0,0,0,0,0,1,0,0,0,"equal"
"621115-2511796",0,0,1,0,1,1,0,1,0,1,"equal"
"690404-1224602",1,1,1,0,1,1,1,0,0,0,"equal"
"600914-3351971",0,0,1,1,1,0,1,0,0,1,"equal"
"900220-1578799",1,1,1,0,1,0,0,1,0,1,"equal"
"810428-3868953",0,0,0,1,1,1,0,1,1,1,"equal"
"910606-2332194",1,1,0,0,1,0,0,1,1,1,"equal"
"540226-3502261",1,0,1,0,1,0,0,0,0,1,"equal"
"930118-2450932",0,1,0,0,1,1,0,1,0,0,"equal"
"860516-3520924",1,1,1,1,0,1,1,1,0,0,"equal"
"900420-3921058",1,0,1,0,0,0,1,0,1,0,"equal"
"870414-4376453",1,0,0,0,1,0,0,0,1,1,"equal"
"571013-4458692",0,0,1,1,0,1,0,1,1,0,"equal"
"710402-1191028",0,0,1,0,0,0,0,0,0,0,"equal"
"880512-2525217",1,1,1,1,0,1,1,1,0,1,"equal"
"890328-3267130",0,0,1,1,1,0,1,1,0,0,"equal"
"690407-4019428",0,0,1,1,0,0,1,0,1,1,"equal"
"591206-3312914",0,0,1,0,0,0,0,1,0,0,"equal"
"831014-4967969",0,1,1,1,0,0,1,0,1,0,"equal"
"850301-1466092",1,0,0,0,0,1,1,1,0,1,"equal"
"730711-3481896",1,0,1,0,0,0,1,1,0,1,"equal"
"740824-1008372",0,1,1,1,1,0,1,1,0,1,"equal"
"970918-2409481",1,0,1,1,0,0,0,0,0,1,"equal"
"550713-2274616",0,1,1,1,1,0,0,1,0,1,"equal"
"890501-1983653",0,0,0,1,0,0,1,0,0,1,"equal"
"761101-1781132",1,1,0,1,1,0,0,1,0,0,"equal"
"550704-1120397",0,1,0,0,1,0,1,0,0,0,"equal"
"740417-4534027",0,0,1,0,0,1,1,0,0,0,"equal"
"810319-4465725",0,1,1,0,0,1,0,1,0,0,"equal"
"760407-1251186",0,1,1,1,1,1,0,0,1,1,"equal"
"701206-3238347",1,1,0,0,1,0,0,1,1,0,"equal"
"980818-1920908",0,0,0,1,0,1,0,1,0,1,"equal"
"950511-2111107",0,0,1,0,1,1,0,0,0,0,"equal"
"611111-1618353",0,1,1,0,1,0,0,0,1,0,"equal"
"780409-3831179",1,0,1,0,0,1,0,1,0,1,"equal"
"860621-2119113",1,1,1,1,0,0,0,0,0,0,"equal"
"580601-1998158",1,0,0,1,1,0,0,1,1,1,"equal"
"651212-4642530",0,0,1,0,1,1,1,1,1,1,"equal"
"690324-2442622",0,0,0,0,0,0,0,0,0,1,"equal"
"820720-3254710",0,1,0,0,0,0,1,1,0,0,"equal"
"681027-3241444",1,0,1,0,1,0,1,1,1,0,"equal"
"620215-4028536",1,0,1,1,1,0,1,0,1,0,"equal"
"740328-4503513",0,1,0,1,0,0,1,0,0,0,"equal"
"800221-2343986",0,0,1,0,1,1,0,0,0,0,"equal"
"901025-3216274",0,0,0,1,1,1,0,0,1,0,"equal"
"621103-4209456",0,0,0,1,0,0,1,1,0,1,"equal"
"551002-3787938",0,0,0,0,0,0,0,0,1,0,"equal"
"630324-1147714",1,1,1,0,1,1,0,0,1,0,"equal"
"781109-1952740",1,0,1,1,1,0,1,0,0,0,"equal"
"621109-2950803",1,1,1,1,0,0,1,0,0,0,"equal"
"730406-2854301",1,1,1,0,0,1,1,0,1,0,"equal"
"650613-4438697",1,0,0,0,0,0,0,0,1,1,"equal"
"940917-3763372",1,1,1,0,0,1,0,1,1,1,"equal"
"520815-4927612",1,0,0,0,0,1,0,0,0,1,"equal"
"630503-3445824",1,0,1,0,1,0,0,0,1,0,"equal"
"670906-2593265",1,1,1,1,0,1,0,0,1,0,"equal"
"640121-4811069",1,1,0,0,0,1,0,1,0,1,"equal"
"771011-1755991",0,0,0,0,0,0,1,0,1,0,"equal"
"580328-4371384",1,0,0,0,0,1,1,0,0,1,"equal"
"770615-1420122",0,0,0,0,0,0,1,1,1,1,"equal"
"720122-1913628",0,1,1,0,0,0,1,0,0,1,"equal"
"981224-4308795",1,0,1,0,1,1,1,0,1,1,"equal"
"720607-1908197",0,1,1,1,1,1,0,0,1,0,"equal"
"990320-4040142",1,0,1,0,0,0,0,1,1,1,"equal"
"600320-1486106",1,0,1,0,1,1,1,0,1,0,"equal"
"871115-3975378",1,0,0,1,0,1,0,0,1,0,"equal"
"960217-2166871",0,1,1,0,0,1,1,1,1,1,"equal"
"700113-4737016",0,0,1,0,1,0,1,1,0,1,"equal"
"761017-4377202",1,1,0,0,0,1,1,1,0,1,"equal"
"811203-2753729",1,1,0,1,1,1,1,1,1,1,"equal"
"800116-2486568",0,0,1,0,0,1,0,0,1,0,"equal"
"780526-4100025",1,0,0,0,0,1,0,1,0,0,"equal"
"660726-4958490",0,0,0,0,0,0,0,1,1,0,"equal"
"551011-4672549",1,1,0,0,0,1,1,0,1,0,"equal"
"501211-2564543",1,0,1,1,1,0,0,0,1,0,"equal"
"530701-1734248",0,0,1,0,0,1,0,1,1,0,"equal"
"790710-4653182",0,1,0,1,0,0,1,0,0,0,"equal"
"930216-2752086",1,1,1,0,0,0,1,0,1,0,"equal"
"920819-4670717",0,0,1,0,1,1,0,1,1,1,"equal"
"921126-2417863",1,1,0,1,0,1,0,1,0,0,"equal"
"540515-1556537",1,1,1,0,0,0,1,1,1,0,"equal"
"560507-2700425",0,0,1,1,0,0,1,1,1,1,"equal"
"830708-3922853",0,1,1,1,1,0,1,0,1,1,"equal"
"600612-4239140",0,1,1,0,1,0,1,0,1,0,"equal"
"611206-1277431",1,1,0,0,0,0,1,0,0,0,"equal"
"980525-2446174",0,1,1,0,1,0,1,0,1,0,"equal"
"820707-2966964",0,0,1,1,0,0,0,0,1,1,"equal"
"770811-1615846",1,0,1,1,1,0,0,0,1,0,"equal"
"651007-1474532",1,1,0,1,0,0,1,1,0,0,"equal"
"870925-4780226",0,1,0,1,1,0,0,1,0,1,"equal"
"930515-2713255",0,0,1,0,1,1,0,0,0,0,"equal"
"650526-1569806",1,0,1,0,1,1,1,0,1,0,"equal"
"730919-1946800",1,0,0,1,1,1,1,0,0,0,"equal"
"740827-4743281",1,1,1,1,0,1,0,1,0,1,"equal"
"650919-4601445",1,0,0,1,1,0,1,0,0,0,"equal"
"591008-1750333",1,0,0,1,1,1,1,1,1,1,"equal"
"660328-3833352",1,0,1,1,0,0,0,0,1,1,"equal"
"810220-2861358",0,1,0,1,1,1,0,1,0,1,"equal"
"800603-1877065",1,1,1,0,0,1,1,0,0,0,"equal"
"510602-4543562",0,1,0,0,1,0,0,1,0,0,"equal"
"810609-2445292",1,0,0,1,1,1,1,0,1,0,"equal"
"700718-1468898",1,1,0,0,1,1,1,0,0,0,"equal"
"640613-2171311",1,1,0,0,1,0,1,0,0,1,"equal"
"820628-3311183",0,0,1,1,0,1,1,1,0,0,"equal"
"770405-3769169",1,0,0,1,0,1,0,0,1,0,"equal"
"751010-2577901",1,1,1,1,0,1,1,1,0,1,"equal"
"911007-4572531",1,0,0,1,1,1,0,1,0,0,"equal"
"540902-1396140",0,1,0,1,0,1,1,1,0,0,"equal"
"711217-1077612",0,0,0,1,1,1,0,0,0,1,"equal"
"950918-1440522",0,1,1,1,1,1,1,1,1,0,"equal"
"980210-2314311",0,1,1,0,1,1,0,1,1,1,"equal"
"630108-1598883",0,1,0,0,1,0,0,1,1,0,"equal"
"680405-4310534",0,0,1,1,1,1,0,1,0,0,"equal"
"970117-3507157",0,1,0,1,0,1,1,1,0,1,"equal"
"950511-4511473",1,0,0,1,1,1,1,1,0,1,"equal"
"640917-1383972",1,0,1,1,0,0,1,0,0,0,"equal"
"511116-4230461",0,1,0,0,1,1,1,0,1,1,"equal"
"520907-2990244",0,0,1,1,0,1,0,0,1,1,"equal"
"750228-1248267",1,1,1,1,0,0,0,1,0,1,"equal"
"530103-4206225",0,1,1,0,1,0,1,1,0,0,"equal"
"900104-2807971",1,0,1,0,1,0,1,1,0,1,"equal"
"810613-4505701",1,0,0,1,1,1,1,1,0,1,"equal"
"710413-2211046",1,1,1,1,1,0,1,1,1,1,"equal"
"960403-3167793",1,0,0,0,0,0,1,0,0,0,"equal"
"680812-1940168",0,1,1,0,1,1,1,1,1,1,"equal"
"940307-2514042",1,1,1,1,0,0,1,1,0,0,"equal"
"780319-3414356",0,1,0,1,0,1,0,1,0,0,"equal"
"820622-2549554",0,1,0,1,1,0,1,0,1,1,"equal"
"670922-3180868",0,0,1,1,1,0,1,1,0,1,"equal"
"960712-4896164",0,1,0,1,0,1,0,1,1,1,"equal"
"730624-3503166",0,1,0,1,1,1,1,1,0,0,"equal"
"571225-1251329",1,0,0,1,0,0,0,0,1,0,"equal"
"970909-3477009",1,0,1,0,0,0,1,1,0,1,"equal"
"950219-1951158",1,0,0,0,1,1,0,0,0,1,"equal"
"931007-2576228",0,1,1,1,1,0,1,0,0,1,"equal"
"850103-4871367",0,0,0,1,0,1,0,1,0,0,"equal"
"991025-3829428",1,0,1,1,0,1,0,1,0,1,"equal"
"770414-3112023",1,1,1,0,1,1,0,1,1,0,"equal"
"851116-4961451",1,1,1,1,0,1,0,1,0,0,"equal"
"750907-1200905",0,0,0,0,0,1,0,1,0,1,"equal"
"570820-1986875",1,0,0,0,0,1,1,1,1,1,"equal"
"561211-4596301",0,0,1,0,0,1,0,1,1,1,"equal"
"631001-2358369",0,1,0,0,0,0,0,1,1,0,"equal"
"940310-4380507",0,0,1,0,0,1,0,0,1,0,"equal"
"520621-3216708",0,1,0,0,0,1,0,0,0,1,"equal"
"560614-2059732",1,1,0,1,1,0,0,1,0,0,"equal"
"580316-4329773",1,0,1,0,1,0,0,1,0,0,"equal"
"880313-1743798",1,0,1,1,1,1,0,0,0,1,"equal"
"791225-1574758",0,1,0,1,0,1,0,0,1,1,"equal"
"730908-2735335",1,0,0,0,1,1,0,0,0,1,"equal"
"790626-3103991",0,1,0,1,0,1,0,0,0,1,"equal"
"740422-2217792",0,1,0,1,1,0,1,1,0,1,"equal"
"661202-1511590",0,1,0,0,1,0,1,1,1,1,"equal"
"870618-2720791",1,1,0,0,1,1,1,1,1,0,"equal"
"820511-3802683",1,0,1,0,1,0,1,1,1,1,"equal"
"581126-2127809",1,0,0,1,1,0,0,1,1,0,"equal"
"900119-1438450",1,1,1,0,0,1,0,0,0,1,"equal"
"830107-3146330",1,1,1,0,1,0,0,1,0,1,"equal"
"640713-1455692",0,1,1,1,0,0,0,0,0,1,"equal"
"710804-4525432",0,0,1,1,0,0,0,0,0,1,"equal"
"810301-3361282",1,1,0,1,1,0,1,1,1,0,"equal"
"870627-1423426",1,1,0,0,1,0,1,1,1,1,"equal"
"871117-1978098",1,1,0,1,0,0,0,1,1,0,"equal"
"860827-2732169",1,1,0,0,0,1,0,1,1,0,"equal"
"571016-4041638",1,0,0,1,1,0,1,0,1,0,"equal"
"960618-4220179",1,0,1,0,1,0,0,1,1,0,"equal"
"610606-3243389",1,1,1,0,0,0,0,0,1,1,"equal"
"661206-3979567",0,1,0,1,1,1,0,1,1,0,"equal"
"600913-1624436",1,0,0,0,0,1,0,0,0,0,"equal"
"860201-4172277",1,0,0,1,1,1,1,0,1,1,"equal"
"920806-3507704",1,1,1,0,0,0,0,0,0,0,"equal"
"901101-1024680",1,1,1,1,1,0,0,0,0,0,"equal"
"930703-1140591",0,1,1,1,0,0,0,0,1,0,"equal"
"710620-4304861",0,0,1,0,0,0,1,0,1,0,"equal"
"651225-2215530",1,1,1,1,1,0,1,1,0,0,"equal"
"690924-4437569",1,1,0,0,1,0,0,0,1,0,"equal"
"981127-4978049",0,0,0,0,0,1,1,1,0,0,"equal"
"911221-1404034",1,0,0,0,1,0,1,1,0,0,"equal"
"590418-4745273",1,0,0,1,1,0,1,0,1,0,"equal"
"510107-2703340",1,1,1,0,0,1,1,0,1,1,"equal"
"720722-1281801",1,0,1,0,1,0,1,1,0,0,"equal"
"620309-1560047",0,1,0,1,0,1,1,1,0,1,"equal"
"630116-4724903",1,1,1,1,0,0,1,0,1,0,"equal"
"550724-2143648",1,1,1,1,1,0,0,1,0,1,"equal"
"780622-3094463",1,0,1,0,1,0,0,1,0,1,"equal"
"501128-3590816",0,0,0,1,0,1,1,1,1,0,"equal"
"660221-1206005",1,1,1,0,0,0,0,0,1,0,"equal"
"570321-1264305",1,1,0,1,1,1,1,1,0,0,"equal"
"910904-3989518",0,0,0,1,0,0,1,0,0,0,"equal"
"571106-3932806",1,0,0,0,0,1,1,1,0,0,"equal"
"681103-1483569",0,1,1,1,0,1,1,0,1,0,"equal"
"830923-4797254",0,1,0,0,0,1,0,0,0,1,"equal"
"780522-4730708",0,1,0,1,1,0,1,0,1,1,"equal"
"581116-2428538",0,0,0,1,1,1,1,0,0,1,"equal"
"741127-1343175",0,1,1,0,1,0,0,1,1,1,"equal"
"590810-1719808",0,1,1,1,0,0,0,1,0,0,"equal"
"840801-2849332",0,1,1,1,0,0,1,1,0,0,"equal"
"931106-3876923",0,1,0,0,1,0,0,0,1,0,"equal"
"790619-3327364",1,1,0,0,1,1,1,0,0,0,"equal"
"930617-3837374",1,1,1,0,0,0,1,1,1,0,"equal"
"511111-1688128",1,1,0,0,1,0,0,0,1,0,"equal"
"851126-1866165",0,0,0,1,1,0,1,1,0,1,"equal"
"910109-3839208",0,0,0,1,0,1,1,0,1,1,"equal"
"890117-3027245",1,0,1,1,0,1,1,1,1,0,"equal"
"810922-1426831",1,1,1,0,1,0,0,1,0,0,"equal"
"850422-2682729",0,0,1,0,0,0,1,0,1,0,"equal"
"650510-2572922",0,0,0,0,0,0,0,1,1,0,"equal"
"850510-1832382",0,0,1,1,1,0,0,0,0,1,"equal"
"711202-1636606",0,0,1,0,0,1,1,0,0,0,"equal"
"550406-3717251",1,0,1,1,0,1,0,0,1,0,"equal"
"670517-4598184",1,1,1,0,0,1,1,1,0,1,"equal"
"940803-4608498",1,1,0,1,0,1,0,1,1,0,"equal"
"890920-3093839",0,1,1,0,1,1,0,0,0,0,"equal"
"850322-3031034",0,1,0,0,1,0,1,1,0,1,"equal"
"761226-3705031",0,1,1,1,1,0,0,0,1,0,"equal"
"910823-3956442",0,1,0,1,0,1,0,1,1,0,"equal"
"500811-3504426",0,0,1,0,0,1,0,0,1,1,"equal"
"660927-4213735",0,1,0,1,1,0,1,1,0,0,"equal"
"550902-3461647",0,0,0,0,0,1,1,1,1,1,"equal"
"870912-1786200",1,1,0,0,1,1,1,1,1,1,"equal"
"680510-2278416",0,1,0,0,1,0,0,0,0,0,"equal"
"710928-4494776",1,1,0,0,1,1,0,1,1,0,"equal"
"600525-3460891",1,1,0,1,0,0,1,1,1,1,"equal"
"631015-1811458",0,0,1,1,0,0,0,0,1,1,"equal"
"970113-1687801",1,0,1,0,1,0,1,1,1,1,"equal"
"700122-1314273",0,0,0,1,0,1,0,0,1,0,"equal"
"630412-4373529",1,1,0,0,1,0,0,0,0,1,"equal"
"950714-2976038",0,1,1,0,1,1,1,1,1,1,"equal"
"850519-3706591",1,0,0,1,1,0,0,1,1,0,"equal"
"871216-4675559",0,1,1,1,1,0,0,1,1,0,"equal"
"681001-1425342",0,0,0,1,1,1,0,0,1,1,"equal"
"650325-2437550",0,0,1,0,0,0,0,1,0,0,"equal"
"521015-4100210",1,1,0,1,1,1,0,1,0,1,"equal"
"560515-1701643",1,1,0,1,1,0,0,1,0,1,"equal"
"851120-2332215",0,0,0,1,0,1,1,0,1,0,"equal"
"870405-1930388",0,1,1,0,1,1,1,0,0,1,"equal"
"870311-3635961",0,0,0,1,0,0,1,1,0,0,"equal"
"570106-2133312",1,1,1,1,1,1,1,0,1,1,"equal"
"911006-1073964",1,1,0,0,1,0,0,1,1,0,"equal"
"680913-4353908",1,1,1,1,0,0,0,1,0,0,"equal"
"640618-3657101",1,0,1,0,0,0,0,1,0,0,"equal"
"781010-1809469",0,0,0,0,1,1,1,0,0,0,"equal"
"800606-4812504",0,0,0,0,0,1,0,1,0,1,"equal"
"930525-2064328",1,1,1,1,0,1,1,1,1,1,"equal"
"880109-1786302",0,1,0,1,1,1,1,0,0,1,"equal"
"581214-2385419",1,0,1,0,1,0,1,1,1,1,"equal"
"771005-2544515",1,1,0,1,0,1,0,1,1,1,"equal"
"550819-3332258",0,1,1,0,1,0,0,1,0,1,"equal"
"801223-1879517",1,0,1,1,1,1,1,0,0,1,"equal"
"930804-2275856",1,0,0,0,0,1,1,1,1,1,"equal"
"871126-1577134",0,1,0,1,1,0,1,1,1,0,"equal"
"970621-3601232",1,0,0,1,0,1,1,0,0,1,"equal"
"970309-4629464",0,0,1,1,1,0,1,1,0,1,"equal"
"900708-1576206",0,0,1,1,0,0,1,1,0,1,"equal"
"730727-3222969",1,0,1,0,1,1,0,0,0,1,"equal"
"820911-2969192",1,0,0,0,0,1,0,1,1,0,"equal"
"640624-1593398",1,0,1,0,0,0,0,0,1,1,"equal"
"610705-3813350",1,1,1,0,0,0,0,0,0,0,"equal"
"750323-1031196",0,0,0,0,0,1,1,0,1,1,"equal"
"550418-4509135",1,0,1,0,1,1,1,0,0,1,"equal"
"551213-2474021",1,1,1,1,0,1,0,1,0,1,"equal"
"760428-4563113",0,0,0,1,0,1,1,0,0,1,"equal"
"941101-2844277",1,1,0,1,1,0,0,1,0,0,"equal"
"861121-3234915",0,1,1,0,1,1,1,1,0,0,"equal"
"640111-4081706",0,1,0,1,1,0,0,1,1,1,"equal"
"570401-4390253",1,1,1,1,1,0,1,1,1,1,"equal"
"500715-2923935",1,0,1,1,0,0,1,1,0,0,"equal"
"510722-3219352",0,1,0,1,1,0,0,1,0,0,"equal"
"740624-2486379",1,1,0,0,0,0,1,0,0,1,"equal"
"960923-4940045",0,1,1,1,1,0,0,1,0,1,"equal"
"941106-4856327",1,0,1,0,1,1,1,0,0,0,"equal"
"900101-4844749",0,0,0,0,0,1,0,0,0,1,"equal"
"880613-2938602",0,1,1,1,0,1,1,1,1,0,"equal"
"571017-3077874",1,1,0,0,0,1,0,1,1,0,"equal"
"991218-3725638",0,1,1,0,0,0,1,0,1,0,"equal"
"940307-1114590",1,0,0,1,0,1,1,1,0,0,"equal"
"930628-4063243",0,0,0,0,0,0,0,1,0,1,"equal"
"610611-3107087",1,1,0,1,0,0,1,1,1,1,"equal"
"950623-3277910",0,0,1,1,0,1,1,1,1,1,"equal"
"890910-1051421",0,0,0,0,1,0,0,1,1,0,"equal"
"881124-1359275",0,0,1,0,1,0,1,1,1,0,"equal"
"790417-1901802",1,0,1,1,0,1,1,1,0,0,"equal"
"561217-1473008",1,0,0,0,1,0,1,0,1,0,"equal"
"550326-1748569",0,0,0,1,0,1,1,1,0,1,"equal"
"790708-4487265",1,1,0,0,0,0,1,0,0,1,"equal"
"680924-4550709",0,1,0,1,0,0,0,1,1,0,"equal"
"910803-3353004",0,0,0,1,0,0,0,1,1,1,"equal"
"590207-1436094",1,0,0,0,1,0,1,1,0,1,"equal"
"980310-2207278",1,0,0,0,0,0,1,1,1,1,"equal"
"750518-2104434",1,1,0,0,1,1,1,1,1,0,"equal"
"781123-3997926",1,1,0,1,1,0,0,0,0,0,"equal"
"530117-1685910",1,1,0,1,1,0,0,0,0,1,"equal"
"600303-2583210",1,1,0,1,1,1,1,0,1,0,"equal"
"510212-2988001",0,0,1,0,0,1,1,0,0,1,"equal"
"860728-3192116",0,0,0,0,1,1,1,1,0,1,"equal"
"721205-4173751",0,0,1,0,0,0,0,1,1,0,"equal"
"690727-3181655",0,0,1,1,1,1,1,0,1,0,"equal"
"540214-4067244",0,1,0,1,1,1,0,0,1,0,"equal"
"570707-1738717",1,0,1,0,0,1,0,1,1,1,"equal"
"870511-3217856",1,0,0,0,1,1,0,0,0,0,"equal"
"690525-4031635",0,0,1,0,0,1,1,0,1,0,"equal"
"600611-3998717",1,0,0,1,0,0,1,0,1,1,"equal"
"700114-1860328",0,0,1,0,0,1,0,0,1,1,"equal"
"990316-4450300",0,1,1,1,1,1,1,1,0,1,"equal"
"800408-4468109",1,1,0,0,1,1,0,1,0,0,"equal"
"780207-3244944",1,1,1,0,1,1,0,0,1,0,"equal"
"641203-4422088",0,1,1,1,1,0,0,1,0,1,"equal"
"970908-4183145",1,0,0,1,1,1,0,0,1,0,"equal"
"600106-3753152",1,1,0,1,0,0,1,0,1,1,"equal"
"900214-4308355",0,0,1,0,1,0,1,1,0,0,"equal"
"690206-4872509",0,0,0,0,1,1,1,0,1,0,"equal"
"910420-4612131",1,0,0,0,1,1,1,1,1,0,"equal"
"750123-1518152",0,0,0,0,0,1,0,0,1,0,"equal"
"730522-2091953",0,0,1,1,0,1,1,1,1,1,"equal"
"850722-3603991",0,1,0,0,0,0,0,0,0,1,"equal"
"910801-2370207",0,1,1,0,0,1,1,1,1,0,"equal"
"980728-1124178",1,1,1,1,1,0,0,1,1,0,"equal"
"990509-3831991",1,0,0,1,1,1,1,1,1,0,"equal"
"840216-1040311",1,0,1,0,1,0,0,0,1,0,"equal"
"821103-2140767",1,1,0,0,1,0,0,1,1,0,"equal"
"760614-4831067",1,1,1,0,1,0,1,0,1,0,"equal"
"660802-2997848",0,1,0,1,1,0,0,1,0,0,"equal"
"860827-3003456",1,1,1,1,1,0,0,0,1,1,"equal"
"500107-1947954",1,0,0,0,0,1,0,0,0,0,"equal"
"850506-1404547",0,0,1,0,1,0,0,0,1,1,"equal"
"650611-3743225",1,1,1,0,1,1,1,1,0,1,"equal"
"930817-3933999",1,1,0,0,1,1,1,1,0,1,"equal"
"770119-4150617",0,1,0,0,0,0,0,0,1,0,"equal"
"570227-2687337",1,0,0,0,1,1,0,0,0,1,"equal"
"840325-3306346",1,0,0,1,1,0,0,0,1,0,"equal"
"590621-2227270",1,1,1,1,1,1,0,1,1,1,"equal"
"750423-4906098",0,1,0,0,1,0,1,0,0,0,"equal"
"551028-4777893",0,1,0,1,1,0,0,0,1,1,"equal"
"970411-2046863",1,1,0,1,0,1,0,0,0,0,"equal"
"971003-2108078",0,0,0,0,0,1,1,0,1,0,"equal"
"680808-2941902",1,1,1,0,1,1,0,0,0,1,"equal"
"710214-2366152",0,1,0,1,0,1,1,1,0,0,"equal"
"910828-2641217",0,0,1,1,1,1,1,0,1,1,"equal"
"700802-2748724",1,1,0,0,1,0,0,0,1,0,"equal"
"860812-1244059",0,1,1,1,0,0,0,0,0,1,"equal"
"670525-4796172",0,0,1,1,1,1,1,0,0,0,"equal"
"540618-1050463",1,1,1,0,1,0,1,1,1,1,"equal"
"870422-1648490",0,0,0,0,1,1,0,1,1,1,"equal"
"750824-2192850",1,1,1,0,1,1,0,1,0,0,"equal"
"951101-1201343",0,0,1,1,0,0,1,0,1,1,"equal"
"921102-1569297",1,1,1,0,0,1,0,0,1,1,"equal"
"590620-1258568",1,1,0,0,0,0,1,1,1,0,"equal"
"651117-4050163",1,1,0,1,1,0,0,1,0,1,"equal"
"850917-2707282",1,1,1,0,0,1,1,1,0,1,"equal"
"690216-3768191",0,0,1,1,1,0,0,0,0,0,"equal"
"551209-3809918",1,0,0,0,1,0,0,0,0,1,"equal"
"771024-4827247",1,0,1,0,1,0,0,0,0,1,"equal"
"821222-4778812",0,1,0,0,0,1,0,0,0,0,"equal"
"960813-4893562",1,0,0,1,0,0,0,0,1,0,"equal"
"990316-3485591",1,0,0,1,1,1,1,1,1,0,"equal"
"970215-3782838",1,1,1,0,0,0,1,1,1,1,"equal"
"570207-3452558",0,1,0,1,1,1,0,1,1,1,"equal"
"660405-3152615",0,1,1,0,0,1,1,0,0,0,"equal"
"651227-3448710",1,1,1,1,1,1,1,0,1,1,"equal"
"641001-1039010",1,0,1,1,1,1,0,1,1,1,"equal"
"571014-3034200",1,0,0,0,0,1,0,0,1,0,"equal"
"910521-2532921",1,0,0,1,1,1,0,1,1,1,"equal"
"970412-4998186",1,0,1,1,0,0,0,1,0,0,"equal"
"700813-1544279",0,1,1,1,1,0,0,0,0,0,"equal"
"580419-2418331",1,1,1,1,0,1,1,1,1,0,"equal"
"960719-1093387",1,0,0,0,0,0,1,1,0,0,"equal"
"650224-1436580",1,0,1,0,0,0,1,0,1,0,"equal"
"660825-1884172",1,1,0,1,1,0,0,1,0,0,"equal"
"720901-3694749",0,1,1,1,1,1,1,0,1,0,"equal"
"561007-4801806",0,1,0,0,1,0,0,0,0,1,"equal"
"930813-1980900",1,0,1,0,0,0,0,0,1,0,"equal"
"700411-4574296",0,1,1,1,1,1,0,1,0,0,"equal"
"670123-3264701",0,1,1,0,1,0,0,1,0,1,"equal"
"580410-4268721",1,0,1,1,1,0,1,1,0,1,"equal"
"730304-4498637",1,1,0,0,0,0,1,1,0,0,"equal"
"881216-3152749",1,1,1,0,0,1,0,1,0,0,"equal"
"600827-1189164",0,1,1,0,0,0,0,1,0,1,"equal"
"581018-2262034",0,0,0,0,0,1,0,1,0,1,"equal"
"990923-2460212",0,0,0,1,1,1,0,0,1,0,"equal"
"900712-1160644",1,0,0,0,0,0,0,0,0,0,"equal"
"540928-4781333",1,0,1,1,1,1,0,1,0,0,"equal"
"531221-1272311",1,0,1,1,0,1,0,0,0,0,"equal"
"960525-2408538",1,0,1,1,0,0,0,0,0,1,"equal"
"840927-3222045",0,0,1,0,1,0,0,1,0,1,"equal"
"560821-3135552",0,0,1,0,1,1,0,0,1,1,"equal"
"720228-3751915",1,0,0,1,1,1,0,1,0,1,"equal"
"701110-2758728",1,0,0,0,0,1,0,0,1,1,"equal"
"621002-1842041",0,1,1,0,1,0,1,0,0,1,"equal"
"600708-4254404",1,1,0,0,0,1,0,0,0,0,"equal"
"760120-3301296",0,1,0,0,1,1,1,1,1,1,"equal"
"590407-4805810",1,1,0,0,0,0,0,1,0,1,"equal"
"830123-4431616",0,1,0,0,0,0,1,0,0,0,"equal"
"780209-1841369",1,1,1,0,1,1,0,0,1,1,"equal"
"840917-2740065",0,1,0,1,1,0,0,0,1,0,"equal"
"720203-3525110",0,0,0,0,0,0,0,1,0,1,"equal"
"980224-3232180",1,1,1,1,1,0,1,1,0,1,"equal"
"631122-4404650",1,0,0,0,1,1,1,0,0,1,"equal"
"581126-1561772",0,1,1,0,1,0,1,1,1,1,"equal"
"520316-4190252",0,0,1,1,0,0,1,0,1,0,"equal"
"990821-3987522",1,0,1,1,0,0,1,1,1,0,"equal"
"660818-3928852",0,0,1,0,0,0,0,1,1,0,"equal"
"520728-3878754",0,0,0,1,0,0,0,0,0,0,"equal"
"970103-1694069",0,1,0,0,1,1,0,1,0,0,"equal"
"840913-4595814",1,1,1,0,1,0,1,1,0,1,"equal"
"500124-3338654",1,0,0,1,1,1,0,1,0,0,"equal"
"630722-3077542",1,1,1,1,0,0,0,0,1,1,"equal"
"670912-3846178",0,0,0,0,1,1,0,1,0,0,"equal"
"710518-1188119",0,1,1,0,0,1,1,0,1,1,"equal"
"800416-3917598",0,1,1,1,1,0,0,1,1,0,"equal"
"630103-4626647",0,0,1,0,1,1,1,1,1,0,"equal"
"720123-1566914",1,0,0,1,1,1,0,1,1,0,"equal"
"740208-3795221",0,0,0,1,0,0,0,1,1,1,"equal"
"581001-3811039",0,1,0,1,0,0,0,1,1,0,"equal"
"920708-1923085",0,0,1,1,0,1,0,0,1,0,"equal"
"580605-1725861",0,1,1,1,0,0,1,0,1,1,"equal"
"821002-2524828",0,0,0,0,0,1,0,0,0,1,"equal"
"950826-2386317",1,1,1,0,0,1,0,0,1,0,"equal"
"820328-4759400",0,1,1,1,0,0,0,1,1,0,"equal"
"930609-2581332",1,0,0,1,0,1,0,0,1,1,"equal"
"731219-1544879",0,1,0,0,0,1,0,1,0,0,"equal"
"510618-2797433",0,0,1,0,0,0,0,1,1,1,"equal"
"630210-1061785",1,0,1,1,1,0,1,0,0,1,"equal"
"511003-3301791",1,0,1,1,1,1,1,0,1,1,"equal"
"830214-4243427",1,1,0,1,0,1,0,1,1,1,"equal"
"670708-2076941",0,0,1,0,1,0,1,0,1,0,"equal"
"870813-2847859",1,1,1,0,1,0,1,1,0,0,"equal"
"530801-3726561",0,1,1,1,0,1,0,0,1,1,"equal"
"601204-3659033",0,0,1,0,1,0,1,0,0,1,"equal"
"620701-2079933",1,1,0,1,0,0,1,0,1,1,"equal"
"660104-1431699",0,1,1,1,0,1,1,1,1,0,"equal"
"570411-1774337",1,1,0,0,1,1,1,0,1,1,"equal"
"640609-1716759",0,1,0,1,1,1,1,1,1,0,"equal"
"870605-3283945",1,0,0,0,0,0,1,0,0,0,"equal"
"690328-1384928",1,0,1,0,1,1,0,0,1,1,"equal"
"890324-2739269",0,1,1,1,1,0,0,0,1,1,"equal"
"601222-2634284",0,1,1,0,0,1,0,1,0,0,"equal"
"570708-2249826",0,0,0,0,1,0,0,0,0,0,"equal"
"590503-1243307",0,0,1,0,1,1,1,0,0,0,"equal"
"950821-4216232",0,1,0,0,1,1,1,0,1,1,"equal"
"860317-3035955",0,0,1,1,0,0,0,0,1,1,"equal"
"700318-4497280",0,0,0,1,0,1,0,0,1,0,"equal"
"600402-2592527",1,1,0,0,1,1,1,0,0,0,"equal"
"930901-4693554",1,1,0,0,0,0,0,1,1,0,"equal"
"950603-4725405",0,0,1,0,0,1,0,1,0,0,"equal"
"610707-4275875",1,0,1,0,0,0,0,1,0,1,"equal"
"641118-4051196",1,1,1,1,1,1,0,1,0,1,"equal"
"721113-1987627",0,1,1,1,0,0,1,0,1,0,"equal"
"770610-1122972",1,0,0,1,1,0,1,1,0,1,"equal"
"990520-2622384",1,0,1,1,0,0,1,0,0,1,"equal"
"930824-1935887",1,1,0,1,0,0,1,1,1,0,"equal"
"860305-1102329",0,0,1,0,0,0,1,0,0,0,"equal"
"530211-1191307",1,1,0,1,0,0,1,1,1,0,"equal"
"570212-3058527",0,0,1,0,0,0,1,1,0,0,"equal"
"710328-3970828",0,0,1,1,1,1,0,1,1,0,"equal"
"860724-1069757",1,1,1,1,0,1,0,0,0,1,"equal"
"510315-1269495",0,0,1,1,1,1,1,1,1,0,"equal"
"860420-4175213",0,0,0,0,1,1,1,1,1,1,"equal"
"571209-1274975",0,0,1,0,1,1,0,1,0,1,"equal"
"540702-3469169",1,0,0,1,0,0,0,0,1,0,"equal"
"790920-2331524",0,1,0,0,1,1,0,1,0,0,"equal"
"680604-3268860",0,1,0,0,0,0,0,1,1,0,"equal"
"760626-2063913",0,1,1,1,1,0,1,1,1,1,"equal"
"680803-3867306",1,0,1,1,0,0,0,1,1,0,"equal"
"800225-2203623",0,1,0,0,1,1,1,0,0,0,"equal"
"991013-3596970",0,0,1,0,1,0,1,1,0,0,"equal"
"870602-4652412",1,1,1,1,0,0,1,0,0,1,"equal"
"601228-3790781",0,1,0,0,0,1,1,1,0,0,"equal"
"891106-1938218",0,1,0,0,0,0,0,0,1,0,"equal"
"951202-4922992",0,1,1,0,0,0,0,0,1,1,"equal"
"790313-2381594",1,0,0,1,0,1,0,1,1,0,"equal"
"830223-3612669",0,1,0,0,1,1,0,1,0,1,"equal"
"630818-2979551",1,0,0,1,0,0,1,0,0,0,"equal"
"830506-1043618",1,0,0,0,1,1,1,0,0,1,"equal"
"540527-1457343",1,0,1,1,0,1,1,1,1,1,"equal"
"580406-3414637",0,1,0,1,0,1,0,0,1,0,"equal"
"860616-3052481",0,0,1,1,1,0,1,0,0,1,"equal"
"550827-4650082",1,0,0,0,1,0,0,1,0,1,"equal"
"850822-4520564",1,0,1,1,0,1,1,0,1,1,"equal"
"640325-2238233",0,1,0,1,1,0,1,0,1,1,"equal"
"840307-1545195",0,0,1,1,1,1,0,1,1,0,"equal"
"600217-3093791",0,0,1,1,0,1,1,0,0,1,"equal"
"921113-2923693",0,1,0,0,0,1,1,0,1,1,"equal"
"730224-1442235",0,1,1,0,1,0,1,1,1,0,"equal"
"740816-3944437",0,1,0,1,0,1,0,0,1,0,"equal"
"970120-3810327",1,1,0,0,0,0,1,1,0,1,"equal"
"690110-4509657",1,0,0,1,1,0,1,0,1,1,"equal"
"730814-2550506",0,0,1,0,1,0,1,1,1,0,"equal"
"771005-3422120",1,1,0,1,1,0,1,0,0,0,"equal"
"750514-2805070",1,0,0,1,1,1,0,1,0,0,"equal"
"790605-2813844",0,1,0,1,1,1,1,1,0,1,"equal"
"660618-4855926",1,0,0,1,1,0,1,0,0,1,"equal"
"810813-4432447",1,0,0,0,1,0,0,1,0,0,"equal"
"720421-1827462",1,1,0,1,0,1,0,1,1,0,"equal"
"640802-2790345",0,0,0,0,1,1,0,1,1,0,"equal"
"710916-4616585",1,0,0,0,0,0,1,0,1,0,"equal"
"580602-1431536",1,1,1,0,0,0,0,0,1,1,"equal"
"961105-2880419",1,1,0,1,0,0,1,0,1,0,"equal"
"800224-1721433",1,1,1,1,0,0,0,0,0,0,"equal"
"930225-3182801",0,0,1,0,0,1,0,0,1,1,"equal"
"610617-3813428",1,0,1,1,1,1,1,1,0,1,"equal"
"510311-1096323",0,1,1,0,1,1,1,0,1,1,"equal"
"710917-1991443",1,0,1,1,1,1,0,1,1,1,"equal"
"870304-1860257",1,0,1,1,1,0,1,1,1,1,"equal"
"880922-4976289",1,0,0,0,0,1,0,0,0,0,"equal"
"690724-4966881",0,0,0,0,1,0,1,0,0,0,"equal"
"871018-2866815",0,0,0,1,0,0,0,1,0,1,"equal"
"840201-1903806",0,0,1,0,0,1,1,0,0,1,"equal"
"831106-4214851",0,0,1,0,0,1,1,1,1,0,"equal"
"660126-1334934",0,0,0,1,0,0,1,1,1,0,"equal"
"530826-1893308",1,1,1,0,1,1,1,1,0,1,"equal"
"661107-4770181",0,1,1,1,1,0,0,1,1,0,"equal"
"600817-3244496",0,0,0,0,0,1,1,1,1,0,"equal"
"670309-2743960",0,0,0,0,1,1,0,0,0,1,"equal"
"720225-4639345",1,0,1,0,0,1,0,0,0,1,"equal"
"930317-4179924",1,1,0,1,0,1,0,0,1,1,"equal"
"670914-2800236",0,1,1,0,1,1,0,0,0,1,"equal"
"960109-2441320",1,0,1,1,0,1,1,1,0,0,"equal"
"561022-1466321",0,1,0,0,0,1,1,0,0,1,"equal"
"701024-1553363",0,1,0,0,1,1,0,1,1,1,"equal"
"761125-4088686",1,1,0,1,1,1,0,1,0,1,"equal"
"740312-4102734",1,0,1,1,1,1,0,0,0,0,"equal"
"750713-1050276",0,1,0,0,0,0,1,0,1,1,"equal"
"710718-2707195",0,1,0,1,1,1,1,0,1,0,"equal"
"600606-3752347",1,1,1,0,0,0,0,0,0,0,"equal"
"690221-1280816",1,0,0,1,0,0,0,1,0,0,"equal"
"680309-4026733",0,0,0,0,1,0,1,1,0,1,"equal"
"980201-4594456",0,0,0,0,0,1,1,0,1,0,"equal"
"980312-3393448",0,1,1,0,1,0,0,1,0,1,"equal"
"970924-1015617",0,0,1,1,1,0,0,1,0,1,"equal"
"850204-4395302",1,0,1,0,1,1,0,0,0,0,"equal"
"951205-3963279",0,0,0,1,1,1,0,0,1,1,"equal"
"541004-3841970",0,0,0,1,1,0,0,0,1,0,"equal"
"580903-3023614",1,0,0,1,0,0,1,1,1,1,"equal"
"900702-1262532",1,1,1,0,1,1,1,0,1,1,"equal"
"800116-3739475",0,0,0,1,1,0,1,0,0,0,"equal"
"670512-1624374",1,1,0,0,1,1,1,1,0,0,"equal"
"680204-1294562",0,1,1,1,0,0,0,1,1,0,"equal"
"530110-1954601",1,1,0,0,1,0,1,0,1,0,"equal"
"541216-1106236",0,1,0,0,0,0,1,0,0,0,"equal"
"831013-2415536",0,0,1,1,1,1,0,0,1,0,"equal"
"931213-2687535",0,1,0,1,1,1,1,0,0,1,"equal"
"670709-2336944",0,0,0,1,1,0,0,0,0,0,"equal"
"690816-3562386",0,0,0,1,1,1,0,0,0,0,"equal"
"800915-3987923",1,1,0,1,1,1,1,0,1,0,"equal"
"861023-2026005",0,0,1,0,0,0,0,1,0,0,"equal"
"880115-4195960",1,1,1,1,1,0,0,1,0,0,"equal"
"840315-2619663",0,0,0,1,0,0,0,1,1,1,"equal"
"501023-2550371",1,0,0,1,1,0,0,1,1,0,"equal"
"741217-4967872",1,0,0,0,0,0,1,0,0,1,"equal"
"790408-3469954",1,1,0,0,0,0,1,0,1,1,"equal"
"570928-2921874",0,1,0,0,0,1,0,0,1,1,"equal"
"720506-4556301",1,0,1,0,1,0,1,1,1,0,"equal"
"930806-1049630",1,1,0,1,1,1,0,1,0,1,"equal"
"620105-1850569",0,1,1,1,0,1,1,1,1,0,"equal"
"880405-2397352",0,0,0,1,0,1,1,1,0,1,"equal"
"811012-3579013",0,0,0,0,1,1,0,0,1,1,"equal"
"691217-4502075",0,1,1,1,1,0,1,1,1,1,"equal"
"651112-2724318",0,0,0,0,1,0,0,0,0,1,"equal"
"760416-2165942",0,0,1,1,1,1,0,1,0,1,"equal"
"640206-1476668",0,1,1,1,1,1,1,0,1,1,"equal"
"850101-2345709",0,0,0,0,1,0,0,1,1,0,"equal"
"741118-2956845",0,0,1,0,0,0,1,0,1,0,"equal"
"560407-1128011",1,1,1,0,1,1,0,1,1,0,"equal"
"771012-4616422",0,0,1,1,1,0,1,1,0,0,"equal"
"710804-3393873",1,0,1,1,0,1,0,0,0,0,"equal"
"820422-1068311",1,0,0,1,1,1,0,0,1,0,"equal"
"920222-4919875",1,0,0,0,0,1,1,0,1,0,"equal"
"540415-3930550",1,0,1,0,1,0,1,0,0,0,"equal"
"830905-1128569",0,1,1,1,0,1,1,1,0,1,"equal"
"770628-1044210",0,1,1,0,1,1,0,1,1,1,"equal"
"940125-2055851",1,1,1,1,1,0,1,1,1,0,"equal"
"540228-4957498",1,1,0,0,1,1,1,1,1,1,"equal"
"781025-1676837",1,1,0,1,0,1,1,1,1,0,"equal"
"680210-1959566",1,0,1,1,0,0,0,0,1,1,"equal"
"930315-4660768",0,0,1,1,1,1,1,0,1,0,"equal"
"811203-2501592",1,0,1,0,1,0,1,0,1,0,"equal"
"960505-3363494",1,0,0,1,0,1,0,1,0,0,"equal"
"960107-4584128",1,1,0,0,1,0,0,1,0,0,"equal"
"800604-2693781",1,0,0,1,0,1,1,1,0,0,"equal"
"630306-4429374",0,1,0,0,1,0,0,0,0,1,"equal"
"890203-3008631",1,0,0,1,1,0,0,1,0,1,"equal"
"930118-4038485",1,1,0,1,0,0,1,0,1,0,"equal"
"730122-2724486",0,0,1,0,1,0,0,0,1,0,"equal"
"700306-3153866",0,1,0,1,0,0,1,0,0,0,"equal"
"780510-4888070",1,1,1,1,0,1,1,1,0,1,"equal"
"950126-2912460",1,0,1,0,0,0,1,0,1,1,"equal"
"500101-2033136",0,0,1,1,0,1,1,1,1,0,"equal"
"610612-2080962",0,0,0,1,1,1,0,1,1,0,"equal"
"831024-3316859",0,1,0,0,0,1,1,1,1,1,"equal"
"530205-4242700",0,0,0,1,1,0,1,1,1,0,"equal"
"630918-3707514",0,1,1,0,0,0,1,1,1,0,"equal"
"691118-4225074",1,0,1,0,0,1,1,1,1,1,"equal"
"951210-1720450",0,0,0,1,1,1,0,1,0,0,"equal"
"900822-2937023",1,0,1,1,1,1,1,1,0,0,"equal"
"930124-4656814",0,0,1,0,1,1,0,0,1,1,"equal"
"820726-3964587",0,0,1,1,1,0,0,0,1,0,"equal"
"670320-1745828",1,1,1,1,0,0,0,1,0,0,"equal"
"780122-2888182",1,0,1,1,0,0,0,1,0,0,"equal"
"880610-3370336",0,1,0,0,0,0,1,1,1,0,"equal"
"530221-2579518",0,0,1,0,0,1,1,0,0,0,"equal"
"830225-4818724",0,1,0,0,0,0,1,1,0,1,"equal"
"831214-4141501",0,1,1,1,1,0,0,1,0,0,"equal"
"951201-3994465",0,1,0,1,0,1,0,0,1,0,"equal"
"680705-2537966",0,1,0,0,0,0,0,0,0,0,"equal"
"591116-3442147",0,1,1,0,0,0,1,1,1,1,"equal"
"810701-3705267",1,1,0,1,1,1,0,1,0,0,"equal"
"790925-3726746",0,0,1,1,0,0,0,0,1,1,"equal"
"610411-2464930",0,1,1,1,1,0,0,0,0,0,"equal"
"591025-3251676",1,0,0,0,1,1,0,1,0,1,"equal"
"590920-3216254",1,0,1,0,0,1,1,0,1,0,"equal"
"990302-1074338",1,1,1,1,0,0,0,0,0,0,"equal"
"701005-1707182",0,0,0,1,0,1,1,1,0,0,"equal"
"680624-3243438",0,0,0,1,0,0,1,0,0,0,"equal"
"940601-4161967",0,0,0,0,0,1,1,1,1,0,"equal"
"651215-4783718",1,0,0,1,0,0,0,1,0,0,"equal"
"880317-2016368",0,0,0,1,1,1,1,1,0,1,"equal"
"521107-3029808",1,0,0,1,0,0,0,0,0,1,"equal"
"580422-4911661",1,1,1,0,1,0,1,0,0,0,"equal"
"710408-4221491",0,1,1,0,0,1,1,0,1,1,"equal"
"650814-1215214",1,0,1,0,1,1,1,0,0,1,"equal"
"700208-1896145",1,1,1,1,0,1,0,1,1,1,"equal"
"860709-2632031",0,1,0,1,1,1,1,0,0,1,"equal"
"620308-3402083",1,1,1,1,1,0,1,0,1,0,"equal"
"601110-1697164",1,0,1,0,1,1,1,0,0,1,"equal"
"800227-2813880",0,0,1,0,0,1,0,0,1,1,"equal"
"830725-4794011",0,0,1,1,1,0,1,1,1,0,"equal"
"761206-3604068",1,1,0,1,1,1,1,0,1,0,"equal"
"910628-1447031",1,1,1,0,1,1,1,1,0,0,"equal"
"820216-4925054",0,0,0,1,0,0,0,1,1,0,"equal"
"780527-3811920",0,1,1,1,1,1,1,0,1,1,"equal"
"860318-2327539",0,1,1,1,1,1,1,0,1,1,"equal"
"780123-2311319",1,0,0,1,0,0,1,0,1,1,"equal"
"560614-2036973",1,1,0,1,1,0,0,1,0,1,"equal"
"630823-2830772",1,0,1,0,1,1,0,0,1,1,"equal"
"720301-2535610",1,1,1,1,0,1,1,1,1,1,"equal"
"500614-4011141",0,0,0,1,1,0,1,1,1,0,"equal"
"890119-1632742",1,0,1,0,1,1,0,0,0,1,"equal"
"661210-3401065",0,1,0,1,1,1,1,0,1,0,"equal"
"840913-2750275",0,1,1,0,1,0,0,0,0,1,"equal"
"541202-3191036",0,1,0,1,1,1,1,0,1,0,"equal"
"700702-4656210",0,1,0,0,1,1,0,0,1,0,"equal"
"910728-4070425",0,1,1,0,0,1,1,1,0,1,"equal"
"840309-4093039",0,1,1,0,1,1,0,1,1,1,"equal"
"911124-4123653",0,0,1,0,1,1,1,1,0,0,"equal"
"800106-1465562",1,1,0,0,0,0,0,1,0,1,"equal"
"560706-1578981",0,0,1,1,0,0,1,1,0,0,"equal"
"970906-1898277",1,1,0,0,0,1,1,0,0,1,"equal"
"611008-3217937",0,1,1,0,1,1,0,0,0,1,"equal"
"950110-2560886",1,0,0,1,1,0,1,1,1,0,"equal"
"760924-4634323",0,0,0,0,1,0,1,1,1,0,"equal"
"610717-2242077",1,0,1,0,0,0,0,0,0,0,"equal"
"580519-1676982",0,0,1,1,0,0,0,0,1,1,"equal"
"641019-1254107",1,1,1,1,1,0,1,0,0,0,"equal"
"750623-3749522",1,1,0,1,1,0,1,0,0,0,"equal"
"780211-4738741",1,1,0,0,0,1,1,1,1,0,"equal"
"731012-1260685",1,1,0,0,0,1,0,1,1,0,"equal"
"771010-3763677",1,0,1,1,1,0,1,1,1,0,"equal"
"951028-2276562",1,1,1,0,1,0,1,1,0,1,"equal"
"720819-3226219",1,1,0,0,0,0,0,1,1,0,"equal"
"830112-4967410",1,0,0,0,0,1,1,1,1,0,"equal"
"670121-3277752",0,0,1,1,0,0,0,1,0,1,"equal"
"930922-3720021",1,0,1,0,0,0,1,1,1,0,"equal"
"570902-4324983",0,0,0,0,0,0,1,0,0,0,"equal"
"990626-1128451",1,0,0,1,1,1,0,1,1,0,"equal"
"850828-2805152",0,0,0,0,0,1,0,1,0,1,"equal"
"600504-1092928",1,1,1,0,0,1,1,1,0,0,"equal"
"930802-4102502",0,0,0,1,0,1,0,0,0,0,"equal"
"991122-1454074",0,1,0,0,1,0,1,0,1,0,"equal"
"810107-4375529",0,0,0,0,0,1,1,0,0,0,"equal"
"951214-3044378",0,1,1,1,0,1,1,0,0,0,"equal"
"790414-2847467",0,0,0,0,1,1,1,1,0,1,"equal"
"690710-4854209",0,1,1,1,0,0,1,1,0,1,"equal"
"870621-2027709",0,1,0,1,1,0,0,1,0,0,"equal"
"660111-1890022",1,0,0,1,0,1,0,1,1,0,"equal"
"540916-4962060",0,1,0,0,0,1,1,0,0,1,"equal"
"971120-4624265",0,1,1,1,1,0,0,1,1,1,"equal"
"820204-1135451",1,1,0,0,0,0,1,0,0,0,"equal"
"920713-4672096",0,0,1,0,0,1,0,0,0,0,"equal"
"780825-4221198",1,1,1,1,0,0,1,1,1,0,"equal"
"870810-3060343",1,1,1,0,1,0,1,1,0,1,"equal"
"951223-4673186",1,1,1,0,0,0,0,1,0,0,"equal"
"760604-3252150",0,1,0,0,1,1,1,1,1,1,"equal"
"960421-4408761",0,1,0,1,1,1,1,0,0,0,"equal"
"630719-1888791",1,0,1,1,0,0,0,0,1,1,"equal"
"691117-4992639",0,0,0,0,0,1,1,1,0,0,"equal"
"890804-2393724",0,1,1,1,0,1,1,1,0,0,"equal"
"550221-4264801",0,1,1,0,1,0,0,0,0,0,"equal"
"710125-3511976",0,1,0,0,1,1,0,1,1,1,"equal"
"820919-1930228",0,0,1,1,1,0,0,1,1,0,"equal"
"560219-4857234",0,1,1,0,1,0,1,0,1,1,"equal"
"971111-4168567",0,1,1,1,0,0,0,0,0,1,"equal"
"940303-1600817",0,1,1,0,1,0,0,0,1,1,"equal"
"540121-2199253",1,1,0,0,1,1,0,1,0,0,"equal"
"941013-1002237",0,0,1,1,1,0,0,0,0,1,"equal"
"940707-3268835",1,0,1,0,0,1,0,0,0,0,"equal"
"641121-1108652",0,0,0,1,1,1,1,1,0,0,"equal"
"901006-4995827",1,0,1,1,0,1,0,0,1,0,"equal"
"840213-4895391",0,1,0,0,0,1,1,1,0,0,"equal"
"630309-2572596",1,0,1,1,0,0,0,0,1,0,"equal"
"750801-2334311",0,0,1,0,0,1,1,0,0,0,"equal"
"760809-1305897",1,1,1,1,1,1,0,1,1,0,"equal"
"580224-4835159",1,0,1,0,1,0,1,1,0,0,"equal"
"500423-2778862",1,1,0,0,0,0,1,0,1,1,"equal"
"620911-3228883",0,0,0,1,0,0,1,1,0,1,"equal"
"890916-3998969",1,0,1,0,1,0,0,0,1,1,"equal"
"850308-2645804",1,1,0,0,0,1,1,1,0,1,"equal"
"970421-4724191",0,1,1,1,1,1,0,0,0,0,"equal"
"660626-2163177",1,1,1,1,1,0,0,0,0,1,"equal"
"790915-3949572",0,0,0,1,0,0,1,1,0,0,"equal"
"961209-3784604",0,0,1,1,1,0,1,0,0,1,"equal"
"960402-2056773",1,0,1,1,0,0,0,1,0,1,"equal"
"790114-2484298",1,1,1,1,0,1,0,0,1,1,"equal"
"600313-3853660",0,0,1,1,0,0,0,1,1,0,"equal"
"910104-2557742",0,1,0,0,1,1,0,0,0,1,"equal"
"650115-2749011",1,1,1,0,1,0,1,0,0,1,"equal"
"850320-1922621",1,0,1,1,0,1,1,0,1,1,"equal"
"510702-3324816",1,1,1,0,0,1,0,0,0,1,"equal"
"850117-2688573",0,0,0,1,1,0,0,0,1,1,"equal"
"780706-4318752",1,1,0,1,0,0,1,0,0,0,"equal"
"950404-4533005",1,0,1,0,1,1,1,1,0,0,"equal"
"650425-2339080",1,1,1,1,0,1,0,0,1,1,"equal"
"940812-4647303",0,1,0,1,1,0,0,0,1,0,"equal"
"530905-2422165",1,0,1,1,1,0,1,1,0,1,"equal"
"790302-3092273",0,0,0,1,0,1,1,1,0,0,"equal"
"670817-4376343",0,1,1,1,1,1,1,1,0,1,"equal"
"930502-1914148",1,0,0,1,1,1,1,0,1,1,"equal"
"620622-4093228",1,1,0,0,0,0,1,0,1,1,"equal"
"831123-1926251",1,1,1,1,0,1,1,0,0,0,"equal"
"811103-3191009",1,1,1,0,1,0,0,0,0,0,"equal"
"900614-1684884",0,0,0,1,0,0,0,0,1,1,"equal"
"570412-4057397",0,1,0,1,1,1,1,1,1,1,"equal"
"670921-1451282",0,0,1,1,1,1,0,1,1,1,"equal"
"750103-1565393",1,0,0,0,1,0,0,0,0,1,"equal"
"660625-1181001",0,0,0,1,0,1,0,1,0,0,"equal"
"930716-4890862",1,1,0,0,1,0,0,0,0,0,"equal"
"740315-2826184",0,1,1,0,0,0,1,1,1,1,"equal"
"830318-2065024",1,0,1,1,1,1,1,1,1,0,"equal"
"710308-4740615",0,0,1,0,1,1,0,1,1,1,"equal"
"950417-3584052",1,1,0,1,0,1,1,1,1,1,"equal"
"950513-4869482",1,0,1,0,1,1,0,1,1,0,"equal"
"700221-3637103",1,0,0,0,1,1,0,1,0,0,"equal"
"880515-4739585",0,1,1,1,1,0,0,0,1,1,"equal"
"641010-1154740",0,1,0,1,0,0,0,0,1,0,"equal"
"940413-1170279",0,0,0,0,0,0,1,1,1,0,"equal"
"630204-2717671",1,1,1,0,0,0,0,1,1,0,"equal"
"660508-2646050",1,0,0,1,0,0,1,0,0,0,"equal"
"620910-3382747",0,1,0,0,1,1,1,1,0,1,"equal"
"750125-1656312",1,0,0,1,0,1,1,1,0,1,"equal"
"780801-4825545",0,1,0,1,1,1,1,1,1,1,"equal"
"870708-2139822",1,0,0,1,1,0,1,1,0,0,"equal"
"611011-4990914",1,0,0,0,0,1,0,1,0,0,"equal"
"821117-3941756",0,0,1,1,1,1,1,1,1,1,"equal"
"811217-2412216",0,0,0,0,1,0,0,1,1,0,"equal"
"960928-4171317",1,1,0,1,0,1,0,0,0,0,"equal"
"530108-1010656",1,0,0,1,0,1,1,1,1,1,"equal"
"650402-1738927",0,0,1,0,0,1,1,1,1,0,"equal"
"880611-3909562",0,0,0,1,1,1,1,0,0,0,"equal"
"990224-3338494",0,0,1,0,0,1,0,0,1,1,"equal"
"660821-4294288",1,0,1,0,1,1,1,1,1,0,"equal"
"840220-4305149",1,1,1,1,1,0,1,1,0,1,"equal"
"900427-2858106",1,1,0,0,0,0,1,0,0,1,"equal"
"910727-1255173",1,1,0,0,1,1,0,0,0,0,"equal"
"670319-4268608",0,1,0,1,1,1,0,0,0,0,"equal"
"800217-2635122",0,1,1,1,0,0,0,0,1,1,"equal"
"500602-4538105",1,0,0,0,1,1,1,0,1,1,"equal"
"740308-4140493",1,1,0,1,1,1,0,0,0,1,"equal"
"630802-4745495",0,0,0,1,1,0,1,0,0,1,"equal"
"770611-4944900",0,1,1,0,0,1,0,1,1,1,"equal"
"901005-1985784",0,1,1,1,1,0,1,0,0,1,"equal"
"550208-1820181",0,0,1,1,0,1,1,1,0,1,"equal"
"591003-3296653",1,1,1,0,1,0,0,0,0,0,"equal"
"891023-3943589",1,0,1,1,0,0,0,0,1,1,"equal"
"620915-2218136",0,0,1,0,0,0,0,1,1,1,"equal"
"761001-3170706",0,0,0,0,1,0,1,0,0,0,"equal"
"680228-3580791",1,1,1,1,1,1,0,0,0,0,"equal"
"520714-4334381",0,0,0,1,0,1,1,1,0,1,"equal"
"920606-1608120",1,0,0,1,0,0,1,1,1,0,"equal"
"520717-2545120",0,0,0,1,1,0,0,0,0,0,"equal"
"850924-3747229",1,0,1,1,1,1,0,0,0,1,"equal"
"620903-3664087",0,0,0,1,0,0,0,0,0,0,"equal"
"880118-3565486",0,0,1,0,1,1,0,0,0,1,"equal"
"560820-3197512",0,0,1,0,1,1,0,1,0,0,"equal"
"831215-2544087",0,1,0,0,1,1,1,0,1,0,"equal"
"580806-4963058",0,0,1,1,0,1,1,0,1,1,"equal"
"890624-4806602",1,1,0,0,1,0,0,0,0,1,"equal"
"950306-1634578",1,0,1,1,0,0,0,0,0,0,"equal"
"860727-3682754",1,1,0,0,0,0,0,0,0,1,"equal"
"960805-4033091",0,1,1,0,0,0,1,0,1,0,"equal"
"541223-4784287",0,1,1,1,1,1,1,0,0,1,"equal"
"781109-3356337",1,1,1,1,1,0,0,1,1,0,"equal"
"530925-2734114",0,1,0,1,1,1,1,0,0,1,"equal"
"530322-4038110",0,0,1,1,0,1,1,1,0,1,"equal"
"970209-4794250",0,1,0,1,1,1,1,1,0,1,"equal"
"771125-2243134",0,1,0,0,0,1,1,1,0,0,"equal"
"910906-2452711",1,1,1,1,1,0,1,0,1,1,"equal"
"651215-4375671",1,0,0,1,1,0,1,1,0,0,"equal"
"871002-4563405",0,1,1,0,1,0,1,0,0,0,"equal"
"961006-2068996",1,1,0,1,1,0,1,0,1,1,"equal"
"900218-4922875",1,1,1,1,1,0,0,1,1,1,"equal"
"690427-2267490",1,0,1,1,0,0,1,1,1,1,"equal"
"790512-2226524",1,0,1,0,0,0,1,1,0,0,"equal"
"761227-1773835",0,0,0,1,0,1,1,1,1,0,"equal"
"821015-4312541",0,1,0,1,0,1,0,1,0,0,"equal"
"830321-4725542",0,1,0,0,0,0,0,1,0,0,"equal"
"761104-2344719",1,1,0,1,1,0,0,0,0,1,"equal"
"801122-4768608",0,1,1,1,1,0,1,1,0,0,"equal"
"600201-3791821",1,0,0,0,1,0,1,0,0,0,"equal"
"911009-4557590",0,1,0,1,1,1,1,1,1,1,"equal"
"831216-1674773",0,1,0,0,0,0,0,0,0,1,"equal"
"810608-4681266",0,0,1,0,0,0,0,0,1,1,"equal"
"941128-1560056",1,0,1,0,0,0,1,0,0,1,"equal"
"941202-4928818",1,1,0,1,0,1,0,0,1,0,"equal"
"980523-3759013",1,1,1,1,0,1,1,1,0,1,"equal"
"771204-1701890",0,1,0,1,0,0,1,1,0,1,"equal"
"661112-3747565",1,0,0,1,1,0,0,0,0,0,"equal"
"980314-3828719",0,1,0,1,1,1,1,1,1,1,"equal"
"750605-2835898",1,1,1,0,0,1,0,0,1,1,"equal"
"980226-2908033",1,1,1,1,1,1,0,1,1,0,"equal"
"910711-2615121",1,1,0,1,1,1,0,1,0,0,"equal"
"520921-1584765",1,0,1,1,1,1,1,1,1,1,"equal"
"590117-4954371",0,0,0,1,1,0,0,1,1,0,"equal"
"770110-1682840",1,1,0,0,1,0,0,0,0,1,"equal"
"840721-2309537",1,1,0,0,0,1,1,0,1,1,"equal"
"960814-2784564",0,1,0,0,0,1,0,1,0,0,"equal"
"540519-2747544",1,1,0,1,1,0,0,0,1,0,"equal"
"980410-1174260",1,1,0,0,0,1,1,0,0,1,"equal"
"700816-3051580",1,0,1,0,1,0,0,1,0,0,"equal"
"560205-2781658",1,1,0,1,0,0,0,1,0,1,"equal"
"920114-2030636",1,0,0,1,1,1,1,0,1,1,"equal"
"860317-2379322",1,0,0,0,1,0,0,0,1,0,"equal"
"771124-3483326",1,1,1,0,1,0,1,0,1,1,"equal"
"950122-2024755",1,1,0,0,1,0,1,0,1,0,"equal"
"630525-1197276",1,1,1,1,1,1,0,1,0,1,"equal"
"800816-3333666",1,1,0,1,1,0,1,0,0,0,"equal"
"501107-4737328",0,0,0,0,1,0,0,0,1,0,"equal"
"810219-1502364",1,0,0,1,1,1,1,1,1,0,"equal"
"950202-1858979",1,1,1,0,0,1,0,1,0,1,"equal"
"711117-3676590",0,1,0,1,1,0,0,1,0,1,"equal"
"960205-4168739",1,1,0,0,0,0,0,0,1,0,"equal"
"730906-1334612",0,0,1,0,0,0,0,1,0,1,"equal"
"800726-4205309",1,1,0,0,1,0,0,0,0,1,"equal"
"881018-4634497",0,1,0,1,0,1,0,1,0,1,"equal"
"760614-2363363",1,0,0,0,1,1,1,1,1,1,"equal"
"820811-4750920",1,0,0,1,0,1,0,0,1,1,"equal"
"981003-4933835",0,0,0,0,1,0,0,0,0,0,"equal"
"631011-2378042",1,0,1,1,0,0,1,0,1,0,"equal"
"800501-3620854",1,1,0,1,1,1,0,0,0,1,"equal"
"500610-2716195",1,1,1,1,1,1,1,0,1,1,"equal"
"780605-1505438",0,0,0,0,0,0,0,0,1,1,"equal"
"670616-3707780",1,0,0,0,1,0,0,1,0,1,"equal"
"590722-3616912",0,1,1,1,1,0,0,0,0,0,"equal"
"811105-1178242",0,1,1,0,0,0,1,1,1,1,"equal"
"770626-4520745",0,1,1,0,1,1,0,0,1,0,"equal"
"571102-3016037",1,1,0,0,0,0,1,1,0,1,"equal"
"620724-2900233",1,1,1,0,0,1,1,1,1,0,"equal"
"760326-1612287",0,1,1,0,0,0,1,1,0,1,"equal"
"811116-4346916",1,0,0,0,0,1,0,1,0,0,"equal"
"570415-1257930",0,1,0,1,1,1,1,0,1,0,"equal"
"610914-3358661",0,1,1,0,0,1,0,0,1,1,"equal"
"731121-3286471",1,0,0,0,1,1,0,0,0,0,"equal"
"840911-1774902",1,1,0,0,0,1,0,1,0,0,"equal"
"560214-3775559",1,1,1,0,0,0,0,0,1,0,"equal"
"550617-4427540",1,1,1,1,1,0,0,0,0,1,"equal"
"660125-4937189",1,0,0,0,0,1,1,0,1,1,"equal"
"691004-4432288",1,0,1,0,0,1,1,1,0,0,"equal"
"681214-3678827",0,1,1,0,1,1,1,1,1,1,"equal"
"760823-4349190",1,1,1,0,0,0,1,0,1,0,"equal"
"550514-1648898",0,1,0,0,0,1,1,1,0,1,"equal"
"680318-2554961",1,0,0,0,1,0,0,0,1,1,"equal"
"740422-1315597",0,0,0,1,0,1,1,0,1,1,"equal"
"771125-3969659",1,0,1,1,1,0,1,1,1,0,"equal"
"800904-3563338",0,1,0,1,0,0,1,1,0,0,"equal"
"970205-1523967",0,1,1,0,1,0,1,1,0,1,"equal"
"980821-4397049",0,1,1,0,0,0,1,1,1,1,"equal"
"510618-2825886",0,1,1,0,1,0,1,1,0,1,"equal"
"620509-1206418",0,1,1,1,0,1,0,1,1,1,"equal"
"750117-1178272",1,1,1,0,1,1,0,1,1,0,"equal"
"810503-3932456",0,1,1,0,0,1,0,0,1,1,"equal"
"740618-4147078",0,1,0,0,1,1,0,1,0,0,"equal"
"571028-4128535",1,0,0,0,1,0,0,0,1,0,"equal"
"621101-3807148",0,0,1,0,0,0,1,0,1,0,"equal"
"550528-1114957",0,1,0,0,0,0,0,1,0,1,"equal"
"831009-3790111",0,1,1,1,0,1,1,1,0,1,"equal"
"501014-1341773",0,1,1,1,0,0,1,0,0,1,"equal"
"521027-4913426",0,1,1,0,1,1,1,0,1,1,"equal"
"600119-2650253",1,1,0,0,1,1,0,0,0,0,"equal"
"971115-3528419",0,0,1,0,1,0,1,0,1,1,"equal"
"750916-4072882",1,1,0,1,1,0,0,1,1,0,"equal"
"740517-2715621",0,0,1,0,0,1,0,1,0,1,"equal"
"750228-4895504",1,0,1,1,0,1,1,1,0,1,"equal"
"931220-3120248",0,0,1,0,0,0,1,1,0,0,"equal"
"701124-2376941",1,1,1,1,1,1,0,0,0,1,"equal"
"771214-4564277",0,0,1,0,0,1,1,1,0,0,"equal"
"800324-1386802",0,1,0,1,1,1,1,1,1,0,"equal"
"660828-4690315",1,0,0,1,1,0,0,1,1,1,"equal"
"590615-1075430",1,1,0,1,1,0,0,1,0,1,"equal"
"670522-1641453",1,0,0,1,1,1,0,0,1,1,"equal"
"810718-4313193",1,1,1,1,1,0,1,1,1,1,"equal"
"960609-4848171",0,0,0,1,1,1,0,0,1,0,"equal"
"610423-3894589",1,0,1,1,0,1,0,1,0,0,"equal"
"920717-2830320",1,1,0,0,1,1,0,1,0,0,"equal"
"630411-4964965",1,1,1,0,0,1,1,0,0,1,"equal"
"720528-3180882",1,0,1,1,1,0,0,1,0,1,"equal"
"940925-2211511",1,1,1,0,1,1,1,0,1,0,"equal"
"930106-1796444",1,0,1,1,0,1,1,0,0,1,"equal"
"990620-3228883",1,1,0,1,0,0,1,0,1,1,"equal"
"620220-2229260",0,1,0,1,0,0,1,1,1,1,"equal"
"731109-4267555",0,1,0,1,0,1,1,0,1,0,"equal"
"721207-1729876",1,0,1,0,0,0,0,0,1,0,"equal"
"890408-1424419",0,1,1,0,1,0,1,1,0,0,"equal"
"541202-4565550",0,0,1,0,1,1,1,0,0,1,"equal"
"820724-2547774",0,1,0,0,1,0,1,1,0,0,"equal"
"561209-3504438",1,1,0,1,0,0,1,1,0,1,"equal"
"790106-2677200",1,0,0,1,0,1,0,0,1,0,"equal"
"980922-1285123",0,0,0,0,1,0,1,1,1,1,"equal"
"710512-2851366",0,1,0,0,0,1,1,0,0,0,"equal"
"761025-4367597",1,1,1,0,0,1,1,0,1,1,"equal"
"711203-4955037",1,0,1,1,0,1,0,1,1,1,"equal"
"750322-2562076",0,1,1,1,1,0,0,0,0,1,"equal"
"570408-2155035",1,1,1,1,1,1,0,0,0,1,"equal"
"760428-1557661",0,1,0,0,0,0,1,0,1,1,"equal"
"680326-4566797",0,0,1,0,1,1,0,1,1,1,"equal"
"650601-4607816",0,1,0,1,1,1,1,0,1,1,"equal"
"780316-4410300",0,1,1,1,1,1,0,0,0,1,"equal"
"880305-1376550",0,1,0,1,1,1,1,1,0,0,"equal"
"700327-2034197",0,1,1,0,1,1,1,1,1,0,"equal"
"780604-1746559",0,1,0,0,1,0,1,1,0,0,"equal"
"841008-1975617",0,0,0,1,1,1,0,0,1,0,"equal"
"720609-4572968",1,0,1,0,0,1,0,1,1,0,"equal"
"890111-4262859",1,0,1,0,0,0,0,1,0,1,"equal"
"730104-3241191",0,0,1,1,1,0,0,0,0,1,"equal"
"900411-4681109",1,0,0,1,0,0,0,1,1,1,"equal"
"730808-1601825",1,0,0,0,1,1,0,0,0,0,"equal"
"710814-4289053",0,0,0,1,1,0,1,0,1,1,"equal"
"570713-4944763",1,1,1,0,1,0,0,0,0,1,"equal"
"910828-1350024",1,1,0,1,1,0,1,1,1,1,"equal"
"640805-1416769",1,1,1,1,1,1,0,1,0,0,"equal"
"810707-3233636",1,0,0,0,0,0,0,1,1,1,"equal"
"500418-2223422",0,1,0,1,0,1,1,1,0,1,"equal"
"861019-4746428",0,0,1,0,0,0,0,1,0,1,"equal"
"651025-3488407",0,1,0,1,1,1,1,1,1,1,"equal"
"660725-3996583",1,1,1,0,0,0,0,0,1,1,"equal"
"720911-3717846",0,0,0,0,0,0,1,1,1,1,"equal"
"790926-4308529",0,1,0,1,1,1,0,0,1,0,"equal"
"620727-4004299",1,1,0,0,0,0,0,1,0,1,"equal"
"510415-2869312",1,0,1,0,0,0,1,0,1,0,"equal"
"600328-1472590",0,1,1,1,0,1,1,0,1,1,"equal"
"620324-1480301",1,0,1,0,0,1,0,1,1,1,"equal"
"670414-2781744",1,1,1,1,1,0,0,1,1,1,"equal"
"711025-2353061",0,1,1,1,0,1,0,1,0,0,"equal"
"951213-2206259",1,1,1,0,1,0,1,0,1,0,"equal"
"510108-4286523",1,0,0,0,0,0,0,0,1,1,"equal"
"580316-4871261",1,0,0,1,1,0,1,1,1,0,"equal"
"810625-2740149",0,1,1,1,1,0,0,1,1,1,"equal"
"670616-1723304",1,0,0,0,1,0,1,1,0,0,"equal"
"691008-3114308",1,1,1,1,1,1,1,0,1,1,"equal"
"700307-4853372",1,0,1,1,1,0,0,0,0,0,"equal"
"821001-4614291",0,0,0,0,1,1,0,1,0,1,"equal"
"750210-4629479",0,0,0,1,1,0,0,0,0,0,"equal"
"610808-3857802",1,1,0,0,1,1,0,0,1,1,"equal"
"751026-2626447",1,0,1,0,0,1,1,1,1,1,"equal"
"731102-2973420",0,1,1,0,1,1,0,0,0,1,"equal"
"591211-3709068",1,0,0,0,1,0,1,1,1,1,"equal"
"880528-4059407",1,1,1,0,0,0,1,1,1,1,"equal"
"690723-1727320",1,1,1,1,0,1,0,0,0,1,"equal"
"970721-3129046",1,0,1,1,1,1,1,1,1,0,"equal"
"730701-3082937",0,1,1,0,1,0,1,0,1,1,"equal"
"600307-4536591",0,1,1,1,1,0,0,1,1,1,"equal"
"740313-1308243",0,0,1,1,1,0,0,1,1,0,"equal"
"860822-4181116",0,0,1,0,1,0,0,1,0,1,"equal"
"740521-2293633",0,1,0,1,0,1,0,0,1,0,"equal"
"730224-2932593",0,0,0,0,0,1,0,0,0,1,"equal"
"900519-4886588",0,1,0,0,0,0,1,0,0,0,"equal"
"920901-1442220",0,0,1,1,1,1,1,0,0,1,"equal"
"610407-4352788",0,0,1,0,1,1,0,1,1,0,"equal"
"810426-4807570",0,1,1,1,1,0,1,1,0,0,"equal"
"990319-4837067",0,0,1,0,0,1,0,1,0,1,"equal"
"530713-1168824",0,1,1,0,1,0,1,0,0,1,"equal"
"590724-4551667",1,0,1,1,1,1,1,1,0,1,"equal"
"871019-4179853",1,0,0,0,1,0,0,0,0,1,"equal"
"700208-2004069",1,0,1,1,0,1,1,0,0,1,"equal"
"981123-1247598",0,1,0,0,1,1,0,1,1,1,"equal"
"880919-2935660",0,1,0,0,1,0,0,0,1,1,"equal"
"820815-4613577",1,1,1,1,1,0,0,0,0,1,"equal"
"750609-4641741",0,1,1,0,0,1,1,1,0,0,"equal"
"850115-2140798",0,1,1,1,1,1,0,1,1,1,"equal"
"681118-3974797",0,0,1,1,0,0,1,1,1,0,"equal"
"520810-1823463",0,0,0,1,0,1,0,1,0,1,"equal"
"780126-1808741",1,0,1,1,0,1,0,1,1,1,"equal"
"800725-4942500",1,1,0,1,1,0,1,0,0,1,"equal"
"871015-4621838",1,0,0,0,0,0,0,0,0,0,"equal"
"590523-4823381",0,0,0,1,0,1,1,1,1,0,"equal"
"690207-2277074",1,0,0,1,1,0,1,0,0,1,"equal"
"760611-3082348",0,0,0,1,0,0,1,1,0,0,"equal"
"640913-2364598",1,1,0,1,1,1,1,0,1,1,"equal"
"660925-2281874",1,0,0,0,0,1,1,0,0,0,"equal"
"670406-1507655",1,0,1,1,0,1,0,0,1,1,"equal"
"971204-3842196",1,0,0,0,0,0,0,1,1,1,"equal"
"901204-3591813",0,0,0,1,1,1,0,0,1,0,"equal"
"620627-3591435",1,1,0,1,1,0,1,1,1,0,"equal"
"650625-2146499",1,1,0,0,0,0,0,0,0,1,"equal"
"850611-3073937",0,0,0,1,1,1,1,1,1,1,"equal"
"621101-4149346",1,0,0,0,1,0,1,1,1,1,"equal"
"611022-1423628",0,0,0,0,1,1,0,0,0,0,"equal"
"500701-1305152",1,0,0,1,0,1,1,1,1,0,"equal"
"590709-4913458",0,0,1,1,0,0,0,0,1,1,"equal"
"520525-3092336",0,1,0,0,1,1,0,1,1,1,"equal"
"740717-3295922",0,1,1,0,1,0,1,1,0,0,"equal"
"611221-1828231",1,0,1,1,1,0,0,1,1,1,"equal"
"680827-4649945",1,0,0,1,1,1,0,0,1,0,"equal"
"540507-4874310",1,0,1,1,1,1,0,1,1,1,"equal"
"540705-2615754",0,1,1,0,0,1,1,0,0,0,"equal"
"600428-2687098",0,1,1,0,0,1,1,0,1,0,"equal"
"740416-4349112",1,1,1,0,0,1,1,1,1,1,"equal"
"690716-4534218",1,1,0,0,1,0,1,1,0,0,"equal"
"801220-3229348",1,0,0,1,0,1,0,1,1,1,"equal"
"581206-2220553",0,1,1,1,0,0,0,0,1,1,"equal"
"660118-4505328",0,1,1,1,0,0,0,1,0,1,"equal"
"990310-1650917",0,0,1,0,0,0,0,0,1,0,"equal"
"850513-4339752",0,1,0,1,1,0,0,1,1,1,"equal"
"791111-2566420",1,0,0,0,0,1,1,1,0,0,"equal"
"680405-3372271",1,0,1,0,0,0,1,1,0,1,"equal"
"550217-1458203",1,1,1,1,1,1,0,1,0,1,"equal"
"611223-3441869",0,0,0,1,1,0,1,1,1,0,"equal"
"520712-3934459",1,0,0,0,1,1,0,0,1,1,"equal"
"531228-3852562",1,1,1,0,1,0,0,1,1,1,"equal"
"670924-2937917",0,0,0,0,0,1,1,0,0,1,"equal"
"820514-4363381",1,1,0,1,0,0,0,1,1,1,"equal"
"880512-4658912",0,0,0,0,1,0,1,1,0,1,"equal"
"851007-3612441",1,0,1,0,1,1,0,0,0,0,"equal"
"961211-3513134",0,1,0,0,0,1,0,0,1,1,"equal"
"620809-3849834",0,0,0,0,1,1,0,0,1,1,"equal"
"550424-1014798",1,0,0,1,0,1,0,1,1,0,"equal"
"630405-4036882",1,0,0,0,1,1,0,0,1,1,"equal"
"821010-1069284",1,1,0,1,0,1,0,0,0,1,"equal"
"601004-4001651",0,1,0,0,0,0,0,1,0,1,"equal"
"640420-4170537",0,1,0,1,0,0,1,0,1,0,"equal"
"960827-1144479",1,0,1,1,0,1,1,1,1,1,"equal"
"691015-3849736",1,0,1,0,0,1,1,1,1,1,"equal"
"911116-3810464",0,0,1,0,0,0,1,0,0,1,"equal"
"601207-4113481",0,1,1,0,1,1,1,1,0,0,"equal"
"601110-2074509",0,0,1,1,0,1,1,1,1,1,"equal"
"800324-2661966",0,0,0,0,0,0,1,1,0,0,"equal"
"741127-3326911",0,1,0,0,0,0,1,1,0,1,"equal"
"701016-2943913",0,1,1,1,0,1,1,1,1,1,"equal"
"541113-1633134",1,1,1,0,1,1,0,1,1,0,"equal"
"741201-1070475",0,1,0,0,1,0,1,1,1,0,"equal"
"770405-1867796",0,1,1,1,1,1,1,0,0,0,"equal"
"640409-1049767",0,1,1,1,1,0,0,1,0,1,"equal"
"680503-2175024",1,0,0,1,0,1,0,1,0,1,"equal"
"920226-2513587",0,0,0,0,1,0,1,0,0,0,"equal"
"821010-3041679",0,1,1,0,0,1,0,0,0,1,"equal"
"610128-2853637",0,0,1,0,0,1,0,0,0,1,"equal"
"610507-1296854",1,1,0,0,0,0,1,1,0,0,"equal"
"840504-2552973",0,1,1,0,1,1,1,0,0,1,"equal"
"970518-1659239",1,0,0,0,1,1,0,1,0,1,"equal"
"730227-4506983",1,0,1,0,0,0,0,0,1,0,"equal"
"681105-4870927",1,1,0,0,1,0,0,0,1,1,"equal"
"940311-2820094",0,0,1,1,1,0,0,1,1,1,"equal"
"820722-4942214",1,1,0,1,0,1,1,1,1,0,"equal"
"710902-4233267",1,1,0,0,0,1,0,1,1,0,"equal"
"730605-2018077",1,0,1,0,1,0,0,0,0,0,"equal"
"510601-3688094",1,1,0,1,0,0,0,1,1,0,"equal"
"590810-4651343",1,0,0,1,1,0,0,0,0,0,"equal"
"820904-1434940",0,1,0,1,1,0,1,1,1,1,"equal"
"870824-1161809",1,1,1,1,1,0,0,1,1,0,"equal"
"911224-2509975",0,1,1,1,0,1,1,0,1,1,"equal"
"960212-4111558",1,1,1,0,0,1,1,1,0,0,"equal"
"751128-1626069",1,1,0,0,0,0,0,1,1,0,"equal"
"621223-2955732",0,0,1,1,1,0,0,0,1,0,"equal"
"601001-4914690",1,0,1,0,1,1,0,0,1,1,"equal"
"530124-4223554",1,1,0,1,0,0,0,1,1,1,"equal"
"860220-4279224",1,0,1,1,1,1,0,0,1,0,"equal"
"700128-2839425",0,0,1,0,0,1,0,0,1,0,"equal"
"660323-3736987",1,0,0,1,1,1,1,1,1,1,"equal"
"610703-2875373",1,0,0,1,1,1,0,1,0,1,"equal"
"891009-2007773",1,0,0,1,0,1,0,1,0,1,"equal"
"970525-1154962",1,0,1,0,1,0,0,1,1,1,"equal"
"510702-3981460",0,0,1,0,1,1,0,1,0,1,"equal"
"940421-4373416",1,1,1,1,0,1,0,1,1,0,"equal"
"771101-4447963",0,0,1,1,0,1,0,1,1,0,"equal"
"671111-2460237",1,0,0,1,1,0,0,1,0,1,"equal"
"860212-1050096",1,1,0,1,1,0,1,0,0,0,"equal"
"941014-3703308",0,0,0,0,1,1,1,1,1,0,"equal"
"570314-4984960",1,0,1,1,0,0,0,1,1,0,"equal"
"840511-2033489",0,0,0,0,1,0,1,1,1,1,"equal"
"511004-3569739",1,0,0,0,0,0,0,0,0,1,"equal"
"680425-1864300",0,1,0,1,1,0,0,0,1,1,"equal"
"971014-3539952",1,0,1,0,0,0,0,0,0,0,"equal"
"530322-2379767",1,1,0,1,1,1,0,1,0,0,"equal"
"941008-2945275",0,1,1,0,0,1,0,1,0,1,"equal"
"620224-3480812",0,0,1,0,1,1,0,1,1,1,"equal"
"761028-4799095",0,0,1,0,0,0,0,1,1,0,"equal"
"860911-4386429",1,0,0,0,1,0,0,1,1,1,"equal"
"791001-1587445",0,1,1,0,0,0,1,1,1,1,"equal"
"941123-1816429",1,1,0,1,0,1,0,1,1,0,"equal"
"890103-1826684",1,1,0,0,0,1,0,0,1,1,"equal"
"500811-1627638",1,0,1,0,1,1,1,1,1,0,"equal"
"851018-1806921",1,1,0,0,1,1,0,0,0,0,"equal"
"920506-3653535",1,1,1,1,1,0,0,0,1,1,"equal"
"700409-1050487",0,0,1,1,0,0,0,1,0,1,"equal"
"530806-2177122",1,1,0,1,0,1,0,0,1,1,"equal"
"510721-3457082",1,0,1,1,1,1,1,1,0,0,"equal"
"730811-4950270",1,0,1,0,1,1,1,1,0,1,"equal"
"740207-2727348",1,0,1,1,1,0,0,0,1,1,"equal"
"760813-4812228",0,1,0,0,0,0,1,1,1,0,"equal"
"520104-2267907",1,0,0,1,0,1,1,1,1,0,"equal"
"570415-1078308",0,0,1,1,1,1,0,1,1,1,"equal"
"680925-1750275",1,0,0,1,0,0,1,1,1,1,"equal"
"761217-1969383",1,1,0,0,0,1,0,0,1,0,"equal"
"711001-3176212",0,0,1,0,0,1,1,1,1,1,"equal"
"670721-3417238",0,1,1,0,1,0,1,0,0,0,"equal"
"910923-1651537",1,0,0,0,0,1,0,1,0,0,"equal"
"961126-2985289",0,1,1,0,0,1,1,1,0,0,"equal"
"991116-1052757",1,0,1,0,0,1,0,0,1,0,"equal"
"690407-2166446",1,1,1,0,1,1,1,0,1,1,"equal"
"720720-1051272",0,0,0,0,1,0,1,0,1,0,"equal"
"620204-4720773",1,0,0,1,1,1,1,0,0,0,"equal"
"590218-2691140",1,0,0,1,1,1,1,1,1,0,"equal"
"860128-3109699",1,0,0,1,0,0,1,1,0,0,"equal"
"671004-2478712",0,0,0,0,1,0,0,0,1,0,"equal"
"640301-3163488",1,1,0,0,0,1,0,1,0,1,"equal"
"810204-2089815",0,1,0,1,1,0,0,1,1,1,"equal"
"900409-4086083",1,1,0,1,0,1,0,1,1,0,"equal"
"870908-2203243",0,0,0,0,0,0,0,1,1,1,"equal"
"561221-3357884",1,0,1,0,0,1,1,0,1,1,"equal"
"901102-2993492",0,1,1,0,1,1,0,1,1,1,"equal"
"890204-3702832",0,1,0,0,0,0,1,0,0,0,"equal"
"510515-1267887",0,1,0,1,0,0,1,1,0,0,"equal"
"871202-3080508",1,0,1,1,1,0,0,0,1,1,"equal"
"740318-1768837",0,1,1,0,0,1,1,1,1,0,"equal"
"680507-2997738",1,1,1,1,1,0,0,1,1,1,"equal"
"731228-4955250",0,0,0,1,1,0,1,0,1,0,"equal"
"920615-4312519",0,1,0,0,1,1,0,1,0,0,"equal"
"640716-4801651",1,0,0,1,1,1,0,0,1,0,"equal"
"801026-1860911",1,1,1,1,0,1,0,0,0,0,"equal"
"570902-1960093",1,1,1,1,1,1,1,0,1,1,"equal"
"521109-3503084",1,0,0,0,1,1,0,1,0,1,"equal"
"780524-2359658",0,1,1,1,0,0,0,0,1,0,"equal"
"520801-3162060",0,0,0,1,1,0,1,0,0,1,"equal"
"881213-3580264",0,0,1,1,1,1,1,0,1,0,"equal"
"570928-1160466",0,1,1,1,1,1,1,0,0,0,"equal"
"660518-4404714",1,1,0,0,1,0,1,0,0,1,"equal"
"500613-3625814",0,1,0,1,1,1,1,0,1,0,"equal"
"550726-3690474",1,0,1,0,0,1,1,1,0,1,"equal"
"940517-4000273",0,1,0,0,0,1,0,1,1,1,"equal"
"510824-3079253",0,1,1,0,0,0,1,1,0,0,"equal"
"690808-3557198",1,1,1,1,1,0,1,1,0,0,"equal"
"630501-4985360",0,0,1,0,0,0,1,0,1,0,"equal"
"660526-3843499",1,1,1,0,1,1,0,1,1,0,"equal"
"970528-1374640",1,1,1,0,1,1,0,0,0,0,"equal"
"780501-1706353",1,1,0,1,0,0,0,0,0,0,"equal"
"681218-3872128",1,1,1,1,1,0,0,0,1,1,"equal"
"551112-4023795",0,0,1,1,1,0,1,1,0,0,"equal"
"690106-2796996",1,0,1,1,0,1,1,0,0,0,"equal"
"530526-4801933",0,1,0,1,0,1,1,0,1,0,"equal"
"550317-2128139",1,1,1,1,1,0,0,1,1,1,"equal"
"810908-2835691",1,0,0,1,0,1,1,0,0,1,"equal"
"580528-4353181",1,0,0,0,1,0,0,0,0,1,"equal"
"740609-4801219",1,1,0,0,0,1,0,0,1,0,"equal"
"871109-3434427",1,0,0,0,0,1,1,1,0,1,"equal"
"710913-2177580",1,0,0,0,1,1,0,1,1,0,"equal"
"630917-1960323",0,0,0,0,0,0,0,0,0,0,"equal"
"630411-3908252",1,0,0,0,1,1,1,1,0,1,"equal"
"780319-1247503",0,1,0,1,1,1,1,0,0,1,"equal"
"970407-2589077",1,1,1,1,1,1,0,1,1,0,"equal"
"840715-2844237",1,1,0,0,0,1,0,1,0,1,"equal"
"991027-4098795",0,1,1,0,0,1,1,0,1,1,"equal"
"810109-2714535",1,0,0,0,0,0,0,1,1,1,"equal"
"831018-1935513",1,0,1,0,1,0,0,0,1,0,"equal"
"990522-3704032",0,0,0,1,0,1,1,0,0,0,"equal"
"641218-3812244",0,1,1,0,0,1,1,1,0,0,"equal"
"550525-1510421",1,1,0,1,1,1,0,1,1,1,"equal"
"830226-4230655",1,0,1,1,1,1,0,0,1,0,"equal"
"780210-3010418",1,1,0,1,0,1,0,0,1,1,"equal"
"841011-4838268",0,1,1,1,1,1,0,1,1,0,"equal"
"600307-1930166",0,1,1,1,1,1,1,0,0,0,"equal"
"980821-2827358",0,0,0,1,0,1,1,1,1,1,"equal"
"550415-1906957",1,0,1,1,1,1,1,1,0,1,"equal"
"730720-3990585",1,0,1,1,1,1,0,0,0,1,"equal"
"550717-2859627",0,1,0,1,0,0,1,1,1,1,"equal"
"630224-2270494",0,0,0,1,0,0,0,0,1,1,"equal"
"920118-3077727",1,1,0,1,1,0,1,1,1,0,"equal"
"680702-2329265",0,1,1,1,1,0,1,0,1,1,"equal"
"900214-3960018",1,1,0,0,1,0,1,1,0,1,"equal"
"920906-3498770",1,0,1,1,0,0,1,0,0,0,"equal"
"820111-4516186",1,1,1,0,1,1,0,0,1,0,"equal"
"510405-2622223",1,0,1,0,1,0,0,0,0,1,"equal"
"980113-2184630",1,0,1,0,0,1,0,1,1,0,"equal"
"771014-1580180",0,1,1,1,0,1,1,0,1,1,"equal"
"930827-3549197",1,0,0,1,0,0,1,1,0,1,"equal"
"930507-3011941",1,0,1,1,0,1,1,1,1,0,"equal"
"971212-1306471",1,0,1,0,1,1,1,1,0,1,"equal"
"511206-3959039",1,1,1,1,1,0,0,1,1,0,"equal"
"541024-2655122",0,0,0,1,0,1,0,0,0,1,"equal"
"830901-2379104",0,0,1,0,0,1,1,1,0,0,"equal"
"871106-2226708",1,1,1,0,0,0,1,1,1,0,"equal"
"590202-1870773",1,0,1,1,1,0,1,0,1,1,"equal"
"620525-3626963",1,1,1,1,1,1,1,0,1,1,"equal"
"570811-1835903",0,0,1,0,0,0,0,0,0,0,"equal"
"551216-3860453",1,0,0,1,0,0,0,1,0,1,"equal"
"601020-4932404",0,0,0,0,1,1,1,1,1,0,"equal"
"590602-4819267",1,1,1,0,1,1,0,0,0,1,"equal"
"810115-4938926",1,0,0,1,1,1,0,0,0,0,"equal"
"541023-1979190",1,0,1,1,0,0,1,0,0,0,"equal"
"901027-3834799",1,0,0,0,0,0,1,0,0,1,"equal"
"791119-2710930",1,1,0,0,1,0,1,0,0,0,"equal"
"690907-1779670",1,1,1,1,0,1,1,1,0,1,"equal"
"840224-1711565",0,1,0,0,1,1,0,0,1,0,"equal"
"890209-3283349",1,1,1,1,1,0,1,0,1,0,"equal"
"970702-3900520",0,0,1,0,0,1,0,0,0,0,"equal"
"540201-2071080",1,1,1,1,1,0,1,1,0,1,"equal"
"650311-3892074",1,0,0,0,1,0,1,0,0,1,"equal"
"940406-2138164",1,0,1,1,1,0,1,0,1,1,"equal"
"510509-4853987",1,0,1,0,0,1,0,0,0,0,"equal"
"940608-3355115",1,0,0,0,0,1,0,0,0,1,"equal"
"901103-2561341",1,0,1,1,0,0,1,1,0,0,"equal"
"630715-2391979",0,1,0,0,0,0,0,0,1,1,"equal"
"570522-2784260",0,1,1,1,0,0,1,1,0,0,"equal"
"541227-4035372",0,1,1,1,1,1,0,0,0,1,"equal"
"790201-2784767",1,0,0,1,0,1,0,1,0,0,"equal"
"861118-2615706",1,0,0,1,0,0,0,0,1,0,"equal"
"550702-4923279",1,0,1,0,1,1,0,1,1,0,"equal"
"960523-1776217",0,1,1,0,1,0,0,1,1,0,"equal"
"630228-1108621",0,0,1,1,0,0,1,0,0,1,"equal"
"840321-2859311",1,1,1,0,0,1,1,0,0,0,"equal"
"620520-2072162",0,1,0,0,1,1,1,0,1,0,"equal"
"980201-3424748",0,0,1,0,0,1,1,0,1,1,"equal"
"650214-2146271",0,1,0,0,1,0,1,1,0,1,"equal"
"541014-4058229",0,0,0,1,0,0,0,1,1,0,"equal"
"890910-4143829",0,1,0,0,0,0,0,1,1,1,"equal"
"810405-4711943",1,0,0,0,0,1,1,0,1,0,"equal"
"570901-4169764",0,0,0,1,0,1,0,0,0,1,"equal"
"610726-4472166",1,0,0,0,1,1,0,1,1,1,"equal"
"780416-1434354",0,0,1,1,1,0,0,0,0,0,"equal"
"910713-2563116",0,0,0,1,1,1,1,0,0,1,"equal"
"660806-4991131",0,1,0,0,0,0,1,0,1,1,"equal"
"971016-2291937",0,1,1,1,1,1,0,1,0,1,"equal"
"820916-2661708",1,1,0,0,0,0,0,1,1,1,"equal"
"820426-1915788",1,0,0,0,0,0,1,0,1,0,"equal"
"780804-1093561",0,0,1,0,0,1,0,0,0,0,"equal"
"810514-1858008",0,1,0,1,1,0,0,1,1,1,"equal"
"720103-2091176",1,1,1,0,1,1,0,0,0,1,"equal"
"551225-2477147",0,1,0,1,0,1,1,0,1,0,"equal"
"700206-3457982",0,1,0,1,1,0,0,1,0,1,"equal"
"870713-3976805",1,0,0,1,1,0,0,0,0,0,"equal"
"910823-2483202",0,0,1,0,1,0,0,1,0,0,"equal"
"841009-3786111",1,0,1,0,0,0,1,0,1,0,"equal"
"840801-3502079",1,0,1,1,0,0,0,0,0,1,"equal"
"940104-4703033",1,0,0,0,1,0,0,1,0,1,"equal"
"810802-3229750",1,1,0,0,1,1,1,1,0,1,"equal"
"750928-4342038",1,0,0,1,0,1,0,1,1,1,"equal"
"550811-4937618",1,0,1,1,0,1,0,1,0,1,"equal"
"631021-1436891",1,1,1,1,1,0,1,0,0,0,"equal"
"860528-1555345",0,1,0,0,1,0,1,0,1,1,"equal"
"681209-1609839",0,0,1,1,0,1,0,1,1,0,"equal"
"800420-3996323",0,0,1,0,1,1,1,0,0,0,"equal"
"530513-3543156",0,0,0,0,0,1,0,1,0,0,"equal"
"731117-1165594",0,1,1,1,1,0,0,1,1,0,"equal"
"570918-3152387",0,0,0,1,1,1,0,1,1,0,"equal"
"920718-4381653",0,1,1,0,1,1,1,1,0,0,"equal"
"500508-1575494",1,0,0,1,1,0,0,0,1,1,"equal"
"770526-3819553",1,1,0,0,1,0,1,0,1,1,"equal"
"690517-1463630",1,0,1,1,1,1,0,0,0,0,"equal"
"751206-2664660",1,1,0,1,0,1,1,0,0,0,"equal"
"951206-2099208",1,0,0,0,0,1,0,0,1,0,"equal"
"650707-4993146",0,0,0,0,1,1,1,1,0,1,"equal"
"960624-3338765",1,1,1,0,0,1,1,0,0,0,"equal"
"930916-3762111",0,0,1,0,1,0,1,0,1,1,"equal"
"970424-2360576",0,0,1,1,1,1,0,0,1,1,"equal"
"601017-2513728",0,0,0,0,1,0,1,0,1,1,"equal"
"891017-1779768",0,0,0,1,0,1,1,1,0,1,"equal"
"980609-3047148",1,0,0,1,1,1,1,0,0,1,"equal"
"650725-4460027",0,0,1,0,0,0,0,0,0,0,"equal"
"520410-1338825",0,0,0,1,1,0,0,1,1,0,"equal"
"910328-1991567",1,1,0,1,0,1,0,0,0,1,"equal"
"831204-1826516",0,0,1,1,0,1,1,1,1,1,"equal"
"661128-3439869",0,0,1,1,0,1,0,0,1,0,"equal"
"650808-2086807",1,1,1,0,0,1,0,1,0,0,"equal"
"730503-3722213",0,1,1,1,1,1,1,0,0,1,"equal"
"611106-3099212",0,1,1,1,0,0,0,1,0,1,"equal"
"700724-2019279",0,1,1,1,0,0,0,0,0,0,"equal"
"901104-4977526",0,1,1,0,1,1,1,1,1,0,"equal"
"610112-3466079",1,1,1,0,1,0,1,0,1,0,"equal"
"730303-3799854",1,1,1,0,1,0,0,0,0,0,"equal"
"730118-2758039",0,0,1,1,0,1,0,0,1,1,"equal"
"630910-4353159",1,1,0,0,0,1,0,0,0,1,"equal"
"511126-4381250",0,1,0,1,1,1,1,0,1,1,"equal"
"980206-2374671",1,1,1,0,1,0,0,1,0,1,"equal"
"700806-1427721",0,1,1,1,1,1,1,0,0,1,"equal"
"970709-2289157",1,0,0,1,0,0,1,1,1,0,"equal"
"650504-2077953",0,1,0,0,1,1,1,1,0,0,"equal"
"630208-3035369",1,0,0,1,0,0,1,1,0,0,"equal"
"950510-1286994",0,1,1,1,1,1,0,1,0,1,"equal"
"560915-3192093",0,1,0,1,0,0,0,1,1,1,"equal"
"540928-4761787",1,1,0,1,0,0,0,0,1,0,"equal"
"871003-1755454",0,1,1,0,1,1,1,1,1,1,"equal"
"660405-3954771",1,0,1,0,0,1,0,0,0,0,"equal"
"650403-3150970",0,0,0,0,0,0,0,1,1,1,"equal"
"560523-4395475",1,0,0,0,0,0,0,1,0,1,"equal"
"870614-2902795",0,0,0,0,0,0,0,0,1,0,"equal"
"760309-2843538",1,0,0,1,0,0,1,0,1,1,"equal"
"880712-2995548",0,1,1,0,1,0,1,0,0,0,"equal"
"951001-4184436",1,1,0,1,0,1,1,1,0,1,"equal"
"841010-4794884",0,0,0,1,1,0,1,1,0,1,"equal"
"750908-4923609",1,1,1,1,1,1,1,0,0,1,"equal"
"980222-1901286",0,1,0,0,1,0,1,0,0,0,"equal"
"730820-3820860",1,0,1,0,0,0,1,0,1,1,"equal"
"520603-3806230",1,0,1,0,1,1,1,1,1,0,"equal"
"801001-1260117",1,1,1,0,0,0,1,1,0,1,"equal"
"940110-4044632",1,1,1,1,0,0,0,0,1,0,"equal"
"790413-1982775",1,0,1,0,1,1,1,1,0,0,"equal"
"860125-4548390",0,0,1,0,1,1,1,1,0,0,"equal"
"631124-3980344",1,0,0,0,0,0,1,0,1,0,"equal"
"560121-1820044",0,1,1,0,0,1,1,0,1,1,"equal"
"840816-3749281",1,1,0,0,1,0,1,0,0,1,"equal"
"540226-4014418",0,0,0,1,0,0,1,1,0,0,"equal"
"700524-4235533",0,0,0,1,1,1,1,1,1,1,"equal"
"650313-2307363",0,1,1,1,0,1,0,0,0,1,"equal"
"840820-3830766",0,1,1,0,0,0,0,1,1,1,"equal"
"970107-4385107",0,0,1,1,1,0,1,1,0,1,"equal"
"960828-3522124",0,0,1,1,1,1,0,1,1,0,"equal"
"901114-3718542",0,0,1,0,0,1,0,0,0,1,"equal"
"900128-1325969",0,0,0,1,1,1,1,0,1,1,"equal"
"940912-3222562",0,1,1,0,0,0,1,1,0,1,"equal"
"780910-3206948",1,0,0,1,0,1,1,1,0,0,"equal"
"770317-2494951",1,0,1,0,0,1,1,0,1,0,"equal"
"661206-2578230",0,0,0,1,0,1,0,1,1,1,"equal"
"900910-1901194",1,1,0,0,0,1,1,0,0,1,"equal"
"561010-1418774",0,0,0,1,0,0,0,0,1,0,"equal"
"670809-1109742",1,1,0,0,0,1,0,0,0,1,"equal"
"540501-4781786",1,0,0,1,1,0,0,1,0,0,"equal"
"650616-2864632",0,0,1,1,1,1,0,1,0,0,"equal"
"700214-4374724",0,1,0,0,1,0,0,0,0,0,"equal"
"630604-3312209",1,0,1,0,1,0,0,1,1,0,"equal"
"660802-4693280",1,1,1,1,0,0,1,1,1,0,"equal"
"850609-3842929",1,0,0,1,1,1,0,1,1,0,"equal"
"501219-3453318",1,1,1,1,1,1,1,1,1,0,"equal"
"550319-4084751",0,0,1,0,1,1,0,1,0,0,"equal"
"590410-1959875",1,1,0,1,0,1,0,1,0,1,"equal"
"680928-2821801",1,1,1,0,1,1,0,1,1,1,"equal"
"810321-2967604",1,1,1,1,0,1,1,0,1,1,"equal"
"541011-2563908",1,0,0,0,0,0,0,0,0,1,"equal"
"531016-2054256",1,1,1,1,1,1,0,0,1,1,"equal"
"740223-4030582",1,1,0,0,1,1,1,1,0,0,"equal"
"800422-4699122",1,1,0,0,0,1,0,0,1,0,"equal"
"660622-4034926",0,0,0,1,1,0,1,1,1,0,"equal"
"870816-3210435",0,1,0,1,0,1,1,0,1,0,"equal"
"850619-1454402",1,1,0,0,0,1,1,0,1,1,"equal"
"521020-1514061",0,1,0,0,1,1,1,0,1,0,"equal"
"930225-2548576",1,0,0,1,1,0,1,0,1,0,"equal"
"830223-3369792",0,0,1,1,0,1,0,0,0,0,"equal"
"850210-4807724",0,0,1,1,0,0,1,0,0,0,"equal"
"640717-3546107",1,0,1,1,1,0,0,1,1,0,"equal"
"590612-3054508",0,1,0,0,0,1,0,1,1,1,"equal"
"981207-1650612",1,0,0,1,1,1,0,0,0,1,"equal"
"860108-2005154",1,1,1,0,0,0,1,1,0,0,"equal"
"880217-2552581",0,0,0,0,0,1,0,1,0,0,"equal"
"981017-4051489",1,0,1,0,0,1,1,1,0,1,"equal"
"550521-4527625",0,1,1,1,0,0,1,1,1,1,"equal"
"821219-2791534",1,0,1,0,1,1,0,0,1,1,"equal"
"930313-4310088",1,0,1,0,0,0,0,0,0,0,"equal"
"900416-3946541",0,1,0,1,1,0,1,1,0,1,"equal"
"500616-1115442",1,0,0,0,0,0,0,1,1,0,"equal"
"761213-1672599",1,0,1,0,1,0,0,1,1,0,"equal"
"851018-2693963",1,1,1,1,0,0,0,0,1,0,"equal"
"811210-4901602",1,0,0,0,0,0,1,0,0,0,"equal"
"710825-4630725",1,1,0,0,0,1,0,0,0,0,"equal"
"911020-3035283",0,1,1,1,1,1,1,1,0,1,"equal"
"960505-1441333",1,1,1,1,1,1,0,1,1,1,"equal"
"881203-2053263",0,1,0,1,1,0,0,1,0,0,"equal"
"580121-1800253",1,1,1,0,1,1,1,1,1,1,"equal"
"840603-3908259",0,0,1,0,1,1,0,1,0,0,"equal"
"910308-1976560",0,1,1,0,1,0,1,1,1,1,"equal"
"781107-1979785",1,1,1,0,1,0,0,1,0,1,"equal"
"720905-4684798",1,0,0,1,1,1,0,1,1,1,"equal"
"780613-2044600",1,0,0,1,1,1,1,1,1,0,"equal"
"700911-2527077",0,0,1,1,0,1,0,1,0,1,"equal"
"620609-1058605",1,0,1,1,1,1,0,0,0,0,"equal"
"761218-4354803",1,1,0,1,0,0,1,1,0,0,"equal"
"610823-3176138",1,0,1,1,1,1,0,0,1,1,"equal"
"560322-1710670",1,0,1,0,0,1,1,1,1,0,"equal"
"500721-4392411",0,1,1,0,1,1,1,1,0,0,"equal"
"560719-2039295",0,1,1,0,0,1,0,1,0,0,"equal"
"920110-3497435",0,1,0,1,0,1,0,1,0,1,"equal"
"870421-2111243",0,0,1,0,0,0,0,1,1,0,"equal"
"650717-4093632",1,1,0,1,1,0,1,1,1,0,"equal"
"560615-1888505",1,1,1,0,1,1,1,1,0,1,"equal"
"900810-3712165",1,1,1,0,1,0,0,0,0,0,"equal"
"950918-3428739",0,1,1,1,0,1,1,0,0,0,"equal"
"940702-1731293",1,0,1,0,1,1,0,0,1,0,"equal"
"640906-3773511",0,0,1,1,0,0,1,0,1,0,"equal"
"620114-1058663",0,0,1,0,0,1,1,1,0,0,"equal"
"750516-1923219",0,0,0,1,1,1,0,0,1,0,"equal"
"860203-3486640",0,1,0,0,1,0,1,0,0,0,"equal"
"611028-3597283",1,1,1,0,1,0,0,1,0,1,"equal"
"781025-2980000",0,1,1,0,0,1,0,1,1,0,"equal"
"870906-2055178",0,0,1,1,1,0,1,0,1,1,"equal"
"680810-4587791",0,1,1,1,0,0,1,1,0,0,"equal"
"780702-1299985",0,1,0,0,0,0,1,1,0,1,"equal"
"580809-1612479",0,0,0,0,0,1,0,1,1,1,"equal"
"780523-3014049",0,1,0,1,1,1,0,1,1,0,"equal"
"701013-3432568",1,0,0,1,0,1,1,0,0,0,"equal"
"690722-4191898",0,0,0,1,1,1,1,1,1,0,"equal"
"880215-1432909",1,1,0,0,1,0,0,0,1,1,"equal"
"750622-2532693",0,0,1,1,0,1,1,0,1,1,"equal"
"520601-3367762",1,0,0,1,0,1,0,0,0,1,"equal"
"690908-3903636",1,1,1,0,1,1,1,0,0,1,"equal"
"751228-4634464",0,0,0,0,0,1,0,1,1,1,"equal"
"880221-2875234",0,1,0,0,0,1,0,0,0,0,"equal"
"741220-4312377",1,1,0,1,1,0,0,0,1,0,"equal"
"830906-3516139",1,0,1,0,1,1,1,1,0,1,"equal"
"990605-1729455",1,1,0,1,0,1,0,0,0,0,"equal"
"880411-2908960",1,0,1,1,0,1,0,1,1,1,"equal"
"921120-1559255",0,1,0,0,0,1,0,1,1,0,"equal"
"880504-4696988",1,1,0,1,1,0,0,1,0,1,"equal"
"750118-2106272",0,0,0,0,1,0,1,1,1,1,"equal"
"500416-4214955",1,0,1,0,1,0,0,1,1,1,"equal"
"840315-3013800",1,1,0,1,0,0,1,1,1,1,"equal"
"730506-4956490",0,0,0,1,0,0,1,0,1,0,"equal"
"921019-1210163",0,1,1,1,1,0,0,0,1,1,"equal"
"750701-3829334",0,1,0,0,1,0,1,0,1,1,"equal"
"500925-3410168",0,1,1,0,0,1,1,0,0,0,"equal"
"800714-1977951",0,0,0,1,0,1,1,0,1,1,"equal"
"890714-1251041",1,0,1,1,1,0,1,0,0,1,"equal"
"930816-2079206",0,1,1,0,0,0,1,0,0,0,"equal"
"560614-1687609",0,1,1,0,1,1,1,1,1,0,"equal"
"571115-3317461",0,0,0,1,1,0,0,0,0,0,"equal"
"990307-4665237",1,1,0,1,1,0,0,0,1,1,"equal"
"530710-4030204",1,1,1,0,0,1,0,0,0,1,"equal"
"640307-4739041",1,1,1,0,1,0,0,1,1,0,"equal"
"661117-1450204",0,1,1,0,0,1,1,0,1,1,"equal"
"930514-4646078",1,0,0,1,1,1,1,0,1,0,"equal"
"601204-1452165",1,0,0,0,1,0,0,0,0,0,"equal"
"891227-1212399",0,0,0,0,0,0,1,1,0,1,"equal"
"670119-4464195",0,0,0,1,0,0,0,1,1,0,"equal"
"790624-3815136",1,0,1,1,1,0,1,1,1,0,"equal"
"600526-4193286",1,0,0,0,1,1,1,1,1,1,"equal"
"660309-1339334",1,1,0,1,1,1,1,1,0,0,"equal"
"720319-4638868",1,0,0,1,1,1,0,0,0,1,"equal"
"930118-3845931",1,1,0,1,0,1,1,1,0,0,"equal"
"650305-4179213",1,0,0,0,0,1,0,1,0,1,"equal"
"570228-3447610",1,0,1,0,1,0,0,1,0,0,"equal"
"700817-2049851",0,0,1,0,0,0,1,1,1,0,"equal"
"801002-1268719",1,1,0,0,1,1,1,0,0,1,"equal"
"880207-4137071",0,1,1,0,0,1,0,1,1,0,"equal"
"720509-4764548",1,0,1,0,1,0,1,1,1,0,"equal"
"820617-3023508",0,1,1,1,0,1,0,1,0,0,"equal"
"790428-4634488",1,1,0,0,1,1,1,0,1,0,"equal"
"700823-1737629",1,0,1,0,1,0,1,0,0,0,"equal"
"941211-4324843",0,0,0,0,0,0,1,0,1,0,"equal"
"530418-4776314",1,0,1,1,0,1,1,1,1,0,"equal"
"880810-4882913",0,0,0,0,1,0,0,0,0,0,"equal"
"990115-2711850",1,1,0,0,0,1,1,1,1,0,"equal"
"740117-3606108",1,1,1,1,0,1,1,1,0,1,"equal"
"920927-3344051",0,0,1,0,0,1,1,1,1,1,"equal"
"650921-1613489",1,0,1,1,0,1,1,1,1,1,"equal"
"840606-4891858",1,1,1,0,0,1,0,1,0,1,"equal"
"860524-1925258",0,1,1,1,0,1,1,0,0,0,"equal"
"710905-1105063",1,1,0,1,1,0,1,1,0,1,"equal"
"831009-2161910",1,1,1,1,1,1,1,0,0,1,"equal"
"510507-4067562",0,0,0,1,0,1,0,0,1,0,"equal"
"710604-1129759",0,0,1,0,1,1,0,0,1,1,"equal"
"541012-4952935",1,1,1,1,0,0,1,1,1,1,"equal"
"510924-3603275",1,1,1,1,0,0,0,1,1,1,"equal"
"611113-2272250",1,1,0,0,1,0,1,1,0,0,"equal"
"851225-2696705",0,0,1,0,1,0,1,0,1,1,"equal"
"621023-4675789",0,1,1,1,0,1,1,1,0,1,"equal"
"720516-3545627",0,0,0,0,1,0,0,0,0,0,"equal"
"880427-2517573",0,0,1,0,0,0,0,0,1,0,"equal"
"931111-2388477",1,1,0,1,0,0,0,1,1,0,"equal"
"530505-1387470",0,0,1,0,1,1,0,1,1,1,"equal"
"870608-2244516",1,1,0,0,1,1,0,0,1,0,"equal"
"760328-2995811",0,1,1,0,1,1,0,1,1,0,"equal"
"890907-4714724",0,0,0,0,1,1,1,1,0,1,"equal"
"600217-2562154",1,1,1,0,0,1,0,0,0,1,"equal"
"741215-3761143",1,1,1,1,0,1,0,1,1,1,"equal"
"831111-1091774",1,0,1,1,1,0,1,0,1,1,"equal"
"711007-4127153",1,1,0,1,1,1,1,0,0,1,"equal"
"810502-2218566",1,0,0,1,1,1,1,0,0,0,"equal"
"650805-1673885",0,0,1,0,1,0,1,1,0,0,"equal"
"670802-3992941",0,1,1,0,0,0,1,1,0,0,"equal"
"960916-1376904",1,0,1,1,1,0,1,0,1,1,"equal"
"911012-4111702",0,0,0,0,0,0,1,0,1,1,"equal"
"900904-3407456",1,1,1,1,1,1,0,0,0,0,"equal"
"650906-2104243",0,1,0,1,1,0,0,0,1,1,"equal"
"560622-2076665",0,0,0,0,0,1,1,1,0,1,"equal"
"590928-1795098",1,0,0,0,0,0,1,0,0,1,"equal"
"770225-4210130",1,1,0,1,1,1,1,1,1,0,"equal"
"750811-2388880",0,0,0,0,0,1,1,1,0,1,"equal"
"770410-1532201",0,0,1,1,0,1,0,0,1,1,"equal"
"730320-2334679",1,1,0,0,1,1,1,1,0,1,"equal"
"501108-1796488",1,1,0,0,1,0,1,1,0,0,"equal"
"670909-1294423",0,0,0,0,0,1,0,1,1,1,"equal"
"951015-4111533",1,1,1,0,0,1,1,1,0,1,"equal"
"740824-2396491",0,1,1,1,0,0,0,1,1,0,"equal"
"860609-2412926",1,0,0,1,1,0,1,0,1,1,"equal"
"690913-1086337",1,0,0,1,0,0,0,0,0,0,"equal"
"650805-3806342",1,1,1,1,1,1,0,0,0,0,"equal"
"840120-1879955",1,1,0,0,1,0,0,1,1,1,"equal"
"800215-1043533",0,0,0,1,0,0,1,1,0,0,"equal"
"980607-4171237",0,1,0,0,1,0,0,1,1,0,"equal"
"960328-1242886",1,1,1,1,0,1,0,0,1,0,"equal"
"930418-2359351",0,1,0,0,0,1,0,1,0,1,"equal"
"751003-1965922",0,0,1,1,0,1,0,0,0,1,"equal"
"620817-3918999",1,1,0,1,1,1,0,1,1,1,"equal"
"910219-2291633",1,0,0,0,1,0,0,1,0,0,"equal"
"740125-1782041",1,1,1,1,1,1,0,1,0,0,"equal"
"561105-2310885",0,0,1,0,0,1,1,1,1,1,"equal"
"780422-1727469",1,1,1,0,1,0,1,1,1,0,"equal"
"550322-4679398",0,0,0,1,0,1,1,1,1,0,"equal"
"700628-1587738",1,1,0,1,1,1,1,0,1,0,"equal"
"940602-1254552",1,0,0,1,1,0,0,0,0,0,"equal"
"890405-4665675",0,0,0,0,0,1,0,0,0,0,"equal"
"840415-4886403",1,0,1,1,1,1,1,0,0,0,"equal"
"660110-1482672",1,1,1,1,0,0,0,1,1,0,"equal"
"570424-3084548",0,1,1,1,0,1,0,1,0,1,"equal"
"810423-1145971",1,1,1,1,1,0,1,1,0,1,"equal"
"730816-4222752",0,0,0,1,0,0,1,0,1,1,"equal"
"900101-1365309",1,1,1,0,0,0,1,0,1,0,"equal"
"900727-4215601",1,0,0,1,0,0,0,0,0,1,"equal"
"970123-3371317",0,1,1,0,0,1,0,1,1,0,"equal"
"891210-3246421",0,0,1,1,0,1,1,0,0,0,"equal"
"920519-3328943",1,1,1,0,1,0,1,1,1,0,"equal"
"830314-1354357",1,1,1,1,0,0,0,1,0,0,"equal"
"690125-3591255",0,1,1,1,0,0,0,1,1,0,"equal"
"640215-4118326",1,0,1,0,1,0,0,0,0,0,"equal"
"551128-3882209",0,0,0,1,0,1,0,1,1,1,"equal"
"630213-1020828",0,1,0,0,1,0,1,1,0,1,"equal"
"680323-2374820",0,1,0,1,0,1,1,0,0,1,"equal"
"881128-1250559",1,0,1,1,1,1,0,1,0,0,"equal"
"980818-3792558",0,0,1,0,0,0,1,0,1,1,"equal"
"501012-2546670",1,1,0,1,1,0,1,0,1,1,"equal"
"990619-4273169",0,0,0,1,1,1,0,1,1,1,"equal"
"760703-3715654",0,1,1,0,0,1,1,1,0,1,"equal"
"621117-4954813",0,0,0,1,1,0,1,1,1,0,"equal"
"630215-4748225",0,0,1,1,0,1,0,1,1,1,"equal"
"650422-4670137",0,1,1,1,0,1,1,0,0,0,"equal"
"680723-2258396",1,1,0,0,1,0,0,0,0,0,"equal"
"941211-3201518",1,0,0,0,1,0,0,1,1,0,"equal"
"671008-2856915",1,1,1,0,1,0,0,0,0,0,"equal"
"810828-3460070",0,0,1,1,0,0,1,1,1,1,"equal"
"610918-4235314",1,0,1,1,1,0,0,0,0,0,"equal"
"921102-3892450",0,0,1,1,1,0,1,1,0,0,"equal"
"780809-4616593",1,0,1,1,0,1,1,1,1,0,"equal"
"920922-3486441",1,0,0,0,1,0,1,1,1,0,"equal"
"941028-1041168",1,1,0,0,1,1,1,1,1,0,"equal"
"960928-4907787",1,1,1,1,1,0,0,0,0,1,"equal"
"630727-1277402",0,1,0,1,1,0,1,0,0,1,"equal"
"780928-3103526",1,0,1,0,1,0,1,1,1,0,"equal"
"601207-2800154",1,1,1,1,1,0,0,1,0,1,"equal"
"691027-2062191",0,0,1,1,1,0,1,0,0,0,"equal"
"861006-3994346",1,1,1,1,1,0,1,0,1,0,"equal"
"940211-3430796",1,0,1,0,1,0,1,1,0,0,"equal"
"610608-2575440",0,1,1,0,1,1,1,0,0,0,"equal"
"590205-4762216",1,0,1,1,1,0,1,1,1,0,"equal"
"620501-1607211",1,0,1,1,0,1,1,0,1,1,"equal"
"940822-2734464",1,0,0,0,1,0,1,1,0,1,"equal"
"710216-2710749",0,0,0,1,0,0,0,0,1,1,"equal"
"891002-4178659",0,1,0,0,1,0,1,1,1,0,"equal"
"711213-3219870",1,1,1,0,1,1,1,1,0,1,"equal"
"700926-4551444",0,1,0,1,0,0,1,1,0,0,"equal"
"950709-3369430",0,0,1,0,0,0,1,0,0,0,"equal"
"860516-1994439",1,0,1,0,1,0,0,1,1,0,"equal"
"920205-3581854",0,1,1,1,1,0,0,1,1,1,"equal"
"840128-1973681",0,1,0,0,0,1,0,0,0,1,"equal"
"620510-4667959",0,0,0,0,1,1,1,0,1,0,"equal"
"570901-3362350",1,0,0,1,0,0,0,0,0,1,"equal"
"730917-4861094",1,1,0,1,1,0,1,0,1,0,"equal"
"951115-4546968",1,1,1,0,0,0,1,0,0,0,"equal"
"621213-4321492",0,1,1,0,1,1,1,0,1,0,"equal"
"861011-4194292",1,0,1,1,1,1,1,1,0,1,"equal"
"650513-1566267",1,0,1,0,1,0,0,1,0,1,"equal"
"760302-4005764",1,0,0,0,0,1,0,0,0,1,"equal"
"881213-1975017",0,1,0,1,1,1,0,0,1,0,"equal"
"920523-2163284",0,1,0,1,0,1,0,0,0,0,"equal"
"700116-3460659",1,0,1,1,1,0,1,0,0,1,"equal"
"980410-3408021",1,0,1,0,1,0,0,1,0,1,"equal"
"950909-2341727",1,1,0,1,1,1,1,0,0,1,"equal"
"781214-2071513",0,1,1,1,0,1,0,1,1,0,"equal"
"981019-2517827",0,1,0,0,1,1,0,0,0,1,"equal"
"841228-2492178",0,0,0,0,1,0,0,1,1,1,"equal"
"520102-2850291",1,0,1,0,1,0,1,0,1,0,"equal"
"840924-3744041",1,1,1,0,1,0,1,0,0,0,"equal"
"960901-4855187",1,0,0,0,0,1,1,0,0,0,"equal"
"560528-2524552",0,1,1,1,1,1,0,1,0,0,"equal"
"841004-1458675",1,1,1,0,0,1,1,1,1,1,"equal"
"860522-1377506",1,0,0,1,0,0,1,0,0,0,"equal"
"690227-2222785",0,0,1,0,1,1,1,0,1,1,"equal"
"620817-2694403",1,1,0,0,1,1,1,1,0,1,"equal"
"960416-2942180",1,0,0,0,0,0,0,1,1,0,"equal"
"560719-3764736",1,1,0,0,1,1,0,1,1,1,"equal"
"960622-2927912",0,1,0,1,1,0,1,0,0,1,"equal"
"850111-2763746",1,0,0,1,1,0,0,1,1,0,"equal"
"751124-1479479",1,1,0,1,0,1,0,0,0,1,"equal"
"550408-4744490",1,0,0,0,1,0,1,0,0,0,"equal"
"950607-2139776",1,0,1,1,0,0,1,0,0,1,"equal"
"571126-1725953",1,1,1,0,0,0,1,1,1,1,"equal"
"740813-4705839",0,0,1,1,0,1,1,0,1,0,"equal"
"570708-1412311",0,1,0,0,1,1,1,0,0,0,"equal"
"781228-3758389",1,0,1,1,0,1,1,0,0,1,"equal"
"501127-2807621",1,0,1,0,0,0,0,1,1,0,"equal"
"960415-1219637",0,0,0,0,1,0,0,0,1,1,"equal"
"940628-3555831",1,1,0,1,1,0,0,1,1,1,"equal"
"990627-2274478",1,1,0,0,1,1,1,1,0,0,"equal"
"840902-4165893",0,1,0,0,1,0,0,0,1,0,"equal"
"730103-1139511",1,1,0,1,1,1,0,1,1,1,"equal"
"831127-2047443",1,0,1,0,0,0,1,1,1,0,"equal"
"580621-1239781",1,1,1,1,0,0,1,0,1,1,"equal"
"730826-1830031",1,1,0,0,1,1,0,1,1,0,"equal"
"750303-4808674",0,1,1,0,1,1,1,1,1,0,"equal"
"610128-2459061",0,0,0,1,0,0,1,1,1,0,"equal"
"780921-1449888",0,1,1,0,0,0,0,1,1,1,"equal"
"811218-2870466",0,1,0,0,1,1,1,0,1,1,"equal"
"540802-2766814",0,1,1,1,1,0,1,0,0,1,"equal"
"801021-4839198",0,0,1,0,0,1,1,1,1,0,"equal"
"700418-1335076",0,1,0,0,0,1,1,0,0,1,"equal"
"711009-2610126",1,1,1,0,0,0,1,0,0,0,"equal"
"700418-2781412",0,1,0,1,0,0,0,1,0,0,"equal"
"801006-2053486",0,1,0,1,0,1,0,1,1,0,"equal"
"590608-4214436",1,0,0,1,0,0,0,0,0,0,"equal"
"750117-1596178",0,0,0,1,1,1,0,0,0,0,"equal"
"660711-2647469",0,1,0,1,1,0,1,0,0,1,"equal"
"910407-2036308",1,0,1,0,1,0,0,1,0,0,"equal"
"921206-2493235",1,0,1,1,0,0,1,1,0,1,"equal"
"710621-2439863",1,1,1,1,1,0,0,1,1,0,"equal"
"640413-3204460",1,1,1,1,0,1,0,1,1,1,"equal"
"500327-2392805",1,0,0,0,1,1,1,0,0,0,"equal"
"610622-2412006",0,0,0,1,1,0,0,1,0,0,"equal"
"841124-1054600",1,1,1,1,0,0,0,0,1,0,"equal"
"930715-2941544",1,0,1,0,0,1,0,1,1,0,"equal"
"840703-4381225",1,1,1,0,0,0,0,1,1,1,"equal"
"670302-1464904",1,1,1,1,1,1,1,1,1,0,"equal"
"530615-3325420",0,1,1,1,0,0,0,1,1,0,"equal"
"961222-1755916",1,0,0,0,0,0,0,0,0,0,"equal"
"960714-1206759",0,0,0,0,0,1,1,0,1,0,"equal"
"911028-3820950",1,1,0,0,0,0,1,0,1,0,"equal"
"770525-1385234",1,1,0,0,0,1,0,1,1,0,"equal"
"810802-1527434",1,0,1,0,0,0,0,0,0,1,"equal"
"940524-4252260",1,0,0,0,1,0,0,0,1,1,"equal"
"520211-4930224",0,1,1,1,0,0,1,0,0,1,"equal"
"750603-2083602",0,0,1,0,0,1,1,1,1,0,"equal"
"840727-1337098",0,0,1,0,0,1,1,1,0,0,"equal"
"920526-4199496",1,1,1,1,1,1,1,1,0,0,"equal"
"941209-1093193",1,0,0,1,0,0,1,1,0,1,"equal"
"510826-2216250",1,0,1,0,1,0,1,0,1,0,"equal"
"710505-2314763",1,1,1,1,0,1,1,1,0,1,"equal"
"741216-2549358",1,0,0,0,1,0,0,1,1,1,"equal"
"560317-2812438",1,1,0,0,1,1,0,0,1,0,"equal"
"670610-1466361",1,1,0,1,0,1,1,1,0,0,"equal"
"530325-4127607",0,0,1,1,1,0,0,1,0,0,"equal"
"861016-2309627",0,0,0,1,0,0,0,1,0,1,"equal"
"881126-1673711",0,1,1,1,0,1,0,0,0,0,"equal"
"711103-1774276",0,1,1,0,1,0,1,1,1,1,"equal"
"590512-3796128",0,1,0,0,0,0,0,1,0,0,"equal"
"641226-4471534",1,0,0,1,1,1,0,0,1,1,"equal"
"620317-4472248",1,0,1,0,0,1,1,0,1,0,"equal"
"810410-4745445",0,1,1,1,0,0,0,1,0,1,"equal"
"900208-4403890",1,1,0,0,1,0,1,0,0,1,"equal"
"830705-4000727",0,0,0,0,1,0,0,1,0,1,"equal"
"630718-1424671",0,1,1,1,0,1,1,1,1,1,"equal"
"621210-2006528",1,1,0,1,0,1,0,0,1,1,"equal"
"910211-3700263",1,0,1,1,1,0,1,0,0,1,"equal"
"700505-2665476",0,0,1,1,1,1,0,0,0,0,"equal"
"790315-1536386",0,1,1,1,1,1,0,0,0,1,"equal"
"861116-3904658",1,0,1,0,0,0,0,0,1,1,"equal"
"850728-2348966",1,1,0,0,0,1,0,1,1,1,"equal"
"541028-1271972",1,0,0,1,1,1,0,0,1,0,"equal"
"960418-3078582",1,0,1,0,0,1,0,0,1,1,"equal"
"590405-4587542",0,0,1,0,1,0,0,1,1,1,"equal"
"610107-2539462",0,1,0,1,0,1,0,1,0,0,"equal"
"721108-1177072",0,0,0,0,1,1,0,0,1,1,"equal"
"751108-3997437",1,1,1,1,1,0,0,1,1,0,"equal"
"940520-3793373",1,0,0,0,1,0,0,1,1,1,"equal"
"741001-2355863",0,0,1,1,0,1,1,0,0,0,"equal"
"800316-1947780",1,0,1,1,0,0,0,1,0,1,"equal"
"510528-3469161",1,1,0,0,0,1,0,1,0,1,"equal"
"640501-3535456",1,1,0,1,0,1,0,1,0,0,"equal"
"751123-4377956",0,1,1,1,1,0,1,1,0,0,"equal"
"860327-4618873",0,0,1,0,0,0,0,1,1,0,"equal"
"860201-2592052",1,1,1,0,1,0,1,1,1,0,"equal"
"981102-3779821",0,1,1,0,1,0,0,0,0,1,"equal"
"900714-1836818",1,0,1,1,1,0,0,1,0,1,"equal"
"921117-2810838",1,0,0,1,0,1,1,0,0,0,"equal"
"540814-1668787",1,0,1,0,0,0,0,1,1,1,"equal"
"570703-4219074",1,1,0,1,1,1,0,1,1,1,"equal"
"800303-1154448",1,0,1,0,1,1,0,0,1,1,"equal"
"951220-2547238",1,0,1,0,1,0,0,1,0,0,"equal"
"530606-4240409",0,1,1,0,0,1,0,0,0,1,"equal"
"591117-3078454",1,1,0,1,0,1,0,0,1,0,"equal"
"941206-2891013",0,1,0,0,1,1,0,0,0,0,"equal"
"500103-1934694",0,0,0,1,1,1,1,0,1,1,"equal"
"890728-2882199",1,1,1,1,1,1,0,0,1,0,"equal"
"911220-3552583",0,1,0,1,1,1,0,0,1,1,"equal"
"571104-3642861",0,0,1,0,1,1,0,0,0,0,"equal"
"550326-4872911",0,1,1,1,0,1,0,1,0,1,"equal"
"920301-4814401",0,0,0,0,1,0,0,0,1,0,"equal"
"800327-1230475",0,1,1,0,0,0,0,1,0,0,"equal"
"620910-3260528",0,0,1,0,1,0,0,0,0,0,"equal"
"870803-1663673",0,0,1,1,1,1,1,0,1,0,"equal"
"691117-4958127",0,0,1,1,1,1,0,1,0,1,"equal"
"670502-2466008",1,0,0,0,0,0,0,0,1,0,"equal"
"691101-1215104",0,0,1,0,0,1,1,0,0,1,"equal"
"780217-2833040",1,0,1,0,0,0,0,1,0,0,"equal"
"990124-3491697",1,1,0,0,1,0,0,0,0,1,"equal"
"710817-4205599",1,0,0,0,1,1,0,0,1,0,"equal"
"570114-1600467",0,0,1,0,0,0,0,0,1,0,"equal"
"930502-1122868",0,1,0,1,0,0,1,0,1,1,"equal"
"930315-2838969",0,0,1,1,1,1,1,1,1,1,"equal"
"960210-2242295",0,0,0,0,1,1,1,1,1,1,"equal"
"751111-4495279",0,0,0,1,0,1,0,1,0,1,"equal"
"630224-3433995",1,1,0,1,0,0,1,1,1,0,"equal"
"590720-4866706",0,1,0,0,1,1,0,0,0,1,"equal"
"541118-3020981",0,0,0,0,1,1,0,1,0,1,"equal"
"671215-2303378",0,0,1,0,1,0,0,1,0,0,"equal"
"990402-4397436",0,0,0,1,1,0,1,0,0,0,"equal"
"890223-3930606",1,0,1,1,1,0,0,1,0,0,"equal"
"650725-2135792",1,0,0,1,0,0,1,0,0,0,"equal"
"831007-4132194",1,0,1,1,0,0,0,0,0,0,"equal"
"891003-3033591",1,1,0,1,1,1,1,0,0,1,"equal"
"670908-4228665",0,1,1,0,0,1,0,1,1,1,"equal"
"661214-3070329",0,1,1,0,1,1,1,1,1,1,"equal"
"560312-3494883",0,1,0,1,0,1,1,0,0,1,"equal"
"500815-4505000",1,1,0,0,0,0,1,1,0,1,"equal"
"530210-3374359",1,1,0,0,0,1,1,1,0,1,"equal"
"890809-1853609",0,1,1,1,0,0,0,1,1,1,"equal"
"910408-4237969",1,1,0,1,1,0,0,0,0,0,"equal"
"521116-1191040",0,1,1,1,1,0,1,1,0,0,"equal"
"700222-3067339",0,0,1,1,0,1,0,1,0,0,"equal"
"541124-3187648",0,1,1,1,0,1,1,1,0,1,"equal"
"850228-4329568",0,0,0,0,1,0,0,1,0,0,"equal"
"631125-3776532",1,1,1,0,1,1,1,1,1,0,"equal"
"960512-3166293",0,0,0,1,0,1,0,1,0,1,"equal"
"630504-3687703",1,0,0,0,0,1,1,1,1,1,"equal"
"931204-4329090",1,0,0,1,0,1,1,1,1,0,"equal"
"641210-4340006",1,1,0,1,0,1,1,1,1,0,"equal"
"940912-1476900",1,0,1,1,0,0,0,1,1,1,"equal"
"930706-3949293",0,0,0,0,0,0,0,0,1,1,"equal"
"791203-1571088",1,0,1,1,0,0,0,1,0,0,"equal"
"721214-1688895",0,1,1,1,0,1,1,0,0,1,"equal"
"880527-1903379",1,1,1,0,1,1,0,1,1,0,"equal"
"651026-1446427",1,1,1,0,0,0,0,0,0,0,"equal"
"860211-2981489",1,1,0,1,1,1,1,0,0,1,"equal"
"840908-2119433",0,1,0,0,0,1,1,1,1,1,"equal"
"500201-4604305",0,0,0,1,0,1,0,1,1,0,"equal"
"860322-4341381",1,1,1,0,1,1,1,1,1,0,"equal"
"620112-1659458",0,1,0,1,0,1,0,0,0,0,"equal"
"760622-1844924",0,1,0,0,0,1,0,1,0,0,"equal"
"660205-2797016",1,0,1,1,0,1,1,1,0,0,"equal"
"730321-2722386",1,1,0,0,1,1,0,1,1,1,"equal"
"640119-3836676",1,0,0,1,1,0,1,1,0,0,"equal"
"621024-1386970",0,0,0,1,0,1,0,0,0,1,"equal"
"520804-2574281",1,1,0,1,1,0,1,1,0,1,"equal"
"680209-3763755",1,0,0,1,0,1,1,1,0,1,"equal"
"530317-1507879",1,0,0,1,0,0,1,1,0,1,"equal"
"890303-4062548",1,0,0,0,1,0,1,0,1,1,"equal"
"810927-4512930",1,0,1,1,0,0,0,0,1,0,"equal"
"980225-1689559",0,1,1,1,1,1,0,0,1,0,"equal"
"540228-4161953",0,0,0,1,1,0,0,0,0,1,"equal"
"720609-1184970",0,0,0,0,0,1,0,0,1,1,"equal"
"990207-4333177",0,0,0,1,0,0,1,1,0,1,"equal"
"590127-3364774",0,0,1,0,1,1,0,0,0,0,"equal"
"690504-2310611",1,1,0,0,1,0,0,0,0,1,"equal"
"541001-3242796",1,1,1,1,0,0,0,0,0,1,"equal"
"950225-3531992",0,1,1,0,0,1,1,0,0,1,"equal"
"560512-3895417",1,0,0,1,1,1,1,0,1,0,"equal"
"861213-1757042",0,0,0,0,0,0,1,0,1,0,"equal"
"701221-1374168",1,1,0,0,1,1,0,0,0,0,"equal"
"540313-3709364",0,0,1,0,1,0,1,0,1,0,"equal"
"990322-3651572",0,0,1,1,0,0,0,1,0,1,"equal"
"651007-3569730",0,1,0,1,0,0,1,0,0,1,"equal"
"590227-3337487",1,1,1,0,1,0,0,1,0,1,"equal"
"610813-1015238",0,0,0,0,1,1,0,0,1,1,"equal"
"530717-4845252",1,0,1,1,0,0,1,0,1,1,"equal"
"861107-3371589",1,0,1,1,0,0,0,1,1,1,"equal"
"870526-2667432",0,0,0,1,0,1,0,0,0,1,"equal"
"670306-1077108",1,0,1,0,0,1,1,0,1,0,"equal"
"810922-4999259",1,1,0,1,0,0,0,0,0,1,"equal"
"830427-4190795",0,0,1,1,0,0,0,1,1,0,"equal"
"820308-4011468",1,1,0,1,1,0,0,0,1,1,"equal"
"520110-2899349",1,1,0,1,1,1,0,1,0,0,"equal"
"671205-4561852",1,0,1,1,0,1,0,1,0,0,"equal"
"571107-4843624",0,0,0,0,0,0,1,1,1,1,"equal"
"920406-3349224",0,1,0,0,1,1,1,0,0,0,"equal"
"861014-2783226",1,0,0,0,1,1,0,1,1,0,"equal"
"841015-3924140",1,1,1,1,0,0,1,1,1,1,"equal"
"830724-2107183",0,0,1,0,0,1,1,0,0,1,"equal"
"820607-4210956",0,0,1,1,1,1,1,0,1,0,"equal"
"930321-4249910",0,0,0,1,1,1,1,1,0,1,"equal"
"701006-3333853",1,0,1,1,1,1,1,0,1,1,"equal"
"661226-4994317",0,0,1,0,0,0,1,1,0,1,"equal"
"710714-2289586",1,1,0,0,0,1,0,0,1,1,"equal"
"560422-2101659",1,1,0,1,0,0,0,0,1,0,"equal"
"940901-1200796",0,0,1,0,0,1,1,1,1,1,"equal"
"680316-2867425",0,0,1,1,1,1,0,1,1,1,"equal"
"930614-3403835",0,0,0,0,0,1,1,1,0,1,"equal"
"991003-4931966",1,0,0,0,0,1,0,1,1,0,"equal"
"560723-1750692",0,0,0,0,0,1,1,1,0,0,"equal"
"900203-3052305",0,1,0,0,0,0,1,0,0,0,"equal"
"900901-4914433",0,0,0,1,1,0,0,0,1,1,"equal"
"840124-4743039",1,0,1,1,1,1,1,1,0,0,"equal"
"890315-2516807",0,1,0,0,0,0,1,0,0,1,"equal"
"940221-1516845",0,0,1,1,1,1,1,0,1,1,"equal"
"720323-3087118",0,0,0,0,0,0,0,0,0,1,"equal"
"600411-3966784",1,1,1,0,1,1,1,0,1,1,"equal"
"670318-2302572",0,1,1,1,1,1,0,1,0,1,"equal"
"800423-3936247",1,0,1,0,0,1,0,1,1,0,"equal"
"570827-2350479",0,1,1,0,1,0,1,0,1,0,"equal"
"820907-4474682",1,1,1,1,1,0,0,0,1,0,"equal"
"970404-1125808",0,0,1,1,1,0,0,0,0,0,"equal"
"801224-3325362",1,0,1,0,1,0,1,1,1,0,"equal"
"921004-3209439",1,1,1,0,1,1,1,1,1,1,"equal"
"660524-4252442",0,1,0,1,0,1,1,1,1,0,"equal"
"651116-3706505",0,0,0,1,0,1,0,0,0,1,"equal"
"650218-4671362",0,0,0,0,1,1,1,0,1,0,"equal"
"970412-3497567",0,0,0,1,1,0,1,0,0,1,"equal"
"800501-3458842",1,0,0,1,1,0,0,0,1,0,"equal"
"531008-2767014",1,0,0,0,1,1,0,1,1,0,"equal"
"570611-2154642",0,1,0,1,0,1,1,1,0,0,"equal"
"931112-3539513",0,1,1,0,1,1,0,0,0,1,"equal"
"630609-4311987",1,1,1,0,0,0,0,0,1,0,"equal"
"551213-4902034",1,1,0,0,0,1,1,0,1,0,"equal"
"610526-1333343",1,1,0,0,0,1,1,0,1,0,"equal"
"511124-4096539",1,0,0,0,1,1,0,0,0,1,"equal"
"530203-1139061",1,1,1,1,0,1,0,1,0,1,"equal"
"860621-1891519",0,0,1,1,0,1,1,1,0,1,"equal"
"770226-2029999",0,0,1,1,1,1,1,1,1,1,"equal"
"940319-1892315",1,1,0,0,1,1,1,1,1,0,"equal"
"621026-2613099",1,1,1,1,0,0,0,0,1,1,"equal"
"501019-4952059",0,0,1,1,0,1,1,0,0,0,"equal"
"850702-1264582",0,0,1,0,1,1,0,1,0,1,"equal"
"580825-3549477",1,1,1,1,1,1,1,0,0,1,"equal"
"550212-3618795",0,0,0,1,1,1,1,1,1,1,"equal"
"590101-4244209",1,1,1,0,0,0,1,1,0,0,"equal"
"631215-4454358",1,1,0,0,1,0,0,1,0,1,"equal"
"700605-4722254",0,1,0,0,1,1,0,0,1,0,"equal"
"680404-2113471",1,0,0,1,1,1,0,0,1,1,"equal"
"790608-4073200",1,1,0,0,0,1,0,0,1,1,"equal"
"651116-4940221",1,1,0,1,1,1,0,1,0,1,"equal"
"650503-1703312",0,0,0,1,1,0,1,1,0,0,"equal"
"920616-1207126",0,1,1,0,0,1,0,0,1,0,"equal"
"860109-3265082",0,0,0,0,1,0,0,1,1,1,"equal"
"671127-1510903",0,0,0,1,1,1,1,0,0,0,"equal"
"961011-4568999",1,1,0,1,0,1,1,0,1,0,"equal"
"620918-1958126",0,1,0,1,0,1,1,1,0,0,"equal"
"970106-4696597",0,1,1,0,0,0,1,0,0,0,"equal"
"870909-3336747",0,1,0,1,1,1,1,1,1,1,"equal"
"821012-4258671",1,0,1,0,1,1,0,1,0,0,"equal"
"720527-1895625",1,0,0,0,0,1,1,0,1,0,"equal"
"600215-1937763",1,1,0,1,1,0,0,1,0,0,"equal"
"810505-2828184",1,0,0,0,1,1,0,0,1,1,"equal"
"940609-1601768",0,0,0,0,1,1,0,1,0,1,"equal"
"810716-3343506",0,1,1,0,0,0,1,0,0,0,"equal"
"561009-4132316",1,1,0,1,0,1,1,1,0,0,"equal"
"550519-4547740",1,1,0,1,1,0,1,0,1,0,"equal"
"750809-4649103",0,1,1,1,1,1,0,1,1,1,"equal"
"720305-4152016",0,1,0,1,0,0,1,0,0,1,"equal"
"840115-3596828",0,1,1,1,1,1,0,1,0,0,"equal"
"890517-3145681",1,0,0,1,0,0,1,0,0,0,"equal"
"650722-4024831",0,0,1,1,0,1,1,1,1,1,"equal"
"861223-2881844",1,1,1,1,0,0,0,1,0,1,"equal"
"670920-3137072",0,0,0,1,0,1,1,0,0,1,"equal"
"860321-4799722",1,1,1,1,0,1,0,1,0,0,"equal"
"540923-4300465",1,0,1,1,0,0,1,0,1,1,"equal"
"551003-3224891",0,0,0,1,1,0,0,1,1,0,"equal"
"540214-1106444",1,0,0,1,0,1,0,1,1,0,"equal"
"750516-4720784",1,1,1,0,0,0,1,1,0,0,"equal"
"680612-1655168",1,1,0,0,0,1,1,0,1,1,"equal"
"620110-3409345",0,0,1,0,0,1,0,0,0,1,"equal"
"810904-1990474",1,1,0,0,0,1,1,1,0,0,"equal"
"800103-3453605",1,1,0,1,1,0,1,1,1,1,"equal"
"671222-2494632",1,1,0,0,0,1,1,0,0,0,"equal"
"770620-3795812",1,1,1,0,0,1,1,1,0,1,"equal"
"920927-1599499",1,1,0,1,0,0,1,1,1,1,"equal"
"600512-1548709",1,1,1,1,0,1,0,0,0,1,"equal"
"580417-3260906",1,0,1,1,0,1,1,0,0,1,"equal"
"710924-2891484",1,1,1,0,1,1,1,1,0,1,"equal"
"740911-4487590",0,1,0,1,0,0,1,1,1,1,"equal"
"510203-1889063",0,0,1,1,1,0,1,1,1,1,"equal"
"830418-1866201",0,1,1,0,1,1,0,1,1,1,"equal"
"890204-3458842",1,0,0,1,1,1,1,1,0,0,"equal"
"580125-2396521",1,1,1,0,1,0,1,1,1,0,"equal"
"741013-4150305",0,1,0,0,0,0,1,1,1,0,"equal"
"800521-2481680",0,1,1,1,1,1,1,0,0,1,"equal"
"680313-1047435",0,0,0,0,0,0,1,1,1,1,"equal"
"831126-3416864",1,0,0,0,0,0,1,0,1,0,"equal"
"911028-3452564",0,0,0,0,0,1,1,0,0,0,"equal"
"861022-1391011",0,1,1,0,1,0,0,1,1,1,"equal"
"770714-3475952",0,1,0,0,1,1,0,1,0,0,"equal"
"750418-4210427",1,1,0,1,0,0,1,1,1,1,"equal"
"730709-3588240",1,0,1,0,0,1,1,1,0,1,"equal"
"500328-2811749",1,0,1,0,0,0,0,1,1,0,"equal"
"610219-3278327",1,1,1,1,1,1,0,1,1,1,"equal"
"861102-1566759",1,1,1,0,0,1,0,0,0,1,"equal"
"541123-4934018",0,0,1,1,1,1,1,0,1,0,"equal"
"720718-4438495",0,0,0,0,1,0,0,1,1,1,"equal"
"521205-1960039",0,1,1,0,1,0,1,1,0,0,"equal"
"740718-1940906",0,1,0,0,1,1,0,1,0,0,"equal"
"941005-4573740",1,1,0,1,0,0,1,1,1,0,"equal"
"730209-2281274",0,1,0,1,0,1,0,0,0,0,"equal"
"680517-2612813",1,1,1,0,1,1,0,1,1,1,"equal"
"760617-4619098",1,1,0,1,1,1,0,0,1,0,"equal"
"710209-3007808",1,1,0,0,0,0,0,1,0,1,"equal"
"751005-4890629",0,1,1,0,1,1,1,1,0,0,"equal"
"930820-3155339",0,0,1,0,0,1,1,1,0,0,"equal"
"860320-2285580",1,1,0,1,1,1,1,1,1,1,"equal"
"980306-2855537",1,0,1,1,1,1,1,0,1,1,"equal"
"800417-3527482",1,0,0,1,1,1,0,0,0,1,"equal"
"871026-3061514",0,0,0,1,0,1,1,0,0,1,"equal"
"561010-3946356",0,0,0,0,0,0,1,0,0,0,"equal"
"741226-4578680",0,1,1,1,1,1,0,1,0,0,"equal"
"970602-3909661",0,0,0,1,1,0,1,0,1,1,"equal"
"881106-2741803",0,0,0,0,0,1,1,1,0,1,"equal"
"800325-1238134",0,1,1,0,1,0,0,0,1,1,"equal"
"811003-4250754",0,0,1,1,1,0,0,1,1,1,"equal"
"800326-4908595",1,0,1,0,1,1,0,0,0,0,"equal"
"990526-2881152",1,1,0,1,0,1,1,1,0,0,"equal"
"621119-4363067",1,0,0,1,0,0,1,0,0,1,"equal"
"511114-4793055",0,0,0,1,0,0,0,0,1,0,"equal"
"680518-4714881",1,1,1,0,1,1,1,0,0,0,"equal"
"921204-3536794",0,0,1,1,0,1,1,1,1,0,"equal"
"760825-1887901",1,0,0,0,0,0,1,0,0,1,"equal"
"600525-2664961",0,1,0,1,1,1,1,0,1,0,"equal"
"810704-4119705",1,0,0,0,1,1,0,0,1,1,"equal"
"560424-2897383",1,0,0,0,1,1,1,1,1,1,"equal"
"951022-3346719",0,1,0,0,1,0,0,1,1,1,"equal"
"800110-4326636",1,0,1,1,1,1,1,0,0,1,"equal"
"740516-2231917",1,1,0,0,0,1,0,0,1,1,"equal"
"771202-3922596",1,1,1,1,1,0,0,0,0,0,"equal"
"981120-4249013",1,0,1,1,0,1,1,1,1,1,"equal"
"970619-3535226",0,0,1,1,1,0,1,0,0,0,"equal"
"660424-3031281",1,0,0,1,0,1,0,0,0,1,"equal"
"790518-4415574",0,0,0,1,1,0,1,1,0,0,"equal"
"880408-2443558",0,0,0,0,1,1,0,0,0,1,"equal"
"770619-1029558",1,0,1,0,1,1,0,0,1,1,"equal"
"500801-2073698",0,0,0,0,0,1,0,1,1,1,"equal"
"700227-3105408",1,1,1,1,0,1,0,0,0,1,"equal"
"830328-2276009",0,0,1,0,1,1,1,0,0,1,"equal"
"571228-1589926",1,1,1,0,1,1,1,1,0,0,"equal"
"641025-1914003",1,0,0,0,1,0,0,0,1,1,"equal"
"550916-4050534",1,0,1,1,0,1,1,0,1,1,"equal"
"610323-1358801",0,1,1,1,1,0,0,0,0,1,"equal"
"720627-2952318",1,1,1,1,1,0,1,1,1,0,"equal"
"740917-1306654",0,0,1,1,0,0,1,1,1,0,"equal"
"500517-3903568",0,1,0,1,0,0,0,1,1,1,"equal"
"681008-4116803",1,1,0,1,1,0,0,1,0,1,"equal"
"600815-1812155",1,1,0,1,0,1,1,1,1,1,"equal"
"871109-1041423",1,1,0,0,1,0,0,0,0,1,"equal"
"740118-4882452",1,0,1,0,0,1,1,1,1,0,"equal"
"770312-2222457",1,0,1,0,1,0,1,1,1,1,"equal"
"541216-1715346",0,0,0,0,0,0,0,0,0,1,"equal"
"680123-2144603",1,1,1,0,0,0,0,0,1,0,"equal"
"841203-4177272",1,0,1,1,0,0,1,0,0,0,"equal"
"920112-4210590",1,1,0,0,0,1,0,0,1,0,"equal"
"610604-2429821",1,0,1,0,1,1,0,0,0,1,"equal"
"660616-4022278",0,0,0,0,1,0,0,1,0,1,"equal"
"541205-4392676",1,1,1,1,0,1,1,0,1,0,"equal"
"750501-1311531",1,1,1,1,0,0,1,0,0,0,"equal"
"780303-2000905",1,0,1,0,1,0,1,0,1,1,"equal"
"620318-1493725",0,0,0,0,0,1,1,0,1,1,"equal"
"580311-1219740",0,0,0,0,0,0,0,0,1,0,"equal"
"950305-1382695",1,0,0,1,0,0,1,0,1,1,"equal"
"770622-1388565",0,0,0,0,0,0,1,1,1,0,"equal"
"700618-3290800",1,1,1,0,1,1,1,0,1,1,"equal"
"620913-3814326",0,0,0,1,0,1,1,1,1,0,"equal"
"500110-3078530",1,1,0,0,0,0,0,1,1,0,"equal"
"890306-4296588",0,1,0,0,1,0,1,0,0,1,"equal"
"920324-2893185",1,0,0,0,1,1,0,0,0,1,"equal"
"730121-3233467",1,0,1,0,0,1,1,1,0,0,"equal"
"970915-2147312",0,1,1,0,0,1,1,1,1,1,"equal"
"810816-2304821",1,0,0,0,0,0,1,0,1,0,"equal"
"550807-1675095",1,1,0,1,1,1,0,0,0,1,"equal"
"741210-4933760",1,0,0,0,1,0,0,1,0,1,"equal"
"690713-2624979",0,1,0,1,1,0,0,0,1,1,"equal"
"530920-3606627",0,1,0,1,1,1,0,0,1,0,"equal"
"991202-4776304",0,1,1,1,1,1,0,1,0,1,"equal"
"630523-2882920",0,1,0,0,0,0,0,0,1,1,"equal"
"950223-1606068",0,1,0,1,0,1,1,1,1,0,"equal"
"770707-2917754",0,0,0,0,0,0,0,0,0,1,"equal"
"690724-2961778",1,0,1,1,1,0,1,0,0,1,"equal"
"850209-3644713",0,0,0,0,1,0,0,0,0,1,"equal"
"660309-2308149",0,1,0,0,1,0,1,0,1,0,"equal"
"920411-3271544",0,1,0,0,0,1,0,0,0,1,"equal"
"961008-3747381",0,1,1,1,0,1,1,1,1,1,"equal"
"980215-1951038",0,1,1,1,1,0,1,1,0,0,"equal"
"820227-3655706",0,1,0,0,0,0,0,1,1,0,"equal"
"510615-3307470",0,0,0,0,0,1,1,0,1,0,"equal"
"810725-3651224",1,1,0,1,0,1,1,1,1,0,"equal"
"600613-4624073",0,1,1,1,1,1,1,1,0,1,"equal"
"611112-3257304",1,1,1,0,0,1,1,1,0,0,"equal"
"560219-2854133",0,0,0,1,0,0,1,1,1,0,"equal"
"830601-4670124",0,0,1,0,1,0,0,1,1,0,"equal"
"890324-3696529",0,0,0,0,0,0,0,0,1,0,"equal"
"680608-1732778",1,1,0,1,1,0,1,0,0,1,"equal"
"581217-4197685",0,1,1,0,0,1,1,1,1,0,"equal"
"880928-3834446",0,1,1,1,1,1,1,0,0,0,"equal"
"511105-3163561",0,0,0,0,0,0,1,1,0,0,"equal"
"950522-1148909",1,0,1,1,1,1,1,1,0,0,"equal"
"640118-2478012",1,0,1,0,0,1,1,0,1,0,"equal"
"900108-4432678",0,0,0,0,0,1,0,1,0,1,"equal"
"600413-4974143",1,0,0,0,1,0,0,0,1,1,"equal"
"861004-1477727",0,1,0,0,0,0,1,1,0,1,"equal"
"951125-4384266",1,0,1,1,0,0,1,1,0,1,"equal"
"950103-1744738",1,0,0,0,0,1,0,1,1,0,"equal"
"780512-1045835",0,0,1,0,0,0,1,0,0,0,"equal"
"500228-1065153",1,1,1,0,1,1,0,1,1,0,"equal"
"970224-2824271",0,1,0,1,0,0,0,1,0,1,"equal"
"520121-3816698",0,1,1,0,1,0,1,1,0,0,"equal"
"600801-4213907",0,1,1,0,1,0,0,0,1,0,"equal"
"640519-1261314",0,0,1,1,0,1,0,0,1,1,"equal"
"510402-2138595",1,1,0,1,1,1,0,1,0,1,"equal"
"510503-1914142",0,1,0,1,1,0,1,1,1,1,"equal"
"960426-4775331",0,0,1,1,1,0,1,0,0,0,"equal"
"800223-3120776",1,1,0,0,1,0,1,1,1,1,"equal"
"831103-4446214",0,1,1,0,1,0,0,1,1,1,"equal"
"680603-2132319",1,1,1,0,1,0,1,1,1,0,"equal"
"590502-4124062",0,0,1,1,0,0,1,0,0,0,"equal"
"710918-3935491",1,1,1,1,1,0,0,0,0,0,"equal"
"691107-2177671",0,0,0,1,1,1,0,1,1,1,"equal"
"751122-3151758",1,1,1,1,1,0,0,1,1,1,"equal"
"640121-4961578",0,0,1,1,0,0,1,1,1,1,"equal"
"861127-3054206",0,1,0,0,0,1,1,0,0,0,"equal"
"600413-4157129",0,0,1,1,0,1,0,0,1,1,"equal"
"560313-2238651",0,0,0,0,0,1,1,1,0,0,"equal"
"750321-2000535",0,0,0,0,0,1,0,1,1,0,"equal"
"711108-2600714",1,0,0,0,0,0,0,1,1,0,"equal"
"850811-2970399",0,0,1,1,0,0,0,0,0,0,"equal"
"531202-1119177",1,1,1,0,1,0,0,1,1,0,"equal"
"521118-1886557",0,0,1,0,0,1,0,0,0,1,"equal"
"690415-1156255",0,1,0,1,1,0,0,0,1,1,"equal"
"840805-4930363",1,0,1,1,1,0,1,1,1,1,"equal"
"850528-2305380",0,0,0,0,1,0,1,1,0,1,"equal"
"570716-3445857",0,1,1,1,1,0,0,1,1,0,"equal"
"520802-2973858",0,1,1,0,1,0,0,1,1,1,"equal"
"870410-1798412",1,1,1,1,0,0,0,1,0,0,"equal"
"910607-1983197",1,0,0,0,0,0,0,0,0,1,"equal"
"680415-3378505",0,1,0,0,0,1,1,1,0,1,"equal"
"840611-1397965",0,0,0,0,1,0,0,1,0,0,"equal"
"750901-2690105",0,1,0,1,0,0,1,1,1,1,"equal"
"830907-3431678",1,0,0,0,1,1,0,0,1,1,"equal"
"870105-3516521",1,0,0,0,0,1,1,1,0,0,"equal"
"630804-4668446",1,1,0,1,0,0,0,1,0,1,"equal"
"510828-3438633",0,1,1,1,0,1,1,0,1,1,"equal"
"570325-3699427",0,1,0,1,1,1,0,1,1,1,"equal"
"600125-4022368",0,0,1,0,0,1,1,0,1,0,"equal"
"510306-1422746",0,1,1,0,0,0,1,0,0,0,"equal"
"661024-4743304",1,0,1,0,0,0,0,0,1,1,"equal"
"521217-4935670",1,1,1,1,0,1,1,1,0,0,"equal"
"860910-3405220",1,1,1,0,0,1,0,0,0,1,"equal"
"540925-1385440",0,1,0,0,0,1,0,1,1,1,"equal"
"790205-4374230",1,1,1,0,1,1,1,1,0,1,"equal"
"600120-4388035",1,1,1,1,1,0,0,1,1,1,"equal"
"870722-3723313",1,1,0,0,0,1,0,0,1,0,"equal"
"660424-1484763",1,1,0,1,0,1,1,0,1,0,"equal"
"700422-1034122",1,0,1,1,1,0,1,1,1,1,"equal"
"920207-4349203",1,1,1,0,0,0,1,0,1,0,"equal"
"570906-4607197",1,1,1,0,0,0,1,0,0,0,"equal"
"920610-4441723",0,1,0,0,0,0,1,1,0,0,"equal"
"611019-3891538",1,0,1,1,0,0,0,0,0,0,"equal"
"710713-2986233",0,0,1,0,1,0,1,0,0,0,"equal"
"891004-2597083",1,1,0,0,0,1,1,1,1,1,"equal"
"800315-3345050",0,0,1,1,0,1,1,0,1,0,"equal"
"770420-3735850",1,0,0,0,1,0,0,0,0,1,"equal"
"580113-2128454",1,0,1,1,0,0,0,0,1,1,"equal"
"601219-3174751",0,0,1,1,1,1,0,1,0,0,"equal"
"721126-2565839",1,1,0,1,0,0,1,0,1,0,"equal"
"730607-2451389",0,1,1,0,0,1,1,0,1,1,"equal"
"630804-4611581",0,1,1,1,1,1,0,1,0,1,"equal"
"910613-3391833",0,0,1,0,1,0,1,0,1,1,"equal"
"920813-1163097",0,1,1,0,1,1,0,1,0,0,"equal"
"660207-3055978",0,1,1,1,1,0,1,0,1,1,"equal"
"550814-1083774",1,0,0,1,1,1,1,1,0,0,"equal"
"920911-4118585",0,1,0,1,1,1,0,0,1,1,"equal"
"650128-4558665",0,0,0,0,1,0,1,1,0,1,"equal"
"570209-2269658",1,1,1,1,0,0,0,0,1,1,"equal"
"860108-2418788",1,0,0,0,0,1,0,0,1,1,"equal"
"511226-3915422",0,1,1,0,1,1,1,1,1,1,"equal"
"710425-2195206",1,1,1,0,1,0,1,0,0,0,"equal"
"920702-1685658",1,0,1,0,1,1,0,0,0,0,"equal"
"790206-1878906",1,0,1,0,1,1,0,0,0,1,"equal"
"511010-3673317",1,0,1,1,1,1,0,0,1,1,"equal"
"560620-1192917",1,0,1,1,0,0,1,1,0,0,"equal"
"831104-2918628",0,0,1,0,0,1,1,1,0,0,"equal"
"711108-1403804",1,0,1,1,0,0,1,0,1,1,"equal"
"610416-3027473",1,0,0,1,1,1,1,1,1,0,"equal"
"980323-2042592",0,1,0,0,0,1,1,0,1,0,"equal"
"601008-2081387",0,1,1,0,1,0,0,0,0,0,"equal"
"700511-4721839",0,0,0,1,1,0,1,1,0,0,"equal"
"731121-1840961",1,0,0,1,0,1,1,1,1,0,"equal"
"930305-1707336",0,1,0,1,1,1,0,1,1,1,"equal"
"870407-2120243",1,0,1,0,1,1,1,0,0,0,"equal"
"821019-1998785",0,1,0,0,0,0,1,0,1,0,"equal"
"560916-3744679",0,1,0,1,1,0,1,0,1,0,"equal"
"890522-3479428",0,1,0,0,0,0,0,0,1,0,"equal"
"751128-2056956",1,0,0,1,0,0,0,0,0,0,"equal"
"540707-2000800",0,0,1,0,1,1,0,0,1,1,"equal"
"981208-4248400",1,0,1,0,0,1,1,0,1,0,"equal"
"920525-2778887",1,0,0,0,0,0,1,0,1,0,"equal"
"600905-4742646",1,1,0,0,1,1,0,1,1,1,"equal"
"590612-1684669",0,0,1,0,0,0,1,0,1,1,"equal"
"980301-4521158",0,1,1,0,0,1,1,0,1,0,"equal"
"650213-2012547",0,1,0,0,1,0,1,1,1,0,"equal"
"871020-2877339",0,0,1,0,1,1,0,1,1,1,"equal"
"701003-3287290",1,0,1,0,1,0,0,0,0,0,"equal"
"610725-4122142",0,0,0,1,1,1,1,1,0,0,"equal"
"671126-3911807",0,1,0,0,0,1,1,1,0,0,"equal"
"731007-2688159",0,0,1,1,0,1,0,1,0,1,"equal"
"700507-4623733",1,0,1,1,0,0,1,1,0,1,"equal"
"770407-2289040",1,0,1,0,0,0,1,0,0,0,"equal"
"690309-3626106",1,0,1,1,0,0,0,1,0,0,"equal"
"921019-2386085",0,0,0,1,1,0,0,1,0,0,"equal"
"610202-1839833",0,0,1,0,1,0,0,0,1,0,"equal"
"900503-1715765",1,1,1,1,0,0,1,0,1,0,"equal"
"820203-2137118",0,1,0,1,1,1,1,0,0,0,"equal"
"920910-4850755",1,0,1,1,0,1,0,1,1,0,"equal"
"610102-1724351",1,0,1,0,1,1,0,1,0,0,"equal"
"951016-3991866",1,1,1,0,0,1,0,1,0,1,"equal"
"640926-4011463",1,1,0,1,1,0,1,0,1,0,"equal"
"890428-4171143",0,0,1,1,0,1,1,0,0,1,"equal"
"871122-4215908",0,1,1,1,0,0,1,0,1,0,"equal"
"710515-1468462",1,1,0,0,0,1,0,0,1,0,"equal"
"960602-4824635",0,0,1,0,1,0,0,0,0,0,"equal"
"561017-4612637",1,0,1,0,0,1,1,0,1,0,"equal"
"671203-2700487",0,1,1,0,1,1,0,1,0,1,"equal"
"860823-4952761",0,0,1,0,0,0,0,0,0,1,"equal"
"860918-1351817",0,0,0,1,0,1,1,0,0,1,"equal"
"621127-1284036",1,0,0,0,1,1,1,0,0,0,"equal"
"861108-2892152",1,0,0,0,0,0,1,0,0,1,"equal"
"521022-1458605",1,0,0,0,0,0,0,0,0,1,"equal"
"620719-1275105",1,0,0,1,1,1,1,0,0,0,"equal"
"780117-4723069",1,1,0,1,1,0,1,1,1,1,"equal"
"830111-2247340",0,0,1,1,0,0,1,0,1,0,"equal"
"750926-1908488",1,1,0,0,0,0,0,1,1,0,"equal"
"640628-4347525",0,0,1,0,0,1,1,1,1,1,"equal"
"820910-2342060",1,1,0,0,1,0,0,1,1,1,"equal"
"850207-3270030",1,1,1,0,1,1,0,0,1,0,"equal"
"631114-1305734",0,0,0,0,0,1,1,0,1,0,"equal"
"730810-2937694",0,0,0,0,1,0,1,1,0,0,"equal"
"590610-4875467",1,1,0,1,1,1,1,1,0,0,"equal"
"650510-2889655",0,1,1,1,0,0,1,0,0,1,"equal"
"620118-1935658",1,1,1,0,1,1,1,1,0,1,"equal"
"860418-3288975",1,0,1,0,1,0,0,0,1,1,"equal"
"560703-3500369",1,0,1,1,1,1,1,0,1,1,"equal"
"500104-1505363",0,1,1,1,0,0,1,0,1,0,"equal"
"631121-4435458",1,1,0,1,0,1,0,1,1,1,"equal"
"940922-1245752",0,0,1,0,0,0,1,0,1,1,"equal"
"951125-2022979",1,0,0,0,1,1,0,0,0,1,"equal"
"820104-2588017",0,0,1,0,0,1,1,1,0,0,"equal"
"690227-4568517",0,1,0,1,1,1,0,0,0,1,"equal"
"830727-2647290",0,1,0,0,1,0,1,1,0,0,"equal"
"890118-4735198",1,1,1,0,1,1,0,0,1,1,"equal"
"660627-1967137",1,1,1,0,0,1,1,0,1,1,"equal"
"890724-4323976",0,1,1,0,1,0,1,0,1,1,"equal"
"510927-3384656",1,0,0,1,0,1,0,1,1,1,"equal"
"630112-4990525",1,1,0,0,1,1,1,0,0,1,"equal"
"660720-2452812",1,0,0,1,1,0,1,1,1,1,"equal"
"850314-1655209",0,0,0,1,0,1,1,1,0,0,"equal"
"670302-4392994",0,1,1,0,1,1,0,1,1,0,"equal"
"921011-4098796",1,0,0,1,1,0,1,1,1,0,"equal"
"561019-4378705",0,1,0,1,1,0,1,1,1,1,"equal"
"550112-3525320",0,0,0,0,0,0,0,1,0,0,"equal"
"720417-4152643",0,1,0,1,1,1,1,0,0,0,"equal"
"840324-4611997",0,0,1,0,1,1,0,0,0,1,"equal"
"801106-1362956",0,0,1,0,0,0,0,0,1,1,"equal"
"840208-2707535",0,0,1,1,0,0,1,0,1,0,"equal"
"751226-4793746",0,0,1,1,0,0,1,0,0,1,"equal"
"640928-3464884",1,1,0,0,0,0,1,0,1,0,"equal"
"540702-1626169",1,1,1,0,0,1,1,0,0,1,"equal"
"650716-4939321",1,1,1,1,0,1,0,1,0,0,"equal"
"550716-2090638",1,1,0,1,0,0,1,0,1,1,"equal"
"911018-2438594",0,0,1,1,0,1,1,1,0,0,"equal"
"600428-1040661",0,0,0,0,0,0,1,1,1,0,"equal"
"880705-2254983",0,1,0,1,1,0,1,1,0,1,"equal"
"930510-2380552",0,1,0,1,1,0,1,1,0,0,"equal"
"870311-3594367",1,0,0,1,0,1,0,0,0,1,"equal"
"761126-2813345",1,0,0,1,0,1,1,1,0,1,"equal"
"891213-4068519",1,0,0,0,1,0,1,1,0,1,"equal"
"890916-2640258",0,1,1,0,0,0,0,0,0,1,"equal"
"770104-4134911",0,0,1,0,1,0,0,0,0,0,"equal"
"660102-4868576",1,1,0,1,1,0,0,0,0,0,"equal"
"841116-3640610",0,1,1,0,1,0,0,1,1,1,"equal"
"520308-1196486",0,0,0,1,1,1,0,1,0,0,"equal"
"601220-1140415",0,0,1,1,0,1,0,1,0,0,"equal"
"980304-4957681",0,1,0,0,0,1,0,1,0,1,"equal"
"810728-1203314",0,0,0,1,0,1,0,0,0,1,"equal"
"620607-3820286",1,1,1,0,0,1,0,0,0,0,"equal"
"600723-3804689",0,0,0,1,1,1,0,1,0,1,"equal"
"810121-4346869",1,0,0,1,0,0,1,1,0,1,"equal"
"640308-3382320",1,0,1,0,1,0,1,0,1,1,"equal"
"771028-4791856",0,0,0,0,1,0,1,0,1,0,"equal"
"861024-3299759",0,1,0,1,0,1,1,0,1,0,"equal"
"520225-2602671",0,1,1,0,0,1,0,1,1,1,"equal"
"951217-1813770",0,0,1,1,1,1,1,1,1,0,"equal"
"660307-4262049",1,1,0,1,1,1,1,0,0,0,"equal"
"940605-2396477",1,1,1,1,1,1,0,1,1,0,"equal"
"650116-1431035",1,0,1,0,1,1,1,1,0,0,"equal"
"771216-3119361",0,1,0,0,0,0,1,0,0,0,"equal"
"820613-4246288",0,0,0,1,1,1,0,1,0,1,"equal"
"610609-2843220",1,0,1,1,0,1,0,1,1,0,"equal"
"641011-2868061",0,1,0,0,1,1,0,0,0,0,"equal"
"771211-4509491",1,0,1,0,0,1,1,1,1,1,"equal"
"670807-1720697",0,1,1,0,1,1,1,1,0,0,"equal"
"790315-1418012",0,0,0,1,0,0,0,1,0,1,"equal"
"970210-2115144",1,1,1,0,0,0,0,0,0,1,"equal"
"850828-4285405",1,1,0,1,1,0,0,1,0,1,"equal"
"810118-1931991",1,0,1,1,0,0,1,1,1,0,"equal"
"830311-4791874",1,1,1,1,1,1,0,0,0,0,"equal"
"920503-3006372",1,0,0,0,1,1,0,0,0,1,"equal"
"890804-2831878",0,0,0,0,0,0,1,1,1,1,"equal"
"720212-4509525",1,1,0,1,0,0,1,1,1,1,"equal"
"671122-3461436",1,1,0,1,1,1,1,1,1,0,"equal"
"690209-3962564",0,0,1,1,0,0,1,1,0,0,"equal"
"521108-2480392",0,0,1,1,0,0,0,0,0,0,"equal"
"520415-2594741",0,0,1,0,0,0,1,1,0,1,"equal"
"890622-1965199",1,0,0,1,0,1,1,0,0,0,"equal"
"730812-1291643",1,1,0,0,0,1,0,1,1,0,"equal"
"560102-4667466",0,1,1,1,0,0,1,0,0,1,"equal"
"900222-4483633",1,0,1,1,0,1,1,1,0,1,"equal"
"760620-2080229",0,0,1,0,1,1,0,1,0,1,"equal"
"651120-4458519",1,1,1,0,0,1,0,0,1,0,"equal"
"811125-2914548",1,0,0,1,1,0,0,0,1,0,"equal"
"591205-4797892",0,0,1,1,1,1,0,0,1,0,"equal"
"580720-1271850",1,0,0,1,0,0,1,1,0,1,"equal"
"900907-3708114",1,1,1,0,1,0,0,0,1,0,"equal"
"831020-3545894",1,0,1,1,1,1,1,1,1,1,"equal"
"741126-4315427",1,1,0,1,0,1,1,1,0,0,"equal"
"740502-1510982",1,0,1,0,1,0,1,0,1,0,"equal"
"750805-2535158",1,1,0,1,1,1,1,0,0,1,"equal"
"700525-4175925",0,0,1,0,0,0,0,0,1,0,"equal"
"500201-2724281",0,0,0,1,0,1,0,1,0,0,"equal"
"730919-3587566",1,0,1,0,0,0,1,1,1,0,"equal"
"840311-1094052",1,1,1,0,0,0,0,0,1,0,"equal"
"990401-2922815",1,0,0,1,1,0,1,0,1,1,"equal"
"941123-2775691",0,0,1,1,1,0,1,0,0,0,"equal"
"631113-3185642",1,0,0,1,0,0,1,0,1,0,"equal"
"570324-4382981",1,0,1,1,1,0,0,0,1,0,"equal"
"690308-1994032",0,0,0,1,0,0,1,0,0,0,"equal"
"560904-3810795",0,1,1,0,0,1,1,1,1,0,"equal"
"790605-1045831",1,1,1,1,1,0,0,0,0,1,"equal"
"700121-4160619",0,1,0,0,0,1,0,1,0,1,"equal"
"521115-3371536",0,1,1,0,1,0,0,1,1,1,"equal"
"600202-4607334",0,1,0,0,1,1,1,0,0,1,"equal"
"590413-2083697",0,1,1,0,1,0,1,0,1,0,"equal"
"970416-3866989",1,1,0,0,0,0,1,1,1,1,"equal"
"580225-2148155",0,1,1,1,0,0,1,0,1,0,"equal"
"810315-2948579",0,1,1,0,1,0,0,1,0,1,"equal"
"690819-4922335",1,0,1,1,1,1,0,1,0,1,"equal"
"701203-3717265",0,1,0,1,0,0,0,1,0,0,"equal"
"820812-1023957",1,0,1,0,0,1,1,0,0,1,"equal"
"670103-2076404",0,1,0,1,0,1,0,0,0,0,"equal"
"710501-4247003",1,0,1,1,1,1,0,1,0,0,"equal"
"721021-2347871",0,0,0,1,1,1,0,0,0,1,"equal"
"810919-3273949",1,0,0,1,1,0,1,0,0,1,"equal"
"771210-3560733",0,1,0,1,1,0,0,0,1,0,"equal"
"960523-2346737",0,0,0,1,0,1,0,0,1,0,"equal"
"760819-2411668",1,1,1,0,1,0,1,1,0,1,"equal"
"871109-3232507",0,1,0,0,1,0,1,0,1,0,"equal"
"640522-2292627",0,1,1,1,0,0,0,0,1,0,"equal"
"660526-1473730",1,0,1,1,0,0,1,0,0,0,"equal"
"700613-2185489",0,0,0,0,1,1,1,1,0,0,"equal"
"510818-2293332",1,0,1,1,0,0,1,1,0,1,"equal"
"520921-2734952",1,0,0,0,1,0,1,0,0,0,"equal"
"570927-3648241",1,1,0,0,1,0,0,1,0,1,"equal"
"750418-3202111",0,1,0,1,1,0,0,1,0,0,"equal"
"551213-4594788",1,1,1,0,1,1,0,0,0,1,"equal"
"931213-4512965",0,0,1,1,0,0,1,1,1,1,"equal"
"900402-4598617",0,1,0,0,0,0,1,1,0,0,"equal"
"651016-1288464",1,1,1,1,0,0,1,0,0,1,"equal"
"620801-3034090",1,0,1,0,1,1,1,0,1,0,"equal"
"621109-4037360",0,1,1,0,1,0,0,1,1,1,"equal"
"790527-1664941",1,0,0,1,1,1,0,0,1,0,"equal"
"820423-4425648",1,1,1,1,0,0,0,0,1,1,"equal"
"641208-3421492",1,1,1,0,0,1,1,1,1,1,"equal"
"630814-1259115",1,0,0,0,1,0,0,0,1,0,"equal"
"701002-2233862",0,1,1,1,0,0,0,1,0,1,"equal"
"740225-3323785",0,1,0,1,1,1,1,1,1,0,"equal"
"650904-2720677",1,0,1,1,1,0,0,1,0,1,"equal"
"940113-2548199",1,0,1,1,0,0,1,0,0,1,"equal"
"700622-2781899",0,0,0,1,1,1,1,0,1,0,"equal"
"931016-1584378",1,0,0,1,0,0,1,1,1,1,"equal"
"921217-1932127",1,1,1,1,0,1,0,0,0,0,"equal"
"811011-2493637",0,1,0,0,1,0,0,1,0,0,"equal"
"980512-1799710",1,0,1,0,1,0,0,1,1,1,"equal"
"951225-3953681",1,1,0,1,0,1,1,0,0,1,"equal"
"690103-2509065",1,0,0,1,0,0,0,1,1,0,"equal"
"670518-4703068",1,1,0,0,1,1,1,0,1,0,"equal"
"520517-4284025",0,0,1,1,1,1,1,0,0,0,"equal"
"590720-1360383",0,0,0,0,1,1,0,1,0,0,"equal"
"920706-2225078",1,1,0,0,1,0,1,1,1,1,"equal"
"570515-3737819",1,0,1,0,1,1,1,1,1,0,"equal"
"730905-4655598",1,0,1,0,0,0,1,0,0,0,"equal"
"540727-1352265",0,1,1,0,0,1,0,1,0,1,"equal"
"621005-4837619",1,0,0,0,1,0,0,0,1,0,"equal"
"971218-1128466",1,0,1,0,0,0,1,1,1,1,"equal"
"730719-1760167",1,0,0,0,1,1,1,1,0,0,"equal"
"990913-4322442",1,1,0,1,1,0,1,0,1,1,"equal"
"520218-2649240",0,0,1,1,0,1,1,1,1,0,"equal"
"871127-4103940",0,0,1,0,0,1,0,1,0,0,"equal"
"571027-1968670",1,0,1,0,1,0,1,0,1,0,"equal"
"970715-3353111",1,0,0,1,0,0,1,0,0,0,"equal"
"561116-2604632",0,1,1,0,0,0,0,0,0,0,"equal"
"621218-4289735",1,0,0,1,0,1,0,1,1,0,"equal"
"571011-2912368",1,1,1,1,1,0,1,1,0,1,"equal"
"901012-1014281",1,0,1,1,1,1,1,1,1,0,"equal"
"921110-2185571",1,1,1,0,0,0,0,1,0,1,"equal"
"860811-4713662",1,0,1,1,0,0,1,0,0,0,"equal"
"750504-1825589",1,1,0,1,0,0,0,0,0,1,"equal"
"970420-3304016",0,0,1,1,1,0,0,1,0,0,"equal"
"560815-2055325",0,1,0,0,0,1,1,1,1,0,"equal"
"860502-3244492",0,0,1,1,1,0,0,0,1,1,"equal"
"600923-1875433",0,0,1,1,0,1,1,0,0,0,"equal"
"701022-1158701",0,0,0,1,0,1,0,0,0,1,"equal"
"530926-3164159",1,1,1,0,1,1,1,0,0,1,"equal"
"930722-2632100",0,0,0,0,0,0,0,0,0,1,"equal"
"700910-1341418",0,1,1,0,1,0,0,1,1,1,"equal"
"580310-1844456",1,1,1,1,0,0,1,0,1,0,"equal"
"640318-3879722",1,0,0,0,1,1,1,0,0,0,"equal"
"940923-4676798",0,0,1,1,1,0,1,1,1,0,"equal"
"931125-3878522",1,1,1,1,0,0,0,1,0,0,"equal"
"590405-3941979",1,1,1,1,1,0,1,1,1,0,"equal"
"531117-1304004",0,1,1,1,0,0,1,0,1,1,"equal"
"521009-4043087",0,0,0,0,1,1,0,1,0,1,"equal"
"710111-2199624",0,1,1,0,1,1,0,1,0,0,"equal"
"701205-3674033",1,1,1,0,0,1,1,1,1,1,"equal"
"820408-1881763",0,1,1,1,1,0,0,1,0,1,"equal"
"570717-4012708",0,0,0,1,1,0,0,1,0,0,"equal"
"730717-4641559",1,0,0,1,1,0,1,1,1,1,"equal"
"620625-3226272",0,0,1,1,1,1,0,1,1,0,"equal"
"600320-4402540",1,1,1,1,0,1,0,1,1,1,"equal"
"631126-4443589",0,1,0,1,1,1,0,1,0,0,"equal"
"640624-4723535",0,0,1,0,1,0,1,1,1,1,"equal"
"670218-3422487",1,1,1,0,0,0,0,0,1,0,"equal"
"870728-3910300",0,0,1,0,0,0,0,0,1,0,"equal"
"550111-4213476",1,1,1,0,1,1,0,0,1,1,"equal"
"820505-1138089",0,0,1,0,1,0,0,0,1,1,"equal"
"790504-1443891",1,1,0,1,1,0,1,0,1,1,"equal"
"840505-1988127",1,1,0,0,0,1,0,1,1,0,"equal"
"641102-4339048",1,0,1,0,1,0,1,1,1,1,"equal"
"680517-4420411",1,1,0,0,1,0,0,0,1,0,"equal"
"840224-4739393",0,0,1,1,0,1,1,0,1,0,"equal"
"991219-1712245",0,0,1,0,1,1,0,0,1,0,"equal"
"930807-2438154",1,0,0,1,1,1,1,1,0,1,"equal"
"700324-2289601",0,0,1,0,1,0,0,0,0,1,"equal"
"860703-3399023",1,0,0,1,0,0,0,1,0,1,"equal"
"850809-2449524",1,1,1,0,0,1,0,0,1,1,"equal"
"920105-3844264",1,0,1,0,0,0,1,0,0,0,"equal"
"741201-1742532",1,1,0,0,1,0,1,1,0,1,"equal"
"721122-1263619",1,0,0,0,0,1,0,0,1,1,"equal"
"810927-1107656",0,0,1,1,1,0,1,1,0,1,"equal"
"680409-3433322",0,1,1,1,1,1,0,0,1,0,"equal"
"790611-4997255",0,1,1,0,1,0,1,0,0,1,"equal"
"511128-4716795",1,1,1,0,1,1,1,0,0,0,"equal"
"740702-1759378",0,0,0,0,1,0,1,1,0,1,"equal"
"880518-1405882",1,0,0,0,1,1,1,1,0,1,"equal"
"811026-2821801",1,0,1,1,0,1,0,0,1,1,"equal"
"681102-1008076",1,0,0,0,1,1,1,0,1,1,"equal"
"571120-1815006",1,0,1,1,0,1,0,1,0,1,"equal"
"890726-4312504",1,1,0,0,0,0,1,0,0,0,"equal"
"930604-2505635",1,1,1,0,1,1,1,0,1,1,"equal"
"600219-4694026",1,1,1,0,0,0,1,0,0,0,"equal"
"631124-1078022",1,0,1,1,1,0,0,0,0,1,"equal"
"700201-2952854",1,1,1,1,0,1,0,0,1,1,"equal"
"751018-3641015",0,0,1,0,0,0,1,1,0,1,"equal"
"870115-2660074",1,0,0,0,1,1,0,1,0,0,"equal"
"740112-2245895",0,0,1,1,0,1,0,1,1,1,"equal"
"520426-1109423",0,0,1,1,0,0,0,0,0,0,"equal"
"920907-3153526",1,0,1,1,0,1,0,0,1,0,"equal"
"880323-3121498",1,0,0,0,1,1,1,1,0,0,"equal"
"910711-2433574",1,1,1,1,0,1,0,0,1,0,"equal"
"790326-1730323",1,1,0,1,0,0,1,0,0,0,"equal"
"560117-2298861",0,1,0,1,0,1,1,0,1,0,"equal"
"760127-2846556",0,0,0,0,1,0,0,0,0,0,"equal"
"570406-4899234",1,1,0,1,0,0,0,1,0,0,"equal"
"640624-3002751",0,1,0,1,0,1,1,0,1,1,"equal"
"830320-4369062",1,1,1,1,1,0,1,1,1,1,"equal"
"700926-4275563",1,1,1,0,1,0,1,0,1,1,"equal"
"940415-4759400",0,0,0,1,1,1,1,1,0,0,"equal"
"601010-4970110",0,1,1,1,1,0,0,0,1,0,"equal"
"530521-2409102",0,1,1,0,0,0,1,1,0,0,"equal"
"550628-1610875",1,1,1,0,1,1,1,1,1,1,"equal"
"980906-1486120",1,0,0,0,1,0,0,1,1,0,"equal"
"950307-1429222",1,1,0,0,0,1,1,0,1,1,"equal"
"620214-1789444",1,0,0,1,1,0,0,0,0,1,"equal"
"990813-2551190",1,0,0,1,1,1,0,1,0,1,"equal"
"840104-3578835",1,1,1,1,1,0,1,0,0,1,"equal"
"680803-4766512",1,1,0,0,0,1,1,0,0,0,"equal"
"710703-1183057",1,1,0,0,0,0,1,1,0,0,"equal"
"630319-3205605",0,1,0,1,1,1,0,1,1,0,"equal"
"810926-2621977",0,0,0,0,0,0,0,0,1,1,"equal"
"901022-4346367",1,1,0,1,0,0,0,1,0,0,"equal"
"940505-4059737",0,1,1,0,0,0,1,0,1,0,"equal"
"540121-2348193",1,0,0,0,1,1,0,1,1,0,"equal"
"960610-3995752",0,1,1,1,1,0,1,0,0,1,"equal"
"930710-2501615",1,1,0,0,0,1,0,0,0,0,"equal"
"501026-2500502",1,0,0,1,1,0,0,1,1,0,"equal"
"870912-4694980",0,1,1,0,1,0,0,0,1,1,"equal"
"580415-2510134",1,0,0,1,1,1,1,1,0,1,"equal"
"560112-2796497",1,1,1,1,1,1,1,0,1,1,"equal"
"660512-2185758",1,1,0,1,1,1,1,1,1,0,"equal"
"840206-4422684",1,0,0,1,1,1,1,1,0,1,"equal"
"510117-2292547",0,1,1,0,0,1,1,1,1,0,"equal"
"620721-1785423",0,1,1,0,0,0,0,1,1,1,"equal"
"930423-4268764",1,1,0,1,1,1,1,0,1,1,"equal"
"810303-3903120",1,1,1,1,1,0,0,1,0,1,"equal"
"770122-2297613",1,1,0,0,0,0,0,1,0,0,"equal"
"640311-2426655",0,1,0,1,1,1,0,0,1,1,"equal"
"710711-1012170",0,1,1,0,1,0,1,1,0,0,"equal"
"571107-1755686",1,1,1,1,0,0,0,0,1,0,"equal"
"900616-3389685",0,1,0,1,1,1,1,0,0,1,"equal"
"821212-2499760",1,1,0,1,1,1,1,1,0,0,"equal"
"790612-4934329",1,1,0,1,1,1,1,0,0,1,"equal"
"520823-4733736",0,1,1,0,1,1,0,0,0,0,"equal"
"800319-1030868",0,1,1,0,0,1,0,0,0,1,"equal"
"801204-2106019",0,0,1,1,0,0,0,0,1,0,"equal"
"750915-4905761",1,0,0,1,0,1,0,0,1,0,"equal"
"840905-4926589",1,1,0,0,1,1,1,0,1,1,"equal"
"711006-3719226",0,0,0,1,0,1,1,1,0,0,"equal"
"630825-4898038",0,0,1,1,0,0,1,0,1,1,"equal"
"510821-3829782",0,0,1,1,1,1,0,0,1,0,"equal"
"941011-1909556",1,0,0,0,1,1,0,0,1,1,"equal"
"990703-2340406",1,0,1,1,1,0,0,1,0,1,"equal"
"501122-3265616",1,1,1,1,1,0,0,0,1,1,"equal"
"951122-4043946",0,0,0,0,1,0,0,1,1,0,"equal"
"870918-2316232",0,1,0,0,0,1,0,0,0,0,"equal"
"880120-1476970",1,1,1,1,1,0,1,0,0,0,"equal"
"680410-3548292",1,0,0,1,1,0,0,1,1,1,"equal"
"731004-4696976",0,1,0,1,1,0,1,1,0,1,"equal"
"980502-2077400",0,1,1,0,0,1,0,0,1,1,"equal"
"710505-4059921",1,1,1,0,0,0,0,0,0,0,"equal"
"600126-2366760",1,1,0,0,0,1,0,0,1,1,"equal"
"900609-1203484",1,1,0,0,0,1,1,1,0,1,"equal"
"510707-1807738",0,1,0,1,1,0,1,1,1,1,"equal"
"820226-1364789",1,1,0,1,0,1,1,1,0,1,"equal"
"760712-2276624",1,0,1,0,1,1,0,0,1,0,"equal"
"680226-3208695",0,1,0,0,1,1,1,1,0,1,"equal"
"850123-3448608",1,1,1,1,1,1,1,1,1,1,"equal"
"970505-3473075",1,0,0,0,0,0,0,0,1,1,"equal"
"540613-1572280",1,0,1,0,1,1,1,0,0,1,"equal"
"841224-2686900",0,0,0,1,1,0,1,0,0,0,"equal"
"980117-4546420",0,0,1,1,1,0,0,1,0,0,"equal"
"560601-2059819",0,1,1,1,1,1,0,0,0,1,"equal"
"920708-4418164",0,0,0,0,0,0,1,1,0,1,"equal"
"850914-1164622",0,1,1,1,0,0,1,1,1,0,"equal"
"660316-2904009",0,1,0,0,1,0,1,0,0,0,"equal"
"800402-3574142",1,1,0,1,1,1,1,1,0,1,"equal"
"771225-2958734",0,0,0,0,1,1,0,1,0,1,"equal"
"581020-3700687",0,0,1,0,1,1,0,1,1,1,"equal"
"730709-2506148",0,1,1,1,0,0,0,0,0,1,"equal"
"560201-4254121",1,1,1,1,1,0,1,0,0,1,"equal"
"540906-2055157",1,1,1,1,0,1,0,1,1,1,"equal"
"710913-3167627",1,0,1,0,0,0,0,0,0,0,"equal"
"871117-2140235",0,0,0,0,1,0,1,1,0,1,"equal"
"660727-3368151",1,0,0,0,1,0,0,1,0,1,"equal"
"910810-2358734",0,0,0,1,1,1,0,1,0,1,"equal"
"750519-3659277",1,0,1,1,1,1,1,1,0,1,"equal"
"690219-1456056",1,0,1,1,1,1,1,0,1,0,"equal"
"590906-3981243",0,0,0,1,1,1,0,0,1,1,"equal"
"620802-3364549",1,0,1,0,0,0,0,0,0,1,"equal"
"550303-1100755",1,1,1,1,1,0,0,0,0,0,"equal"
"960407-2096472",0,0,1,0,1,0,0,1,0,1,"equal"
"680301-2527822",0,1,0,0,1,0,0,0,0,1,"equal"
"531227-2902914",0,1,0,1,0,1,0,1,1,0,"equal"
"500420-3870808",1,1,1,1,0,1,1,1,1,1,"equal"
"630224-2302319",1,1,1,0,0,1,0,1,1,0,"equal"
"740614-4642841",1,1,1,0,0,1,1,1,0,0,"equal"
"950409-2072219",0,0,0,1,1,1,0,0,1,0,"equal"
"971028-3764899",0,0,0,1,0,1,1,1,0,1,"equal"
"550402-1909688",0,0,1,1,1,1,0,0,1,1,"equal"
"950916-1161228",1,0,0,0,0,1,1,1,1,1,"equal"
"740822-4564346",0,1,1,0,0,1,1,0,1,0,"equal"
"531114-1601517",1,0,0,0,0,0,1,0,0,0,"equal"
"930324-4830207",0,1,1,1,0,1,1,1,1,0,"equal"
"571027-4518019",0,0,1,1,1,1,1,0,1,0,"equal"
"930102-4429601",1,1,0,0,0,1,1,0,0,1,"equal"
"510410-1468723",1,1,0,1,1,0,1,0,1,0,"equal"
"570505-1056163",0,0,0,0,0,1,1,0,0,0,"equal"
"970923-1684783",1,1,0,1,0,0,1,0,1,1,"equal"
"860606-4358554",0,0,1,0,0,0,1,1,1,1,"equal"
"510816-4755358",1,0,0,0,1,0,1,1,1,0,"equal"
"950218-2323258",0,1,1,0,0,0,1,0,0,0,"equal"
"760502-3075326",0,1,0,0,1,0,1,0,0,0,"equal"
"721112-4400100",0,1,0,1,1,1,0,0,1,1,"equal"
"620918-4030437",1,1,1,1,0,0,1,1,1,1,"equal"
"650721-4264773",0,0,1,1,1,0,1,0,1,1,"equal"
"990905-4226409",0,1,0,1,1,0,0,1,0,0,"equal"
"910219-3799283",0,0,0,1,1,0,0,0,0,0,"equal"
"930503-3088409",1,1,1,1,1,1,1,0,1,1,"equal"
"971007-3775663",0,1,1,1,1,1,1,0,0,1,"equal"
"790808-1785750",0,0,1,0,1,0,0,0,1,1,"equal"
"960305-4189994",1,0,1,0,1,1,0,1,0,1,"equal"
"860318-4237075",0,0,0,1,0,1,1,1,1,1,"equal"
"910902-3982748",1,1,0,0,1,0,1,1,0,0,"equal"
"780824-1077728",0,0,0,1,0,1,1,1,1,1,"equal"
"770411-3942808",1,0,0,1,0,0,1,0,1,1,"equal"
"820718-4563481",0,0,1,1,1,0,0,1,0,1,"equal"
"701123-4066760",1,1,0,1,0,0,1,0,0,1,"equal"
"800707-1815033",1,1,0,1,0,1,0,0,1,0,"equal"
"730213-1953428",1,1,1,0,0,0,0,1,0,0,"equal"
"930907-1592222",1,1,1,1,0,0,1,0,1,1,"equal"
"530104-2171806",1,0,1,0,1,1,0,0,0,0,"equal"
"970811-4138669",0,1,1,0,1,1,0,0,1,0,"equal"
"720722-1502702",1,1,1,0,0,1,1,0,0,1,"equal"
"510419-4912099",1,0,0,1,1,1,1,1,1,1,"equal"
"631210-2943417",0,1,1,0,0,0,1,1,0,0,"equal"
"700810-4144839",1,0,0,1,1,0,1,1,0,0,"equal"
"820202-2104242",0,0,0,0,1,0,1,0,0,0,"equal"
"591119-1851326",0,1,1,0,1,1,0,1,0,1,"equal"
"590406-3196176",0,1,1,0,0,0,0,1,1,0,"equal"
"530722-2660466",1,1,1,0,1,1,0,0,1,1,"equal"
"860218-1607281",0,0,1,0,0,1,1,1,1,0,"equal"
"800728-1036354",0,1,1,0,0,1,0,0,0,0,"equal"
"690802-2667726",0,1,0,0,1,0,1,0,0,1,"equal"
"861124-2084058",0,1,1,1,0,1,1,0,1,1,"equal"
"750716-4594932",1,0,0,0,1,0,1,0,0,1,"equal"
"761005-4229879",1,1,1,1,1,1,1,1,1,1,"equal"
"580112-2694056",0,0,1,1,0,0,1,0,0,0,"equal"
"840407-2097956",0,1,0,1,1,0,1,0,0,1,"equal"
"880703-4695154",0,1,0,1,1,1,0,0,1,0,"equal"
"830913-3663208",1,0,0,0,0,0,1,0,1,1,"equal"
"720807-3415177",1,0,0,0,0,0,0,0,1,0,"equal"
"720118-4223088",0,1,0,1,1,0,0,1,1,0,"equal"
"780911-3530522",0,0,1,1,0,0,1,1,0,1,"equal"
"630824-2057483",1,1,1,1,0,1,1,1,0,0,"equal"
"780501-3047114",1,1,1,0,0,0,0,1,0,1,"equal"
"870801-3776027",0,1,1,1,1,1,0,1,0,1,"equal"
"651022-4653083",0,0,1,0,0,1,0,1,1,1,"equal"
"890308-4089209",1,0,1,1,0,0,0,1,0,0,"equal"
"690710-1985622",0,1,0,1,1,1,1,0,1,1,"equal"
"730726-3799649",0,1,1,0,0,0,1,0,1,1,"equal"
"980901-1979884",1,0,1,0,1,1,1,0,0,0,"equal"
"640906-1343342",1,0,1,0,1,0,1,1,1,1,"equal"
"660802-2368404",1,0,1,0,0,1,1,1,0,0,"equal"
"790906-1240646",0,1,1,1,1,0,1,1,0,1,"equal"
"830109-3309292",1,0,0,1,1,1,1,1,0,1,"equal"
"530606-2113112",1,1,1,1,0,1,0,0,1,0,"equal"
"870303-3077864",1,1,0,1,0,0,0,1,1,0,"equal"
"560916-3204182",0,0,1,1,0,0,1,1,1,0,"equal"
"680922-3244076",1,0,1,0,1,0,1,0,0,1,"equal"
"770107-4992019",1,1,1,0,0,0,1,0,0,1,"equal"
"920903-4447587",0,0,0,1,0,1,1,1,0,1,"equal"
"690203-3278580",1,1,0,0,1,0,1,0,1,1,"equal"
"760517-2247017",1,1,1,0,0,1,0,0,1,1,"equal"
"990724-4160452",1,0,0,0,1,1,0,1,1,0,"equal"
"950209-3303861",1,1,0,1,0,0,0,0,0,0,"equal"
"920125-3301607",1,1,1,1,0,1,1,1,0,0,"equal"
"500323-1123228",0,0,0,1,0,1,1,1,0,1,"equal"
"780225-3914998",0,1,1,0,0,1,1,1,0,0,"equal"
"810623-1280096",1,1,1,1,1,1,0,0,0,1,"equal"
"970102-1266557",1,1,0,0,0,1,0,1,1,1,"equal"
"640207-3118059",0,1,1,1,1,0,0,1,1,0,"equal"
"590903-2184989",1,0,1,1,0,1,1,1,1,0,"equal"
"980306-2321373",0,1,0,1,0,0,0,0,0,0,"equal"
"930227-3552440",1,0,1,0,0,1,0,1,0,0,"equal"
"531111-3210584",0,0,0,0,0,0,0,1,0,0,"equal"
"610820-3957532",1,0,1,1,1,1,0,1,0,1,"equal"
"800108-1133391",1,1,1,1,0,0,1,0,1,1,"equal"
"500119-1064902",1,0,0,0,0,1,1,0,1,1,"equal"
"820512-1330048",1,1,1,0,0,0,0,0,1,1,"equal"
"670901-3800124",1,1,1,1,1,0,0,1,0,0,"equal"
"650303-1835809",0,0,0,0,1,0,1,1,0,0,"equal"
"750826-3719322",1,1,0,1,1,0,1,0,0,1,"equal"
"731219-2914935",1,1,0,1,0,0,0,0,0,1,"equal"
"651211-2186031",1,1,1,1,1,0,1,0,1,0,"equal"
"960222-4262895",0,1,1,1,1,1,1,0,1,1,"equal"
"931213-3990706",1,0,0,0,1,1,0,1,0,0,"equal"
"830819-3618637",1,0,1,1,1,0,1,0,1,0,"equal"
"660208-1717199",0,0,1,1,1,0,1,1,0,1,"equal"
"810313-4473428",0,1,1,1,1,0,0,1,1,0,"equal"
"760424-3613969",1,1,0,0,1,1,0,1,0,0,"equal"
"780418-3997969",0,1,0,0,0,0,1,1,0,0,"equal"
"860705-1659318",1,0,1,0,1,1,0,0,0,0,"equal"
"680320-2302893",1,0,0,1,0,1,0,1,1,0,"equal"
"690902-3358048",0,1,0,0,1,1,1,0,0,1,"equal"
"500621-4118635",1,1,0,0,1,1,1,1,0,0,"equal"
"580517-2459456",0,0,1,0,1,1,1,1,1,1,"equal"
"761207-2141939",0,0,1,1,1,1,0,0,0,0,"equal"
"510312-3668824",0,0,1,0,1,1,0,1,1,0,"equal"
"661212-3394211",0,0,0,1,0,0,1,1,1,1,"equal"
"850722-4729201",0,0,0,1,1,1,1,0,1,0,"equal"
"560101-2794240",1,1,0,1,0,0,1,0,0,1,"equal"
"700115-3594497",1,1,0,0,0,0,0,1,1,1,"equal"
"920314-2757146",0,1,1,0,0,1,0,1,1,0,"equal"
"850920-2693841",0,0,1,0,0,0,1,1,1,0,"equal"
"820424-2698526",1,0,1,0,1,1,0,1,1,1,"equal"
"930515-2614348",0,1,0,0,0,0,0,1,1,1,"equal"
"871013-1719817",0,0,1,1,1,1,0,1,1,0,"equal"
"930114-2911679",1,1,0,1,1,0,0,1,1,0,"equal"
"630909-3566436",0,0,0,1,0,1,0,0,0,0,"equal"
"720618-2232049",0,1,1,0,1,0,1,1,0,1,"equal"
"871015-4905915",0,1,1,1,0,0,1,0,1,1,"equal"
"820702-2303311",0,1,1,0,1,1,0,0,0,0,"equal"
"540925-1294109",1,1,0,1,0,0,0,0,1,1,"equal"
"880515-2501714",0,0,1,0,0,1,1,1,1,0,"equal"
"850627-3410528",1,0,0,0,0,0,1,1,0,0,"equal"
"941208-1533103",1,1,1,0,1,0,1,1,0,1,"equal"
"531001-1500127",0,1,0,1,0,1,0,1,1,0,"equal"
"641120-3960457",0,0,0,1,1,0,0,1,1,0,"equal"
"660611-1362933",0,0,1,1,1,0,0,0,0,1,"equal"
"980827-4641369",0,1,0,1,1,0,0,0,0,0,"equal"
"971226-3224049",0,0,0,1,0,1,1,1,0,1,"equal"
"720813-4376141",0,0,0,1,0,0,0,0,1,0,"equal"
"580505-2284723",0,1,1,0,1,0,1,0,0,0,"equal"
"960105-4240067",1,1,0,0,1,0,0,1,0,0,"equal"
"880416-1320795",1,0,0,1,1,1,1,1,0,0,"equal"
"980502-3439995",0,0,0,1,1,1,1,0,0,0,"equal"
"610211-2116365",0,1,0,1,0,0,1,0,0,1,"equal"
"870705-2634995",1,0,0,1,1,0,1,1,0,0,"equal"
"810611-1373049",1,0,1,1,1,1,1,0,1,1,"equal"
"611021-2819933",0,1,0,1,0,0,0,0,0,0,"equal"
"840722-2179200",1,0,0,0,0,0,1,1,0,1,"equal"
"650716-3152311",0,1,1,0,0,0,1,0,1,0,"equal"
"520505-1348291",0,0,0,0,0,1,0,1,1,0,"equal"
"750321-4969841",0,1,1,1,1,0,0,1,0,0,"equal"
"630804-2572181",1,1,1,0,1,1,1,1,1,0,"equal"
"670204-4226217",1,1,1,1,0,0,1,1,0,0,"equal"
"720219-3022897",0,0,1,1,1,1,1,0,1,1,"equal"
"660505-2784049",0,1,1,0,0,1,0,0,0,0,"equal"
"850324-2662156",1,1,1,0,0,1,0,1,0,0,"equal"
"931116-4969218",0,1,0,1,1,1,0,1,1,0,"equal"
"980102-2567807",1,1,0,1,0,1,0,1,0,1,"equal"
"780324-3094031",0,0,0,1,1,1,1,0,1,1,"equal"
"530125-4605781",1,1,0,1,0,1,0,0,0,1,"equal"
"700215-4816854",1,1,1,1,1,0,1,0,1,0,"equal"
"770422-1913854",0,1,1,1,1,1,0,0,0,0,"equal"
"691017-1753719",0,0,1,1,0,1,0,0,0,1,"equal"
"731001-4725780",1,0,1,1,0,0,0,0,1,0,"equal"
"780801-1781223",1,0,1,1,1,0,0,1,1,1,"equal"
"740805-2764750",1,0,0,0,0,1,1,0,0,0,"equal"
"701102-1156561",0,1,1,1,1,1,1,1,1,0,"equal"
"660906-1609701",1,1,0,0,0,1,1,1,1,0,"equal"
"640417-4075857",0,1,0,1,0,1,0,1,1,0,"equal"
"511026-2283233",0,0,0,1,0,1,0,0,1,0,"equal"
"970113-3221731",0,1,1,0,1,1,1,1,1,0,"equal"
"700611-3966162",1,0,0,0,1,1,1,1,1,0,"equal"
"810527-4184615",0,0,1,1,1,0,0,1,0,1,"equal"
"940505-2317823",1,1,1,1,0,0,1,1,1,0,"equal"
"870314-1484355",0,1,0,0,0,0,1,1,0,0,"equal"
"890515-3302659",0,1,0,0,1,1,1,0,0,0,"equal"
"710319-1840405",1,1,1,1,1,1,0,1,1,1,"equal"
"580521-2075869",1,1,0,1,0,0,0,1,0,0,"equal"
"670209-1457092",0,0,1,0,1,1,1,0,0,1,"equal"
"530418-1017289",1,1,1,0,1,0,1,0,0,0,"equal"
"521220-2913925",1,0,0,1,0,1,1,0,1,1,"equal"
"890613-3662421",1,0,1,1,1,1,0,0,0,0,"equal"
"931212-1945425",1,0,1,0,0,0,0,0,0,0,"equal"
"740414-3577702",0,1,1,1,0,1,0,1,1,1,"equal"
"791003-1784584",1,0,1,0,0,1,1,1,1,1,"equal"
"990807-3588339",0,1,1,1,1,1,1,0,0,1,"equal"
"830316-1107481",1,0,0,0,1,1,1,1,1,1,"equal"
"730726-4836462",0,1,0,0,0,0,1,0,1,0,"equal"
"670911-4427886",1,1,1,0,0,0,0,0,0,1,"equal"
"610522-4061859",1,0,0,1,0,0,0,1,1,1,"equal"
"910425-2642092",1,1,1,0,0,0,0,0,0,0,"equal"
"930708-4292985",0,1,0,0,0,0,1,0,0,1,"equal"
"720205-3767233",0,0,1,0,0,0,1,1,1,0,"equal"
"610617-3581396",1,1,1,0,1,1,0,0,1,0,"equal"
"710819-4773314",1,0,0,1,1,0,1,1,1,1,"equal"
"530819-2853882",1,0,0,0,1,0,1,0,0,0,"equal"
"510620-3931641",1,1,0,1,0,0,1,0,1,0,"equal"
"961215-1488456",0,1,0,0,1,1,0,0,1,0,"equal"
"880701-1785411",0,1,1,1,1,1,0,0,1,1,"equal"
"901119-1435265",0,0,1,1,1,1,0,1,1,0,"equal"
"700110-1577863",1,1,0,1,1,1,1,0,0,1,"equal"
"760907-3528835",0,1,1,1,1,0,0,1,1,0,"equal"
"961022-2540136",0,1,1,0,1,1,0,0,0,0,"equal"
"760125-1300051",0,0,0,1,1,0,0,0,1,0,"equal"
"870806-2202446",1,1,0,1,1,0,0,1,0,0,"equal"
"810316-4157919",1,1,1,1,1,0,0,0,0,1,"equal"
"611110-4850815",1,0,0,1,0,0,0,1,1,0,"equal"
"760320-2699968",0,1,0,0,0,1,0,0,0,0,"equal"
"610808-4898035",0,1,0,0,0,0,0,0,0,0,"equal"
"990228-1867177",1,1,1,0,0,0,1,1,1,1,"equal"
"740214-2920197",1,0,0,1,1,1,0,1,0,0,"equal"
"770904-2707642",1,1,1,0,0,1,0,0,0,1,"equal"
"780323-3252302",0,1,1,0,1,1,1,1,1,1,"equal"
"540610-1988582",1,0,1,1,1,0,0,1,0,1,"equal"
"580118-4892793",0,0,0,1,0,0,0,0,1,1,"equal"
"830906-1445808",1,1,1,1,1,0,0,0,1,0,"equal"
"751012-4653282",1,0,0,1,0,0,1,0,0,1,"equal"
"750101-1187320",0,0,0,0,1,0,0,0,1,1,"equal"
"650603-2877575",0,1,0,0,1,1,1,0,1,0,"equal"
"940214-2937518",1,0,1,1,0,0,0,0,1,1,"equal"
"600212-2542591",1,0,0,0,1,0,0,0,1,0,"equal"
"750817-4364978",1,0,1,0,0,1,1,1,1,1,"equal"
"591214-1164096",0,0,1,1,0,1,0,1,1,1,"equal"
"610108-3883518",1,0,1,1,1,1,1,0,0,1,"equal"
"900218-1424330",1,0,0,1,0,1,1,1,1,0,"equal"
"870211-2020193",0,1,1,0,0,0,1,1,0,1,"equal"
"970325-4901561",0,1,1,1,1,1,1,0,1,1,"equal"
"860409-4301988",1,1,0,0,0,0,0,0,1,0,"equal"
"530928-2831233",0,0,1,1,0,0,1,1,1,1,"equal"
"930101-1617238",1,0,0,1,0,0,1,0,0,0,"equal"
"650927-2658913",1,1,0,1,1,0,1,0,0,1,"equal"
"920217-3656765",0,0,0,1,1,1,1,0,1,0,"equal"
"810706-2960927",0,1,0,1,0,1,1,0,1,1,"equal"
"540208-3782654",1,1,1,0,0,1,0,1,0,0,"equal"
"700725-3709614",1,1,1,0,1,1,1,0,0,0,"equal"
"950416-1427799",0,1,1,1,0,0,1,1,0,0,"equal"
"610410-2754404",1,0,0,0,1,1,1,0,1,1,"equal"
"591021-2261292",0,1,0,0,1,0,1,1,0,0,"equal"
"980821-3647893",0,1,0,0,0,0,1,0,0,1,"equal"
"640718-1217815",0,1,1,1,0,0,1,1,0,0,"equal"
"790921-1849594",1,1,1,1,1,0,0,1,0,1,"equal"
"760617-3971412",1,0,0,0,1,0,0,1,0,0,"equal"
"620601-1271519",0,1,1,1,1,0,0,1,1,0,"equal"
"551008-4340610",0,1,1,0,0,1,0,0,1,0,"equal"
"940411-2850226",1,0,1,1,1,1,0,1,0,0,"equal"
"921106-4366540",0,1,0,0,1,0,1,0,1,1,"equal"
"780425-2738061",1,0,0,1,0,0,0,0,1,0,"equal"
"800801-2574133",1,1,0,1,1,0,1,0,1,1,"equal"
"551019-4168324",1,0,1,0,1,0,1,1,1,0,"equal"
"510205-1211473",1,0,1,0,1,1,1,0,1,1,"equal"
"731203-2458693",0,1,0,1,1,1,1,1,0,0,"equal"
"710110-4971236",0,0,0,1,1,0,0,1,1,1,"equal"
"710807-3518172",1,1,1,0,1,1,1,1,1,1,"equal"
"830203-3188824",1,0,0,0,0,0,1,0,0,0,"equal"
"991111-4135098",1,1,0,1,1,1,0,1,0,0,"equal"
"670905-2214572",1,0,0,1,0,0,1,1,1,0,"equal"
"811224-4667427",1,1,0,1,0,1,1,1,1,0,"equal"
"890213-2721096",1,1,1,0,1,1,0,0,1,1,"equal"
"510907-1450119",1,1,1,0,0,1,1,1,1,0,"equal"
"530209-2749760",0,0,1,0,0,1,1,1,0,0,"equal"
"800815-4384054",1,1,0,1,0,0,1,0,1,0,"equal"
"690616-3061306",0,1,0,1,1,1,0,0,0,0,"equal"
"750122-4545774",1,1,1,1,0,0,0,1,0,0,"equal"
"880313-4901097",1,0,0,1,0,1,0,1,1,1,"equal"
"901115-3195331",1,0,1,1,1,1,1,0,0,0,"equal"
"960803-4919874",1,1,1,1,1,1,0,0,1,1,"equal"
"740915-1899859",0,0,1,1,1,1,0,0,0,1,"equal"
"541213-3032492",1,0,0,0,0,1,1,0,0,0,"equal"
"990228-4871963",0,1,0,1,1,0,0,1,1,1,"equal"
"901211-4056387",0,0,1,0,0,1,1,0,1,0,"equal"
"830204-1767374",1,0,0,0,0,0,0,1,1,1,"equal"
"840205-2217007",1,1,0,1,0,0,0,1,1,1,"equal"
"570318-3514324",0,1,0,1,0,1,0,0,1,1,"equal"
"801217-1465798",1,0,1,1,1,0,1,0,0,1,"equal"
"710111-2645571",1,1,0,1,1,1,1,1,1,0,"equal"
"710310-1318475",1,1,1,1,1,0,0,1,1,0,"equal"
"910528-4938445",0,1,1,0,1,1,0,1,0,0,"equal"
"820910-3726281",0,1,0,1,1,1,1,0,1,0,"equal"
"521107-3084682",0,1,0,1,0,0,0,0,0,1,"equal"
"520320-4967089",1,0,1,0,0,1,1,1,1,1,"equal"
"820618-2500448",0,0,1,0,1,1,0,0,1,1,"equal"
"570917-3620843",0,1,1,0,0,1,1,0,0,0,"equal"
"690528-1186249",1,1,0,0,1,1,1,1,1,1,"equal"
"640809-4977166",1,0,0,0,1,0,1,0,0,1,"equal"
"660219-2182891",0,1,0,0,1,1,0,0,1,1,"equal"
"890706-3201721",0,0,0,1,1,0,0,0,0,0,"equal"
"740102-4621367",0,1,0,0,0,0,0,0,0,1,"equal"
"510501-4229207",0,1,1,0,1,1,1,1,0,0,"equal"
"770209-3751953",1,1,0,1,0,0,0,0,0,1,"equal"
"780119-1326510",0,0,0,0,1,1,1,0,0,1,"equal"
"620516-2252926",0,1,0,1,0,1,1,0,0,0,"equal"
"730722-1764355",0,1,0,0,1,1,1,0,1,1,"equal"
"730814-3148253",1,0,0,1,1,0,0,1,1,1,"equal"
"811019-1966059",1,1,1,1,0,1,1,0,0,0,"equal"
"860419-4022741",1,1,0,0,0,1,0,0,0,1,"equal"
"851222-4906365",1,0,1,1,1,1,0,0,1,0,"equal"
"750519-2238598",1,1,1,1,0,0,1,1,0,0,"equal"
"781225-3927689",1,0,0,1,0,0,1,1,1,1,"equal"
"900812-3948986",0,0,1,0,1,0,0,1,0,1,"equal"
"850713-2474625",1,0,0,1,0,0,1,0,0,0,"equal"
"720618-4182688",0,1,1,1,1,1,0,0,1,0,"equal"
"790108-4461796",1,0,1,0,1,1,0,1,1,1,"equal"
"670109-4350963",1,0,0,0,1,1,0,1,0,1,"equal"
"880421-2027652",1,1,1,0,0,1,1,0,1,1,"equal"
"501125-2281663",0,1,0,1,0,0,0,0,0,0,"equal"
"690810-3366060",1,0,0,1,1,0,1,0,0,0,"equal"
"511227-1459196",0,1,0,0,1,0,1,0,1,1,"equal"
"540309-4112796",1,0,0,1,0,1,1,0,0,0,"equal"
"710526-1393866",1,0,0,0,0,1,0,0,1,0,"equal"
"730811-2153004",0,1,0,1,0,0,0,1,1,0,"equal"
"561121-3088925",0,1,0,1,1,0,0,1,0,1,"equal"
"500307-2117068",1,1,0,1,0,1,1,1,0,0,"equal"
"901215-3619723",0,1,0,0,1,0,0,0,1,1,"equal"
"931107-2113683",0,1,1,0,0,0,0,0,0,0,"equal"
"600705-2338582",0,1,0,0,1,0,0,1,0,1,"equal"
"750512-1741149",1,1,1,0,1,0,0,0,0,1,"equal"
"501218-2138401",1,0,0,1,0,0,0,0,1,0,"equal"
"810226-2931007",1,1,1,0,1,1,1,1,1,0,"equal"
"960108-2133322",0,1,1,1,1,0,0,0,1,0,"equal"
"780810-3981931",1,0,0,1,0,1,1,1,1,0,"equal"
"821121-2618893",1,1,0,1,1,0,1,0,0,1,"equal"
"850701-1688332",0,1,1,1,1,1,1,1,0,0,"equal"
"630117-4671537",1,1,0,0,0,0,1,1,0,1,"equal"
"890319-4135334",1,1,0,0,1,0,0,1,0,0,"equal"
"610512-1336485",1,1,0,1,0,0,1,1,1,0,"equal"
"630602-1804378",0,0,1,1,0,1,0,0,1,1,"equal"
"791001-1527572",0,0,1,1,1,0,1,0,1,0,"equal"
"980514-2519205",0,0,1,1,0,0,1,1,1,0,"equal"
"931010-2596722",1,1,1,0,0,0,0,1,0,1,"equal"
"760722-2589944",0,1,0,1,1,0,1,1,0,1,"equal"
"620227-1478649",1,0,1,1,0,1,0,0,1,1,"equal"
"801207-1302881",0,0,0,1,0,1,1,1,1,1,"equal"
"850309-2942921",1,1,1,1,1,1,0,1,1,0,"equal"
"540302-2834759",0,0,0,1,0,1,1,1,0,1,"equal"
"770914-3477010",0,1,0,1,1,0,1,0,0,1,"equal"
"690802-2180537",0,1,0,0,0,0,1,0,0,0,"equal"
"950927-1857284",1,0,1,1,1,1,1,1,0,0,"equal"
"890524-1458511",1,0,0,1,1,1,1,0,0,1,"equal"
"570513-3341121",1,0,1,1,1,1,0,0,0,1,"equal"
"521022-1137163",0,0,1,1,0,1,0,0,0,0,"equal"
"970226-2454357",1,1,0,1,1,1,1,1,0,1,"equal"
"780105-2748623",1,0,1,1,0,1,0,0,0,1,"equal"
"870622-3634338",0,1,0,1,0,0,0,1,1,1,"equal"
"970705-3087851",1,1,0,1,0,0,0,1,0,0,"equal"
"930127-1762607",0,1,1,1,0,0,1,0,1,1,"equal"
"580618-2349609",0,1,0,0,0,1,1,1,1,1,"equal"
"910407-1848785",1,1,0,1,0,1,1,1,1,0,"equal"
"511112-4699442",1,0,0,1,0,1,0,1,1,1,"equal"
"981110-1857727",0,1,1,0,0,1,1,1,0,1,"equal"
"521018-4014235",1,1,1,0,1,1,0,0,1,1,"equal"
"920102-4691139",0,0,0,1,1,0,0,0,0,1,"equal"
"940428-2409902",0,1,1,0,0,1,0,1,0,0,"equal"
"610908-3759953",1,1,0,1,0,0,0,0,1,0,"equal"
"770106-2295043",0,0,1,1,1,0,0,1,1,0,"equal"
"880722-3259539",0,1,0,0,0,0,1,0,0,0,"equal"
"680702-3175086",1,1,0,0,0,1,0,1,0,0,"equal"
"820618-3113325",1,1,1,0,0,0,0,0,1,0,"equal"
"601223-4204364",0,0,1,1,0,1,0,1,1,0,"equal"
"700716-3428017",0,1,0,1,1,1,0,1,1,0,"equal"
"621015-3042699",1,1,0,0,1,0,0,0,1,1,"equal"
"620828-4657691",1,0,0,1,1,1,0,0,0,1,"equal"
"520720-3306459",1,1,1,0,1,0,1,0,1,0,"equal"
"650820-4115335",1,1,0,0,0,1,0,0,1,0,"equal"
"811212-4804068",1,0,0,1,1,0,0,0,0,1,"equal"
"690707-3574293",1,1,1,1,1,0,1,0,0,1,"equal"
"720710-3591193",1,0,0,0,1,1,0,0,0,1,"equal"
"741112-2194035",0,0,1,0,0,1,1,1,1,0,"equal"
"840921-4791207",0,1,1,1,0,1,1,0,1,1,"equal"
"951028-4873811",1,1,0,0,0,0,1,1,1,1,"equal"
"600912-4241531",1,1,1,1,1,0,1,0,1,0,"equal"
"930201-2900437",1,1,0,0,1,1,1,0,1,1,"equal"
"830222-2446660",0,1,1,0,0,0,0,0,1,1,"equal"
"761113-2639127",1,1,1,0,1,0,0,0,0,0,"equal"
"840807-3765709",1,1,0,0,1,1,0,1,0,0,"equal"
"850204-2953305",1,0,0,1,1,1,1,1,0,0,"equal"
"841008-1919054",0,0,1,1,1,1,1,0,1,1,"equal"
"730404-3096374",0,1,0,1,0,1,0,0,1,0,"equal"
"850805-2613801",0,1,0,0,1,1,1,1,1,0,"equal"
"600924-3834768",1,0,1,1,1,1,1,1,1,0,"equal"
"900326-1076086",0,1,1,0,0,0,1,0,0,0,"equal"
"970323-1932863",0,0,0,1,1,1,1,1,1,0,"equal"
"801127-2477534",0,0,1,0,1,0,1,1,0,0,"equal"
"711011-1050458",1,1,0,1,1,0,0,1,1,1,"equal"
"661202-4961149",1,1,0,0,0,1,0,0,0,1,"equal"
"620915-3746439",1,1,0,1,0,0,0,0,1,1,"equal"
"900520-4451086",0,0,1,1,0,0,1,0,1,1,"equal"
"630302-2333145",0,0,1,1,0,0,1,0,0,1,"equal"
"740216-3029507",1,0,0,1,0,0,1,0,1,0,"equal"
"520805-3322373",1,1,0,0,1,0,0,1,0,0,"equal"
"610919-4026825",1,0,1,1,1,1,0,1,0,1,"equal"
"930613-1078577",1,1,1,0,0,0,1,1,1,0,"equal"
"580317-1619545",0,0,1,0,0,0,1,0,1,0,"equal"
"881211-2214515",0,0,0,1,1,1,0,0,1,0,"equal"
"841113-3227548",1,0,1,1,1,1,1,1,1,0,"equal"
"611214-2355278",1,0,0,1,1,1,1,1,0,0,"equal"
"970611-1105736",1,0,0,1,0,0,0,0,1,0,"equal"
"951222-1883167",1,0,1,1,0,1,0,1,0,0,"equal"
"901215-3351035",1,1,0,0,1,1,1,1,0,1,"equal"
"731107-1922676",0,1,1,1,1,1,1,1,1,1,"equal"
"551006-4371885",1,0,0,0,0,0,1,0,0,0,"equal"
"830113-2637507",0,0,1,0,0,0,1,0,0,0,"equal"
"811025-2157031",1,1,1,1,1,1,1,0,1,0,"equal"
"630516-3179179",0,0,0,1,0,1,0,0,0,1,"equal"
"630316-3682559",0,0,1,1,0,1,1,0,0,0,"equal"
"730102-2332700",0,1,1,0,1,0,0,1,1,1,"equal"
"600506-1087447",1,0,1,0,1,1,0,0,0,0,"equal"
"781002-3264489",0,1,0,0,1,1,0,0,0,1,"equal"
"890124-2146875",0,1,0,1,0,0,1,1,1,1,"equal"
"810722-4655669",1,1,0,1,0,1,0,0,0,0,"equal"
"860811-1019070",1,1,1,0,1,0,0,0,1,1,"equal"
"790403-2368400",1,1,0,1,1,1,1,0,0,1,"equal"
"700704-4774480",1,1,1,0,0,0,1,0,0,0,"equal"
"970825-1529739",1,0,0,1,1,0,1,0,0,0,"equal"
"870622-3184210",0,0,1,1,0,1,1,0,0,0,"equal"
"690304-4416163",1,0,1,0,1,0,0,0,0,0,"equal"
"811027-2644643",0,0,0,0,0,0,0,1,1,1,"equal"
"610319-4982073",1,0,1,0,0,0,1,0,0,1,"equal"
"580222-1395872",0,0,0,1,1,1,0,1,0,1,"equal"
"541121-4055313",1,1,1,1,0,0,1,0,0,0,"equal"
"870525-2773979",0,1,0,1,1,0,0,1,0,0,"equal"
"680407-2639111",1,1,1,0,0,1,0,1,1,0,"equal"
"890714-2375254",0,0,1,0,0,0,0,0,0,1,"equal"
"590725-4637071",1,0,1,1,1,1,1,1,0,0,"equal"
"610321-1812536",0,0,0,1,0,1,0,1,1,0,"equal"
"631022-1556325",1,1,1,1,1,0,1,1,0,0,"equal"
"500428-3183552",1,0,1,1,0,1,1,1,0,1,"equal"
"700421-2574705",0,1,1,1,0,0,1,0,1,1,"equal"
"840504-1161843",0,0,1,0,1,0,1,1,0,0,"equal"
"780805-3635483",0,1,1,0,1,0,0,1,1,0,"equal"
"840627-1743421",1,0,1,0,0,1,1,1,1,0,"equal"
"700905-3575573",0,0,0,0,0,1,0,1,0,1,"equal"
"760910-2002998",0,1,0,1,1,1,1,1,0,1,"disease_code_miss"
"560719-4012960",1,1,1,0,1,0,1,1,0,0,"disease_code_miss"
"760302-2791286",0,0,1,0,1,0,1,1,0,1,"disease_code_miss"
"561028-1814668",0,1,0,0,1,0,1,1,0,0,"disease_code_miss"
"820914-2823676",0,0,0,1,0,0,0,1,1,1,"disease_code_miss"
"570120-4258280",0,1,1,1,0,1,1,1,1,1,"disease_code_miss"
"800426-1509076",0,1,0,1,0,1,0,0,1,0,"disease_code_miss"
"960222-2754332",0,0,0,1,1,1,0,1,1,0,"disease_code_miss"
"830524-1612490",0,0,1,0,1,1,1,0,1,0,"disease_code_miss"
"990901-3954284",1,1,0,1,0,0,1,1,0,1,"disease_code_miss"
"780823-3782522",0,1,1,1,1,1,1,1,1,0,"disease_code_miss"
"700810-3199397",0,0,0,0,0,1,0,1,0,1,"disease_code_miss"
"561128-2059784",0,1,1,1,1,1,0,0,0,1,"disease_code_miss"
"880114-1151353",0,1,0,1,1,0,1,0,1,0,"disease_code_miss"
"561020-4051792",1,0,1,0,1,1,0,0,0,1,"disease_code_miss"
"840222-3527096",1,1,1,1,1,1,1,1,1,1,"disease_code_miss"
"891111-1493443",1,0,1,1,0,1,1,0,1,1,"disease_code_miss"
"550207-2821071",0,0,1,0,1,1,0,1,0,1,"disease_code_miss"
"551101-4432630",1,0,1,1,0,1,0,0,0,1,"disease_code_miss"
"530815-2436138",1,0,0,0,0,1,0,1,0,1,"disease_code_miss"
"681020-4352817",1,1,1,0,0,1,1,0,0,1,"disease_code_miss"
"851102-1557507",0,1,0,1,0,1,0,1,1,1,"disease_code_miss"
"940418-3929661",0,0,1,1,0,0,0,0,1,0,"disease_code_miss"
"610719-3814258",0,1,1,1,1,1,1,1,1,1,"disease_code_miss"
"840810-3662570",1,1,1,1,0,0,0,0,1,1,"disease_code_miss"
"510807-2752481",1,0,1,1,1,1,0,0,1,0,"disease_code_miss"
"660428-2711611",1,0,1,1,0,1,0,0,1,1,"disease_code_miss"
"860219-4712609",1,0,0,1,1,0,0,0,0,1,"disease_code_miss"
"600612-3827672",1,0,0,0,0,1,0,0,0,1,"disease_code_miss"
"700319-3340679",1,0,0,0,0,1,0,0,1,1,"disease_code_miss"
"900827-4593121",1,0,1,1,0,1,0,1,1,1,"disease_code_miss"
"591223-1762212",1,0,0,1,1,0,0,0,0,0,"disease_code_miss"
"760116-3029226",1,1,0,0,0,1,0,1,1,0,"disease_code_miss"
"820103-4643216",1,1,0,1,1,0,0,1,0,1,"disease_code_miss"
"630704-1577430",0,0,0,0,1,1,0,1,1,1,"disease_code_miss"
"570610-2487823",0,1,0,0,0,0,1,0,1,1,"disease_code_miss"
"970502-1518036",1,0,0,0,0,1,0,1,1,1,"disease_code_miss"
"740807-3948290",0,1,0,0,1,0,0,1,0,1,"disease_code_miss"
"750423-2953255",0,0,0,0,1,1,0,0,0,1,"disease_code_miss"
"770106-2387570",0,0,1,1,1,1,0,0,0,0,"disease_code_miss"
"760221-1067589",0,1,1,0,0,1,1,1,0,1,"disease_code_miss"
"530304-2839902",0,0,1,0,0,1,1,1,1,0,"disease_code_miss"
"990925-1004937",1,1,1,0,1,1,1,1,0,0,"disease_code_miss"
"860823-1161100",1,1,0,0,0,0,0,1,0,0,"disease_code_miss"
"840213-2517075",1,1,0,0,1,0,1,1,0,1,"disease_code_miss"
"821101-1513501",0,1,1,1,1,0,1,0,1,0,"disease_code_miss"
"620921-1578243",0,0,0,1,1,0,1,0,0,0,"disease_code_miss"
"601101-1363422",0,1,1,0,0,0,1,1,0,1,"disease_code_miss"
"610611-2208004",1,1,1,1,1,0,0,1,1,1,"disease_code_miss"
"630913-2888785",1,1,0,0,0,0,0,0,0,0,"disease_code_miss"
"550115-1989855",1,1,1,0,0,1,0,1,0,0,"disease_code_miss"
"500823-3935185",0,0,1,1,0,1,0,0,1,0,"disease_code_miss"
"821019-3680524",1,0,1,1,0,1,1,0,1,0,"disease_code_miss"
"860314-4579420",0,0,1,0,0,1,0,1,0,0,"disease_code_miss"
"830512-1953230",0,0,1,1,0,0,1,0,1,0,"disease_code_miss"
"661006-4317249",1,0,1,1,1,0,1,1,1,0,"person_id_miss"
"930216-3766080",1,1,0,0,1,0,0,1,1,1,"person_id_miss"
"700313-4243557",0,1,0,0,1,0,1,0,1,1,"person_id_miss"
"640713-3741773",0,1,1,0,0,1,0,0,0,1,"person_id_miss"
"500317-2268203",1,1,0,0,1,0,0,0,0,1,"person_id_miss"
"880110-3913675",1,0,0,1,0,1,0,1,1,1,"person_id_miss"
"860528-4419259",1,0,0,0,1,1,1,1,1,1,"person_id_miss"
"541126-3039867",0,0,0,1,0,0,1,1,0,1,"person_id_miss"
"550904-1073853",0,1,0,0,0,0,0,1,0,0,"person_id_miss"
"880112-3426663",0,0,1,1,1,1,1,1,0,0,"person_id_miss"
"900315-2000861",0,0,0,1,0,1,0,1,0,1,"person_id_miss"
"680315-1329477",0,1,0,0,1,1,0,1,1,1,"person_id_miss"
"620101-2670174",0,1,1,0,1,0,0,1,1,1,"person_id_miss"
"830108-4360046",0,1,0,1,0,0,1,0,1,1,"person_id_miss"
"691201-1410228",0,0,0,0,0,0,1,1,1,1,"person_id_miss"
"950412-2140781",0,1,1,0,0,1,1,0,1,1,"person_id_miss"
"520813-3466623",1,1,1,1,1,1,0,0,1,1,"person_id_miss"
"841210-4127510",1,1,1,0,0,0,1,1,0,0,"person_id_miss"
"881025-3623891",1,0,1,0,0,0,1,0,1,1,"person_id_miss"
"690624-2056979",0,0,0,1,1,0,1,1,0,1,"person_id_miss"
"690926-2968903",1,1,1,0,1,1,0,1,0,0,"person_id_miss"
"580106-1881439",0,1,1,1,1,1,0,0,1,0,"person_id_miss"
"820820-3100659",0,1,0,0,1,1,1,1,0,1,"person_id_miss"
"850515-3029051",1,0,0,1,1,1,1,0,0,1,"person_id_miss"
"990302-3413420",1,0,0,0,0,1,0,1,0,0,"person_id_miss"
"840717-3165349",0,1,1,0,1,1,1,0,0,1,"person_id_miss"
"591026-2926291",0,0,0,1,0,0,1,1,0,1,"person_id_miss"
"531217-1975874",0,0,1,1,1,0,1,1,0,1,"person_id_miss"
"781221-2306308",0,1,0,0,1,1,0,1,0,1,"person_id_miss"
"720323-1417593",0,1,0,0,0,1,0,1,0,0,"person_id_miss"
"570916-1667541",1,1,1,1,1,0,0,1,0,0,"person_id_miss"
"541012-1511675",0,0,1,1,0,1,1,0,1,1,"person_id_miss"
"820722-4312042",1,1,0,1,0,0,0,0,1,0,"person_id_miss"
"791106-4008156",1,0,0,0,0,0,1,1,1,0,"person_id_miss"
"880715-2578476",1,1,1,0,0,1,1,1,1,1,"person_id_miss"
"600107-3672299",1,0,1,1,0,1,1,1,0,1,"person_id_miss"
"740105-3574037",0,1,0,0,0,1,0,1,1,0,"person_id_miss"
"890305-2067122",0,1,0,1,0,0,0,1,1,1,"person_id_miss"
"530921-2174288",1,1,1,1,1,0,1,0,1,1,"person_id_miss"
"790914-4194529",1,1,1,0,1,1,1,0,0,0,"person_id_miss"
"540814-2190405",1,1,0,1,0,1,1,1,1,1,"person_id_miss"
"500727-1001904",0,0,0,0,0,0,0,0,1,1,"person_id_miss"
"900324-3599174",0,0,0,0,0,1,1,0,1,0,"person_id_miss"
"860121-1468028",1,1,1,1,1,0,1,0,1,0,"person_id_miss"
"930524-3990662",1,1,0,1,1,1,1,1,1,1,"person_id_miss"
"880228-3325680",0,0,1,0,1,1,0,1,1,1,"person_id_miss"
"950325-2349357",0,1,1,0,0,1,1,0,0,1,"person_id_miss"
"540507-2187948",1,1,1,0,1,1,1,0,0,0,"person_id_miss"
"600321-3196074",0,0,1,0,1,0,1,0,0,0,"person_id_miss"
"860326-3696251",0,1,1,1,0,1,1,1,0,1,"person_id_miss"
"670203-4984196",0,1,0,1,0,1,0,1,1,1,"person_id_miss"
"731115-1002166",0,1,1,1,0,0,0,1,1,1,"person_id_miss"
"630303-1080707",0,0,0,0,1,1,0,0,0,0,"person_id_miss"
"640423-1979741",1,1,0,0,0,1,1,1,1,1,"person_id_miss"
"580814-1065675",0,0,0,1,0,0,0,0,1,0,"person_id_miss"
"800803-2088601",1,0,0,0,0,1,0,0,1,1,"person_id_miss"
