"personal_id","Disease_1","Disease_2","Disease_3","Disease_4","Disease_5","Disease_6","Disease_7","Disease_8","Disease_9","Disease_10","Status"
"800705-2614495",0,0,0,1,1,1,0,1,1,1,"equal"
"920323-4673725",0,1,1,0,0,0,0,1,0,1,"equal"
"641212-3300418",1,1,0,0,1,0,0,0,1,0,"equal"
"730815-3351125",1,0,0,0,1,1,0,1,1,1,"equal"
"930617-3429130",1,1,1,0,1,0,1,0,0,0,"equal"
"541215-2383327",1,1,0,0,0,0,1,1,1,0,"equal"
"590107-2277967",1,1,0,1,0,0,0,1,1,0,"equal"
"630611-1829354",0,1,1,0,0,0,1,1,0,0,"equal"
"910108-2954808",0,1,1,1,1,0,0,1,0,0,"equal"
"540501-3026541",1,1,0,0,1,1,1,1,0,1,"equal"
"880202-3131979",0,0,0,1,1,1,1,1,1,1,"equal"
"710811-1796001",0,1,0,1,0,1,1,0,0,1,"equal"
"560526-2510276",1,0,1,1,1,1,0,0,1,1,"equal"
"690101-4892242",0,0,1,0,0,0,0,1,0,1,"equal"
"500807-3672078",0,1,1,0,1,1,0,1,1,1,"equal"
"610427-3464747",0,0,0,1,0,1,1,0,0,1,"equal"
"771227-2967072",1,1,1,1,1,0,0,0,0,1,"equal"
"580716-3483882",0,0,0,1,0,1,0,1,1,0,"equal"
"530401-1422279",0,1,1,1,0,0,1,0,1,0,"equal"
"790712-1304675",1,1,1,1,0,0,1,0,1,0,"equal"
"911016-1491984",1,0,0,0,1,0,0,1,1,1,"equal"
"910814-2155323",0,1,1,0,0,1,0,0,0,0,"equal"
"811215-1748967",0,0,0,1,1,0,1,1,0,1,"equal"
"850528-3598196",0,0,1,0,0,1,1,1,0,0,"equal"
"560522-4760677",1,1,1,0,0,1,1,0,1,0,"equal"
"690727-1402000",1,0,0,1,1,0,1,1,0,0,"equal"
"950823-2700057",0,0,0,0,0,0,0,0,0,1,"equal"
"831028-3909580",0,0,0,0,1,0,1,0,0,0,"equal"
"500822-4497048",1,0,1,0,0,1,1,1,0,1,"equal"
"620123-3943408",0,0,0,0,1,1,0,0,1,1,"equal"
"500805-2833123",1,1,0,0,0,1,1,1,1,0,"equal"
"720824-4927428",0,0,0,0,1,0,0,1,1,0,"equal"
"720504-1735377",0,0,0,1,1,1,1,0,1,1,"equal"
"860806-2001823",0,0,1,0,0,1,0,1,0,0,"equal"
"970328-4544513",1,0,0,1,1,0,1,0,0,1,"equal"
"740513-4774569",0,1,1,1,1,0,0,0,1,0,"equal"
"840417-4456598",0,0,0,0,1,0,0,1,1,1,"equal"
"561112-2574065",0,0,0,1,1,1,0,1,0,0,"equal"
"820428-1908074",1,0,1,0,1,0,0,0,0,1,"equal"
"501112-4507335",0,1,1,1,1,1,1,1,0,0,"equal"
"900809-3768674",1,1,1,1,1,1,0,0,0,1,"equal"
"680621-1157152",1,1,1,0,0,1,1,0,0,0,"equal"
"520821-2141300",0,0,1,1,1,0,1,1,0,0,"equal"
"611009-2123852",0,1,0,1,0,1,1,0,1,0,"equal"
"680815-2639135",0,0,1,0,0,0,0,0,1,1,"equal"
"540909-3741236",0,0,1,0,1,1,1,0,1,0,"equal"
"891019-3732259",0,1,0,1,0,0,1,0,0,1,"equal"
"950814-1310161",0,0,1,1,1,1,1,1,1,0,"equal"
"960615-3573641",1,0,0,1,1,1,1,1,0,0,"equal"
"830212-1345276",0,0,1,1,0,0,0,0,0,0,"equal"
"840918-2518516",1,0,1,1,1,1,0,0,1,1,"equal"
"601104-3332420",1,1,1,0,1,1,0,0,1,0,"equal"
"630411-3397469",1,0,1,1,1,1,0,0,1,0,"equal"
"961115-3024463",0,0,1,1,1,0,0,0,0,0,"equal"
"700423-2061240",1,1,0,0,0,0,1,0,0,0,"equal"
"820207-4499822",1,1,0,0,0,1,0,1,0,1,"equal"
"980402-4297109",1,0,0,1,0,0,1,1,1,1,"equal"
"680210-2657081",0,0,0,1,0,1,1,1,0,1,"equal"
"660412-3474428",0,0,1,0,1,0,0,1,0,1,"equal"
"850218-3576210",1,0,0,0,1,0,0,0,0,1,"equal"
"500618-4366541",1,1,0,1,1,1,0,0,1,0,"equal"
"840723-1097598",1,0,0,0,0,1,0,0,0,0,"equal"
"820820-2217199",1,1,1,1,0,0,1,0,0,1,"equal"
"960907-4509751",0,1,0,1,1,0,0,0,1,1,"equal"
"590424-2225889",0,0,1,0,1,0,1,0,0,1,"equal"
"600322-3837116",0,1,0,0,0,1,1,1,1,1,"equal"
"631207-2814718",0,1,1,0,1,1,1,1,0,0,"equal"
"780320-4914395",1,1,1,1,1,0,0,1,0,1,"equal"
"540717-4428732",0,1,0,0,1,0,1,1,0,0,"equal"
"780620-4790752",0,0,0,0,1,0,1,1,0,1,"equal"
"670801-1015265",1,0,0,0,0,1,1,0,1,1,"equal"
"640523-1055099",0,0,1,1,1,0,0,1,0,1,"equal"
"800618-4656019",1,0,0,0,0,1,1,0,0,1,"equal"
"940219-4951358",1,1,0,0,0,0,1,1,0,1,"equal"
"770902-4064334",1,0,0,0,1,0,1,1,0,1,"equal"
"921006-3337438",0,1,1,0,0,1,1,0,0,0,"equal"
"730802-4526033",0,1,1,0,1,1,1,1,0,1,"equal"
"730911-3312104",0,0,1,1,0,1,1,1,1,0,"equal"
"770211-4578660",1,0,0,0,0,1,0,1,1,0,"equal"
"920905-1530534",1,0,1,1,1,1,1,1,1,0,"equal"
"650718-3219514",0,1,1,0,1,1,0,0,1,0,"equal"
"920320-3201112",0,0,0,0,1,1,0,0,1,0,"equal"
"790111-2281103",0,1,1,0,1,0,1,0,0,1,"equal"
"950212-1421190",0,0,0,1,1,1,0,1,1,1,"equal"
"711118-1703255",1,0,1,1,1,0,0,1,0,0,"equal"
"850424-4560463",0,0,0,0,1,0,1,1,0,0,"equal"
"840424-2593166",1,1,1,1,1,1,0,0,1,0,"equal"
"641210-1068616",1,1,1,0,0,0,0,0,0,0,"equal"
"720521-1656829",0,1,0,1,0,1,1,0,1,0,"equal"
"530418-2941749",1,1,1,0,0,0,0,0,0,0,"equal"
"691218-1132824",0,1,0,1,1,0,1,1,0,1,"equal"
"960924-3623900",1,0,1,1,1,1,0,1,0,1,"equal"
"831105-3174010",1,1,0,0,0,0,0,0,0,1,"equal"
"971218-1314786",1,0,1,0,1,0,0,1,1,1,"equal"
"621028-3552653",1,1,1,1,1,0,0,0,0,0,"equal"
"900103-4381140",1,1,1,0,1,1,0,0,1,0,"equal"
"630722-1580162",0,1,0,1,1,0,1,1,0,0,"equal"
"560211-4490077",1,0,0,0,1,1,1,1,1,0,"equal"
"880507-3213541",1,1,0,0,0,0,0,1,1,1,"equal"
"970913-4004619",0,1,0,0,1,0,1,0,0,1,"equal"
"660511-4665545",0,1,0,0,1,1,0,0,1,0,"equal"
"731204-2706872",0,1,1,0,0,1,0,1,0,0,"equal"
"781108-2510881",1,1,1,1,0,1,1,0,0,1,"equal"
"720917-3605884",0,1,1,1,0,0,0,0,1,0,"equal"
"520824-1183128",0,0,1,1,1,1,1,1,1,0,"equal"
"680811-2082889",1,0,0,1,1,0,1,1,1,1,"equal"
"750614-1191048",1,0,1,0,0,0,1,0,0,0,"equal"
"960515-2683022",0,1,1,0,0,0,1,0,0,0,"equal"
"990401-1693909",0,1,0,0,0,1,0,1,1,1,"equal"
"711119-1110043",1,0,1,0,1,1,1,0,1,0,"equal"
"581221-2436935",0,0,0,0,1,0,1,0,1,1,"equal"
"880601-2698797",1,0,0,1,1,1,1,1,0,1,"equal"
"840506-3826676",0,1,1,0,0,1,0,1,1,0,"equal"
"830102-1658360",1,0,1,1,0,0,0,1,0,1,"equal"
"610311-1256003",1,1,1,0,1,1,1,0,1,0,"equal"
"860814-3055048",0,0,1,0,1,0,1,1,0,1,"equal"
"620212-3039908",0,0,1,0,1,1,0,0,1,1,"equal"
"630423-1349186",1,0,0,1,0,1,0,1,0,0,"equal"
"581127-4206642",0,1,1,0,1,1,1,1,1,0,"equal"
"511009-2719120",0,0,1,1,0,1,0,0,1,1,"equal"
"530405-4060030",0,0,0,0,1,0,0,0,1,1,"equal"
"610827-1040205",1,0,0,0,1,1,1,0,1,1,"equal"
"541123-2513609",1,1,0,1,1,1,0,1,0,0,"equal"
"531117-3884566",0,0,0,1,0,1,1,1,0,1,"equal"
"630707-4981785",1,0,1,1,0,0,0,0,1,1,"equal"
"840519-3125072",1,0,0,0,1,1,0,0,0,0,"equal"
"661204-3578648",1,1,0,0,0,1,0,1,1,1,"equal"
"970224-3243118",1,0,0,0,0,1,1,1,1,1,"equal"
"610621-3375387",0,0,1,1,0,1,0,1,0,0,"equal"
"921207-1918386",0,0,1,0,1,1,1,1,1,0,"equal"
"880616-3229304",1,0,1,0,1,1,0,1,1,1,"equal"
"860608-2714822",1,0,0,0,1,0,1,0,1,1,"equal"
"720121-2296842",1,0,0,1,1,0,1,0,0,0,"equal"
"981224-3011218",0,0,1,0,1,1,0,0,1,0,"equal"
"810914-3283485",0,0,0,0,0,1,1,0,0,0,"equal"
"570810-1813440",0,1,1,0,1,1,0,0,0,0,"equal"
"940304-1784869",0,0,1,1,0,0,1,0,1,1,"equal"
"790605-4171381",1,1,0,1,1,0,0,1,0,1,"equal"
"551212-4239982",0,1,1,1,0,1,0,1,1,0,"equal"
"870911-2731696",1,1,1,1,1,1,1,1,0,0,"equal"
"980814-3238950",0,0,0,1,0,1,0,0,0,1,"equal"
"511120-2654297",0,0,1,1,0,1,0,0,0,0,"equal"
"510117-3250401",1,0,1,1,1,1,0,0,0,1,"equal"
"680523-3137551",0,0,0,0,0,0,1,1,0,1,"equal"
"910910-2511288",0,1,1,1,0,1,1,0,0,1,"equal"
"600308-4827242",0,1,1,1,1,0,1,1,0,0,"equal"
"600513-2288600",1,1,0,1,0,0,0,1,0,1,"equal"
"980524-1284440",1,1,0,0,1,0,1,1,0,0,"equal"
"720602-2585673",1,0,1,0,0,1,1,1,0,0,"equal"
"790115-2158502",1,0,0,0,0,0,0,0,0,1,"equal"
"501101-3981295",1,0,1,1,1,1,0,0,1,1,"equal"
"691112-1518442",0,1,0,1,1,1,1,0,0,1,"equal"
"520227-1508975",0,0,0,1,1,1,0,0,0,1,"equal"
"530115-4311212",1,0,0,1,1,1,0,0,0,1,"equal"
"861115-3484242",0,0,1,0,0,0,1,0,0,1,"equal"
"690609-2702951",0,1,1,1,0,1,0,1,0,1,"equal"
"790219-3380469",1,1,0,1,0,0,1,0,1,0,"equal"
"521120-1260574",0,1,1,1,0,0,1,0,1,1,"equal"
"560307-3562968",0,1,1,0,0,1,0,0,1,0,"equal"
"760520-3899101",1,0,1,1,0,1,0,0,0,1,"equal"
"790515-4056612",1,1,0,1,0,1,0,0,1,1,"equal"
"680118-1741309",0,1,0,1,1,0,0,0,1,1,"equal"
"750622-4468861",0,1,1,0,0,0,0,0,1,0,"equal"
"661017-4736967",0,1,0,1,1,0,0,1,0,1,"equal"
"650928-3670466",1,1,1,0,0,0,0,1,1,0,"equal"
"880828-4711449",1,0,0,0,1,1,1,1,1,1,"equal"
"930509-4894594",0,0,0,0,1,1,1,0,0,1,"equal"
"600916-4289832",0,1,1,1,1,0,0,1,0,1,"equal"
"720126-3053765",1,1,1,0,0,0,0,0,0,1,"equal"
"810121-1431406",0,1,1,0,1,0,0,0,1,0,"equal"
"570408-2140510",1,0,1,0,0,0,1,1,0,1,"equal"
"810719-4849634",0,1,0,1,1,1,0,1,1,1,"equal"
"670211-1494359",0,1,1,1,1,1,0,1,1,1,"equal"
"930203-4353166",0,0,1,0,0,1,0,0,0,1,"equal"
"990306-1335329",0,0,0,0,1,1,1,1,0,0,"equal"
"831012-4668661",1,0,1,1,1,0,0,0,0,1,"equal"
"860820-1318948",1,1,1,1,0,0,0,0,1,1,"equal"
"830616-3682092",1,0,1,0,0,1,1,0,1,1,"equal"
"520918-4555096",1,0,1,0,0,1,1,0,1,0,"equal"
"650208-2649404",0,0,1,0,0,0,1,1,1,1,"equal"
"610116-2679950",1,1,1,1,1,1,1,0,1,1,"equal"
"800128-4198466",1,1,0,1,1,0,0,0,1,1,"equal"
"700326-3967619",1,0,0,1,0,1,0,1,0,0,"equal"
"920114-2336295",1,1,1,0,1,1,0,1,1,0,"equal"
"811011-3835817",1,0,0,1,0,0,0,1,0,1,"equal"
"520711-3133898",1,1,0,1,0,1,1,0,0,1,"equal"
"681027-3530767",1,1,1,0,1,1,1,1,1,0,"equal"
"740317-2296725",0,1,0,0,1,0,0,0,0,1,"equal"
"590201-4791977",0,0,1,1,1,0,0,1,0,1,"equal"
"660625-2409349",1,0,0,0,0,0,1,0,0,1,"equal"
"521202-4661058",0,1,1,1,0,0,1,0,1,1,"equal"
"961220-4354075",1,0,0,0,1,0,1,0,1,0,"equal"
"881126-3136932",1,1,0,0,0,0,0,0,1,1,"equal"
"921009-2584210",1,1,1,0,0,1,1,0,0,1,"equal"
"650928-4466490",1,0,1,1,0,1,0,1,0,0,"equal"
"530316-1470909",1,1,0,1,1,0,1,1,1,0,"equal"
"650713-2184451",0,1,0,1,0,1,0,1,1,0,"equal"
"690403-2606493",1,1,1,1,0,0,1,1,0,1,"equal"
"600710-4201579",1,0,0,1,0,0,0,1,0,0,"equal"
"810718-2982425",0,0,0,0,0,0,1,1,0,1,"equal"
"720716-2867512",1,0,0,0,1,1,1,0,0,0,"equal"
"870702-2717579",1,1,0,0,0,0,1,0,0,1,"equal"
"800917-2162203",1,1,1,0,1,1,0,0,0,0,"equal"
"620221-1667573",0,1,1,0,1,1,1,1,0,1,"equal"
"870301-3255043",0,1,0,0,1,1,1,0,1,0,"equal"
"821122-1411211",1,1,0,1,1,1,0,1,0,0,"equal"
"980611-2154061",1,1,0,0,0,0,1,0,1,0,"equal"
"640622-2832384",1,0,0,0,0,1,0,1,0,1,"equal"
"961003-2881068",0,0,0,1,1,0,0,0,0,0,"equal"
"911211-4324785",0,1,1,0,0,0,0,0,1,0,"equal"
"910523-3386724",0,1,1,0,0,0,0,1,1,0,"equal"
"680126-2902966",1,1,0,1,1,0,1,0,0,0,"equal"
"611115-4375608",0,1,1,0,1,0,0,1,1,0,"equal"
"711211-2608132",0,1,0,1,0,1,0,0,0,0,"equal"
"860627-1865440",0,1,1,1,0,1,1,0,1,1,"equal"
"760327-3177793",0,1,1,0,1,0,1,0,1,0,"equal"
"610619-4842489",1,0,1,0,1,1,1,1,0,0,"equal"
"580407-4049701",1,1,0,1,1,0,1,1,1,0,"equal"
"900710-2688471",0,1,1,1,1,0,1,1,1,1,"equal"
"811025-3308905",0,1,0,1,0,1,1,1,1,0,"equal"
"670424-4831796",0,1,0,1,1,1,0,0,1,1,"equal"
"560917-1482479",1,1,1,1,0,1,1,0,0,1,"equal"
"551107-2863819",0,1,1,0,1,1,0,0,0,0,"equal"
"711007-3107103",0,1,1,1,1,0,1,1,0,1,"equal"
"940315-1758578",0,0,1,1,0,1,1,0,0,1,"equal"
"551009-1228997",1,1,0,1,1,1,0,1,1,1,"equal"
"670114-1207741",1,1,0,0,1,0,1,0,0,1,"equal"
"521103-2987782",0,1,0,1,1,0,0,1,0,0,"equal"
"540711-2004434",0,0,1,0,0,1,1,1,0,0,"equal"
"690226-4831238",1,0,1,0,0,1,1,0,1,0,"equal"
"680625-3470340",1,1,0,1,0,0,1,0,1,1,"equal"
"680114-3821517",0,1,1,1,1,1,0,0,0,0,"equal"
"510202-2744069",1,1,1,0,0,0,0,1,1,0,"equal"
"530702-3143144",1,0,1,1,1,0,1,1,1,1,"equal"
"840417-3880065",0,0,0,1,1,0,1,1,1,1,"equal"
"820109-1483503",0,0,0,0,1,1,0,0,0,1,"equal"
"800208-3012382",0,1,0,0,0,1,1,1,1,0,"equal"
"860322-3943802",1,0,0,1,0,1,0,0,0,0,"equal"
"651207-2208233",1,1,0,0,0,1,1,0,0,0,"equal"
"750916-1777594",0,0,1,1,1,1,1,1,0,0,"equal"
"940521-4744017",1,1,0,0,1,1,0,0,0,1,"equal"
"820619-2860985",1,0,1,1,1,0,1,1,1,1,"equal"
"790906-3638900",1,1,0,1,1,0,1,1,0,1,"equal"
"970205-4726469",1,0,1,1,1,1,0,0,0,0,"equal"
"790102-4506445",1,1,0,0,0,0,0,1,1,1,"equal"
"631018-1234185",0,0,0,0,1,1,1,0,1,1,"equal"
"640620-4406993",0,0,1,1,1,1,0,0,1,1,"equal"
"680820-2569746",0,1,1,0,1,0,0,1,1,1,"equal"
"790228-3572411",1,0,0,1,1,1,1,1,1,0,"equal"
"920701-3856514",1,1,1,0,0,0,1,1,0,1,"equal"
"670101-1642841",0,0,0,0,1,0,1,1,0,1,"equal"
"510303-2796068",1,0,1,1,0,0,1,1,0,1,"equal"
"750623-2093708",1,1,1,1,0,0,1,0,0,0,"equal"
"670406-2923641",0,0,0,1,0,1,0,0,0,1,"equal"
"960222-1825675",0,1,0,1,1,1,1,1,1,0,"equal"
"510609-2641875",0,0,0,0,1,0,1,0,1,0,"equal"
"690824-2118447",0,0,1,0,1,1,0,1,0,1,"equal"
"550726-1117426",1,0,0,0,1,0,1,1,1,0,"equal"
"960720-4325564",1,1,1,0,0,1,1,1,1,0,"equal"
"770516-4256139",1,1,1,1,1,0,0,1,1,1,"equal"
"710707-3973124",0,0,0,0,0,0,0,1,0,1,"equal"
"721020-1200583",0,1,0,1,1,0,0,0,0,1,"equal"
"830208-2594699",1,1,1,0,1,1,0,1,0,1,"equal"
"801001-2550718",0,1,0,0,1,1,1,1,0,1,"equal"
"721025-4851621",0,1,1,0,0,0,0,1,0,1,"equal"
"670114-4373568",0,1,0,1,1,1,0,0,0,1,"equal"
"650213-1179225",1,0,1,1,0,0,0,1,1,0,"equal"
"981105-1213021",0,0,1,0,1,1,0,0,1,1,"equal"
"691228-2157018",1,1,1,1,1,0,1,1,0,0,"equal"
"891202-4648123",0,1,1,1,1,1,1,1,1,1,"equal"
"940823-4630977",1,0,1,1,0,0,1,0,0,1,"equal"
"750517-2181810",1,1,0,0,1,1,1,0,1,0,"equal"
"870309-4208394",0,0,0,1,0,0,1,0,0,1,"equal"
"660716-1553629",1,0,1,1,1,0,1,1,0,0,"equal"
"990214-4570194",0,0,0,0,0,0,0,0,1,1,"equal"
"900112-4023590",0,1,1,0,0,0,0,1,0,0,"equal"
"851207-1831557",0,1,1,0,1,1,0,0,0,1,"equal"
"990511-4178544",0,0,0,1,1,0,0,0,1,1,"equal"
"811222-2012180",0,1,1,0,0,0,0,0,0,0,"equal"
"710413-4923005",0,1,0,1,1,1,1,0,1,1,"equal"
"551220-2956186",1,1,0,1,0,0,1,0,1,1,"equal"
"770911-4588667",0,0,1,0,0,0,1,0,0,0,"equal"
"630228-4856209",1,1,1,0,1,1,1,0,0,1,"equal"
"650712-2241319",0,1,0,1,0,1,0,0,0,0,"equal"
"580917-4834794",1,1,1,0,1,1,1,0,0,1,"equal"
"930118-4610827",0,0,0,1,0,0,0,0,0,1,"equal"
"651107-3543827",0,0,0,0,0,0,1,1,1,1,"equal"
"531027-1959138",0,0,0,0,1,0,1,0,1,0,"equal"
"600915-3771274",0,0,1,0,0,1,0,0,1,1,"equal"
"631219-4918233",1,0,1,1,0,0,1,1,0,0,"equal"
"980904-3242631",0,1,0,0,0,0,0,0,1,0,"equal"
"691203-4959619",0,0,1,1,1,1,1,0,0,1,"equal"
"830606-4380245",1,0,0,1,0,1,0,0,1,1,"equal"
"831228-4695262",1,0,1,0,1,0,0,0,0,0,"equal"
"660204-1695203",0,1,0,0,1,1,1,0,0,0,"equal"
"591012-1990366",0,0,1,1,0,0,1,0,1,1,"equal"
"580619-2453476",0,1,0,0,1,1,1,0,0,0,"equal"
"701018-1330606",1,1,0,0,1,0,0,0,1,0,"equal"
"500626-3977168",1,1,0,0,0,0,0,1,1,0,"equal"
"811014-2182967",0,0,1,1,1,1,1,1,0,1,"equal"
"931017-4408229",0,1,1,1,0,1,1,1,1,1,"equal"
"691204-4751602",0,0,1,0,1,1,0,0,0,1,"equal"
"960310-4982063",1,0,0,0,1,0,0,0,1,1,"equal"
"841023-3594275",1,1,0,1,0,1,1,0,0,1,"equal"
"630608-1191995",1,1,1,0,0,0,0,0,1,0,"equal"
"670515-4913102",1,0,1,1,0,1,0,1,1,1,"equal"
"720717-2307256",0,1,1,1,0,0,0,0,0,1,"equal"
"920726-2905619",0,0,1,0,1,0,1,0,1,1,"equal"
"960909-3768764",0,1,0,1,0,0,0,1,0,1,"equal"
"940117-1232428",1,1,1,0,0,1,0,0,1,0,"equal"
"700911-2412181",0,0,0,0,1,0,0,1,0,1,"equal"
"571210-3628355",1,1,1,0,1,1,1,1,1,1,"equal"
"800401-2716425",1,0,0,1,1,1,1,0,1,1,"equal"
"600708-2064014",0,0,1,1,1,0,1,1,1,1,"equal"
"751127-4764954",1,0,1,0,1,1,0,0,0,1,"equal"
"561021-4091713",1,0,1,0,0,1,0,1,1,0,"equal"
"680206-4243609",1,1,0,1,0,0,1,1,0,0,"equal"
"530315-4136840",1,0,0,1,0,1,1,0,0,0,"equal"
"640817-3377327",1,0,1,0,1,0,0,0,1,1,"equal"
"691125-1357055",0,0,0,0,1,0,0,1,0,0,"equal"
"771013-2953952",0,1,1,0,0,0,1,1,0,1,"equal"
"640211-1410069",0,0,1,1,1,0,1,1,1,0,"equal"
"980207-4043935",1,0,0,1,0,0,0,0,0,0,"equal"
"871212-3332392",0,0,1,0,1,0,0,1,1,1,"equal"
"910928-1284667",0,1,0,0,0,0,0,0,0,1,"equal"
"811021-3664700",0,1,0,1,1,1,1,1,1,1,"equal"
"661115-3747290",1,0,0,0,0,1,1,1,0,0,"equal"
"510916-4097554",0,0,0,1,1,0,0,0,0,0,"equal"
"620421-1961703",1,0,0,0,0,0,1,0,1,0,"equal"
"950427-4512421",1,0,1,1,0,0,0,0,1,1,"equal"
"980628-2558058",1,0,1,0,1,1,0,0,1,1,"equal"
"790822-1541454",1,1,0,1,1,1,0,1,0,1,"equal"
"760209-2959946",0,0,0,0,1,0,0,0,1,1,"equal"
"810819-1446512",0,0,0,0,0,1,1,1,0,0,"equal"
"951202-1334234",1,0,1,1,1,0,0,0,1,1,"equal"
"710618-3602882",0,0,0,0,0,1,0,0,0,0,"equal"
"960117-4878789",0,1,1,1,1,1,0,0,0,1,"equal"
"970312-2907658",0,1,1,0,0,0,1,1,0,0,"equal"
"831122-3120265",0,0,0,0,1,1,1,0,0,1,"equal"
"610416-3204619",0,1,0,0,1,0,0,0,0,1,"equal"
"700415-1548142",0,1,1,0,0,1,0,0,0,0,"equal"
"821223-3947808",1,0,1,1,0,0,1,1,1,0,"equal"
"520911-3615146",1,0,1,1,1,1,1,0,1,0,"equal"
"730626-2980820",0,0,0,1,0,1,0,1,0,1,"equal"
"740214-3198787",1,0,0,0,1,0,1,0,1,1,"equal"
"590115-1035032",0,1,0,1,1,1,1,0,0,1,"equal"
"571218-3864337",0,0,0,0,1,1,1,1,0,1,"equal"
"661002-3224806",0,0,1,0,0,1,0,0,0,1,"equal"
"911211-3227549",1,0,0,1,0,0,0,0,1,0,"equal"
"541226-4739985",1,1,1,1,1,1,0,1,0,1,"equal"
"950107-2771968",0,0,1,1,1,0,0,0,1,1,"equal"
"750612-1073809",1,1,1,1,1,0,0,0,0,0,"equal"
"621127-3724793",0,1,0,1,0,1,1,1,0,0,"equal"
"860604-4262329",0,1,1,0,1,0,0,0,1,0,"equal"
"591211-3033852",1,1,0,0,1,1,0,0,0,1,"equal"
"540528-4314254",0,0,1,0,1,1,1,0,1,0,"equal"
"891128-2989810",1,1,0,0,1,0,0,0,1,1,"equal"
"960307-1771100",0,1,1,1,1,0,1,0,1,0,"equal"
"871023-3079411",0,1,1,1,0,0,0,0,0,0,"equal"
"860811-2932812",1,0,0,1,1,1,1,1,0,1,"equal"
"950118-1743537",1,1,0,0,1,1,1,1,1,0,"equal"
"651107-4644624",1,1,0,1,0,1,1,0,1,1,"equal"
"890103-3271281",1,1,0,1,1,1,1,0,0,0,"equal"
"771018-2613928",0,0,1,1,1,1,1,1,0,0,"equal"
"851101-2431251",1,0,1,0,1,1,1,0,0,1,"equal"
"790318-1919284",0,1,1,1,0,0,1,1,0,0,"equal"
"590218-1879046",0,1,1,0,1,0,1,1,0,0,"equal"
"811209-4915095",1,0,0,0,1,0,0,1,1,0,"equal"
"800611-1070486",0,1,1,1,0,0,0,1,0,0,"equal"
"830408-2118657",0,1,1,0,0,1,1,0,1,1,"equal"
"590816-3327765",0,0,0,1,0,0,1,0,0,0,"equal"
"840823-2888576",0,0,0,1,1,1,0,1,0,0,"equal"
"770215-1363372",1,1,0,1,0,1,1,1,1,1,"equal"
"950524-1299064",1,1,0,0,1,0,0,1,1,0,"equal"
"851103-3270874",0,1,0,0,1,0,0,1,0,0,"equal"
"930404-1009904",0,0,1,0,1,1,1,0,0,0,"equal"
"630828-1448850",0,0,0,1,1,0,1,1,0,1,"equal"
"540325-1205510",1,1,1,0,0,0,0,0,0,1,"equal"
"670714-3288943",1,0,0,1,0,0,1,1,1,1,"equal"
"520203-2392207",0,1,0,1,0,0,0,0,0,1,"equal"
"740518-3627397",1,1,0,0,0,1,1,0,0,0,"equal"
"630312-1967216",1,0,1,1,1,0,0,0,0,1,"equal"
"900508-3555929",0,0,1,0,1,0,1,0,1,1,"equal"
"671104-2818700",0,1,0,0,1,0,1,0,1,1,"equal"
"700527-4426985",1,1,1,1,1,0,1,1,0,0,"equal"
"520702-1933031",0,0,0,0,0,0,1,1,1,1,"equal"
"771007-3506956",0,1,1,0,1,0,1,1,1,0,"equal"
"570710-2711674",1,1,1,1,1,0,1,1,0,0,"equal"
"791028-3755332",1,0,0,0,1,1,0,0,1,0,"equal"
"830421-1212641",1,0,1,0,1,1,1,0,1,1,"equal"
"950808-2995254",0,1,0,1,0,1,0,0,1,1,"equal"
"681027-4993944",1,1,1,0,1,1,1,0,0,1,"equal"
"540523-2877085",0,0,0,0,1,0,0,1,0,1,"equal"
"670423-2482491",1,0,1,0,0,0,1,0,0,0,"equal"
"901216-3116982",1,1,1,1,1,1,0,1,1,1,"equal"
"990402-4975896",1,0,0,0,0,1,0,1,0,1,"equal"
"851021-4288707",0,1,0,1,0,0,0,1,1,1,"equal"
"520208-2299954",1,1,0,0,0,0,0,0,0,0,"equal"
"900916-3874822",1,1,1,0,1,1,1,0,0,0,"equal"
"720701-2875666",0,0,0,0,1,1,1,1,0,1,"equal"
"661026-4799042",1,0,0,1,0,1,1,0,0,1,"equal"
"670409-1751101",1,0,0,0,1,0,1,1,0,1,"equal"
"900408-3032832",0,0,0,0,1,0,0,0,1,1,"equal"
"960418-4778355",0,1,0,0,0,1,1,1,1,1,"equal"
"720404-4834849",1,0,1,0,0,1,0,1,0,0,"equal"
"541209-3023848",0,0,1,1,0,0,0,0,1,0,"equal"
"750506-2070488",0,0,1,1,0,0,1,1,1,1,"equal"
"921201-1339724",0,0,1,0,0,1,0,1,0,1,"equal"
"530110-3412115",1,0,1,1,1,1,0,1,1,0,"equal"
"680203-4074570",1,1,0,1,0,0,1,1,1,0,"equal"
"870111-2257311",0,0,1,0,1,1,1,0,1,0,"equal"
"870904-1853025",0,1,1,1,0,0,1,0,0,0,"equal"
"570827-1761234",1,0,0,0,0,0,1,0,0,1,"equal"
"910207-4359191",0,0,0,0,1,1,0,1,1,0,"equal"
"940725-1288106",0,1,0,0,1,0,0,1,0,1,"equal"
"910115-4365867",0,0,1,1,0,0,1,0,0,0,"equal"
"780109-4412404",1,1,1,1,0,1,0,0,0,1,"equal"
"850712-2489777",1,0,1,1,0,0,0,1,1,0,"equal"
"521008-3721899",0,0,1,1,0,1,0,1,1,0,"equal"
"670103-1048592",0,0,1,0,0,0,0,1,0,1,"equal"
"520315-3706152",0,0,1,1,1,1,0,0,0,0,"equal"
"880124-1900278",1,0,0,1,1,0,0,0,0,1,"equal"
"770725-1154441",1,1,1,0,1,1,0,1,0,1,"equal"
"860414-2290392",1,0,0,0,1,1,1,0,1,1,"equal"
"870913-4958097",0,0,1,0,0,0,1,1,0,0,"equal"
"700113-4400569",0,0,0,1,0,0,1,1,1,1,"equal"
"820125-4991478",0,1,0,0,1,0,0,1,0,1,"equal"
"630114-2234818",1,1,0,1,1,0,1,0,1,0,"equal"
"570607-2990369",0,1,1,0,1,1,0,0,0,0,"equal"
"710404-3321603",1,1,0,1,1,1,0,1,1,0,"equal"
"661216-2417337",0,1,0,0,0,1,1,0,1,0,"equal"
"961214-2226522",0,1,1,0,0,0,0,1,0,0,"equal"
"870615-3382731",0,0,0,1,1,0,1,1,1,1,"equal"
"891205-1579063",1,1,0,1,0,0,0,1,1,1,"equal"
"690613-2619787",0,0,0,1,1,0,0,0,1,0,"equal"
"621006-1904364",0,0,1,1,1,1,0,0,1,0,"equal"
"840427-1327504",0,1,1,0,0,0,0,1,1,1,"equal"
"800718-4730634",0,1,0,1,1,1,0,1,1,1,"equal"
"810416-1681853",1,0,1,0,1,0,0,1,0,1,"equal"
"820917-3534407",0,1,0,1,1,1,1,1,1,1,"equal"
"800908-1880683",0,0,1,1,1,0,0,0,1,1,"equal"
"561221-1752406",0,1,0,1,1,0,0,0,1,0,"equal"
"570825-1901040",0,1,0,0,1,0,1,1,1,1,"equal"
"820414-2774023",0,1,0,1,1,0,1,0,1,1,"equal"
"520526-3903990",0,0,1,0,1,1,1,1,1,0,"equal"
"600425-3773929",0,1,0,0,1,1,0,0,1,0,"equal"
"710416-1712053",0,1,0,1,1,0,1,0,0,0,"equal"
"811007-2258450",1,1,1,1,0,0,1,0,0,0,"equal"
"640723-1246871",0,0,1,0,1,1,1,0,1,1,"equal"
"860325-2516912",1,0,0,1,1,0,0,1,0,1,"equal"
"960815-1692916",0,1,0,1,0,1,1,0,1,0,"equal"
"920523-2154497",1,1,0,0,0,1,0,1,0,0,"equal"
"630608-2148203",1,0,0,1,0,0,1,1,0,0,"equal"
"651111-3392427",0,1,0,0,0,1,0,0,0,1,"equal"
"540822-4703698",1,1,1,0,0,1,1,1,0,1,"equal"
"630321-1893750",0,0,0,0,1,1,0,1,1,1,"equal"
"521019-2181522",1,0,1,0,0,1,1,0,0,1,"equal"
"520117-3564128",1,0,0,1,1,0,0,0,1,0,"equal"
"800420-2696656",0,0,1,1,1,1,1,0,1,0,"equal"
"940716-2120868",0,0,0,0,0,1,1,0,1,1,"equal"
"510821-3058568",1,1,1,0,0,0,1,0,0,1,"equal"
"510727-2009984",1,1,0,0,0,0,0,1,1,1,"equal"
"660115-3230077",1,1,1,0,0,0,1,1,1,0,"equal"
"710214-2055523",1,1,0,1,1,1,1,1,1,1,"equal"
"940209-2715410",0,1,1,0,0,1,0,0,1,0,"equal"
"850728-3072182",1,0,1,0,0,1,0,0,1,0,"equal"
"500827-4250856",0,0,0,1,0,0,1,1,0,1,"equal"
"670502-3917400",1,0,1,1,0,1,0,0,0,0,"equal"
"921025-1783972",0,1,1,1,1,1,0,0,1,1,"equal"
"900917-1232958",0,1,1,1,1,0,1,0,0,1,"equal"
"980619-3112771",0,0,0,0,0,1,1,0,1,1,"equal"
"510612-2665721",1,0,0,0,1,1,0,1,1,0,"equal"
"910224-1231553",0,0,1,1,1,1,1,0,1,1,"equal"
"640312-3152939",0,1,0,0,0,1,1,1,1,0,"equal"
"580722-1756910",1,0,1,0,0,0,1,1,1,1,"equal"
"941021-2382979",1,0,0,1,1,1,0,0,0,1,"equal"
"660401-1324579",0,0,1,0,0,1,0,1,1,0,"equal"
"650224-3113138",1,1,0,1,1,0,0,0,1,1,"equal"
"650217-4201202",0,1,0,0,1,0,1,1,0,0,"equal"
"570913-4751885",1,0,1,0,0,0,0,0,1,0,"equal"
"880923-1355306",1,1,1,0,1,1,1,1,0,1,"equal"
"800407-1729526",0,1,1,1,1,0,0,0,0,0,"equal"
"700419-2302569",1,1,0,1,1,0,1,0,0,1,"equal"
"500717-1632832",1,0,0,1,1,1,1,1,0,0,"equal"
"520226-3856180",0,1,0,1,1,0,0,1,1,1,"equal"
"670308-2486263",1,0,1,1,0,0,0,0,0,0,"equal"
"780118-1599226",1,1,1,0,0,1,0,1,1,0,"equal"
"530907-2629019",1,1,0,1,0,1,0,0,0,1,"equal"
"640419-1486642",1,0,1,0,1,0,0,1,0,1,"equal"
"960507-1666079",0,0,0,1,1,1,0,0,0,1,"equal"
"640125-4373474",0,1,0,1,0,1,0,1,0,1,"equal"
"540105-2288781",1,1,1,1,1,0,0,1,0,0,"equal"
"700623-3037021",1,0,0,0,1,0,1,0,1,0,"equal"
"910323-2236566",1,0,1,1,1,1,1,1,0,0,"equal"
"740706-2166872",0,1,0,0,0,0,1,0,1,1,"equal"
"580910-4605423",1,1,1,0,0,0,0,0,1,0,"equal"
"561205-3171398",1,0,0,0,1,0,1,0,0,0,"equal"
"810508-3483712",0,0,0,0,1,0,0,0,1,0,"equal"
"810221-1827563",1,0,0,0,0,0,0,1,0,0,"equal"
"660808-2850140",1,0,0,0,1,1,1,0,0,1,"equal"
"940213-4663181",1,1,0,0,0,1,0,0,0,1,"equal"
"510504-1542161",1,0,0,1,1,0,0,1,0,1,"equal"
"950301-3119609",0,0,0,1,0,1,0,0,0,0,"equal"
"790428-2318464",0,0,1,0,1,0,0,0,1,1,"equal"
"920319-1060214",1,0,1,1,0,0,0,1,0,0,"equal"
"940704-3059112",0,0,1,0,1,1,0,0,1,0,"equal"
"810802-4116576",0,1,0,0,1,1,1,0,0,1,"equal"
"880127-1589170",0,1,1,1,1,1,1,0,0,0,"equal"
"891120-1201296",0,0,1,1,0,0,1,0,0,1,"equal"
"540526-2576115",1,1,0,0,1,0,0,0,0,0,"equal"
"651202-1137767",0,1,1,0,1,1,1,0,0,0,"equal"
"851205-2176770",1,0,0,0,1,0,0,0,0,1,"equal"
"710520-3336731",0,1,1,1,1,0,1,0,0,0,"equal"
"570814-1463799",0,1,0,1,1,0,0,1,1,1,"equal"
"500126-1529438",0,1,0,1,0,0,0,1,0,0,"equal"
"931107-1718771",0,1,0,1,1,1,1,0,1,1,"equal"
"800606-2285412",1,0,0,1,1,1,0,0,0,0,"equal"
"570913-2529858",1,0,1,1,1,0,1,0,1,0,"equal"
"870719-2253078",1,0,0,1,0,0,0,1,1,1,"equal"
"770325-2242033",0,1,1,0,0,1,1,1,0,0,"equal"
"951109-3606523",1,0,1,1,1,1,1,0,1,0,"equal"
"820820-2278532",1,0,0,1,0,1,0,1,1,0,"equal"
"980324-1197591",0,0,1,0,1,1,1,0,0,0,"equal"
"630305-4561857",1,0,1,1,0,0,0,1,0,0,"equal"
"781005-1519428",1,1,0,0,1,1,1,0,1,0,"equal"
"950204-3320075",1,0,1,1,1,0,1,1,1,0,"equal"
"991001-4459678",0,1,1,1,0,1,1,1,0,0,"equal"
"621228-3489551",0,0,1,0,0,1,0,1,1,0,"equal"
"690407-1790006",1,0,0,0,0,1,0,1,0,0,"equal"
"520413-4653802",0,1,0,0,1,1,1,1,0,0,"equal"
"520928-4214764",1,1,0,0,1,0,0,0,0,0,"equal"
"810313-3282134",1,1,0,1,0,0,0,1,1,0,"equal"
"510708-2138834",0,0,0,1,1,0,0,1,0,1,"equal"
"900115-3180072",0,1,0,1,0,0,0,1,0,1,"equal"
"550507-1150155",1,0,0,1,0,1,0,1,1,0,"equal"
"840126-4221873",0,0,0,1,1,1,1,0,1,0,"equal"
"660424-4602388",1,1,0,1,0,1,1,1,1,0,"equal"
"750411-2746010",1,0,0,1,0,0,0,1,1,1,"equal"
"961122-4184766",0,0,0,0,0,0,0,0,1,0,"equal"
"640711-1900296",1,0,0,1,1,0,1,0,1,0,"equal"
"950605-3130629",0,0,0,1,0,1,0,0,1,1,"equal"
"730519-1754453",0,1,1,1,0,0,1,1,1,1,"equal"
"591107-2605995",0,0,1,0,1,0,0,0,0,0,"equal"
"850923-4919961",0,0,0,0,1,0,1,0,0,1,"equal"
"550427-3038263",1,0,0,1,0,0,0,1,1,1,"equal"
"840606-2627466",1,1,0,0,1,0,0,0,0,0,"equal"
"510201-2911225",0,1,0,0,1,1,0,1,0,0,"equal"
"980119-2412062",0,1,0,0,0,0,1,0,0,1,"equal"
"880706-3602305",1,1,1,0,1,1,0,0,1,0,"equal"
"660111-1112040",0,0,1,0,1,1,1,1,1,1,"equal"
"600417-1793680",1,1,1,0,0,0,1,1,1,1,"equal"
"830109-3528502",1,0,1,0,1,0,0,1,0,1,"equal"
"510523-4502553",1,1,0,1,1,1,0,0,0,0,"equal"
"540906-4933580",1,1,1,0,0,1,1,0,1,0,"equal"
"800121-4321119",1,1,1,0,0,0,0,1,0,1,"equal"
"730525-1528542",1,0,0,1,0,0,1,0,1,0,"equal"
"840507-3142788",1,1,1,0,0,0,1,1,1,0,"equal"
"830327-4473593",1,1,0,1,0,0,0,1,0,0,"equal"
"541220-1508556",0,0,1,0,1,1,1,0,1,0,"equal"
"590502-1572757",1,1,0,1,1,0,1,1,0,0,"equal"
"890901-2636574",1,0,1,1,1,1,0,0,0,0,"equal"
"950417-2799349",1,0,0,1,1,0,1,1,1,1,"equal"
"711214-4084674",0,1,1,0,0,0,0,0,0,0,"equal"
"690519-3174392",0,0,0,1,1,1,1,1,1,0,"equal"
"600703-1439761",1,1,1,0,0,1,0,1,1,0,"equal"
"761226-3529423",1,0,0,1,0,1,0,1,0,1,"equal"
"671103-1388915",0,0,0,0,0,1,0,1,1,0,"equal"
"930507-3689178",1,1,1,0,1,1,1,1,0,0,"equal"
"891126-3178596",1,0,1,0,1,1,1,0,1,1,"equal"
"550703-3347953",0,1,0,0,0,0,0,1,1,0,"equal"
"850606-4148113",0,0,1,1,0,0,0,1,1,0,"equal"
"630324-4243524",1,1,1,1,0,0,1,1,1,0,"equal"
"850328-3234651",1,1,1,0,1,1,0,0,1,0,"equal"
"790920-1521264",0,1,0,0,1,0,1,0,1,1,"equal"
"851113-2780000",1,1,1,0,0,0,1,1,0,0,"equal"
"760613-3112139",0,0,0,0,1,1,0,1,0,0,"equal"
"660424-1279110",0,0,1,0,0,1,1,1,1,0,"equal"
"920804-3464914",1,0,1,0,0,1,1,0,1,1,"equal"
"920327-1411486",0,0,1,1,1,0,1,0,1,1,"equal"
"701115-3082396",0,0,0,1,1,0,0,1,1,1,"equal"
"700303-1218683",1,0,0,1,0,0,1,1,0,1,"equal"
"680403-2527624",1,0,0,0,0,1,1,0,1,1,"equal"
"800120-1450884",1,0,1,0,0,0,1,1,1,0,"equal"
"790213-1855170",0,1,1,1,1,1,0,0,1,1,"equal"
"820423-4000378",1,1,0,1,0,1,1,1,0,0,"equal"
"970705-3197810",0,1,1,1,0,1,0,1,1,1,"equal"
"540519-4806768",0,1,0,1,0,1,0,1,1,1,"equal"
"960911-1846925",1,1,0,1,0,1,0,1,1,0,"equal"
"771222-2595517",1,1,0,1,1,1,0,1,0,0,"equal"
"561115-4719351",1,1,0,1,1,1,0,1,0,0,"equal"
"520110-2841360",1,1,0,0,1,0,0,1,1,0,"equal"
"900915-3004053",1,1,0,1,0,0,1,0,1,1,"equal"
"861016-1011123",1,1,1,1,0,1,0,1,0,1,"equal"
"880825-1513525",1,1,0,0,1,1,1,1,1,1,"equal"
"771001-3753588",0,0,0,0,1,1,0,0,1,0,"equal"
"730508-2943243",0,1,0,0,1,0,1,1,0,1,"equal"
"711117-3433209",1,1,1,0,1,1,1,1,1,0,"equal"
"500208-2137605",1,1,0,1,0,0,0,0,1,1,"equal"
"900922-3195390",0,0,1,0,0,1,1,0,0,1,"equal"
"511021-1002908",1,0,1,0,1,1,1,0,0,0,"equal"
"760527-1441331",1,1,0,1,0,1,0,1,0,1,"equal"
"920820-4219026",0,1,1,0,1,1,1,0,0,1,"equal"
"831225-3886691",1,0,0,1,0,0,0,1,0,0,"equal"
"511218-3140477",0,0,1,1,0,1,0,1,0,0,"equal"
"570520-2363755",1,1,1,1,1,0,1,0,1,0,"equal"
"850906-4346126",1,1,0,0,0,1,0,0,0,0,"equal"
"621228-3655755",0,1,1,0,1,0,1,0,0,0,"equal"
"571016-4905158",1,1,1,1,1,0,1,1,1,0,"equal"
"880605-3575164",1,1,0,0,1,1,1,1,0,0,"equal"
"980125-2094406",1,1,1,1,1,0,0,0,1,0,"equal"
"880223-2971707",1,1,0,1,0,1,1,1,0,1,"equal"
"861124-3906719",1,0,1,0,1,1,1,0,0,1,"equal"
"650315-1484550",0,1,0,0,0,1,0,0,1,1,"equal"
"670712-2261841",0,1,0,0,0,1,1,1,0,1,"equal"
"570620-1884766",1,0,1,1,1,1,0,0,0,1,"equal"
"690320-1745348",0,1,1,1,0,1,1,0,0,1,"equal"
"830128-4049875",0,0,1,0,1,0,0,1,0,1,"equal"
"960525-4790095",1,1,0,0,1,0,0,1,0,1,"equal"
"620823-2829544",0,0,0,0,0,1,1,1,0,0,"equal"
"741115-1862299",0,1,0,0,0,0,1,0,1,0,"equal"
"540618-3634812",0,0,0,0,1,0,0,1,1,1,"equal"
"570217-2834349",0,0,0,1,0,1,0,1,0,0,"equal"
"810419-1897703",1,0,1,0,1,1,0,1,0,0,"equal"
"510601-1619059",1,1,1,1,1,1,1,1,1,1,"equal"
"761107-1425182",1,1,1,1,1,1,0,1,1,1,"equal"
"970402-4283706",0,1,0,1,1,0,1,1,1,1,"equal"
"830226-4738868",1,1,0,0,0,0,1,0,1,0,"equal"
"680722-2837788",0,1,0,0,1,1,1,0,0,1,"equal"
"670317-1513900",1,0,1,0,1,0,1,0,1,0,"equal"
"930424-4790542",1,0,1,1,0,0,0,0,1,0,"equal"
"530510-3978704",1,1,0,0,1,0,1,0,0,0,"equal"
"530226-1548167",0,0,0,1,0,0,1,0,1,1,"equal"
"830727-4869229",1,0,0,1,1,1,1,1,1,0,"equal"
"890124-3957375",0,1,0,1,1,0,1,1,0,1,"equal"
"951112-4214259",1,1,0,1,0,0,1,0,0,0,"equal"
"880204-1378655",1,1,0,0,1,0,1,1,1,0,"equal"
"850323-4610470",1,1,0,1,1,0,1,1,1,0,"equal"
"760512-3014743",0,0,0,1,0,0,0,1,0,1,"equal"
"910527-4013877",1,1,0,0,0,1,1,0,0,1,"equal"
"521217-2224336",0,0,1,1,0,0,1,1,1,1,"equal"
"930716-4450251",1,1,1,1,0,0,1,1,1,0,"equal"
"640823-3001298",0,1,0,0,0,0,1,1,1,0,"equal"
"910406-1976742",0,1,1,1,0,1,1,0,0,0,"equal"
"810320-4544336",1,1,1,0,1,1,1,1,0,0,"equal"
"830307-4423337",0,1,0,0,0,0,0,1,1,0,"equal"
"530920-4636312",1,1,1,0,0,1,1,1,1,0,"equal"
"681226-4185826",0,0,0,1,0,1,0,0,1,0,"equal"
"510106-1188575",1,1,0,0,1,0,0,1,0,0,"equal"
"701015-4055053",1,1,0,1,1,1,0,1,1,0,"equal"
"540723-2060017",1,1,0,1,0,1,0,1,1,0,"equal"
"910315-1134312",0,0,1,0,1,0,1,0,1,1,"equal"
"981213-4069504",1,1,0,0,1,1,1,1,1,0,"equal"
"840505-1229439",0,1,0,1,0,0,0,1,1,0,"equal"
"951026-4240306",1,1,1,1,1,0,1,1,0,0,"equal"
"820109-1503313",1,1,1,1,1,1,0,1,0,1,"equal"
"621210-3612911",1,1,0,0,0,0,1,1,1,1,"equal"
"960221-4929076",1,0,0,1,1,1,0,0,1,1,"equal"
"710713-2096892",0,0,0,0,1,1,1,0,1,0,"equal"
"760616-4304123",0,1,1,0,1,1,1,0,0,0,"equal"
"600212-3766106",0,1,0,0,0,1,1,1,0,0,"equal"
"680626-1614295",1,0,0,1,0,0,0,0,1,1,"equal"
"591008-4324495",0,1,0,1,1,1,0,1,1,1,"equal"
"971123-4835683",0,0,0,0,1,1,0,1,1,1,"equal"
"541003-1271256",1,1,0,1,0,1,0,1,0,0,"equal"
"561228-1242856",1,0,1,1,1,0,0,1,0,0,"equal"
"610706-2070776",0,0,0,1,0,0,1,1,0,0,"equal"
"700106-4641537",0,1,0,0,0,0,0,1,1,0,"equal"
"800927-2215397",0,1,1,0,0,1,1,1,1,0,"equal"
"911203-4956855",0,1,0,0,0,0,1,0,0,0,"equal"
"790123-4485759",1,0,1,1,0,1,1,0,1,1,"equal"
"800908-4113788",0,1,1,1,1,0,0,0,1,0,"equal"
"890407-2565412",0,0,0,0,1,0,0,1,0,1,"equal"
"900407-2710261",1,0,0,1,0,1,0,1,0,0,"equal"
"640128-1892037",1,1,1,1,0,0,0,0,1,1,"equal"
"951228-3459247",0,0,1,1,0,1,1,0,1,1,"equal"
"951120-4950690",0,1,0,1,1,0,1,0,1,1,"equal"
"630718-3634235",1,1,0,0,1,0,0,0,0,1,"equal"
"731209-4848417",1,0,0,0,0,0,0,1,0,1,"equal"
"910125-2836883",1,1,0,0,0,0,0,0,1,1,"equal"
"570222-1229180",1,0,1,0,1,0,1,1,1,0,"equal"
"731214-4771310",1,1,1,1,1,1,0,0,1,1,"equal"
"651210-2158845",1,0,1,0,0,0,1,1,1,1,"equal"
"761209-1182010",1,0,1,0,0,0,1,0,0,1,"equal"
"930114-3930254",0,1,1,1,1,0,1,1,1,0,"equal"
"540226-3217843",0,0,0,0,0,0,0,0,1,1,"equal"
"960323-3174018",1,0,1,1,1,1,0,0,0,0,"equal"
"761018-3163674",0,0,1,0,0,1,0,1,1,0,"equal"
"990923-3556127",0,0,0,0,0,1,0,1,0,1,"equal"
"570811-1749262",0,0,0,1,0,0,0,1,1,1,"equal"
"780201-1917836",1,1,1,0,0,1,1,1,1,0,"equal"
"591005-4925190",0,0,1,0,0,1,1,1,0,1,"equal"
"801211-1748788",1,0,1,0,1,0,1,0,1,1,"equal"
"930510-4845423",1,0,1,0,1,0,1,0,0,1,"equal"
"900320-3673171",0,1,1,0,1,0,1,1,0,1,"equal"
"941222-1906786",0,1,1,0,1,1,0,1,1,1,"equal"
"800627-4872016",0,0,0,0,1,1,0,0,0,1,"equal"
"720111-2776793",1,0,1,0,0,1,1,1,0,0,"equal"
"790813-2512804",0,0,0,1,0,1,1,0,0,0,"equal"
"520327-1695355",0,0,0,0,0,0,1,0,0,1,"equal"
"540201-4711169",0,1,0,1,1,1,1,1,1,0,"equal"
"590819-4077576",0,0,0,0,1,1,0,0,1,0,"equal"
"640608-1298361",0,1,1,0,0,1,0,0,1,1,"equal"
"600903-2355791",0,0,0,0,0,0,0,1,0,1,"equal"
"631102-3472392",1,1,0,1,0,1,0,0,0,1,"equal"
"851222-1482205",1,0,1,1,0,0,0,1,0,1,"equal"
"651018-4892734",1,1,0,0,1,1,0,0,1,0,"equal"
"981005-4874146",1,0,0,1,1,0,1,0,0,0,"equal"
"581114-3421270",0,1,0,0,1,0,1,1,0,1,"equal"
"550218-4404788",0,0,1,0,1,0,0,0,0,1,"equal"
"960504-1345478",1,0,0,0,0,0,1,1,0,1,"equal"
"561012-4152015",0,0,0,1,1,1,1,1,0,1,"equal"
"740426-1275916",1,1,0,0,1,1,0,0,0,0,"equal"
"970203-3197547",0,1,0,0,0,0,1,0,0,0,"equal"
"520511-1556695",0,1,0,1,1,0,0,0,0,1,"equal"
"691107-3946115",1,1,1,1,0,1,1,0,0,1,"equal"
"561026-3754425",0,1,1,1,1,0,1,0,1,1,"equal"
"860303-4263941",0,0,1,1,1,0,1,1,1,0,"equal"
"791225-4850132",1,0,1,0,0,0,1,1,0,1,"equal"
"641013-4766359",1,1,0,0,1,0,1,1,0,1,"equal"
"580203-2465670",1,0,0,1,1,1,0,1,1,1,"equal"
"620410-2863617",1,1,1,1,0,0,1,0,1,0,"equal"
"621018-2600230",0,0,0,1,0,1,1,1,1,0,"equal"
"720717-1399732",1,1,1,1,0,0,1,0,1,1,"equal"
"940911-1429292",0,1,1,1,1,1,1,0,0,1,"equal"
"990727-2450792",0,0,0,0,1,1,0,1,1,0,"equal"
"880419-2539087",1,1,0,1,0,1,0,1,1,1,"equal"
"770601-1901425",1,1,1,0,1,0,0,0,0,1,"equal"
"500206-2720378",1,0,0,1,1,0,1,1,0,0,"equal"
"671201-4764946",1,1,0,1,1,0,1,1,1,0,"equal"
"790412-4286332",0,1,1,0,0,0,1,0,0,0,"equal"
"920413-1985867",1,0,0,1,1,1,1,0,0,0,"equal"
"730603-4341756",0,1,1,1,1,1,0,0,1,1,"equal"
"980828-1470894",0,0,0,0,1,1,1,0,1,1,"equal"
"550815-4323131",1,1,1,0,0,1,1,1,1,0,"equal"
"700223-4939893",1,1,0,0,1,1,1,0,1,0,"equal"
"731208-3946663",0,0,1,0,0,1,1,1,1,1,"equal"
"930305-2131835",1,0,0,0,1,1,0,1,1,0,"equal"
"791107-3706863",0,1,0,0,1,1,1,1,0,1,"equal"
"590520-3741375",0,0,0,1,1,0,1,1,0,0,"equal"
"890204-1336834",1,1,0,0,0,0,0,1,0,1,"equal"
"501007-1129333",0,0,0,1,1,1,0,1,0,0,"equal"
"891208-1457072",1,0,1,1,1,1,0,1,1,0,"equal"
"620120-4701367",0,1,1,0,0,0,1,1,1,1,"equal"
"951014-4310965",1,0,0,1,0,1,0,0,1,0,"equal"
"780123-1205031",0,1,1,1,0,0,0,1,1,1,"equal"
"861201-1889011",1,1,1,0,0,1,1,1,1,0,"equal"
"801220-1114172",1,1,0,1,0,1,1,0,1,0,"equal"
"740117-2186920",1,0,1,0,0,1,1,0,1,0,"equal"
"660118-3017424",1,1,1,1,0,1,1,1,1,0,"equal"
"871221-2784199",0,0,0,1,1,1,1,0,1,0,"equal"
"870620-4142852",1,1,0,1,0,0,1,1,0,0,"equal"
"851217-1032793",0,1,1,1,1,0,0,0,0,0,"equal"
"691215-2648328",0,1,0,1,0,1,0,0,0,1,"equal"
"750705-2925227",0,1,1,1,0,0,1,1,1,0,"equal"
"940112-3415675",0,0,0,1,1,0,1,0,0,0,"equal"
"560514-2334710",1,1,1,1,0,1,1,1,1,0,"equal"
"980517-1585691",0,0,1,1,1,1,0,0,1,1,"equal"
"900103-2382305",1,0,1,0,0,1,0,1,0,1,"equal"
"730409-4732843",1,0,1,1,1,1,0,1,1,0,"equal"
"520821-3479347",1,0,1,1,1,1,1,1,0,1,"equal"
"890814-1048019",1,1,1,0,1,1,1,0,1,1,"equal"
"930302-1679909",0,1,1,1,0,1,1,1,1,0,"equal"
"601021-3665224",0,1,1,1,1,1,0,0,1,0,"equal"
"760926-3959594",1,0,1,1,0,1,1,0,1,1,"equal"
"781023-1630059",1,0,1,1,0,1,1,0,1,1,"equal"
"520110-3818676",1,1,0,1,1,1,1,0,1,0,"equal"
"950226-2999207",0,0,0,0,1,1,1,0,0,0,"equal"
"800727-1519731",1,1,0,1,0,1,1,0,0,1,"equal"
"600318-2474115",0,1,0,1,0,0,0,1,0,0,"equal"
"830708-3009599",0,1,0,0,0,0,1,1,0,1,"equal"
"660917-4474858",1,1,1,0,1,0,1,1,0,0,"equal"
"920718-4977655",0,1,0,0,1,0,1,1,0,1,"equal"
"560725-4142715",0,0,0,1,1,0,1,0,1,1,"equal"
"580909-2003799",0,0,1,1,1,0,1,1,0,0,"equal"
"901005-1501161",1,1,0,1,0,1,0,1,1,0,"equal"
"640809-4455395",0,0,1,1,0,1,0,1,1,1,"equal"
"830301-1037789",1,1,0,1,1,0,0,1,0,1,"equal"
"920620-2881355",0,1,0,1,0,0,0,0,0,0,"equal"
"790304-2480719",1,1,0,0,1,0,1,1,1,0,"equal"
"551225-3689617",0,0,1,0,1,0,0,0,1,0,"equal"
"851103-2212169",1,1,0,0,1,1,0,0,0,0,"equal"
"700819-2172605",0,1,0,0,0,0,0,1,1,1,"equal"
"890509-4282438",1,0,1,1,1,0,1,1,0,0,"equal"
"530708-3559148",1,0,0,0,1,1,0,1,1,1,"equal"
"610503-1370302",1,1,1,0,0,0,0,0,0,1,"equal"
"890503-1225425",0,1,1,1,0,0,1,1,1,0,"equal"
"650803-1529748",0,0,1,0,0,1,1,0,1,0,"equal"
"910209-1083851",0,0,0,0,1,1,1,0,1,0,"equal"
"620518-1714887",1,1,0,0,1,0,0,1,1,0,"equal"
"720212-1646355",1,0,1,1,1,1,1,1,1,0,"equal"
"960211-2339786",1,1,1,1,1,0,0,1,1,0,"equal"
"700323-3320537",0,0,0,0,1,1,1,0,0,0,"equal"
"711122-2142605",1,1,0,0,1,0,0,1,1,0,"equal"
"611115-3124020",1,0,0,0,1,1,1,0,0,0,"equal"
"750612-3005066",1,1,1,1,0,1,1,1,0,0,"equal"
"840514-2727184",0,1,0,0,1,1,1,1,0,1,"equal"
"871004-2166243",1,1,1,1,0,0,0,0,0,0,"equal"
"741110-4683760",0,1,0,1,1,0,0,0,0,1,"equal"
"901022-2799072",1,0,1,0,1,0,0,1,0,1,"equal"
"660615-4429758",0,0,0,1,0,1,1,0,0,1,"equal"
"540816-2321923",0,0,1,1,1,1,1,1,0,0,"equal"
"970503-3350305",0,0,1,0,1,1,1,1,1,0,"equal"
"531219-4798456",0,0,1,0,1,1,1,1,0,0,"equal"
"801214-2777752",0,1,1,1,0,1,1,1,1,1,"equal"
"641124-4474863",1,1,0,1,0,1,1,1,1,0,"equal"
"640126-3099889",1,0,0,0,1,0,1,0,0,0,"equal"
"840126-2361482",0,0,1,0,1,0,0,0,1,0,"equal"
"840315-1530583",0,1,0,0,1,1,0,1,1,1,"equal"
"980121-3904645",1,1,1,0,1,1,1,1,0,1,"equal"
"860422-1451425",1,0,0,1,1,0,1,1,1,0,"equal"
"880526-1650789",1,1,0,0,1,1,1,1,0,1,"equal"
"750411-1340435",1,0,1,0,1,0,1,0,0,0,"equal"
"950311-2383916",0,1,1,1,0,1,1,0,1,1,"equal"
"750303-1292655",0,1,0,1,0,1,0,0,1,1,"equal"
"880313-3760498",0,0,0,1,0,0,0,0,1,0,"equal"
"600522-2168764",0,1,1,0,1,1,1,1,1,1,"equal"
"681103-1358294",1,0,1,1,1,1,0,1,0,1,"equal"
"560424-3399086",1,1,1,0,1,1,1,1,1,0,"equal"
"930226-3168162",1,0,1,0,0,0,1,0,1,0,"equal"
"891222-3227804",1,0,0,1,1,0,1,1,0,1,"equal"
"710527-2400248",0,0,1,1,0,1,0,0,0,0,"equal"
"570115-3944522",0,1,0,1,1,0,1,1,0,1,"equal"
"521206-4728497",1,0,0,0,1,1,1,1,1,0,"equal"
"730711-2503891",1,1,0,0,0,1,1,0,1,1,"equal"
"890107-2830756",1,1,1,0,0,0,1,1,1,0,"equal"
"690115-2739915",1,1,1,1,1,0,0,0,0,1,"equal"
"881104-3125051",1,1,1,1,1,0,0,1,1,1,"equal"
"750128-1046801",1,1,0,0,1,1,0,1,0,0,"equal"
"771105-3786197",1,0,1,1,0,1,1,0,0,1,"equal"
"510217-3600002",0,0,1,0,1,1,1,0,0,0,"equal"
"981201-2621332",1,0,0,0,1,0,0,0,1,0,"equal"
"701123-2246566",1,1,0,0,1,1,0,1,0,1,"equal"
"751204-4074196",1,1,0,0,1,1,0,0,0,1,"equal"
"500913-2008053",0,1,1,0,0,1,1,1,0,0,"equal"
"680206-2459209",0,0,0,0,0,1,1,1,0,1,"equal"
"951107-3239779",0,1,1,0,1,0,0,1,1,0,"equal"
"640523-1834449",1,0,1,1,1,0,1,1,0,0,"equal"
"581024-1106874",0,0,1,0,1,0,0,1,0,1,"equal"
"810804-2679142",1,1,0,0,0,1,1,1,1,1,"equal"
"921006-2951107",0,1,1,1,0,1,1,1,0,0,"equal"
"960926-3668487",1,1,1,0,1,1,0,1,0,1,"equal"
"521011-3500684",1,0,0,0,1,0,1,0,1,1,"equal"
"550224-3359608",0,0,0,1,1,1,0,0,0,0,"equal"
"701125-4810601",0,1,1,0,0,0,1,1,1,1,"equal"
"910816-2957289",0,0,1,0,0,1,1,1,0,1,"equal"
"780620-1883978",0,0,0,1,1,0,1,0,1,1,"equal"
"780213-1134239",0,0,1,0,0,1,1,0,0,1,"equal"
"900702-2913332",1,0,0,1,1,0,1,1,1,1,"equal"
"700812-1949257",1,1,0,0,1,0,0,0,1,0,"equal"
"780710-1384315",0,1,0,0,0,1,1,1,1,1,"equal"
"860201-3986443",0,1,1,0,1,0,0,0,1,1,"equal"
"720122-4102370",0,0,0,1,0,1,0,1,1,0,"equal"
"720901-2710280",1,1,1,1,0,0,1,0,0,0,"equal"
"961201-4318951",0,0,0,1,1,1,1,0,1,0,"equal"
"691026-2760306",0,0,1,0,1,1,0,1,1,1,"equal"
"810405-2068360",0,0,0,1,0,1,1,0,0,1,"equal"
"761118-4471450",0,1,0,0,0,1,0,1,1,1,"equal"
"671119-2936672",1,1,1,0,0,1,0,1,0,1,"equal"
"570706-4015121",1,1,0,0,1,1,0,1,0,1,"equal"
"940315-4168698",1,0,0,0,0,0,1,1,0,1,"equal"
"950403-4774865",1,0,1,1,0,1,0,1,0,0,"equal"
"880825-4640034",0,0,0,1,1,1,0,0,0,1,"equal"
"740128-3423681",0,1,0,1,1,0,1,0,0,0,"equal"
"960316-3937657",1,0,0,1,0,1,1,0,0,1,"equal"
"580213-4345116",0,0,0,1,1,0,1,0,0,0,"equal"
"740806-1951903",0,0,1,0,1,0,0,0,1,1,"equal"
"510514-2158354",0,0,0,1,1,1,0,0,0,1,"equal"
"730627-4703334",0,0,0,1,0,0,1,0,1,1,"equal"
"500125-1029520",1,1,0,1,0,1,0,1,0,1,"equal"
"630325-1228825",1,0,1,1,0,1,0,0,0,0,"equal"
"560122-3839792",1,1,1,0,1,0,1,1,1,1,"equal"
"871023-2208716",1,1,1,1,1,0,1,1,1,1,"equal"
"530911-4000329",0,1,1,1,1,0,0,1,1,0,"equal"
"800414-4390905",0,0,1,1,1,0,1,1,1,0,"equal"
"560524-2272351",0,1,1,0,1,0,0,1,1,0,"equal"
"821110-2926545",1,1,0,0,1,0,1,1,1,0,"equal"
"840501-1450882",0,0,0,0,1,1,1,0,0,1,"equal"
"661213-2190965",0,1,1,0,0,0,0,1,1,1,"equal"
"700311-2848839",1,0,1,1,1,1,1,1,0,0,"equal"
"680314-4222149",0,0,1,0,0,0,1,1,1,1,"equal"
"960921-1166391",1,0,0,0,0,1,0,1,1,1,"equal"
"720208-3935985",1,0,0,1,0,1,0,0,0,1,"equal"
"840109-3937898",1,0,0,0,0,0,0,0,0,0,"equal"
"620506-2255641",0,1,1,1,1,0,1,1,0,1,"equal"
"870110-4912847",0,0,0,1,0,0,0,1,0,1,"equal"
"710725-2396887",0,0,0,0,1,0,0,0,0,0,"equal"
"940823-4596275",1,1,0,0,1,1,0,0,0,0,"equal"
"730728-2245628",1,1,1,0,1,0,0,0,1,1,"equal"
"951128-1738378",1,1,1,0,1,0,0,0,1,0,"equal"
"630924-2601052",1,0,0,1,0,1,1,0,1,0,"equal"
"600620-2390043",1,0,0,0,0,0,1,0,0,0,"equal"
"571006-2420544",0,0,0,1,0,0,1,1,0,1,"equal"
"771220-2048935",0,1,0,0,0,0,1,1,1,0,"equal"
"540324-4640505",1,0,0,1,0,0,0,1,1,0,"equal"
"600504-3775507",0,1,0,0,0,0,1,0,1,0,"equal"
"500714-4396287",0,1,0,0,1,0,1,0,0,1,"equal"
"630105-3893457",1,1,0,0,0,1,0,1,1,1,"equal"
"740106-4178004",0,0,0,1,0,0,1,0,1,1,"equal"
"710102-2090438",0,1,0,1,1,0,1,1,0,1,"equal"
"790309-2657487",1,1,1,1,1,0,1,1,0,0,"equal"
"541025-1599593",1,0,0,0,1,0,0,0,0,1,"equal"
"840218-2165414",1,1,0,1,1,0,1,0,1,1,"equal"
"530111-2625129",0,0,0,1,1,0,0,1,1,1,"equal"
"751025-1199256",0,0,1,1,1,0,0,1,0,1,"equal"
"561204-1440716",0,1,1,1,0,1,1,1,0,0,"equal"
"950624-1542291",0,0,0,1,0,0,0,1,0,1,"equal"
"980707-1709459",0,1,0,1,1,0,1,1,0,0,"equal"
"871107-3437518",1,1,1,1,0,0,1,1,1,1,"equal"
"960327-2621019",0,1,1,0,0,0,1,0,0,1,"equal"
"910717-3834715",1,0,0,1,0,0,1,0,1,0,"equal"
"980705-3648493",0,0,1,0,0,0,0,0,1,0,"equal"
"921009-1994248",1,0,0,1,1,1,1,0,0,0,"equal"
"630412-4627371",0,1,1,0,0,0,1,1,1,0,"equal"
"721122-4870625",0,0,1,1,0,0,0,0,1,0,"equal"
"861022-2115763",1,1,0,1,0,1,0,0,0,0,"equal"
"920504-3313557",1,1,0,1,0,1,1,1,1,1,"equal"
"650203-3716021",1,0,0,0,0,0,0,1,0,1,"equal"
"670227-2823829",0,1,1,1,1,0,1,0,0,0,"equal"
"551122-3336517",0,1,0,0,0,1,0,1,0,0,"equal"
"710604-1008427",1,0,1,0,1,0,0,1,0,0,"equal"
"820113-4373465",0,1,1,0,0,1,0,1,0,1,"equal"
"581123-1200096",0,1,0,1,0,0,1,1,1,0,"equal"
"800627-3481984",1,0,1,1,0,0,0,0,1,1,"equal"
"640223-2181004",0,0,0,1,0,1,0,1,0,1,"equal"
"910320-3561562",0,0,0,0,1,0,0,0,1,1,"equal"
"900228-3649708",1,1,1,0,0,1,0,0,1,1,"equal"
"590711-1529168",0,1,1,0,1,0,0,0,0,0,"equal"
"830223-1856546",0,0,1,1,0,0,0,1,0,0,"equal"
"890601-4535717",0,1,0,0,1,0,1,1,0,0,"equal"
"790406-4145665",1,1,0,0,0,0,0,1,1,1,"equal"
"530820-3630880",1,1,0,0,0,1,0,0,1,0,"equal"
"901107-2616608",0,1,0,0,1,1,1,0,0,0,"equal"
"571026-4874780",1,0,0,1,0,0,0,0,1,1,"equal"
"670518-1194961",0,1,1,0,0,0,0,1,1,1,"equal"
"890726-4018949",1,1,0,0,1,0,1,1,1,1,"equal"
"760310-1620179",0,0,1,1,1,0,1,0,0,1,"equal"
"910403-4577967",0,1,1,1,1,1,0,0,0,1,"equal"
"861210-3101339",1,1,1,1,0,0,1,1,1,1,"equal"
"650702-4340066",1,1,0,1,0,1,0,1,1,1,"equal"
"950725-3654672",1,0,0,1,0,0,1,1,0,1,"equal"
"910113-2478705",1,0,0,0,1,0,0,0,1,1,"equal"
"680206-2947928",0,0,1,1,1,1,1,0,1,1,"equal"
"830406-1046016",0,1,1,1,1,1,1,0,0,0,"equal"
"900608-4421134",0,1,1,0,0,0,0,0,0,0,"equal"
"660106-2186398",0,0,0,1,1,1,0,1,0,1,"equal"
"730220-3535564",0,1,0,0,0,0,0,1,0,0,"equal"
"860119-3353449",0,1,1,0,0,0,0,1,1,0,"equal"
"651222-2053435",0,0,1,0,1,1,1,1,0,0,"equal"
"800124-1110950",1,0,1,0,0,0,1,1,1,0,"equal"
"740422-4038384",1,1,1,0,1,1,1,0,1,0,"equal"
"980520-2678582",0,0,0,1,0,1,1,1,0,0,"equal"
"611115-2538597",1,1,0,0,0,0,1,1,1,0,"equal"
"930115-2587618",1,0,1,1,0,1,1,0,0,0,"equal"
"530117-2083972",1,0,0,0,1,0,0,0,1,0,"equal"
"740521-1973496",1,0,0,1,0,1,0,1,0,1,"equal"
"590627-3882693",1,0,0,0,1,0,1,0,1,1,"equal"
"820408-3543551",1,1,0,1,0,0,1,0,0,0,"equal"
"930328-1407049",0,1,1,0,1,1,1,0,1,1,"equal"
"580928-4244876",1,1,1,1,1,1,1,1,0,0,"equal"
"710507-1836858",0,0,0,1,1,1,0,0,0,1,"equal"
"941025-4118684",0,0,0,1,1,0,0,0,1,1,"equal"
"910423-1747779",1,0,0,0,1,0,1,1,0,1,"equal"
"960405-1658331",1,1,1,0,0,0,0,1,0,1,"equal"
"791118-4982531",1,0,0,1,1,0,0,0,1,0,"equal"
"730517-4842970",1,1,1,0,1,0,0,0,1,1,"equal"
"551021-1467795",1,0,0,1,1,0,1,1,0,1,"equal"
"860416-1010946",0,0,1,1,1,0,1,0,1,1,"equal"
"710520-2802579",0,0,1,1,0,0,0,1,0,1,"equal"
"780422-2723112",0,1,1,0,1,1,1,0,0,1,"equal"
"890308-3912097",0,1,1,1,0,0,0,1,0,0,"equal"
"760207-1919957",0,0,0,0,1,1,0,1,0,0,"equal"
"951105-3209378",0,0,0,0,0,1,1,0,0,0,"equal"
"801204-2782393",0,0,0,0,0,0,0,1,0,0,"equal"
"690407-3751934",0,1,1,0,1,1,1,0,1,1,"equal"
"641014-3443508",0,0,0,1,1,0,0,1,0,0,"equal"
"860307-2661189",1,1,1,0,1,0,1,1,0,0,"equal"
"670508-4579479",1,0,0,1,1,1,0,0,0,1,"equal"
"790405-4644505",0,1,1,1,0,1,1,1,1,0,"equal"
"671001-2641750",1,0,1,0,1,1,1,0,0,0,"equal"
"781119-1450718",1,1,1,1,0,1,1,1,0,0,"equal"
"850705-2501359",1,1,1,1,1,1,1,1,1,0,"equal"
"811218-3864712",0,0,0,1,1,0,1,0,0,0,"equal"
"900221-4461782",1,0,1,0,0,1,0,0,1,0,"equal"
"651210-1783891",1,0,0,1,0,1,0,1,1,0,"equal"
"710802-4449323",0,1,0,1,0,0,1,0,0,1,"equal"
"900714-3743297",1,1,1,0,0,1,0,0,1,1,"equal"
"761203-2520247",1,1,0,1,0,1,1,0,0,0,"equal"
"670701-3159791",1,0,1,1,0,0,0,1,0,1,"equal"
"900628-3340021",0,1,1,0,0,0,0,0,1,1,"equal"
"750222-2120588",1,0,0,0,0,1,1,0,1,1,"equal"
"851111-1814252",1,0,0,1,1,0,0,0,0,0,"equal"
"861204-2446650",0,0,1,1,1,0,0,1,1,1,"equal"
"580325-4369671",1,1,0,0,1,0,1,1,0,0,"equal"
"930527-4297947",0,1,0,0,1,0,0,0,1,1,"equal"
"940620-3751959",0,1,1,0,1,1,1,0,1,1,"equal"
"930820-3668633",1,0,1,0,0,1,0,1,1,1,"equal"
"851108-4362101",0,1,1,1,1,0,1,0,1,1,"equal"
"600517-3677830",1,0,1,0,1,0,1,0,0,1,"equal"
"770226-1083072",0,0,1,1,1,1,1,0,1,1,"equal"
"720908-1582028",1,1,0,0,1,0,1,1,1,0,"equal"
"650301-1339674",1,0,0,0,1,1,1,0,0,0,"equal"
"760528-1843088",0,0,0,1,0,0,0,1,1,0,"equal"
"740724-2301580",1,0,1,1,1,1,1,0,0,0,"equal"
"970112-3910834",1,1,0,1,0,1,0,0,0,1,"equal"
"750127-4113545",0,1,1,1,0,1,0,0,1,0,"equal"
"570902-3405757",1,1,1,1,0,1,0,1,0,0,"equal"
"530518-3930926",1,1,0,0,0,0,0,1,0,1,"equal"
"751111-1475493",0,1,0,0,1,1,0,0,1,1,"equal"
"550821-4140365",1,1,0,0,0,0,1,1,1,1,"equal"
"941218-2894814",1,0,0,0,1,0,0,0,1,1,"equal"
"960903-4366112",0,1,1,1,1,1,1,1,0,1,"equal"
"530927-4789783",1,0,1,1,1,0,1,1,1,0,"equal"
"770411-1358203",0,1,0,0,0,0,0,0,1,1,"equal"
"640104-1760150",1,0,1,1,1,0,0,1,0,0,"equal"
"520425-2217438",1,0,0,1,1,0,1,0,1,1,"equal"
"850301-1083940",1,0,0,1,0,1,1,0,1,0,"equal"
"981004-4557095",1,0,0,1,1,0,0,1,0,1,"equal"
"791120-3538531",1,1,1,0,0,0,1,0,0,1,"equal"
"780212-2694342",1,0,0,0,0,0,1,1,0,0,"equal"
"500219-3298413",0,1,0,1,0,1,0,0,1,0,"equal"
"710119-1544704",0,0,1,1,1,1,0,1,0,1,"equal"
"500223-2118156",1,1,1,1,1,0,0,1,0,0,"equal"
"930616-4383814",0,0,1,1,0,0,0,1,0,1,"equal"
"810714-2945478",1,0,1,1,1,1,1,0,1,1,"equal"
"500323-2980440",0,1,1,1,1,1,1,0,0,1,"equal"
"781114-1519373",0,1,0,1,1,0,0,0,1,0,"equal"
"641220-1595089",1,1,0,0,0,0,1,0,0,1,"equal"
"850913-1500519",0,0,1,0,1,0,1,1,1,1,"equal"
"820307-3887486",0,1,1,1,0,0,1,1,0,1,"equal"
"941115-2531302",0,1,0,1,0,1,1,1,1,0,"equal"
"751001-4011542",0,1,1,1,1,0,1,0,1,1,"equal"
"900420-3792907",0,0,0,1,1,0,0,0,0,0,"equal"
"591012-1474030",1,1,1,1,0,1,1,0,1,1,"equal"
"530308-1469342",1,0,0,1,0,0,0,0,0,1,"equal"
"740911-3817091",1,1,1,0,0,1,1,1,0,0,"equal"
"841218-4358849",0,1,1,1,0,0,0,0,1,0,"equal"
"780523-3213597",1,0,0,1,1,0,0,1,1,1,"equal"
"691225-2124943",1,1,0,1,1,1,0,1,1,0,"equal"
"680405-4410186",0,1,0,1,0,1,1,0,0,1,"equal"
"560326-1849182",0,1,0,1,0,1,0,0,1,1,"equal"
"971213-3770795",0,1,1,0,1,0,0,1,0,0,"equal"
"961221-3969738",1,1,0,0,0,1,0,0,0,1,"equal"
"990606-1447846",1,0,0,1,1,1,0,0,1,1,"equal"
"660307-2680082",0,0,0,0,1,1,1,1,0,0,"equal"
"611209-3889483",0,0,0,0,1,1,1,1,1,1,"equal"
"720317-4112118",1,0,0,0,0,0,1,1,0,0,"equal"
"640322-4088167",1,0,1,0,0,1,0,1,1,0,"equal"
"830621-1056240",1,1,0,1,1,0,1,0,1,0,"equal"
"770828-3525994",1,1,1,1,0,1,1,0,0,0,"equal"
"790612-3420673",1,0,0,0,1,1,1,1,0,1,"equal"
"520605-3880241",0,0,1,0,1,1,0,1,0,0,"equal"
"640126-2935359",1,0,1,1,0,1,0,0,1,0,"equal"
"790413-1824246",0,0,1,1,1,0,0,0,0,1,"equal"
"991026-1840712",0,1,0,1,0,1,0,1,0,1,"equal"
"521021-3921140",1,1,0,1,0,1,0,0,0,1,"equal"
"511023-3194234",0,1,0,0,0,1,1,1,0,1,"equal"
"641123-4451692",0,1,1,1,1,1,1,1,0,0,"equal"
"720906-2648953",0,0,1,1,0,1,1,1,1,0,"equal"
"790810-2122484",1,0,0,0,1,0,0,1,1,1,"equal"
"750720-1277023",1,0,1,0,1,1,1,1,1,0,"equal"
"590325-1850646",0,0,0,0,0,0,0,1,0,0,"equal"
"730327-1068910",0,0,1,0,0,1,0,0,1,0,"equal"
"540925-4483774",0,1,0,0,1,0,1,0,1,0,"equal"
"650624-1907766",0,0,0,0,1,0,0,0,0,0,"equal"
"661115-4125919",0,0,1,1,0,1,1,1,1,0,"equal"
"960825-1278820",0,1,1,0,1,0,0,1,0,0,"equal"
"871014-4433152",0,0,1,1,0,1,1,1,1,0,"equal"
"780916-1513375",0,0,0,0,0,0,0,1,0,0,"equal"
"540304-3651050",0,0,1,0,0,0,0,0,1,1,"equal"
"680522-4605013",1,0,0,0,0,1,0,1,0,1,"equal"
"770728-4231744",1,0,0,0,1,1,1,0,1,1,"equal"
"960607-3170972",1,0,0,0,1,1,0,1,0,0,"equal"
"620410-1220875",0,0,0,1,1,0,0,0,1,1,"equal"
"851225-3757967",0,1,1,1,1,0,0,0,0,1,"equal"
"550619-2401167",1,0,1,1,0,0,1,1,0,1,"equal"
"580326-3015949",1,1,1,1,0,0,1,0,0,0,"equal"
"950923-4525172",1,1,0,1,0,1,0,1,0,1,"equal"
"841202-1422928",0,1,1,1,0,1,1,1,0,0,"equal"
"700320-3652233",0,0,0,0,1,0,1,0,1,1,"equal"
"890902-4209282",0,1,0,0,1,0,1,0,0,1,"equal"
"650326-4561337",1,1,0,1,0,1,1,0,1,0,"equal"
"900105-4507544",0,1,1,0,1,1,0,1,1,0,"equal"
"900218-3285450",0,1,0,1,1,1,1,0,0,1,"equal"
"960721-1980974",1,0,0,1,0,1,1,1,0,0,"equal"
"891213-4794452",1,0,0,0,1,1,1,1,0,0,"equal"
"510109-4368760",0,0,0,0,1,1,0,0,0,1,"equal"
"790524-2100884",1,0,0,1,0,0,0,0,0,0,"equal"
"640817-3520601",1,0,0,0,0,0,1,0,1,0,"equal"
"661101-1851853",1,0,1,0,1,1,1,0,1,1,"equal"
"820203-4539655",0,0,0,0,1,1,0,1,0,0,"equal"
"511120-3068188",0,1,0,1,1,0,0,1,0,1,"equal"
"670206-4622931",1,0,0,1,0,1,0,1,1,0,"equal"
"780215-2837010",0,1,0,0,1,0,1,1,1,1,"equal"
"890501-4944116",0,0,1,1,0,0,1,0,0,0,"equal"
"680505-4117663",1,1,0,0,0,1,0,1,1,0,"equal"
"731101-1831612",0,1,1,1,1,0,0,1,0,0,"equal"
"550211-2895846",1,1,0,0,1,0,0,0,1,1,"equal"
"640121-1494126",0,1,1,0,0,0,1,1,0,0,"equal"
"990202-3754032",0,1,1,1,0,1,0,0,1,1,"equal"
"820519-1129039",0,0,0,1,0,1,1,1,1,0,"equal"
"760715-3412522",0,1,0,0,1,1,1,0,0,0,"equal"
"761006-4449235",1,1,1,1,1,1,0,1,0,0,"equal"
"740521-2589333",1,0,1,1,1,0,1,1,0,1,"equal"
"840924-4335673",0,0,0,1,0,0,0,1,1,0,"equal"
"741107-2796961",0,0,1,1,1,0,1,1,1,1,"equal"
"650726-1110185",0,1,1,1,1,1,0,1,0,1,"equal"
"790227-2219670",1,1,0,1,0,0,0,0,1,1,"equal"
"800701-3918324",0,1,0,0,1,1,1,1,1,0,"equal"
"910907-3408363",0,1,1,0,1,0,0,0,1,1,"equal"
"631101-3135010",0,0,1,1,1,0,0,1,1,1,"equal"
"790513-1025386",0,1,1,1,1,0,0,0,1,0,"equal"
"780409-2601772",1,1,1,0,0,0,1,0,0,1,"equal"
"521128-1037592",1,1,1,1,1,1,1,1,1,0,"equal"
"840301-3606874",1,0,1,1,1,1,1,1,0,0,"equal"
"970321-1102072",1,0,0,0,1,1,1,0,0,0,"equal"
"580710-1766421",1,1,1,0,0,0,1,0,0,1,"equal"
"690308-4853090",0,1,0,0,1,0,0,1,0,1,"equal"
"520114-3808469",1,1,1,1,0,1,0,0,1,1,"equal"
"550108-3744911",1,1,1,0,1,1,0,1,0,0,"equal"
"660907-3180310",1,0,0,1,1,0,0,0,0,1,"equal"
"971226-4774945",1,1,0,1,1,1,0,1,1,1,"equal"
"821126-3866284",1,1,1,0,1,0,0,1,0,0,"equal"
"960707-1833600",0,1,0,0,0,1,0,0,1,0,"equal"
"521028-2661198",0,0,0,0,1,0,0,0,1,1,"equal"
"941209-3360337",1,1,1,0,1,1,0,0,1,1,"equal"
"850910-2292965",1,0,1,1,0,0,0,1,0,1,"equal"
"880327-2937108",0,0,0,1,0,1,1,1,0,1,"equal"
"930912-4518572",0,1,1,1,0,0,1,1,0,0,"equal"
"591005-2403205",1,1,1,1,1,1,1,1,0,1,"equal"
"830617-4374244",1,1,1,0,0,1,1,0,1,1,"equal"
"800923-3897146",1,1,0,0,0,0,1,1,0,1,"equal"
"840124-1915554",1,0,0,1,1,1,1,0,1,0,"equal"
"520416-4005642",0,1,1,1,0,0,1,0,0,1,"equal"
"520428-4310040",0,1,1,0,0,1,0,0,0,0,"equal"
"930421-4566253",0,0,1,1,1,0,1,0,0,1,"equal"
"530911-2246465",0,1,0,0,1,0,1,1,0,0,"equal"
"700214-2300490",0,1,0,1,0,0,0,0,0,1,"equal"
"800814-3416103",1,1,1,1,0,0,1,0,1,1,"equal"
"921023-1193203",0,1,1,0,0,0,1,0,1,1,"equal"
"790205-1564482",0,1,0,0,0,0,1,0,0,0,"equal"
"690517-1841646",0,1,1,1,0,0,0,1,1,0,"equal"
"780918-2131570",1,1,1,1,0,1,1,1,1,0,"equal"
"710621-4576656",0,1,0,1,0,1,1,0,0,1,"equal"
"780508-4292804",0,0,1,1,0,0,1,1,1,1,"equal"
"550823-4579214",0,0,0,1,1,0,1,0,0,0,"equal"
"510913-4988893",1,1,0,0,1,0,0,1,0,0,"equal"
"810522-1926642",1,1,0,0,1,1,1,0,1,0,"equal"
"790714-4798094",1,0,1,0,0,0,0,0,0,1,"equal"
"860214-4002327",1,0,1,0,0,1,1,1,0,1,"equal"
"980411-3775310",1,0,1,0,0,0,1,0,1,1,"equal"
"830211-3271023",1,1,0,1,0,1,0,0,1,1,"equal"
"920804-1947779",0,1,1,0,0,1,1,0,1,0,"equal"
"540328-3289388",0,0,0,1,1,0,1,0,0,1,"equal"
"690713-3160330",1,0,1,1,1,1,0,1,1,1,"equal"
"870308-1195581",0,1,0,0,0,1,1,0,1,1,"equal"
"930207-3921754",0,0,1,0,0,1,1,1,0,0,"equal"
"560413-1173878",1,0,0,1,0,0,1,1,0,0,"equal"
"931228-3808518",1,1,1,1,1,0,0,0,0,1,"equal"
"630509-1153113",1,0,0,1,0,0,1,0,1,1,"equal"
"640117-3890460",0,0,1,0,1,0,0,0,1,0,"equal"
"560218-2131362",0,0,1,0,0,0,1,1,1,0,"equal"
"820324-4136893",0,0,0,1,1,1,1,1,0,1,"equal"
"801124-2483983",0,1,1,1,0,1,0,0,1,0,"equal"
"700122-2555137",1,0,0,1,1,1,1,0,0,0,"equal"
"750209-4545485",0,1,1,0,1,0,1,1,0,1,"equal"
"530910-2834726",0,0,1,0,1,1,1,1,1,1,"equal"
"670919-3184857",1,1,0,0,0,1,0,1,0,1,"equal"
"771105-4478664",1,0,0,0,0,0,0,0,0,1,"equal"
"570803-1611008",0,0,0,1,0,0,0,1,1,1,"equal"
"830922-2261659",1,0,0,0,1,1,1,0,1,0,"equal"
"581104-1932938",0,1,0,0,0,1,0,0,1,0,"equal"
"761018-1870556",0,1,0,0,1,1,0,1,1,1,"equal"
"540409-3627957",1,1,1,0,1,1,0,0,1,0,"equal"
"590407-2702010",1,0,0,1,0,1,1,1,1,1,"equal"
"930416-2005973",0,0,1,0,0,1,1,1,0,1,"equal"
"790302-4581963",1,0,1,1,1,1,0,1,1,0,"equal"
"780825-4166229",1,0,0,0,0,0,1,1,1,1,"equal"
"990813-4981950",0,0,0,1,0,1,0,0,1,0,"equal"
"850411-4549820",1,1,1,0,0,0,0,0,0,0,"equal"
"961024-2167548",1,0,1,0,1,1,0,0,1,1,"equal"
"790705-1207877",1,1,0,0,0,0,1,1,0,1,"equal"
"620104-4874260",0,1,1,0,0,0,1,0,0,1,"equal"
"791127-1080999",0,1,1,1,1,0,0,1,0,1,"equal"
"870615-2225467",1,1,1,0,1,1,1,1,1,1,"equal"
"580206-3996418",1,0,1,0,1,1,0,0,0,0,"equal"
"501208-4427703",1,0,1,0,1,1,0,0,1,0,"equal"
"771018-1331995",0,0,0,1,0,0,1,1,1,0,"equal"
"500521-3711605",0,1,0,0,1,0,0,0,0,0,"equal"
"550811-2799884",0,1,1,0,0,1,1,1,0,0,"equal"
"580925-2809999",0,0,0,0,0,1,0,0,0,0,"equal"
"510222-4342987",1,1,0,0,0,0,1,1,0,0,"equal"
"901126-3955372",1,0,0,0,0,0,1,0,0,1,"equal"
"960523-3045485",1,1,1,1,1,1,1,0,1,1,"equal"
"620203-2136913",0,1,1,0,0,1,0,1,0,1,"equal"
"900718-4750638",0,1,0,0,1,0,1,1,0,1,"equal"
"540625-3158799",1,1,1,0,1,1,0,1,1,0,"equal"
"960920-4610417",0,0,1,0,0,0,0,1,0,0,"equal"
"900801-4619188",0,1,1,0,1,1,0,0,0,0,"equal"
"890617-2906351",1,1,1,0,1,1,1,1,1,1,"equal"
"630124-4013240",0,0,1,0,1,0,0,1,0,0,"equal"
"690925-4309611",1,1,0,0,1,0,1,1,0,0,"equal"
"610111-2687894",1,0,0,1,0,1,0,0,0,0,"equal"
"580505-1533517",0,1,0,0,0,0,1,0,0,0,"equal"
"930728-3761014",0,0,0,1,1,1,0,0,0,0,"equal"
"711027-3142381",1,0,1,1,0,1,1,1,0,0,"equal"
"850921-4084327",0,1,0,1,1,0,1,0,0,1,"equal"
"990119-3400860",1,0,1,0,1,1,0,0,1,0,"equal"
"790214-3357127",1,1,0,1,1,1,0,1,1,1,"equal"
"840311-4529696",1,0,1,1,0,0,0,0,0,0,"equal"
"550524-2204082",0,0,0,1,0,0,0,1,0,1,"equal"
"670113-3456885",0,1,0,0,0,1,0,1,0,1,"equal"
"960904-3861640",1,1,1,1,1,1,0,1,1,1,"equal"
"661011-3058400",0,1,0,0,1,1,0,0,1,0,"equal"
"640822-1293113",0,0,0,0,1,1,0,1,1,0,"equal"
"580204-1401238",1,0,0,1,1,1,0,0,0,0,"equal"
"670220-4811823",0,0,1,0,0,0,1,1,0,0,"equal"
"800404-2877110",0,1,0,0,1,1,1,0,1,0,"equal"
"560810-1103061",1,0,1,0,0,1,1,1,0,0,"equal"
"660625-1571283",1,1,1,1,0,1,0,0,1,1,"equal"
"950420-2267521",1,0,0,1,1,0,0,1,1,1,"equal"
"700119-3577996",0,1,1,0,1,0,0,1,1,0,"equal"
"841224-2518801",1,1,0,0,0,0,0,0,1,0,"equal"
"760503-1845181",0,0,1,1,0,0,0,0,0,1,"equal"
"950521-4312944",1,0,0,1,0,0,1,1,0,1,"equal"
"660303-4763208",0,1,1,0,1,0,0,0,1,1,"equal"
"720814-2182054",1,1,1,0,1,0,1,1,0,1,"equal"
"631225-3596788",0,1,1,1,0,1,1,0,0,1,"equal"
"750909-3090214",0,1,0,0,1,1,0,1,0,1,"equal"
"710314-1986056",1,1,0,1,1,0,1,0,0,1,"equal"
"990901-2299455",0,0,1,1,1,1,0,1,0,0,"equal"
"710412-2097151",0,0,1,0,0,1,0,0,0,0,"equal"
"620415-3072808",1,0,1,1,1,1,1,1,0,0,"equal"
"660803-4453556",0,0,1,0,1,1,0,0,1,0,"equal"
"850120-1680357",1,0,0,1,0,1,1,1,1,0,"equal"
"990528-2825298",0,1,1,1,1,0,1,1,1,0,"equal"
"600522-1091499",0,0,0,1,1,0,0,0,1,0,"equal"
"890119-4395454",0,1,0,1,0,1,1,0,0,1,"equal"
"541207-1238222",1,0,1,0,0,1,1,0,0,0,"equal"
"580605-3504087",1,1,1,0,1,0,1,1,1,1,"equal"
"920220-2819333",0,0,0,0,0,1,1,1,0,0,"equal"
"680618-4860415",0,0,0,0,0,1,0,0,1,0,"equal"
"580308-2101862",0,1,0,1,0,0,1,1,0,0,"equal"
"970624-2951481",0,1,0,1,0,0,0,1,1,1,"equal"
"780424-2479842",0,1,1,0,1,0,0,1,0,0,"equal"
"580721-3577383",1,1,0,1,0,1,1,0,1,1,"equal"
"880617-2869461",0,1,0,0,0,1,1,0,1,0,"equal"
"980206-3283168",1,1,0,1,0,0,1,0,0,1,"equal"
"990305-4783528",1,1,1,1,0,1,1,1,0,0,"equal"
"840307-3947075",1,1,0,1,0,1,1,0,1,1,"equal"
"581218-2451868",1,0,0,0,1,0,0,0,1,0,"equal"
"820607-2567913",1,1,1,1,1,0,0,0,1,1,"equal"
"820224-4626673",0,1,0,0,0,0,1,0,1,1,"equal"
"680605-4389372",1,0,0,0,0,1,1,0,1,0,"equal"
"501228-2533336",0,0,1,0,1,1,0,1,0,1,"equal"
"790111-3561309",0,1,0,0,1,1,1,0,1,1,"equal"
"770624-2172463",0,1,1,0,1,0,1,0,1,0,"equal"
"980621-4312852",1,1,0,0,1,0,0,1,0,1,"equal"
"740116-4368121",0,0,1,0,0,0,1,0,0,0,"equal"
"710114-4572068",0,0,1,1,0,0,0,0,0,1,"equal"
"720218-2458025",0,1,1,1,1,1,1,1,0,1,"equal"
"860402-3235236",0,0,0,1,1,1,1,0,0,1,"equal"
"870217-4898543",0,0,1,0,0,0,1,1,0,0,"equal"
"561022-1572284",0,0,1,0,1,0,1,0,1,0,"equal"
"700107-4069581",0,1,1,1,1,1,0,1,0,0,"equal"
"680620-2597260",0,1,1,0,0,0,1,0,1,0,"equal"
"700920-3884039",0,1,0,0,0,1,1,0,1,0,"equal"
"560411-3200699",1,0,0,0,0,0,1,1,1,0,"equal"
"830325-4914688",0,0,1,0,0,1,1,1,1,0,"equal"
"580201-1369473",0,1,1,0,1,0,0,0,0,1,"equal"
"520124-4949807",1,1,0,0,0,1,1,0,1,0,"equal"
"571115-2193377",0,1,0,1,1,0,0,1,0,1,"equal"
"890411-1857002",1,1,0,1,1,1,1,1,0,1,"equal"
"710625-4422643",0,1,1,0,1,1,1,1,1,0,"equal"
"910216-4740707",1,1,0,1,0,0,1,0,0,1,"equal"
"771020-1072454",0,1,1,0,1,0,1,1,0,1,"equal"
"581206-4547316",1,1,0,0,0,1,1,1,0,0,"equal"
"880718-4562705",1,0,0,0,1,0,0,0,0,0,"equal"
"611201-4926370",0,0,0,0,1,1,0,0,0,1,"equal"
"620117-3662272",1,1,0,0,1,0,0,0,1,1,"equal"
"580318-2038112",1,0,0,1,1,0,0,0,0,0,"equal"
"771209-2217127",1,0,0,0,0,1,0,0,1,1,"equal"
"680707-4374420",0,0,0,0,1,0,0,0,0,1,"equal"
"610309-4785147",0,1,1,0,1,1,0,0,1,0,"equal"
"850304-2941507",1,1,0,1,0,1,1,1,0,0,"equal"
"770110-3885915",1,1,1,0,0,1,0,1,1,1,"equal"
"961001-4953943",1,0,1,1,1,1,1,0,1,0,"equal"
"910515-1475198",0,0,0,0,0,0,0,1,0,1,"equal"
"910820-4344802",0,1,0,1,0,0,1,0,1,0,"equal"
"730902-1538740",0,0,0,0,0,0,0,0,1,1,"equal"
"801105-3054155",1,1,0,0,1,0,1,1,0,1,"equal"
"700826-1959761",0,1,1,1,0,0,1,1,1,0,"equal"
"520319-2313187",1,0,1,1,1,1,1,0,0,0,"equal"
"920423-1438482",0,1,1,0,0,1,1,0,0,1,"equal"
"881006-4113394",1,1,0,1,0,0,0,1,0,0,"equal"
"820325-4778078",0,1,0,0,1,0,1,0,0,1,"equal"
"550309-4837791",1,0,0,0,1,0,1,0,0,0,"equal"
"600826-1771964",0,1,1,1,0,0,1,1,0,1,"equal"
"710802-2772589",0,1,1,0,0,0,1,0,1,1,"equal"
"931101-2656814",0,1,0,0,1,1,0,0,0,0,"equal"
"861119-1205825",0,0,1,1,1,0,0,1,0,0,"equal"
"580517-2848054",0,1,0,0,0,0,0,0,1,1,"equal"
"780418-1369287",0,1,1,1,0,0,0,0,0,0,"equal"
"961210-2396651",0,0,1,1,0,0,0,0,0,0,"equal"
"840803-2031747",1,1,1,0,1,0,0,1,1,0,"equal"
"730511-3814917",1,0,0,1,0,0,0,1,0,1,"equal"
"520627-3898857",1,0,0,0,0,0,1,0,1,0,"equal"
"840113-1085131",1,1,1,0,0,0,1,1,0,0,"equal"
"980109-3761182",1,1,1,0,0,0,0,0,0,0,"equal"
"570215-1922174",1,1,1,1,0,1,1,0,1,0,"equal"
"790416-1589835",0,0,0,1,1,0,1,1,1,1,"equal"
"640426-2581581",1,1,0,1,0,0,1,0,1,1,"equal"
"670718-4224068",0,1,0,1,0,1,1,1,1,0,"equal"
"600315-4915063",1,1,0,1,1,1,1,1,0,0,"equal"
"541218-1059951",0,1,1,1,1,1,0,1,0,0,"equal"
"920221-2991435",0,1,1,0,0,0,1,1,0,0,"equal"
"660112-1519694",0,1,0,1,1,1,0,0,1,0,"equal"
"631225-1680435",1,0,1,1,1,0,1,1,0,0,"equal"
"740101-3369180",1,0,1,0,0,0,1,1,1,0,"equal"
"840408-4728327",1,0,1,0,1,1,1,1,1,0,"equal"
"571217-2233127",0,1,1,1,0,1,1,1,0,1,"equal"
"710111-3277745",0,1,1,0,0,1,1,0,0,1,"equal"
"590910-3525607",0,1,0,0,1,0,0,1,0,1,"equal"
"951226-3717293",0,0,1,1,1,1,1,0,0,1,"equal"
"951015-2148673",1,0,1,1,1,1,0,1,0,1,"equal"
"951205-4433074",1,0,0,0,1,0,0,1,0,1,"equal"
"830109-2359976",1,1,0,0,1,0,1,1,1,0,"equal"
"641210-3935082",0,0,1,0,1,1,1,0,1,1,"equal"
"730510-2745712",0,1,1,1,1,1,1,1,0,0,"equal"
"760415-2594398",1,1,0,1,0,1,1,0,1,0,"equal"
"771010-4034627",0,1,0,0,1,0,1,1,0,1,"equal"
"930104-4944262",1,0,0,0,1,1,1,1,0,0,"equal"
"760119-2463503",1,1,0,0,1,0,1,0,1,1,"equal"
"861008-2625183",0,1,0,1,1,0,1,0,0,1,"equal"
"790602-4469075",1,1,0,1,1,1,0,1,1,1,"equal"
"500828-2435795",1,1,1,1,1,1,1,1,0,1,"equal"
"900813-2763203",1,0,0,1,1,0,1,1,1,0,"equal"
"840610-3109630",0,0,0,0,1,0,0,0,0,0,"equal"
"681012-2011156",0,0,1,1,1,1,1,1,0,1,"equal"
"890309-1713239",1,1,1,1,1,0,0,1,0,0,"equal"
"730105-1486724",1,0,0,1,1,0,0,0,1,0,"equal"
"880424-4355198",1,1,1,1,0,0,1,0,1,1,"equal"
"911215-3851917",0,0,0,0,0,1,0,1,1,0,"equal"
"711208-1854654",1,1,1,0,1,0,1,0,0,0,"equal"
"820228-4159205",0,0,1,1,1,1,1,1,1,0,"equal"
"530311-2838945",1,0,1,0,1,1,1,1,0,0,"equal"
"811221-1120765",0,1,1,1,0,1,1,1,1,0,"equal"
"880208-3996104",0,0,1,1,0,1,1,0,1,0,"equal"
"680405-3149608",1,0,0,0,1,1,0,0,1,0,"equal"
"541023-4422990",1,1,0,1,1,1,1,1,0,0,"equal"
"730202-4037330",1,1,0,1,1,0,0,0,0,0,"equal"
"510113-3620977",0,0,1,1,1,0,0,0,0,1,"equal"
"901005-3445949",1,0,0,1,0,0,1,0,1,1,"equal"
"940212-3417574",1,0,0,0,0,0,1,0,1,1,"equal"
"880201-3748261",0,1,1,1,1,1,0,0,1,0,"equal"
"770517-1101903",0,1,1,1,0,0,0,0,0,0,"equal"
"931108-2210871",1,1,0,0,1,1,1,1,0,1,"equal"
"670428-4286951",1,1,0,0,1,1,0,0,0,0,"equal"
"780506-3174977",0,0,1,1,0,0,0,0,0,1,"equal"
"860927-1443032",1,0,1,1,1,0,1,1,0,0,"equal"
"810809-3430651",1,1,1,1,1,0,1,0,0,1,"equal"
"540905-4989980",1,0,0,1,1,1,1,1,1,0,"equal"
"550111-4983084",0,1,0,0,1,1,0,0,1,0,"equal"
"680703-3377984",1,1,1,0,0,0,0,0,0,1,"equal"
"970825-2215640",0,1,1,0,1,0,0,1,0,1,"equal"
"921016-3663401",1,0,0,1,0,1,0,0,0,0,"equal"
"560118-2467027",1,0,1,1,1,0,0,0,0,1,"equal"
"880322-1585452",0,1,1,1,1,1,1,1,1,1,"equal"
"941114-3607397",0,1,1,0,1,1,0,1,1,1,"equal"
"870601-1862444",1,0,0,0,0,1,0,1,1,0,"equal"
"850828-1414456",1,1,1,1,0,0,0,1,0,0,"equal"
"630517-2280104",1,1,1,0,0,0,0,1,1,0,"equal"
"660404-3990380",1,1,0,0,0,0,0,0,0,1,"equal"
"701009-2025421",1,0,0,0,1,0,1,1,1,1,"equal"
"990727-1733834",1,1,0,1,0,0,0,1,0,1,"equal"
"701016-2153079",0,0,0,0,0,0,0,0,1,1,"equal"
"990314-2685073",1,1,0,1,0,0,0,1,0,1,"equal"
"860517-3434332",0,1,0,1,1,0,0,0,0,1,"equal"
"611028-1974406",0,1,0,1,1,1,1,0,0,1,"equal"
"730318-1887590",0,0,1,0,1,1,1,1,0,0,"equal"
"731015-1738874",1,1,0,1,1,0,1,1,0,1,"equal"
"791207-1895705",0,0,0,1,1,0,0,1,0,0,"equal"
"860403-3991656",1,1,0,1,1,1,0,0,0,1,"equal"
"950625-4773336",0,1,0,1,0,1,0,1,0,1,"equal"
"631103-4367307",1,0,1,1,0,0,0,0,0,0,"equal"
"800817-3004971",1,0,1,1,1,0,1,1,0,1,"equal"
"790625-2448327",0,0,1,0,1,1,1,0,0,0,"equal"
"791223-1682420",1,1,0,0,0,0,0,1,1,1,"equal"
"530427-2369673",0,0,1,0,0,1,0,0,1,0,"equal"
"600119-3610922",0,1,0,0,0,1,0,0,0,1,"equal"
"830523-3337837",1,0,1,1,0,0,0,1,0,1,"equal"
"651015-3030863",0,1,0,1,0,0,1,0,0,1,"equal"
"631203-2454154",1,1,1,1,0,1,0,0,0,1,"equal"
"691120-2690537",1,0,1,0,0,1,1,0,0,0,"equal"
"891002-4482093",1,1,1,1,0,1,1,1,0,0,"equal"
"870710-3033354",0,1,0,1,0,0,1,1,0,1,"equal"
"520902-3149108",1,0,0,1,1,0,1,0,0,1,"equal"
"630411-4723755",1,0,1,1,0,0,0,0,0,1,"equal"
"660607-2653306",0,1,1,0,1,0,0,1,1,1,"equal"
"880228-3590983",0,0,1,1,0,0,0,1,1,0,"equal"
"791217-1445955",0,1,0,1,0,1,0,1,1,1,"equal"
"540907-2025706",0,0,0,1,0,1,1,1,1,1,"equal"
"760209-2326667",0,0,0,0,0,0,0,0,1,1,"equal"
"590202-1931140",1,1,0,0,1,1,0,1,0,0,"equal"
"781015-2326687",0,0,1,1,0,1,1,0,1,1,"equal"
"840420-3707664",0,1,1,0,1,0,0,0,0,0,"equal"
"591115-4666630",0,1,1,1,1,1,1,1,0,0,"equal"
"890719-3874409",1,1,1,0,1,0,0,1,1,0,"equal"
"601115-4236314",1,1,1,0,0,1,0,1,0,1,"equal"
"500606-1258897",1,1,1,1,1,0,0,1,0,0,"equal"
"850715-3998875",1,0,1,0,1,0,1,1,1,0,"equal"
"950921-1929373",1,1,0,0,1,1,0,0,0,0,"equal"
"980609-2519320",0,1,1,1,0,1,1,0,0,1,"equal"
"911026-1623638",0,1,1,1,1,0,1,0,1,1,"equal"
"851107-3479304",0,0,1,0,1,0,0,1,0,1,"equal"
"701115-1086670",1,0,0,0,1,0,0,0,1,1,"equal"
"970516-2236613",0,1,0,1,0,0,1,1,1,0,"equal"
"641207-3622556",1,1,1,1,0,1,0,1,0,1,"equal"
"801114-3845588",0,0,0,0,1,0,0,1,0,0,"equal"
"651106-1890908",0,1,0,0,1,1,1,1,1,1,"equal"
"551023-3824631",1,1,1,0,1,1,1,0,1,1,"equal"
"810425-1725546",1,0,0,0,0,1,1,0,1,1,"equal"
"751208-4831074",1,0,0,0,1,0,1,0,1,0,"equal"
"740628-3565179",1,1,0,0,1,1,0,0,1,0,"equal"
"800216-3174014",0,0,0,1,1,0,1,0,0,1,"equal"
"821115-1217708",0,0,0,1,1,0,1,1,0,1,"equal"
"871116-1074459",0,0,0,1,0,1,1,0,1,1,"equal"
"970314-1978911",1,0,1,0,0,0,0,0,0,0,"equal"
"941028-3552743",0,1,1,0,1,1,1,1,0,1,"equal"
"990321-3955163",1,1,1,1,0,1,1,0,1,1,"equal"
"521002-1504924",1,1,0,0,0,1,1,0,1,1,"equal"
"981104-1106289",1,0,0,1,1,0,1,0,0,0,"equal"
"900907-1989249",1,1,1,1,0,0,0,1,1,0,"equal"
"971127-4469650",0,0,1,1,1,0,1,1,1,0,"equal"
"500114-2782767",1,0,1,1,1,1,1,0,0,1,"equal"
"520420-3271265",0,1,1,1,1,1,1,0,1,0,"equal"
"660907-4204548",0,0,0,0,0,1,0,1,1,0,"equal"
"500309-3812227",0,1,1,1,0,0,0,1,0,0,"equal"
"700601-1900790",0,1,0,1,0,0,0,0,0,1,"equal"
"850318-4192900",0,1,0,1,1,0,1,0,0,0,"equal"
"890522-3007772",0,1,0,0,1,0,1,1,0,0,"equal"
"590805-2148185",0,0,1,0,0,0,0,0,0,0,"equal"
"610514-4292022",0,0,1,0,0,0,0,1,1,1,"equal"
"821105-4414480",0,1,0,1,1,1,0,0,1,0,"equal"
"691104-1046083",1,1,0,1,1,0,1,1,0,0,"equal"
"940809-1957727",0,1,1,1,0,1,0,1,1,1,"equal"
"560415-2626591",1,0,0,0,1,0,0,1,1,0,"equal"
"870201-1149421",0,0,0,1,0,0,0,1,0,1,"equal"
"701024-2763053",1,1,0,1,0,1,1,0,0,0,"equal"
"500825-3205114",0,0,0,0,0,1,0,0,1,1,"equal"
"850217-3317993",0,1,0,1,0,0,0,1,1,0,"equal"
"660613-1236086",1,0,1,0,0,1,1,0,0,1,"equal"
"830310-1673222",0,0,1,1,1,0,0,0,1,1,"equal"
"531101-1658698",1,0,1,0,1,0,1,1,1,0,"equal"
"540414-2710530",0,0,0,1,1,1,1,0,0,1,"equal"
"840117-4527541",1,1,1,0,0,0,0,1,1,0,"equal"
"891227-2222158",1,0,0,0,0,0,0,1,0,1,"equal"
"821008-4181667",1,1,0,1,1,0,0,0,1,1,"equal"
"810905-1160523",1,1,1,0,1,0,0,0,1,1,"equal"
"521115-2075391",1,0,0,0,1,0,0,1,1,1,"equal"
"621106-3980632",1,1,0,1,1,1,1,1,0,1,"equal"
"760410-4553330",0,0,0,0,0,0,1,0,0,0,"equal"
"810911-1862917",1,1,0,1,1,1,0,1,0,0,"equal"
"660315-4512289",1,1,0,1,1,0,1,0,1,0,"equal"
"590108-2338239",1,0,1,1,0,1,1,1,0,1,"equal"
"591214-1414581",1,1,1,0,0,1,0,1,1,1,"equal"
"910313-1250834",1,1,0,1,0,1,0,0,1,0,"equal"
"930727-3943678",1,1,0,1,1,1,0,1,1,0,"equal"
"780116-2372180",1,0,1,0,0,0,1,0,1,1,"equal"
"610702-2129705",0,0,1,1,1,0,0,0,1,0,"equal"
"521108-2451471",0,0,0,0,0,1,0,0,0,0,"equal"
"520723-1965225",0,1,1,1,0,0,0,0,0,1,"equal"
"660208-3534777",1,0,1,0,1,1,0,0,0,1,"equal"
"691007-2532136",0,0,0,0,1,1,1,0,0,1,"equal"
"880925-1746529",1,0,1,1,0,0,1,1,1,0,"equal"
"650723-4043109",0,0,1,0,1,0,1,0,1,1,"equal"
"651128-4740994",0,1,0,1,0,0,1,1,1,0,"equal"
"670716-4128940",1,1,1,0,1,0,0,0,1,0,"equal"
"891221-3426868",1,1,0,0,1,0,0,1,0,0,"equal"
"820119-4136681",1,0,0,0,0,1,1,0,0,1,"equal"
"720609-1766461",1,1,0,0,1,1,0,1,0,0,"equal"
"711217-2283664",1,0,0,0,1,1,0,1,0,1,"equal"
"841006-4834792",0,1,0,0,1,0,1,0,0,1,"equal"
"760804-4074482",0,0,1,1,0,0,0,1,1,1,"equal"
"650704-1697575",1,0,1,0,0,1,1,0,0,0,"equal"
"940828-1510779",0,0,0,1,0,0,0,0,0,1,"equal"
"740224-2374404",1,1,0,1,1,0,0,1,1,1,"equal"
"990226-3262175",1,1,0,1,1,0,1,1,1,0,"equal"
"920705-4825962",1,0,1,0,1,1,0,0,0,1,"equal"
"541101-3111229",1,1,0,1,1,1,1,0,1,0,"equal"
"690524-3008288",0,0,1,0,0,1,1,1,1,0,"equal"
"840115-3764428",0,0,0,0,1,0,1,1,0,1,"equal"
"520325-2492075",0,0,1,1,1,0,0,1,0,0,"equal"
"961006-1073411",1,0,1,1,0,1,0,0,1,0,"equal"
"640724-2161634",0,1,1,0,0,0,0,1,0,0,"equal"
"710312-2288050",1,0,0,0,1,0,1,0,0,0,"equal"
"590624-3321797",1,0,1,1,0,0,1,1,0,1,"equal"
"720903-1524464",1,0,1,0,1,1,0,0,1,0,"equal"
"790524-2161333",0,1,0,1,0,1,1,1,1,1,"equal"
"621015-2596086",0,1,1,1,1,1,0,1,0,1,"equal"
"670316-1106033",1,0,1,0,1,0,1,1,0,0,"equal"
"600203-4545013",0,1,1,1,0,1,1,0,1,1,"equal"
"910426-3039861",1,0,0,1,0,0,1,0,0,1,"equal"
"720220-3878083",0,0,1,1,0,0,1,0,1,1,"equal"
"750512-1554849",1,0,0,1,0,1,0,0,1,0,"equal"
"760605-1801457",0,1,1,0,0,1,0,0,1,0,"equal"
"910210-2513259",1,1,1,0,0,0,0,1,1,0,"equal"
"970419-1715845",1,1,1,1,1,1,0,0,0,0,"equal"
"981223-2625972",1,0,0,1,1,0,0,0,1,1,"equal"
"710827-3401480",1,0,0,1,0,1,0,0,1,0,"equal"
"590315-3995784",1,0,1,0,0,1,0,1,0,1,"equal"
"560417-3534237",0,0,1,0,0,1,0,0,1,0,"equal"
"950904-4279383",1,0,1,1,1,1,1,1,1,0,"equal"
"570206-1613691",0,0,1,1,1,1,0,0,0,1,"equal"
"781213-2638288",1,0,1,0,0,0,1,1,0,1,"equal"
"590304-3018184",1,1,0,1,0,0,1,0,0,1,"equal"
"500303-1547615",1,0,1,1,0,0,0,1,1,1,"equal"
"600427-2929490",1,0,1,1,0,0,0,1,1,0,"equal"
"760613-4302898",1,1,1,0,1,0,1,1,0,0,"equal"
"570407-4444166",1,1,1,1,0,1,1,0,1,0,"equal"
"900223-4751679",0,0,0,0,1,1,1,0,0,1,"equal"
"660721-3484183",1,1,0,0,0,0,0,1,0,1,"equal"
"990305-2208194",1,1,1,0,0,1,1,0,0,0,"equal"
"690205-1925644",1,0,1,0,1,1,1,0,1,1,"equal"
"620316-4703543",1,1,0,1,1,0,1,0,1,0,"equal"
"920901-1688917",1,1,0,0,0,1,1,0,0,0,"equal"
"620508-2727878",0,0,1,1,1,0,0,0,0,1,"equal"
"501117-3750713",1,0,0,0,0,0,1,1,0,1,"equal"
"741128-2369109",0,0,1,0,0,1,0,1,1,1,"equal"
"721014-3229831",1,1,1,0,1,0,1,0,1,1,"equal"
"520722-2638624",1,0,1,0,1,1,1,1,1,0,"equal"
"511026-1821116",0,0,0,0,1,0,0,1,0,0,"equal"
"771111-4814760",1,0,0,0,0,1,1,1,0,0,"equal"
"690105-1603240",1,1,0,1,0,1,1,1,0,1,"equal"
"701028-4712870",0,1,1,0,1,0,1,0,1,1,"equal"
"701119-2737759",1,1,1,1,1,0,0,1,0,0,"equal"
"711202-4251011",0,0,0,1,1,1,1,1,0,1,"equal"
"830509-4382216",1,0,0,0,0,1,0,0,0,0,"equal"
"670527-3067812",1,0,1,0,1,0,0,0,1,0,"equal"
"960607-1703554",0,0,1,1,0,0,0,1,1,1,"equal"
"761112-1214866",1,1,1,0,1,1,0,1,1,0,"equal"
"801117-1308330",0,1,1,0,1,0,0,1,1,0,"equal"
"831109-3076623",1,0,1,0,0,1,1,0,0,1,"equal"
"821026-1455055",1,0,0,0,0,0,0,0,0,0,"equal"
"720518-4551541",0,1,0,0,0,0,0,1,1,1,"equal"
"800220-1426373",0,0,1,1,0,0,0,0,0,0,"equal"
"960516-2977701",1,1,0,0,1,1,1,1,0,0,"equal"
"900120-1678399",0,1,0,0,0,0,0,1,1,1,"equal"
"810618-1586611",1,1,1,0,1,1,1,1,1,0,"equal"
"950205-2412414",1,0,0,1,1,1,1,0,1,0,"equal"
"661217-1097299",1,0,1,0,0,0,0,1,0,1,"equal"
"800626-4550888",1,1,0,1,0,0,1,1,0,1,"equal"
"780616-1338822",0,1,1,0,1,1,0,1,1,0,"equal"
"940910-3247080",1,1,0,1,0,0,0,0,1,1,"equal"
"571002-4283682",1,0,1,0,1,1,0,1,1,0,"equal"
"751225-3327456",0,0,0,1,0,0,0,0,0,0,"equal"
"500101-1037859",1,0,1,1,1,0,0,1,0,0,"equal"
"800727-4580015",1,0,1,1,0,1,1,1,1,0,"equal"
"940520-1765550",0,1,0,0,0,0,1,0,0,0,"equal"
"840501-2117025",0,1,0,0,0,1,1,1,0,1,"equal"
"780326-4636943",0,0,0,0,1,1,1,0,0,1,"equal"
"590615-2581995",0,1,1,1,1,0,1,1,1,1,"equal"
"690606-2175345",1,0,0,1,1,1,0,1,1,0,"equal"
"560101-3666826",1,0,1,0,1,0,0,0,1,1,"equal"
"780713-3046075",1,0,0,0,1,0,1,0,1,1,"equal"
"530508-1487876",0,0,0,0,0,1,0,1,0,0,"equal"
"650925-1060030",1,0,0,1,1,1,1,1,0,1,"equal"
"861024-1387542",0,0,1,1,0,1,0,0,0,0,"equal"
"660318-3982073",1,1,0,0,1,0,0,0,0,0,"equal"
"631213-3919073",0,1,0,1,0,0,0,1,0,0,"equal"
"770117-3540965",0,1,0,0,1,0,0,0,0,1,"equal"
"690922-3999555",0,0,1,0,1,0,0,0,1,0,"equal"
"781027-4161605",1,1,1,1,0,1,0,0,1,0,"equal"
"841220-4519866",1,0,0,0,1,1,1,1,0,1,"equal"
"690224-1119079",1,1,1,1,1,0,0,1,1,0,"equal"
"871218-1735657",0,0,0,0,1,1,0,1,0,1,"equal"
"631205-3261350",0,1,0,1,0,1,0,1,1,0,"equal"
"610815-1656417",0,1,1,1,1,0,1,1,0,0,"equal"
"660315-1369941",1,0,0,0,0,0,1,1,0,1,"equal"
"670210-1323212",1,0,0,1,1,0,1,0,1,0,"equal"
"740627-4891044",0,1,1,1,1,1,0,0,0,0,"equal"
"710215-2193967",1,1,1,0,0,1,0,1,0,0,"equal"
"680319-2389557",0,1,0,0,1,0,1,0,0,0,"equal"
"650921-4207549",0,0,1,1,0,1,1,0,0,1,"equal"
"840908-1497948",1,1,0,1,0,0,0,1,0,1,"equal"
"620218-3345783",0,0,0,0,0,1,0,0,0,0,"equal"
"560309-2303875",1,0,1,1,1,0,1,1,0,0,"equal"
"870712-1657493",1,0,1,0,0,1,0,1,0,0,"equal"
"661020-3980655",1,0,0,1,0,0,0,0,0,0,"equal"
"690719-1052467",1,0,0,1,1,0,1,1,1,1,"equal"
"950320-1228430",1,1,1,0,1,1,1,0,1,0,"equal"
"651120-1825664",0,1,0,0,1,0,0,1,0,0,"equal"
"621101-3951209",1,1,1,1,0,1,0,1,1,0,"equal"
"680609-2556016",0,1,1,1,1,0,0,1,0,0,"equal"
"940518-4937094",0,1,1,0,0,0,1,0,1,1,"equal"
"531107-3125080",0,1,1,1,0,0,0,0,1,1,"equal"
"830523-3375979",1,1,0,0,1,0,1,1,1,0,"equal"
"870825-4013401",0,0,0,0,1,1,1,1,1,1,"equal"
"841210-3503746",0,1,0,1,0,1,0,1,0,1,"equal"
"790726-4465888",1,0,0,1,1,0,0,1,0,1,"equal"
"590623-3055262",0,0,0,1,0,1,1,1,1,0,"equal"
"730107-2476926",1,1,1,1,0,1,0,0,1,0,"equal"
"760825-3007515",1,0,1,0,1,1,0,1,1,1,"equal"
"660907-3270199",0,1,1,1,0,1,1,1,0,0,"equal"
"930919-4462730",0,0,1,1,1,1,0,0,1,0,"equal"
"800711-2605812",0,0,0,0,0,0,0,1,0,0,"equal"
"961109-1525212",1,0,1,0,1,0,0,0,1,1,"equal"
"661020-1718550",0,1,1,0,1,1,0,0,1,0,"equal"
"900826-4667589",0,1,0,1,1,0,0,0,1,1,"equal"
"771016-4351714",1,0,0,1,1,1,0,1,0,1,"equal"
"710212-3688652",1,1,1,0,0,1,0,0,0,0,"equal"
"540707-1056102",0,1,0,0,0,0,0,1,1,1,"equal"
"770820-1830336",1,1,0,1,1,0,1,1,1,1,"equal"
"580302-3958461",1,0,0,1,0,0,1,0,1,0,"equal"
"820324-4540482",1,1,0,0,0,1,0,1,1,1,"equal"
"761023-1642739",1,0,1,1,0,1,0,1,0,1,"equal"
"720704-2297638",1,0,0,1,1,1,1,0,1,1,"equal"
"780212-3351793",0,0,1,1,0,1,1,1,1,0,"equal"
"851120-4632587",1,0,1,1,1,1,0,0,0,1,"equal"
"911004-1784222",0,1,0,1,1,1,0,1,0,0,"equal"
"640213-2975093",0,1,1,1,0,0,0,1,1,1,"equal"
"891101-1403374",1,0,0,1,1,1,1,1,1,0,"equal"
"690705-4467272",1,1,1,1,0,1,1,1,0,0,"equal"
"740203-3658774",1,1,0,0,1,1,0,1,1,0,"equal"
"540613-1338081",1,0,1,1,1,1,0,0,1,1,"equal"
"560518-3345374",1,1,1,1,1,1,0,0,0,0,"equal"
"940924-1388462",0,1,1,0,1,0,0,0,1,0,"equal"
"620509-3904403",1,0,1,1,1,1,0,1,0,1,"equal"
"570919-2310632",1,1,1,1,1,1,1,0,1,0,"equal"
"521109-3768802",0,1,0,1,1,0,0,0,0,0,"equal"
"720711-3256585",0,1,0,0,1,0,0,1,1,1,"equal"
"610806-3340037",1,0,0,1,1,0,1,1,0,0,"equal"
"771117-2244065",0,0,1,0,1,0,0,1,1,1,"equal"
"581226-1052946",1,1,1,0,1,1,1,1,1,0,"equal"
"840423-3983285",1,1,1,1,0,1,1,0,0,1,"equal"
"850101-3396062",0,1,0,1,1,1,0,0,1,0,"equal"
"570327-3930986",1,1,0,1,1,0,0,0,0,1,"equal"
"840726-4689066",1,1,1,1,1,1,0,1,1,0,"equal"
"810603-2145455",0,1,1,1,1,1,1,1,1,1,"equal"
"790724-2790036",1,1,1,1,0,1,1,1,0,1,"equal"
"830610-2723919",0,1,1,0,0,0,0,0,1,1,"equal"
"840622-1083364",0,1,1,0,1,0,0,0,0,1,"equal"
"730217-2847805",0,1,0,0,1,0,1,0,0,0,"equal"
"500101-1939071",0,0,0,1,0,1,0,0,1,0,"equal"
"720520-4673273",1,0,1,1,1,0,1,0,1,0,"equal"
"791002-3772845",0,0,1,1,1,0,1,1,1,0,"equal"
"750615-4856545",1,0,1,0,0,0,1,0,1,1,"equal"
"751225-2464764",1,1,0,0,1,1,1,0,1,1,"equal"
"520517-1518659",0,0,1,0,0,0,0,1,1,0,"equal"
"590827-2802851",1,0,0,0,0,1,0,1,1,0,"equal"
"880423-1468109",0,1,0,0,1,0,0,0,0,0,"equal"
"790507-3226658",0,0,1,1,1,0,1,1,0,1,"equal"
"810327-1312771",1,0,1,1,0,0,0,1,0,0,"equal"
"590508-4343900",1,0,1,0,0,1,1,0,0,1,"equal"
"740702-1073844",0,1,1,1,1,1,1,0,0,1,"equal"
"890807-4988624",1,0,0,0,0,0,1,0,0,1,"equal"
"890621-3864595",1,1,1,0,1,1,0,0,1,1,"equal"
"830105-2291137",0,0,0,0,0,1,0,0,0,1,"equal"
"530321-1485089",1,0,1,1,0,0,0,1,0,0,"equal"
"741207-2244845",1,0,1,0,0,0,0,0,0,0,"equal"
"630317-4758577",0,1,0,1,0,0,1,1,0,0,"equal"
"550428-1119008",0,1,0,1,1,0,0,1,0,0,"equal"
"960809-3521642",0,0,0,0,0,0,1,1,1,1,"equal"
"520825-2193744",0,0,0,0,1,1,1,1,0,0,"equal"
"920317-1967157",1,0,0,1,1,0,0,1,1,1,"equal"
"661001-4428654",0,1,0,0,1,1,0,1,1,1,"equal"
"850614-3103599",1,0,0,0,0,1,1,1,1,1,"equal"
"570318-4145864",0,1,1,0,0,1,1,0,0,0,"equal"
"580423-4524827",1,0,1,0,1,1,1,1,0,1,"equal"
"890212-1948283",1,1,0,1,1,0,1,1,1,0,"equal"
"510525-3593952",1,0,0,1,1,0,0,0,1,1,"equal"
"851227-2585993",0,1,0,1,0,0,1,1,1,1,"equal"
"851115-3907581",0,1,1,0,1,0,1,1,0,1,"equal"
"660111-4461916",0,0,1,1,1,1,1,0,0,1,"equal"
"540610-2306124",1,0,0,0,0,1,1,1,1,1,"equal"
"661028-1311372",0,0,0,1,1,1,1,1,0,1,"equal"
"711027-4888468",0,0,1,0,0,0,0,1,1,1,"equal"
"890602-4265491",1,1,1,0,1,0,1,1,1,1,"equal"
"940328-4193639",0,0,0,1,1,1,0,1,1,0,"equal"
"590805-3453562",1,0,0,0,1,0,0,1,0,0,"equal"
"880304-1371337",1,1,1,0,1,1,1,0,1,0,"equal"
"651112-3791800",1,0,0,0,1,1,1,0,0,1,"equal"
"831001-1741547",0,0,1,0,1,1,1,1,0,0,"equal"
"580508-3021178",1,1,0,1,1,0,0,1,0,1,"equal"
"740319-4561802",0,0,0,1,0,1,1,1,0,1,"equal"
"781106-3226535",0,0,1,0,0,1,0,0,0,0,"equal"
"871222-2502106",0,0,1,0,0,0,0,0,0,0,"equal"
"951212-4366064",1,0,1,0,0,1,0,1,1,1,"equal"
"780719-1528032",0,0,1,1,1,0,0,0,0,0,"equal"
"620525-3609128",1,1,1,0,0,0,0,0,0,0,"equal"
"930401-1063932",1,1,1,1,0,0,0,1,0,0,"equal"
"530819-1867676",1,0,1,1,1,0,0,0,0,0,"equal"
"610821-1483054",1,1,0,1,1,1,1,1,0,1,"equal"
"830625-2414147",1,0,0,0,0,1,1,1,1,0,"equal"
"610610-4953388",1,1,1,1,0,1,0,1,0,1,"equal"
"860718-2333459",1,1,0,0,1,1,1,1,1,0,"equal"
"880216-3722777",0,0,0,1,0,0,1,0,1,1,"equal"
"680825-2548698",0,0,0,0,1,0,0,1,1,1,"equal"
"500122-1104157",1,1,0,0,0,0,0,1,0,1,"equal"
"780821-1605920",0,0,1,1,1,0,1,0,1,1,"equal"
"991013-3176344",1,0,0,0,1,1,0,1,1,1,"equal"
"811009-4048172",1,1,1,0,0,1,0,0,0,0,"equal"
"770920-1792836",0,0,1,0,0,1,0,1,1,0,"equal"
"910421-2160344",1,1,1,0,0,1,1,1,1,0,"equal"
"701128-3769349",0,0,1,0,1,1,0,0,0,0,"equal"
"590906-3373631",0,1,1,1,1,0,0,0,0,1,"equal"
"920201-2037544",0,1,0,0,0,1,1,1,1,0,"equal"
"500601-1965030",0,1,0,1,1,0,0,1,1,1,"equal"
"990826-3168339",1,1,0,1,0,1,1,0,1,1,"equal"
"820712-2031467",1,1,1,1,0,1,0,1,1,0,"equal"
"540620-1703541",1,0,1,0,1,1,1,1,1,0,"equal"
"600522-1941950",0,0,1,1,0,0,1,0,0,1,"equal"
"710110-1262648",1,1,0,1,0,1,1,1,0,1,"equal"
"800605-3360185",1,0,0,1,1,0,1,1,0,0,"equal"
"891123-2106233",0,1,1,1,0,1,0,0,1,1,"equal"
"690319-1747576",1,0,0,0,0,1,1,1,1,1,"equal"
"801022-4406875",0,1,0,1,0,1,0,0,0,0,"equal"
"690101-3908012",1,1,0,0,0,1,0,1,1,0,"equal"
"790903-3995173",1,1,0,1,0,1,0,1,0,0,"equal"
"631014-3529710",1,1,1,0,1,1,1,0,0,0,"equal"
"550304-3527491",1,0,0,0,0,1,1,1,0,1,"equal"
"911124-1840501",0,1,0,0,1,1,0,0,0,0,"equal"
"611109-1532679",1,0,1,1,1,0,1,0,0,0,"equal"
"741015-4894935",0,1,0,0,0,0,1,0,1,1,"equal"
"610512-4703583",0,0,1,1,1,1,0,1,1,1,"equal"
"910914-2933430",0,0,0,0,0,0,1,1,0,0,"equal"
"911202-3218375",1,0,1,0,1,0,1,0,0,1,"equal"
"791123-4134863",0,1,0,0,1,1,0,1,0,1,"equal"
"990112-4001544",0,1,0,0,0,1,0,0,1,1,"equal"
"740414-2685962",1,1,1,1,0,1,0,1,0,0,"equal"
"680906-2416041",0,0,0,1,1,0,0,1,0,1,"equal"
"840123-4653637",0,0,1,0,0,1,0,0,0,0,"equal"
"770722-2010043",0,1,0,0,1,0,1,1,0,0,"equal"
"761123-2195171",0,1,0,1,1,0,1,0,0,0,"equal"
"670318-1082473",0,0,1,1,1,0,0,0,1,1,"equal"
"901224-2027279",0,0,1,1,0,0,1,1,0,0,"equal"
"830613-3390034",1,0,1,0,0,1,0,0,0,0,"equal"
"710304-1785657",0,0,1,0,0,1,1,1,0,0,"equal"
"901202-2242792",1,0,1,1,0,0,0,1,0,1,"equal"
"630321-3058021",0,1,0,0,0,1,0,1,1,0,"equal"
"600320-2025949",1,1,1,0,0,0,1,1,1,0,"equal"
"970405-4972545",0,0,0,0,0,0,0,0,1,0,"equal"
"761007-4023435",1,1,0,1,0,1,0,1,0,0,"equal"
"581202-4230179",0,0,0,1,1,1,0,1,0,0,"equal"
"981011-4603485",0,0,1,1,1,0,1,1,1,1,"equal"
"990420-4345422",1,1,1,1,1,0,0,1,0,1,"equal"
"870806-2849691",0,0,1,0,1,0,0,0,1,1,"equal"
"820320-3258217",1,0,0,0,0,0,1,1,1,0,"equal"
"500323-4841161",0,1,1,1,0,1,1,1,0,0,"equal"
"940402-3370242",0,0,1,1,1,1,1,0,1,0,"equal"
"790508-4964474",1,0,1,0,0,0,1,0,0,1,"equal"
"730206-1167454",0,1,0,0,0,1,0,0,1,0,"equal"
"731219-3087987",0,0,1,0,0,1,1,1,1,0,"equal"
"671021-1010470",1,0,0,1,0,0,1,1,1,1,"equal"
"830417-2836353",0,1,0,0,1,0,0,1,1,0,"equal"
"990801-4490053",0,1,1,1,1,1,1,0,1,1,"equal"
"630627-3197308",1,0,0,1,0,0,1,1,0,0,"equal"
"650625-3759815",0,1,0,0,0,0,1,0,1,0,"equal"
"740209-3994375",0,1,0,0,0,1,1,1,0,1,"equal"
"690328-2430986",1,0,0,0,0,1,0,0,1,1,"equal"
"990210-2701991",0,0,0,1,0,0,0,1,1,1,"equal"
"630106-4916115",0,0,0,0,0,1,1,0,0,0,"equal"
"770802-2141484",0,1,0,1,1,0,1,1,0,1,"equal"
"750319-4579565",1,1,1,0,1,0,0,0,1,1,"equal"
"970717-1379064",1,1,1,1,0,0,1,0,1,1,"equal"
"580207-2587281",0,0,0,0,0,1,1,1,1,0,"equal"
"820117-3783290",1,0,1,1,0,0,0,0,1,0,"equal"
"801008-1607432",1,0,1,1,0,0,1,1,1,1,"equal"
"811215-2687151",0,1,1,0,1,1,1,1,1,1,"equal"
"750615-1495607",0,1,1,0,1,1,1,0,0,0,"equal"
"770403-2818459",0,0,1,1,1,1,0,1,1,0,"equal"
"960724-3780526",1,1,1,1,1,1,0,1,1,1,"equal"
"730801-4409305",0,1,1,1,0,0,1,0,1,0,"equal"
"620310-3003838",1,0,0,1,1,0,1,1,0,0,"equal"
"680319-4233132",1,0,0,1,1,1,1,1,0,1,"equal"
"660822-2401074",1,0,0,0,0,0,1,1,0,1,"equal"
"520505-3458360",0,1,1,0,1,1,0,1,0,1,"equal"
"590602-1177237",0,0,0,0,0,1,0,1,0,1,"equal"
"930410-1919384",1,0,0,1,1,1,1,0,0,0,"equal"
"560121-4337363",1,0,1,0,1,0,0,1,0,0,"equal"
"580913-2188292",1,1,0,1,1,0,0,0,1,1,"equal"
"511207-4170661",0,1,0,1,0,1,1,0,0,0,"equal"
"650314-2083742",0,1,0,1,1,1,0,0,1,0,"equal"
"500725-1638888",1,0,0,1,0,0,0,1,1,0,"equal"
"950810-3803484",0,1,1,1,0,1,0,0,1,0,"equal"
"840825-4058683",1,0,0,0,1,0,1,1,0,1,"equal"
"691208-4231187",0,0,0,1,0,1,0,1,0,0,"equal"
"520209-4196138",0,1,0,1,1,0,0,1,0,0,"equal"
"841023-4220673",0,1,0,1,0,1,0,1,1,1,"equal"
"820702-4725475",0,0,1,0,0,1,0,0,1,1,"equal"
"550419-4035892",0,0,1,1,1,0,1,0,0,0,"equal"
"820221-2054306",0,0,1,0,0,0,0,1,1,1,"equal"
"710510-2331108",1,0,1,0,0,1,1,0,0,0,"equal"
"570309-4883905",0,1,0,1,0,0,0,1,1,1,"equal"
"500406-2727643",1,1,0,1,0,1,0,1,1,0,"equal"
"951220-4005517",1,0,0,1,0,0,0,0,0,0,"equal"
"620328-3892557",0,1,0,0,0,0,1,1,1,1,"equal"
"990920-3596025",1,0,0,1,0,0,1,0,1,1,"equal"
"611214-1335197",0,0,0,1,1,0,0,1,0,0,"equal"
"660310-3964502",0,1,1,1,0,0,1,1,1,1,"equal"
"671225-4755485",0,0,0,0,0,1,0,1,1,1,"equal"
"940704-2618513",0,0,0,1,1,0,0,0,0,1,"equal"
"670524-4717046",1,1,1,0,0,1,1,0,0,0,"equal"
"540917-1811875",1,0,0,1,0,1,1,1,1,1,"equal"
"551026-1907872",1,0,0,0,1,1,0,1,0,1,"equal"
"950105-1100103",1,1,0,1,1,1,0,1,0,0,"equal"
"720823-3069197",1,1,0,0,1,0,1,1,0,0,"equal"
"850509-4548716",0,1,1,1,0,0,1,1,0,0,"equal"
"560824-1180724",1,1,0,1,0,0,1,1,0,1,"equal"
"590304-1246682",1,1,0,0,0,0,1,1,1,0,"equal"
"830906-2892622",0,1,0,0,1,0,1,1,1,0,"equal"
"630423-4822772",1,1,1,1,1,1,1,0,0,1,"equal"
"551217-4844163",0,1,1,1,1,0,1,1,1,1,"equal"
"830513-1092613",0,1,0,0,0,1,1,0,1,1,"equal"
"610716-2014323",0,0,1,0,1,0,1,1,0,1,"equal"
"510422-4187683",0,1,0,1,0,1,0,1,1,1,"equal"
"500809-4538294",1,1,1,0,0,1,0,1,0,1,"equal"
"971224-3160781",1,1,0,0,0,0,1,1,1,0,"equal"
"561206-1387434",1,1,1,1,0,1,1,0,1,1,"equal"
"830512-1563278",1,1,0,0,1,0,0,0,0,1,"equal"
"510605-1976775",1,1,1,1,1,0,1,0,0,0,"equal"
"611011-3328324",1,0,1,1,0,0,1,0,0,0,"equal"
"770721-3711660",1,0,1,0,1,0,0,1,1,1,"equal"
"710214-4737623",0,0,0,1,0,1,0,1,0,0,"equal"
"981024-1972020",1,0,0,1,1,0,0,1,1,1,"equal"
"801020-3039123",1,1,1,1,0,0,1,1,0,0,"equal"
"570725-4909240",0,0,1,1,1,0,0,1,1,1,"equal"
"941009-3708185",0,1,1,1,1,1,1,1,1,0,"equal"
"670802-2316399",1,1,0,1,0,0,0,1,0,1,"equal"
"550926-3443058",0,1,0,1,0,0,1,0,1,1,"equal"
"520502-2471791",0,0,0,0,1,1,0,0,1,1,"equal"
"680401-3395327",1,1,1,1,1,1,1,1,1,0,"equal"
"641207-3508816",1,0,1,0,1,0,1,0,1,1,"equal"
"500623-4474394",1,1,1,1,0,0,0,1,1,0,"equal"
"790114-1170809",0,1,1,1,0,0,0,0,0,1,"equal"
"760212-2012946",1,1,0,0,0,0,0,0,1,1,"equal"
"551102-4791012",1,1,0,1,1,1,0,1,1,1,"equal"
"961101-2220302",1,0,0,1,0,1,0,0,0,1,"equal"
"610606-2607931",1,0,0,0,0,0,0,1,1,1,"equal"
"840421-1343362",1,0,1,0,0,0,0,0,1,1,"equal"
"841102-4051201",1,1,0,0,0,1,1,1,1,0,"equal"
"710821-2410796",1,1,1,1,1,1,0,1,1,0,"equal"
"730622-2772912",1,1,0,1,1,1,1,0,0,0,"equal"
"840624-1968455",0,0,1,0,1,0,0,1,0,0,"equal"
"930602-4083833",0,0,1,0,0,1,1,1,1,1,"equal"
"610312-2194751",1,1,0,1,0,1,1,0,1,0,"equal"
"631223-3314396",0,1,1,1,1,0,1,1,1,0,"equal"
"590606-3972136",1,1,0,0,1,0,1,0,1,1,"equal"
"650314-3746864",0,0,0,1,0,1,0,0,0,1,"equal"
"721114-2338646",1,1,1,0,1,1,0,0,1,0,"equal"
"610903-4560037",0,1,1,1,0,1,0,1,0,0,"equal"
"990604-2062868",0,1,0,0,1,1,1,1,1,1,"equal"
"660625-3038889",0,0,0,0,0,0,1,0,1,1,"equal"
"520626-4595659",0,0,1,1,0,0,0,1,1,1,"equal"
"520518-4765425",1,0,1,0,1,0,0,1,0,1,"equal"
"730402-3142278",0,0,0,1,0,0,1,1,0,1,"equal"
"520428-4497684",1,1,0,1,0,0,1,0,0,1,"equal"
"540625-1458005",1,0,0,0,0,1,1,1,1,0,"equal"
"811121-2275066",1,0,0,0,1,0,0,0,0,0,"equal"
"810617-2133493",0,0,0,0,0,1,1,0,1,0,"equal"
"941212-1265052",0,0,0,0,0,1,1,0,0,1,"equal"
"651001-3923575",0,0,0,0,1,1,0,0,1,1,"equal"
"671025-4655407",1,1,1,1,1,0,1,0,1,1,"equal"
"750104-1466669",0,0,1,0,0,0,0,0,0,0,"equal"
"930728-2720541",0,0,1,1,1,1,1,0,1,0,"equal"
"631028-4158971",1,1,0,1,0,1,0,0,1,1,"equal"
"670925-4359409",1,1,0,1,0,0,1,0,1,1,"equal"
"650526-2382731",1,0,0,0,1,1,1,0,1,0,"equal"
"520620-4058136",0,1,1,0,1,0,1,1,0,1,"equal"
"650216-1151150",0,1,1,1,1,0,0,1,0,0,"equal"
"751123-3417745",0,0,0,0,0,1,0,0,0,1,"equal"
"700124-3003263",0,1,1,1,1,1,0,0,1,1,"equal"
"640112-1668999",1,1,1,1,0,1,0,1,1,0,"equal"
"521016-2263155",1,1,1,1,1,0,0,0,0,0,"equal"
"750720-3444283",0,0,1,0,1,1,0,1,0,1,"equal"
"890109-2779835",1,1,0,0,1,0,0,1,0,0,"equal"
"630627-1941150",1,1,1,0,0,1,0,1,0,1,"equal"
"631124-3170401",1,1,0,1,0,0,0,1,1,1,"equal"
"520307-4352767",0,1,0,0,1,0,1,1,1,0,"equal"
"740603-2299723",1,0,0,1,0,1,1,0,1,0,"equal"
"990113-2630578",1,1,1,0,0,0,0,1,1,1,"equal"
"860313-3290447",1,0,0,1,1,1,1,0,1,0,"equal"
"941021-3149043",0,1,0,1,0,0,0,0,1,1,"equal"
"500401-4970598",1,0,0,1,0,0,0,1,1,0,"equal"
"970828-2749963",1,0,0,0,1,1,0,0,1,1,"equal"
"580608-2423912",0,0,0,1,0,0,1,0,1,1,"equal"
"900411-2230742",0,0,0,1,0,0,1,0,1,0,"equal"
"540514-2805894",1,1,1,1,0,1,0,1,0,1,"equal"
"720602-4147831",1,1,0,1,0,0,0,0,0,0,"equal"
"830813-2391168",0,0,0,0,1,0,1,1,1,0,"equal"
"760103-2452849",0,1,0,1,1,0,1,0,0,1,"equal"
"971123-4728010",0,1,0,1,1,0,0,0,0,1,"equal"
"780821-2529514",0,1,0,0,0,0,1,0,1,0,"equal"
"960924-4883495",0,0,1,0,0,0,1,1,0,1,"equal"
"610804-2334177",1,0,0,1,1,1,0,1,1,1,"equal"
"840703-1681808",0,0,0,1,0,1,1,1,0,0,"equal"
"770919-2754416",0,1,1,0,0,0,0,0,1,1,"equal"
"530717-4820893",0,1,1,1,0,1,0,0,0,1,"equal"
"770817-4774860",0,0,1,1,1,1,0,1,1,1,"equal"
"760419-2804888",1,0,1,1,0,0,0,0,0,1,"equal"
"740710-1514379",0,0,0,0,0,1,0,1,1,1,"equal"
"540722-3114850",0,0,0,0,0,0,0,1,0,1,"equal"
"890202-3328814",1,1,0,0,0,0,0,1,0,0,"equal"
"630912-2991916",0,1,0,0,0,0,1,0,1,0,"equal"
"890217-1503435",0,1,1,1,1,1,1,1,0,1,"equal"
"600106-1301721",1,1,1,1,1,0,1,0,0,0,"equal"
"500409-4990390",1,1,0,0,0,0,0,1,0,0,"equal"
"910516-2905890",1,0,1,0,0,0,1,0,0,1,"equal"
"781106-3699052",0,1,0,1,1,0,1,0,1,1,"equal"
"831215-3538281",1,0,1,0,0,1,0,1,1,0,"equal"
"830222-4471604",1,1,0,1,1,0,1,1,1,0,"equal"
"931024-2604082",1,1,0,0,1,0,1,1,0,0,"equal"
"720719-2509116",0,1,1,1,1,0,1,0,1,1,"equal"
"801212-2009841",1,0,1,1,0,0,0,1,1,1,"equal"
"530106-2230494",0,1,0,0,1,1,0,0,0,1,"equal"
"970425-3466520",1,1,0,0,0,1,0,1,0,1,"equal"
"550609-2825774",0,1,0,1,0,0,1,0,1,1,"equal"
"621204-4908039",0,1,1,0,1,0,1,0,1,1,"equal"
"880626-3146396",0,1,1,1,1,0,1,0,0,0,"equal"
"770410-4506659",1,0,0,0,0,0,0,0,1,1,"equal"
"930417-3652208",1,1,1,1,0,0,0,0,1,1,"equal"
"920520-3520141",1,0,1,1,0,1,0,1,0,1,"equal"
"970504-3514330",0,0,1,1,0,0,1,1,1,1,"equal"
"630808-1380672",0,1,0,0,0,0,0,0,1,1,"equal"
"520410-4114618",1,0,1,0,1,0,0,1,1,0,"equal"
"971020-4502897",0,1,1,0,0,0,0,0,0,1,"equal"
"600505-1331473",1,0,0,0,1,1,1,1,1,1,"equal"
"691101-4026505",0,1,0,0,1,1,0,0,1,1,"equal"
"690901-4064861",0,1,0,1,0,0,0,0,0,1,"equal"
"610705-4052855",1,0,1,0,0,0,1,1,0,0,"equal"
"580306-4936821",1,0,0,0,0,1,1,0,1,0,"equal"
"870412-4682244",0,1,1,0,1,1,1,0,0,0,"equal"
"771202-2410927",1,0,1,1,0,1,1,1,1,0,"equal"
"900103-3255908",1,1,1,1,0,0,1,1,1,1,"equal"
"760319-1784833",0,1,1,1,1,0,0,0,1,0,"equal"
"520503-3534747",0,0,1,1,1,1,1,0,1,1,"equal"
"520523-3772928",1,0,0,1,1,1,0,1,0,0,"equal"
"790209-1680794",1,0,0,1,1,1,1,0,0,1,"equal"
"640224-3829636",0,1,1,0,0,1,0,0,1,1,"equal"
"710621-1336411",0,0,0,0,0,1,1,0,1,1,"equal"
"691105-2672047",1,0,1,0,1,1,0,0,1,1,"equal"
"700420-3255694",0,1,0,0,1,0,0,0,0,0,"equal"
"510828-2504765",0,1,0,0,0,1,0,1,1,1,"equal"
"500213-3345999",1,1,1,0,0,0,0,0,1,1,"equal"
"840101-1221712",0,0,0,0,0,1,0,0,1,0,"equal"
"630907-4640087",1,0,0,1,1,0,1,0,1,0,"equal"
"700727-4140875",0,1,0,0,0,1,1,1,0,0,"equal"
"950710-4660518",0,0,1,0,0,1,0,0,0,1,"equal"
"680406-1038789",1,0,1,1,0,0,1,1,1,0,"equal"
"791221-3336569",0,0,0,0,0,1,0,0,1,1,"equal"
"680610-3678995",1,0,0,1,0,1,0,0,0,0,"equal"
"870127-3843225",1,0,0,0,1,0,1,1,0,1,"equal"
"530103-4159927",0,0,0,1,0,0,1,1,0,0,"equal"
"910516-2817645",0,0,0,1,0,1,0,0,0,0,"equal"
"990910-4214835",1,1,0,0,1,1,0,1,0,1,"equal"
"521116-2896203",0,1,0,0,1,0,1,1,0,1,"equal"
"810323-2557835",1,0,1,0,0,0,0,1,1,0,"equal"
"540804-3086943",0,1,0,1,1,0,1,1,0,0,"equal"
"820104-2476767",1,1,1,0,0,0,0,1,0,1,"equal"
"810422-4961925",0,0,1,1,0,1,1,1,0,0,"equal"
"920712-1134303",1,0,1,0,0,1,1,1,1,1,"equal"
"970912-4002649",1,0,1,1,1,0,0,1,0,1,"equal"
"811212-4510409",0,1,0,0,0,0,1,0,1,0,"equal"
"930713-1155281",0,1,0,0,1,0,1,0,1,0,"equal"
"970916-3558954",1,1,0,1,1,1,0,0,1,0,"equal"
"811013-1269709",0,1,1,1,1,1,0,0,0,0,"equal"
"871004-4845031",0,1,1,0,0,0,1,0,0,1,"equal"
"670601-2468565",0,0,1,0,1,1,0,1,0,1,"equal"
"960127-1757398",1,1,1,0,0,0,1,0,1,1,"equal"
"591101-3760076",1,1,0,1,0,0,0,0,1,1,"equal"
"901104-2587251",1,0,0,0,1,1,1,0,0,1,"equal"
"740104-1603478",1,0,0,1,1,0,0,0,1,1,"equal"
"590301-1519709",1,0,0,1,1,0,1,1,0,0,"equal"
"730724-2559375",0,1,0,1,0,1,0,1,1,0,"equal"
"990105-3731150",0,0,0,1,0,1,1,0,0,1,"equal"
"870621-4983342",0,1,0,0,1,1,0,0,0,1,"equal"
"860203-3041896",0,0,0,0,0,0,1,0,1,1,"equal"
"720106-1912689",1,1,1,0,0,0,1,1,0,0,"equal"
"970118-4722361",0,0,0,0,0,0,1,0,1,0,"equal"
"650818-2537625",1,0,1,1,1,1,1,0,1,1,"equal"
"800103-3519138",0,0,0,0,0,0,0,1,1,1,"equal"
"870411-3066216",0,0,0,1,1,0,0,1,1,0,"equal"
"540323-4622126",1,1,1,0,0,1,1,0,1,0,"equal"
"850628-1335797",0,0,0,0,0,0,0,0,0,0,"equal"
"701015-3805848",1,1,1,0,1,0,1,1,1,1,"equal"
"740219-1390444",1,0,1,1,0,1,1,1,1,1,"equal"
"830705-1062374",0,1,1,0,1,1,0,1,1,1,"equal"
"800327-4641074",1,1,1,0,1,1,0,0,1,1,"equal"
"530614-4179390",1,1,1,1,1,0,0,1,0,1,"equal"
"901017-3151439",1,0,0,0,1,0,1,0,0,1,"equal"
"850620-2635405",0,0,1,1,1,0,1,1,1,1,"equal"
"790722-2928551",0,1,1,0,0,0,1,0,1,0,"equal"
"650201-4470503",0,0,0,0,1,0,0,0,1,1,"equal"
"691002-4436571",1,1,1,1,0,0,0,0,0,0,"equal"
"610718-3241676",1,1,1,1,1,1,0,1,0,1,"equal"
"831102-4218059",1,0,1,1,1,1,0,0,0,0,"equal"
"530108-3472235",0,1,0,1,0,1,0,1,1,1,"equal"
"810701-4610736",0,0,1,1,0,1,1,1,0,1,"equal"
"530327-1616507",0,0,0,1,0,0,1,1,1,1,"equal"
"851221-3140835",1,0,0,0,1,0,1,1,1,1,"equal"
"970707-2236559",0,1,0,1,1,1,0,1,0,0,"equal"
"810316-4000951",1,1,1,1,1,0,0,1,1,1,"equal"
"500426-1204394",0,1,1,1,1,0,0,0,1,1,"equal"
"630116-3655706",0,1,0,1,1,0,0,0,0,1,"equal"
"520515-2800286",0,1,1,0,1,1,1,0,1,1,"equal"
"960527-3834652",0,1,1,1,0,0,1,0,1,1,"equal"
"700510-2182106",1,1,0,1,1,1,1,1,1,1,"equal"
"600720-3951089",1,1,0,1,1,1,0,0,0,0,"equal"
"700813-4053286",1,1,0,0,0,0,1,0,0,0,"equal"
"961006-4132170",0,1,1,0,1,0,1,1,0,1,"equal"
"651202-4316782",1,0,0,1,1,0,1,1,1,0,"equal"
"881104-3135195",0,0,1,0,1,1,1,1,1,1,"equal"
"790226-2842989",0,1,0,0,0,0,0,0,0,1,"equal"
"530127-3376518",0,1,1,1,0,0,1,0,1,1,"equal"
"990702-2553767",0,0,1,0,0,0,1,1,1,0,"equal"
"590814-4263458",1,1,0,0,1,1,0,1,1,1,"equal"
"930521-4975900",0,1,0,1,1,1,0,0,1,1,"equal"
"520424-3810577",0,0,0,0,1,0,0,0,1,0,"equal"
"880503-3495216",1,1,0,0,1,1,0,1,1,1,"equal"
"901105-4668728",0,1,0,1,0,1,1,0,0,0,"equal"
"700505-3547389",1,0,0,1,1,1,1,1,1,0,"equal"
"600728-1454695",1,0,1,1,0,0,1,0,1,0,"equal"
"720302-4998644",1,0,1,0,1,0,1,1,0,0,"equal"
"900411-3488278",1,1,0,1,1,0,0,0,1,1,"equal"
"910313-3617709",1,1,0,0,0,0,0,1,1,0,"equal"
"750518-2087961",1,1,0,0,1,0,1,0,0,0,"equal"
"590924-3970651",0,1,1,1,1,1,0,1,0,1,"equal"
"991222-4704781",0,1,0,0,1,1,1,1,0,0,"equal"
"540601-4587337",1,1,0,0,1,1,0,1,0,1,"equal"
"921201-1963693",0,0,0,0,0,1,1,1,1,1,"equal"
"860522-3839450",1,0,0,1,1,1,1,0,1,1,"equal"
"790610-4129660",1,1,1,1,0,1,1,0,0,0,"equal"
"550411-3047864",0,0,0,1,0,0,1,1,1,1,"equal"
"580527-3130468",0,1,1,0,1,1,0,1,1,0,"equal"
"850819-1887063",1,1,1,1,1,0,0,0,1,0,"equal"
"840913-2758545",1,0,1,0,0,0,0,1,0,1,"equal"
"531025-2485028",0,1,0,1,0,0,0,1,1,1,"equal"
"801109-4630814",1,1,1,1,0,0,1,0,0,1,"equal"
"840526-3047113",0,1,0,1,0,0,1,0,0,1,"equal"
"660422-3757450",1,1,0,0,0,1,0,1,1,1,"equal"
"930609-4995131",1,1,0,1,1,0,1,0,0,0,"equal"
"970218-4885461",1,1,0,0,0,1,1,0,1,0,"equal"
"830408-1105194",1,1,0,1,1,0,1,0,1,1,"equal"
"820906-4971258",1,1,1,1,1,0,1,1,0,1,"equal"
"970821-1975552",1,0,0,0,0,1,1,0,0,1,"equal"
"550305-3997093",0,1,0,1,0,0,1,0,0,0,"equal"
"600717-2268463",1,1,0,1,0,1,0,0,1,1,"equal"
"830223-4556118",1,0,0,0,1,0,1,1,0,0,"equal"
"590205-3292773",0,0,1,0,1,0,1,0,1,0,"equal"
"960727-2885547",1,1,1,0,1,0,1,0,1,1,"equal"
"800108-3410744",1,1,1,0,0,0,1,0,0,0,"equal"
"950817-1868435",0,1,1,0,0,0,0,1,0,0,"equal"
"850308-1515044",1,1,0,1,1,1,0,1,0,1,"equal"
"760125-2908751",1,0,0,1,1,0,1,0,0,0,"equal"
"561110-3715675",1,1,1,0,1,0,1,0,0,0,"equal"
"750226-1986459",0,0,0,1,0,1,0,0,0,0,"equal"
"850813-4588787",1,1,1,1,1,0,0,0,0,1,"equal"
"620214-2606059",0,0,1,0,1,1,0,0,0,1,"equal"
"680407-3485429",0,1,0,0,0,1,1,0,0,1,"equal"
"880812-4046985",1,1,0,0,0,0,0,1,1,1,"equal"
"890225-4963567",0,0,1,0,1,1,0,1,1,0,"equal"
"560125-2907449",1,0,0,0,1,0,0,0,1,0,"equal"
"701015-4616894",1,1,0,0,0,0,0,0,0,0,"equal"
"980618-4469419",0,1,0,0,1,0,1,1,0,0,"equal"
"830722-4516905",1,1,0,0,0,1,1,0,1,1,"equal"
"570711-1361219",1,0,0,0,1,0,1,0,0,1,"equal"
"591006-2890735",1,1,1,0,1,0,0,1,1,0,"equal"
"920626-4511884",1,0,0,1,0,1,0,1,1,0,"equal"
"520101-4396205",0,1,0,0,0,0,0,1,0,0,"equal"
"840215-4597875",1,0,0,1,0,1,0,0,1,0,"equal"
"940822-2984424",1,0,0,1,1,1,1,0,0,1,"equal"
"680207-2538865",0,1,0,1,1,0,0,1,0,0,"equal"
"690721-4761492",1,0,0,1,1,1,0,0,1,1,"equal"
"961126-2995561",0,0,0,1,0,1,1,1,0,1,"equal"
"510125-1218940",0,1,0,0,1,1,0,0,0,1,"equal"
"971201-4976236",1,1,0,0,1,1,1,0,0,0,"equal"
"710316-1255838",0,1,0,0,1,0,1,1,1,0,"equal"
"990616-2727958",1,0,0,0,1,1,0,1,1,1,"equal"
"640903-3785583",1,0,1,0,0,1,1,1,1,0,"equal"
"850722-2303901",1,0,1,1,1,0,0,1,0,0,"equal"
"881119-1329113",1,0,1,0,0,1,0,1,1,1,"equal"
"900324-4708159",1,0,0,0,0,0,0,0,0,1,"equal"
"941115-2998674",0,1,0,1,0,0,1,0,1,0,"equal"
"950217-4419247",0,1,1,1,0,0,0,0,1,1,"equal"
"600724-4202128",0,0,1,1,1,0,1,1,0,0,"equal"
"770801-2606757",0,0,0,1,0,0,1,0,1,1,"equal"
"651118-4964393",0,0,0,0,1,0,1,0,1,0,"equal"
"741120-3527820",1,0,1,0,0,1,0,0,0,1,"equal"
"810411-1992775",0,0,1,1,1,1,0,1,1,1,"equal"
"831205-4629867",1,0,1,1,1,1,0,1,1,0,"equal"
"811210-4066135",0,0,0,0,1,1,0,1,0,0,"equal"
"550417-2373902",0,1,1,1,0,0,1,0,0,1,"equal"
"740425-3800775",0,0,1,1,1,1,1,0,1,1,"equal"
"720307-2422463",1,1,1,1,0,1,1,1,1,1,"equal"
"771218-4996739",1,1,1,0,1,0,1,0,1,0,"equal"
"740721-2071742",0,0,1,0,1,0,1,1,0,0,"equal"
"901109-1837380",0,0,1,1,1,0,1,1,1,1,"equal"
"570216-4361429",1,1,1,1,1,0,0,0,0,0,"equal"
"590515-2192029",0,1,1,0,1,1,0,1,0,0,"equal"
"940601-1836873",0,0,0,1,0,0,0,1,0,0,"equal"
"980303-3279156",0,0,1,0,1,1,1,0,0,0,"equal"
"500819-4849871",0,0,0,1,0,1,1,0,0,0,"equal"
"540221-3364981",1,0,1,0,0,0,1,1,1,1,"equal"
"921223-4945012",0,1,1,0,1,0,0,0,0,0,"equal"
"590228-3076218",1,1,0,1,1,1,1,0,0,0,"equal"
"911126-1581298",0,0,1,0,1,0,1,0,1,0,"equal"
"621007-2658781",1,1,1,1,0,0,1,0,0,0,"equal"
"980625-4067435",0,0,1,0,1,1,0,0,1,1,"equal"
"990118-2349406",1,0,0,0,0,1,1,1,0,1,"equal"
"691215-1479099",1,1,1,1,1,1,1,0,0,1,"equal"
"750305-2277332",0,0,0,0,0,0,1,0,0,1,"equal"
"910915-4258232",1,0,0,0,1,0,1,1,1,1,"equal"
"860228-3714484",0,1,1,1,0,1,1,1,0,0,"equal"
"940207-3259138",1,0,0,0,1,1,0,0,0,0,"equal"
"680704-1591440",1,1,0,1,1,1,1,1,0,0,"equal"
"910608-4837706",1,0,1,0,0,1,0,0,1,0,"equal"
"720710-1058369",0,1,1,0,1,1,0,1,1,1,"equal"
"570917-4176174",1,1,1,1,0,1,0,0,0,1,"equal"
"901123-2394062",0,1,1,0,0,1,1,0,0,0,"equal"
"850715-4350405",0,1,1,1,0,0,0,1,1,1,"equal"
"710217-3731998",0,1,0,0,0,1,1,0,1,0,"equal"
"810811-2654444",1,1,0,1,0,1,0,0,1,0,"equal"
"860519-2666151",0,0,0,0,0,0,0,0,1,0,"equal"
"560121-2698112",0,0,1,0,0,0,0,1,1,0,"equal"
"961012-3583776",0,1,0,1,1,0,1,0,1,1,"equal"
"770528-3727041",1,0,1,0,1,1,0,1,1,0,"equal"
"750620-2579336",1,0,1,0,1,1,1,1,0,0,"equal"
"590712-1380120",0,0,1,0,0,0,0,0,1,1,"equal"
"601224-3055645",0,1,1,0,0,0,0,0,1,1,"equal"
"710723-4107956",0,0,0,0,0,0,0,1,1,0,"equal"
"611211-3560317",0,0,1,0,1,1,1,0,0,0,"equal"
"661008-1371296",1,1,1,0,0,1,1,0,0,1,"equal"
"820417-3068599",1,1,0,1,0,0,0,1,0,1,"equal"
"540428-4763629",0,0,0,1,1,0,1,0,1,0,"equal"
"950727-1086483",1,0,0,1,0,1,0,0,0,1,"equal"
"731011-4670850",1,1,0,0,0,0,1,0,1,0,"equal"
"640704-2376119",1,1,1,1,1,1,0,1,1,1,"equal"
"770108-3861670",0,0,0,0,0,0,1,1,0,1,"equal"
"730703-3954896",0,1,0,1,0,1,1,1,1,0,"equal"
"820819-3930926",1,0,0,0,1,1,1,1,1,1,"equal"
"961110-2135048",1,0,0,0,0,0,0,1,0,0,"equal"
"900712-4640408",0,1,0,1,1,1,0,0,1,0,"equal"
"760908-4664584",0,1,0,1,1,0,1,0,0,0,"equal"
"871110-2438090",1,0,0,0,1,0,1,1,0,0,"equal"
"920214-3102549",0,1,0,0,1,0,0,1,1,0,"equal"
"640619-3937101",0,0,1,1,0,1,1,1,0,1,"equal"
"740625-3656462",0,0,0,0,0,0,1,0,0,0,"equal"
"650710-1323330",1,0,0,1,1,0,0,0,0,1,"equal"
"690423-4604734",1,1,0,1,1,0,1,0,1,0,"equal"
"850325-4116098",0,0,1,1,0,0,0,1,1,0,"equal"
"800321-1702078",1,1,1,0,1,1,1,0,1,0,"equal"
"650720-3051225",0,0,0,0,1,0,1,0,0,0,"equal"
"820618-1440944",1,0,0,1,1,1,1,0,1,1,"equal"
"620105-4101477",1,0,0,1,0,1,0,0,0,1,"equal"
"750325-2475391",1,1,1,0,1,0,1,0,0,1,"equal"
"820602-1079276",0,1,1,0,0,0,0,0,0,1,"equal"
"500218-2368008",1,1,0,1,1,0,1,0,1,0,"equal"
"551220-4341541",0,0,0,1,0,1,1,1,1,1,"equal"
"500408-2229235",1,1,1,1,0,1,0,0,0,1,"equal"
"790118-1414491",1,1,1,0,0,0,0,1,1,0,"equal"
"960916-1618127",0,0,0,0,1,1,0,1,0,1,"equal"
"990103-1519235",0,0,0,0,0,1,1,0,1,0,"equal"
"650813-3864087",1,0,1,1,0,1,1,0,0,0,"equal"
"570909-3679064",0,0,1,0,1,0,0,1,0,1,"equal"
"551213-1070450",1,0,1,0,0,1,0,1,0,1,"equal"
"530820-3530778",1,0,1,0,1,1,0,1,1,0,"equal"
"821124-3187573",0,0,0,1,1,1,1,1,1,0,"equal"
"880521-1962373",1,0,0,1,1,1,1,1,0,0,"equal"
"930426-3639491",1,0,1,1,1,1,0,0,0,0,"equal"
"901006-4950000",0,0,0,1,0,1,1,0,1,1,"equal"
"810508-3262741",0,1,0,1,1,0,1,0,1,1,"equal"
"940907-2583689",0,0,0,0,1,1,0,1,0,0,"equal"
"671205-2653343",0,0,1,1,0,0,1,1,1,1,"equal"
"760507-2297493",1,1,0,0,1,1,1,0,0,1,"equal"
"840118-3768062",1,1,1,0,0,0,0,0,0,1,"equal"
"531201-2533242",1,0,1,1,0,0,0,0,0,1,"equal"
"560825-2121027",1,0,0,0,1,0,0,1,1,1,"equal"
"960608-3807170",0,1,1,0,0,0,1,1,1,1,"equal"
"610826-1608464",1,0,0,0,1,1,0,0,0,1,"equal"
"700924-4820848",1,0,0,1,1,0,0,1,1,0,"equal"
"821207-1849776",1,0,0,0,0,1,0,0,1,1,"equal"
"990921-2249743",0,1,0,0,0,0,0,1,1,0,"equal"
"641001-3005774",0,0,1,0,0,0,0,0,1,0,"equal"
"961223-3611043",1,1,1,0,1,1,0,1,0,0,"equal"
"510620-4736777",1,1,1,0,0,0,1,1,1,1,"equal"
"790106-2638562",0,1,1,1,1,1,0,0,0,0,"equal"
"960415-3799736",1,0,1,0,0,1,1,0,1,1,"equal"
"650810-4060561",0,0,0,1,0,0,1,0,0,1,"equal"
"740910-4411876",1,0,1,0,1,0,0,0,0,1,"equal"
"650221-4670908",1,1,0,0,0,0,1,1,0,1,"equal"
"970617-4673840",1,1,1,1,0,1,1,1,0,0,"equal"
"570921-3654458",1,0,0,0,0,1,0,1,1,1,"equal"
"850428-2046603",0,1,0,0,1,0,0,0,0,1,"equal"
"741004-4606581",1,1,0,1,0,0,0,0,1,0,"equal"
"731015-2924230",1,0,0,0,0,1,0,1,0,1,"equal"
"891111-2519356",1,0,1,1,0,1,0,0,0,1,"equal"
"600427-3829169",1,0,0,1,1,1,1,0,1,1,"equal"
"900501-3580310",0,1,1,0,0,0,0,0,0,1,"equal"
"820603-3630522",1,1,1,1,0,0,0,1,0,1,"equal"
"880813-1401733",0,0,1,1,1,0,1,0,1,1,"equal"
"530902-4496334",1,0,0,1,0,1,0,0,0,1,"equal"
"500113-4480796",0,1,1,0,0,0,0,1,1,1,"equal"
"710607-1592519",1,1,0,0,0,0,1,1,1,1,"equal"
"500708-1889296",1,1,1,1,0,0,0,1,1,0,"equal"
"720408-1412394",1,1,1,1,1,0,0,0,1,0,"equal"
"790307-2886022",0,0,0,0,0,1,1,1,1,1,"equal"
"830915-2246502",0,1,1,1,0,1,1,0,0,1,"equal"
"530402-3142235",0,1,0,1,1,0,1,0,0,1,"equal"
"630501-2028832",0,1,1,0,1,1,0,0,0,1,"equal"
"800117-2072861",0,1,0,0,0,0,1,1,1,0,"equal"
"941112-4226688",0,1,0,1,0,1,0,1,1,1,"equal"
"711001-4864185",1,0,1,1,1,1,1,1,1,1,"equal"
"920127-4880957",1,1,1,0,0,0,1,0,0,1,"equal"
"670913-1623907",0,1,1,0,0,1,1,1,0,0,"equal"
"720504-2322820",1,1,1,0,1,1,1,1,0,0,"equal"
"740327-1480700",0,1,0,1,0,0,1,1,1,0,"equal"
"910627-2828218",0,1,1,0,0,1,0,1,1,1,"equal"
"950818-1440099",0,1,1,1,0,0,0,0,0,1,"equal"
"860113-1426969",1,1,1,0,0,1,1,0,1,0,"equal"
"591201-1546744",1,1,1,0,0,0,1,0,0,1,"equal"
"990418-4689495",0,1,0,0,0,0,0,0,1,0,"equal"
"560803-3143540",0,1,0,1,1,1,0,1,1,0,"equal"
"680318-1721997",0,0,0,0,0,1,1,1,1,0,"equal"
"590520-3101897",1,1,1,1,0,1,1,1,1,0,"equal"
"910620-2590893",1,0,0,0,1,0,0,0,1,1,"equal"
"670509-2264268",1,0,0,1,0,1,1,0,1,0,"equal"
"581001-2880560",1,0,1,0,1,1,1,1,1,0,"equal"
"500128-1166866",1,0,0,0,1,1,0,0,1,0,"equal"
"560216-2677154",1,0,1,1,0,1,0,0,1,0,"equal"
"960805-4394317",0,1,0,1,1,1,1,1,0,0,"equal"
"580224-1481029",1,0,0,0,0,1,1,1,0,0,"equal"
"920422-4997271",1,0,1,0,1,1,1,1,0,0,"equal"
"541220-1045049",1,0,0,1,0,0,0,0,1,0,"equal"
"661101-4982044",0,1,0,0,1,1,0,1,0,1,"equal"
"680105-2387134",1,0,1,0,1,0,0,1,1,1,"equal"
"961005-2097984",0,0,1,1,0,1,0,0,0,1,"equal"
"800913-4525095",1,1,0,0,1,1,1,1,0,1,"equal"
"861004-2848077",1,1,1,1,0,1,1,0,0,1,"equal"
"970407-2754190",1,0,0,0,0,0,1,1,1,1,"equal"
"560528-4699948",1,0,1,1,1,1,0,0,1,1,"equal"
"940413-3610795",1,1,0,1,0,1,1,0,1,1,"equal"
"911113-1290766",1,0,1,1,1,1,1,0,1,0,"equal"
"641227-4536676",1,0,0,0,0,0,0,0,0,0,"equal"
"950928-3299640",1,0,0,0,1,1,1,0,0,0,"equal"
"500515-3717985",0,0,0,0,1,1,0,0,0,0,"equal"
"810525-3985551",1,1,1,0,0,0,0,1,0,1,"equal"
"990920-3372249",1,1,1,0,1,0,0,1,1,1,"equal"
"500901-3799805",0,0,0,0,0,1,1,1,0,1,"equal"
"520922-1777583",0,0,0,0,0,0,0,0,0,0,"equal"
"511228-4657880",0,1,1,0,0,1,1,1,0,0,"equal"
"950515-1064544",1,0,0,0,1,0,1,1,1,1,"equal"
"941205-2186315",0,0,0,0,1,0,1,1,1,0,"equal"
"771209-1464735",0,0,1,1,0,1,1,1,0,1,"equal"
"780709-1399493",0,0,1,1,0,1,0,1,1,0,"equal"
"991127-2632676",0,1,0,0,0,0,0,1,0,1,"equal"
"661122-3879327",0,1,0,1,0,1,1,1,1,0,"equal"
"770505-1630675",0,0,1,0,1,0,1,1,0,1,"equal"
"540801-2760749",1,0,1,1,0,0,0,0,0,0,"equal"
"771226-2402300",0,1,0,0,0,0,1,0,1,0,"equal"
"811206-3029316",1,1,1,0,1,1,1,1,0,0,"equal"
"570308-2699528",0,0,0,1,1,1,0,0,1,0,"equal"
"601102-1096506",1,1,1,0,1,1,0,0,1,1,"equal"
"760509-2557052",0,1,0,0,0,1,0,1,0,0,"equal"
"741108-3761471",0,1,0,0,0,0,0,1,0,1,"equal"
"600821-1190523",0,1,0,1,0,1,0,0,1,0,"equal"
"931207-2412311",1,1,1,1,1,0,0,1,1,0,"equal"
"500722-1878953",0,0,0,1,1,1,0,1,1,1,"equal"
"601106-3574743",1,0,0,0,1,0,0,0,1,1,"equal"
"580613-4771508",0,1,0,0,0,1,0,0,0,0,"equal"
"860425-4298463",0,0,1,0,1,0,1,1,0,0,"equal"
"860209-1710257",1,0,1,1,0,1,0,1,1,0,"equal"
"840120-3813607",1,0,0,1,1,1,1,1,1,1,"equal"
"790721-3112410",1,0,0,0,1,1,0,1,1,1,"equal"
"860503-3459348",1,1,1,1,1,1,1,1,1,0,"equal"
"811008-2677796",0,0,1,0,0,1,0,1,1,1,"equal"
"620602-3930657",1,1,0,0,1,0,0,1,0,1,"equal"
"590107-1333758",0,0,1,1,1,1,0,0,0,1,"equal"
"771205-1842544",1,1,1,0,0,0,0,0,0,1,"equal"
"700123-3227097",1,1,1,1,0,1,1,0,1,0,"equal"
"950812-1555320",0,1,1,0,1,0,0,0,1,1,"equal"
"510314-2106561",0,1,0,0,1,0,0,1,1,1,"equal"
"590505-2963419",0,1,1,0,0,0,1,0,1,0,"equal"
"911105-3164735",0,1,0,0,1,0,1,0,0,0,"equal"
"700425-1646900",1,0,0,0,1,1,1,0,1,0,"equal"
"550425-3950075",0,1,1,1,1,0,1,0,0,1,"equal"
"700826-4951182",1,0,1,1,1,0,0,1,1,0,"equal"
"960711-4648778",1,0,0,0,1,0,1,1,1,0,"equal"
"950104-2167325",1,1,1,1,1,1,1,1,1,1,"equal"
"680708-2461467",0,0,0,1,1,0,0,1,0,1,"equal"
"640914-3376454",1,1,1,1,0,1,1,1,1,1,"equal"
"600627-2393183",0,1,0,0,0,0,1,1,1,0,"equal"
"690302-2038105",0,0,1,1,1,0,0,1,0,1,"equal"
"940923-2337444",0,0,0,1,0,0,0,1,0,0,"equal"
"890221-4829084",1,1,0,1,0,0,1,1,1,0,"equal"
"780725-2724582",0,0,0,0,0,0,1,1,0,1,"equal"
"900505-1847789",0,1,1,0,0,0,0,1,0,0,"equal"
"691007-3381634",1,1,1,0,0,1,0,1,1,0,"equal"
"861226-1702526",1,0,0,1,1,0,1,0,1,1,"equal"
"721205-2855912",0,1,0,1,1,0,1,1,0,0,"equal"
"500214-3292763",1,0,1,0,0,1,1,0,0,1,"equal"
"510126-2100895",0,0,1,0,0,0,0,1,1,1,"equal"
"780221-4501898",0,1,1,0,0,0,0,0,0,1,"equal"
"980227-3958369",1,1,1,1,1,0,0,0,0,0,"equal"
"980915-2799357",1,0,0,1,0,0,1,0,0,0,"equal"
"980117-4865415",1,0,0,0,1,0,1,0,1,0,"equal"
"841119-4731374",1,0,0,0,0,0,0,1,1,1,"equal"
"681221-2759967",1,0,1,0,1,1,1,0,1,1,"equal"
"980309-4255960",1,1,0,0,1,0,1,1,1,0,"equal"
"550714-2156063",0,1,0,0,1,0,1,1,0,0,"equal"
"510818-2610364",1,0,1,1,0,0,1,1,0,0,"equal"
"990218-1018281",0,1,0,1,0,0,0,1,1,1,"equal"
"801105-1338413",1,0,1,1,1,0,1,1,1,0,"equal"
"900126-3563207",0,0,1,0,0,0,0,0,1,1,"equal"
"961204-1655588",0,0,1,1,0,1,0,1,1,1,"equal"
"750311-1650963",1,1,0,1,1,1,1,1,0,0,"equal"
"530408-4517292",1,0,0,1,0,0,1,1,1,1,"equal"
"981009-2276014",1,1,1,0,0,0,1,0,1,0,"equal"
"510407-2578495",0,1,1,0,1,1,0,0,1,0,"equal"
"690918-1829696",0,0,0,0,0,0,1,0,1,1,"equal"
"860407-4686376",1,0,1,0,1,0,0,0,0,1,"equal"
"710814-1856220",1,1,1,1,1,1,1,0,1,0,"equal"
"870401-2612949",1,0,0,1,0,1,0,1,1,1,"equal"
"610124-3494138",1,1,1,0,1,0,0,1,1,1,"equal"
"960622-3144255",1,0,0,0,1,1,1,0,0,1,"equal"
"520702-4231541",0,1,0,1,0,0,1,1,0,0,"equal"
"821125-1328801",0,0,0,1,1,1,0,1,0,0,"equal"
"820720-3027724",1,0,0,0,0,1,1,1,1,0,"equal"
"511219-3844263",0,1,1,1,0,0,1,0,0,1,"equal"
"951019-3596875",0,1,1,0,0,0,0,0,1,0,"equal"
"631006-4528552",0,1,1,0,0,1,0,0,1,1,"equal"
"620610-2496836",0,0,1,0,1,0,0,0,1,0,"equal"
"930423-2701435",0,0,1,1,1,1,0,0,0,1,"equal"
"681013-3461235",1,1,0,1,0,1,1,0,0,1,"equal"
"830205-4666334",0,1,1,1,0,0,0,1,0,0,"equal"
"710819-1581166",0,0,0,0,0,0,0,0,1,1,"equal"
"820309-1629041",0,0,0,0,1,1,1,0,0,1,"equal"
"950528-2658997",1,0,1,0,0,0,1,0,1,1,"equal"
"940318-1840478",0,0,1,0,1,1,1,0,0,0,"equal"
"950922-3887948",0,0,0,0,1,1,1,0,0,0,"equal"
"781116-3801293",1,1,1,1,0,0,0,1,0,1,"equal"
"970903-1531132",0,1,0,0,1,0,1,1,0,0,"equal"
"791209-1928863",0,0,0,1,0,1,1,0,1,0,"equal"
"581226-4512732",0,1,0,1,1,1,1,1,0,0,"equal"
"690726-4039853",0,1,1,1,1,0,0,1,0,0,"equal"
"640504-3964517",0,1,0,0,0,1,1,1,0,0,"equal"
"740625-1864973",1,1,0,1,1,0,1,1,1,0,"equal"
"920518-1092957",0,1,1,1,0,0,0,1,0,0,"equal"
"871202-3176960",0,0,0,1,0,1,1,0,1,0,"equal"
"850815-1877777",1,0,1,1,0,0,1,0,1,1,"equal"
"890323-1480080",0,1,0,0,1,0,0,0,0,1,"equal"
"811227-3582194",1,1,1,0,0,0,1,0,1,1,"equal"
"900122-4375712",0,0,1,0,0,1,0,0,0,1,"equal"
"670226-3371027",1,1,1,0,0,0,0,1,0,0,"equal"
"640301-1497288",1,1,0,0,0,0,1,1,0,1,"equal"
"960118-1613558",0,1,0,1,0,1,1,1,0,0,"equal"
"911006-1959986",0,1,1,1,0,0,1,0,1,0,"equal"
"990605-3035214",0,1,1,1,0,0,1,0,1,0,"equal"
"931007-2488328",0,1,0,1,1,0,0,0,0,0,"equal"
"900205-1126059",1,1,0,1,1,1,1,1,1,1,"equal"
"961219-4363134",0,1,1,1,1,1,1,0,1,1,"equal"
"970818-1173292",1,1,1,0,1,1,1,1,1,0,"equal"
"750704-3527329",0,1,0,0,0,1,1,0,0,1,"equal"
"971028-4900249",1,0,0,1,0,0,1,0,0,1,"equal"
"820115-2820913",0,0,1,0,0,0,0,1,1,0,"equal"
"521124-1326906",1,0,0,0,1,0,1,1,1,1,"equal"
"710916-4990748",0,0,0,1,1,0,1,1,0,0,"equal"
"890523-1371047",0,1,1,1,0,0,1,1,1,0,"equal"
"610524-2298349",0,0,0,1,0,0,1,1,0,1,"equal"
"811109-2900162",1,1,1,1,1,1,0,1,1,1,"equal"
"731124-4540118",0,0,1,0,1,1,1,1,1,0,"equal"
"650701-3779897",1,0,0,0,0,0,0,1,0,0,"equal"
"680118-3552486",0,1,1,0,1,0,1,0,0,1,"equal"
"681015-3684505",1,1,0,0,0,1,1,0,1,1,"equal"
"920627-4997265",1,1,0,1,0,1,1,1,0,0,"equal"
"940304-3700218",1,0,1,0,1,1,1,1,1,0,"equal"
"990104-4806577",1,1,1,0,0,0,1,0,0,1,"equal"
"661214-3893324",1,1,0,0,1,0,0,1,1,1,"equal"
"961012-3042063",1,0,0,1,1,0,1,0,0,1,"equal"
"600406-3835789",1,0,1,0,1,0,0,0,0,0,"equal"
"961123-3089351",0,0,0,0,0,0,0,0,1,1,"equal"
"900204-1607499",1,1,1,0,0,0,0,0,1,0,"equal"
"540808-3632904",1,1,0,1,1,1,0,1,0,1,"equal"
"581002-2596984",0,0,1,0,1,1,1,1,0,1,"equal"
"881209-2471274",0,1,0,0,0,1,0,0,0,1,"equal"
"560714-1540609",0,1,1,1,0,0,1,0,1,1,"equal"
"580507-2564526",1,0,0,1,0,0,1,1,0,0,"equal"
"530808-2569839",1,1,1,0,1,0,0,1,0,1,"equal"
"810105-2611677",0,0,1,1,1,0,0,0,1,1,"equal"
"631209-3157918",1,0,0,0,1,0,0,0,0,1,"equal"
"590214-3861648",1,0,1,1,0,1,1,0,1,0,"equal"
"640203-2683271",1,0,0,0,1,1,1,0,0,0,"equal"
"520701-4074603",0,1,0,0,1,1,0,0,0,0,"equal"
"530626-3135413",0,0,0,1,1,0,1,0,0,0,"equal"
"651228-4969053",1,1,0,0,1,1,0,1,0,0,"equal"
"970127-2023778",1,1,1,1,1,0,0,0,1,0,"equal"
"790406-1189424",1,0,0,0,1,0,1,0,0,1,"equal"
"710101-4077598",0,1,1,1,1,1,0,0,1,1,"equal"
"630907-4321355",0,0,1,1,0,0,0,0,1,1,"equal"
"730217-4537432",0,1,1,1,0,0,0,1,0,0,"equal"
"551019-3531535",0,1,0,0,1,1,0,0,1,1,"equal"
"900501-3049534",0,0,0,0,0,0,1,1,0,0,"equal"
"770805-2053316",1,0,0,0,1,1,1,1,1,1,"equal"
"550205-3957429",1,1,0,1,1,1,0,0,1,1,"equal"
"680306-1124813",1,1,0,1,0,0,0,0,1,0,"equal"
"711224-2112390",1,1,0,0,0,0,0,1,0,1,"equal"
"670824-4305731",0,0,1,1,1,0,1,0,1,1,"equal"
"990819-4577752",0,1,0,1,0,1,1,0,1,0,"equal"
"540305-2639950",1,0,0,0,1,1,0,0,0,1,"equal"
"541006-2350436",1,0,1,0,0,1,0,1,0,1,"equal"
"771021-3421954",1,0,1,1,0,1,1,1,0,0,"equal"
"951225-1897339",0,1,0,0,1,0,1,1,1,0,"equal"
"721011-1704130",1,0,1,1,1,0,1,0,1,1,"equal"
"740118-2277002",0,0,0,1,1,0,1,1,0,0,"equal"
"740217-1697050",0,1,1,0,0,0,1,1,0,0,"equal"
"851014-3776231",1,0,1,1,1,0,1,1,1,0,"equal"
"900517-3974350",1,0,1,1,0,1,1,0,1,0,"equal"
"820126-3885309",0,0,1,1,0,0,0,1,0,0,"equal"
"960515-1558253",0,0,1,1,0,1,0,1,1,0,"equal"
"821028-3957923",1,1,0,0,1,1,1,0,0,1,"equal"
"890203-2478073",1,1,0,1,1,0,0,0,1,1,"equal"
"830413-4736697",0,0,1,0,1,0,0,0,1,1,"equal"
"750827-4594412",0,1,0,1,1,1,1,0,1,0,"equal"
"891120-1303342",1,0,0,1,1,0,1,1,0,0,"equal"
"870124-4007251",0,1,0,1,1,1,0,0,0,1,"equal"
"830122-2866922",1,1,1,1,1,1,0,0,0,1,"equal"
"790922-4272055",0,1,1,0,0,1,1,1,1,0,"equal"
"750419-3521087",0,1,0,1,1,0,1,0,1,1,"equal"
"730321-1100307",1,1,0,0,1,1,0,0,0,0,"equal"
"691021-1141542",0,0,1,1,1,1,0,0,1,0,"equal"
"910315-2306999",0,0,0,1,1,1,0,0,0,1,"equal"
"580328-1637240",0,0,1,0,1,1,0,0,0,0,"equal"
"601204-1598108",1,1,1,1,1,0,0,1,1,0,"equal"
"781213-1077459",0,0,0,0,1,1,1,0,0,1,"equal"
"550206-3213896",1,1,0,0,0,0,1,0,1,1,"equal"
"960515-2945544",0,1,1,1,0,1,0,1,0,1,"equal"
"850919-2592802",1,1,1,1,0,0,0,0,1,0,"equal"
"500707-4358401",1,1,0,0,1,0,0,1,0,1,"equal"
"850419-2269464",0,0,1,0,0,1,1,0,0,0,"equal"
"920828-4375802",0,0,1,1,1,1,0,0,0,0,"equal"
"770708-3065867",1,0,0,0,0,0,0,1,0,0,"equal"
"690828-3537087",1,0,1,0,1,0,0,0,1,1,"equal"
"530427-1560687",1,0,0,0,0,1,1,1,0,0,"equal"
"620306-2237106",0,0,0,1,0,1,0,0,1,1,"equal"
"701214-4934710",1,0,0,0,1,1,0,1,1,0,"equal"
"630920-2902794",1,0,0,1,1,0,0,0,1,0,"equal"
"991207-2364037",1,0,0,1,1,1,0,1,1,1,"equal"
"500705-2731146",1,1,1,0,1,1,1,0,1,1,"equal"
"950509-3787297",1,1,0,0,1,0,1,1,1,0,"equal"
"740411-1448241",1,1,0,1,1,1,0,0,0,1,"equal"
"900301-1006777",1,0,0,1,0,0,1,0,1,0,"equal"
"940502-1159205",0,0,1,0,1,0,1,0,0,0,"equal"
"500227-4279615",1,0,1,1,1,0,1,1,1,0,"equal"
"750705-4383958",0,0,1,1,1,0,0,0,0,1,"equal"
"780207-1428082",1,1,1,0,0,1,1,1,1,1,"equal"
"731111-2009654",1,0,0,1,0,0,1,1,0,0,"equal"
"630414-3290040",1,0,0,1,1,0,0,1,0,1,"equal"
"940904-3267453",0,0,0,0,1,0,0,1,1,1,"equal"
"791010-1079870",1,0,0,1,1,1,0,0,1,0,"equal"
"571114-2554520",1,0,1,0,1,0,0,1,0,1,"equal"
"630206-2030694",0,1,0,1,0,0,1,1,0,0,"equal"
"720713-4320658",1,1,1,1,1,1,0,1,0,0,"equal"
"890312-1720709",1,0,0,0,1,1,0,0,0,1,"equal"
"740907-4907532",1,0,1,0,1,1,0,0,0,0,"equal"
"881119-4300466",1,1,0,1,1,0,0,0,0,0,"equal"
"761217-4892036",1,0,1,1,1,1,0,1,1,1,"equal"
"510425-2899249",1,0,0,1,1,1,0,0,1,1,"equal"
"580911-4389976",1,0,1,1,1,0,0,1,0,1,"equal"
"940418-1668952",0,0,1,0,1,0,0,1,0,1,"equal"
"510918-1071558",1,0,0,1,0,1,1,1,0,0,"equal"
"950208-4338085",0,0,1,0,1,0,1,1,0,0,"equal"
"510922-4691847",1,1,1,1,0,1,0,0,1,1,"equal"
"500116-3533892",0,0,0,1,0,0,0,1,1,1,"equal"
"660704-3154626",0,1,0,0,0,1,1,0,1,1,"equal"
"850627-1507439",0,1,1,1,0,0,1,1,1,0,"equal"
"510107-1342162",1,1,1,0,0,1,1,0,0,1,"equal"
"630505-2945082",1,1,1,0,0,1,1,0,0,1,"equal"
"950421-4982916",1,1,0,1,0,1,0,1,1,1,"equal"
"661223-3894475",1,1,1,0,0,0,1,0,0,0,"equal"
"970524-2326337",0,0,1,1,0,0,1,0,0,0,"equal"
"980308-3449704",0,0,1,0,1,0,0,0,1,1,"equal"
"990608-1062656",1,1,0,1,0,0,1,1,1,0,"equal"
"520727-2631856",1,0,1,1,1,0,0,1,1,1,"equal"
"840421-4099455",1,1,1,0,1,0,1,1,1,1,"equal"
"911219-2653169",1,0,1,1,0,0,0,1,0,0,"equal"
"580607-1342310",0,0,0,1,0,1,0,0,1,0,"equal"
"700326-3598890",1,1,0,0,0,1,1,1,0,1,"equal"
"890317-3186472",0,0,1,0,1,0,1,0,0,0,"equal"
"681123-1920121",0,1,1,1,1,0,0,0,0,0,"equal"
"680222-3054658",1,0,0,0,0,0,1,0,0,1,"equal"
"590511-2663816",1,1,1,1,0,1,1,1,0,1,"equal"
"611014-2500055",0,0,0,1,0,1,1,1,0,0,"equal"
"720916-1669936",1,1,0,0,1,1,1,0,0,0,"equal"
"690307-3660148",1,0,1,1,1,1,0,1,1,1,"equal"
"820502-4284692",0,1,1,1,1,0,0,1,1,1,"equal"
"661026-2065490",1,1,0,0,1,1,0,0,1,0,"equal"
"981224-3712190",1,0,1,0,1,0,0,0,0,0,"equal"
"680201-3124687",1,0,0,1,0,0,0,0,0,1,"equal"
"780610-2717399",1,1,0,1,1,1,0,0,1,1,"equal"
"670701-4846231",0,1,0,1,0,1,0,1,0,0,"equal"
"710510-1224512",1,0,0,1,1,1,0,1,0,1,"equal"
"651108-1260450",1,0,0,1,1,0,1,0,0,0,"equal"
"980718-3003362",0,0,0,0,1,1,1,1,0,1,"equal"
"850220-3551641",1,0,1,1,1,0,0,1,0,0,"equal"
"640406-2169929",1,1,0,1,0,1,1,0,0,1,"equal"
"640620-4452088",0,0,1,1,1,0,1,1,1,0,"equal"
"930425-2533733",1,0,1,1,0,1,1,0,1,0,"equal"
"881205-3818361",0,1,1,1,0,0,0,1,1,0,"equal"
"610226-1037100",0,1,0,1,0,1,1,0,1,0,"equal"
"660525-2503206",1,1,0,0,0,0,0,0,1,1,"equal"
"980927-4236613",1,0,0,0,1,0,0,0,0,0,"equal"
"700705-4078379",0,1,0,0,0,1,1,0,1,1,"equal"
"630708-4025538",1,0,0,0,1,0,0,0,1,0,"equal"
"760101-4927118",0,0,0,1,1,1,0,0,0,0,"equal"
"890525-3168026",1,1,1,1,0,1,0,0,1,1,"equal"
"800702-2205925",0,0,0,1,1,1,0,0,0,0,"equal"
"850508-3345248",1,0,1,0,0,0,1,1,1,1,"equal"
"830126-4777320",1,1,0,0,0,1,1,0,0,0,"equal"
"720921-1684360",0,0,0,0,0,1,0,1,1,1,"equal"
"570904-1164889",0,0,0,0,1,1,1,1,1,1,"equal"
"631124-4166588",0,1,0,1,0,0,0,1,1,0,"equal"
"940128-3211216",1,1,1,0,0,0,0,1,0,0,"equal"
"501227-3571698",1,0,0,1,1,0,0,0,0,1,"equal"
"660105-3005983",1,1,1,0,1,0,0,1,1,1,"equal"
"560914-3446035",0,0,1,1,0,1,0,1,0,1,"equal"
"870515-2405693",0,0,0,0,1,0,1,0,1,0,"equal"
"940515-2610057",1,1,1,1,0,1,1,0,1,1,"equal"
"921019-4518661",0,1,1,1,1,1,0,0,1,0,"equal"
"950910-3176213",0,0,0,0,0,0,1,0,0,1,"equal"
"860217-2530691",0,1,1,1,0,0,1,0,1,0,"equal"
"931008-1204424",1,1,0,0,0,0,1,1,0,1,"equal"
"561016-3756630",0,0,1,1,0,1,0,1,1,0,"equal"
"860921-2226165",0,0,1,0,0,1,1,1,0,1,"equal"
"531007-3818706",0,0,0,0,0,0,1,0,0,0,"equal"
"621115-2511796",0,0,1,0,1,1,0,1,0,1,"equal"
"690404-1224602",1,1,1,0,1,1,1,0,0,0,"equal"
"600914-3351971",0,0,1,1,1,0,1,0,0,1,"equal"
"900220-1578799",1,1,1,0,1,0,0,1,0,1,"equal"
"810428-3868953",0,0,0,1,1,1,0,1,1,1,"equal"
"910606-2332194",1,1,0,0,1,0,0,1,1,1,"equal"
"540226-3502261",1,0,1,0,1,0,0,0,0,1,"equal"
"930118-2450932",0,1,0,0,1,1,0,1,0,0,"equal"
"860516-3520924",1,1,1,1,0,1,1,1,0,0,"equal"
"900420-3921058",1,0,1,0,0,0,1,0,1,0,"equal"
"870414-4376453",1,0,0,0,1,0,0,0,1,1,"equal"
"571013-4458692",0,0,1,1,0,1,0,1,1,0,"equal"
"710402-1191028",0,0,1,0,0,0,0,0,0,0,"equal"
"880512-2525217",1,1,1,1,0,1,1,1,0,1,"equal"
"890328-3267130",0,0,1,1,1,0,1,1,0,0,"equal"
"690407-4019428",0,0,1,1,0,0,1,0,1,1,"equal"
"591206-3312914",0,0,1,0,0,0,0,1,0,0,"equal"
"831014-4967969",0,1,1,1,0,0,1,0,1,0,"equal"
"850301-1466092",1,0,0,0,0,1,1,1,0,1,"equal"
"730711-3481896",1,0,1,0,0,0,1,1,0,1,"equal"
"740824-1008372",0,1,1,1,1,0,1,1,0,1,"equal"
"970918-2409481",1,0,1,1,0,0,0,0,0,1,"equal"
"550713-2274616",0,1,1,1,1,0,0,1,0,1,"equal"
"890501-1983653",0,0,0,1,0,0,1,0,0,1,"equal"
"761101-1781132",1,1,0,1,1,0,0,1,0,0,"equal"
"550704-1120397",0,1,0,0,1,0,1,0,0,0,"equal"
"740417-4534027",0,0,1,0,0,1,1,0,0,0,"equal"
"810319-4465725",0,1,1,0,0,1,0,1,0,0,"equal"
"760407-1251186",0,1,1,1,1,1,0,0,1,1,"equal"
"701206-3238347",1,1,0,0,1,0,0,1,1,0,"equal"
"980818-1920908",0,0,0,1,0,1,0,1,0,1,"equal"
"950511-2111107",0,0,1,0,1,1,0,0,0,0,"equal"
"611111-1618353",0,1,1,0,1,0,0,0,1,0,"equal"
"780409-3831179",1,0,1,0,0,1,0,1,0,1,"equal"
"860621-2119113",1,1,1,1,0,0,0,0,0,0,"equal"
"580601-1998158",1,0,0,1,1,0,0,1,1,1,"equal"
"651212-4642530",0,0,1,0,1,1,1,1,1,1,"equal"
"690324-2442622",0,0,0,0,0,0,0,0,0,1,"equal"
"820720-3254710",0,1,0,0,0,0,1,1,0,0,"equal"
"681027-3241444",1,0,1,0,1,0,1,1,1,0,"equal"
"620215-4028536",1,0,1,1,1,0,1,0,1,0,"equal"
"740328-4503513",0,1,0,1,0,0,1,0,0,0,"equal"
"800221-2343986",0,0,1,0,1,1,0,0,0,0,"equal"
"901025-3216274",0,0,0,1,1,1,0,0,1,0,"equal"
"621103-4209456",0,0,0,1,0,0,1,1,0,1,"equal"
"551002-3787938",0,0,0,0,0,0,0,0,1,0,"equal"
"630324-1147714",1,1,1,0,1,1,0,0,1,0,"equal"
"781109-1952740",1,0,1,1,1,0,1,0,0,0,"equal"
"621109-2950803",1,1,1,1,0,0,1,0,0,0,"equal"
"730406-2854301",1,1,1,0,0,1,1,0,1,0,"equal"
"650613-4438697",1,0,0,0,0,0,0,0,1,1,"equal"
"940917-3763372",1,1,1,0,0,1,0,1,1,1,"equal"
"520815-4927612",1,0,0,0,0,1,0,0,0,1,"equal"
"630503-3445824",1,0,1,0,1,0,0,0,1,0,"equal"
"670906-2593265",1,1,1,1,0,1,0,0,1,0,"equal"
"640121-4811069",1,1,0,0,0,1,0,1,0,1,"equal"
"771011-1755991",0,0,0,0,0,0,1,0,1,0,"equal"
"580328-4371384",1,0,0,0,0,1,1,0,0,1,"equal"
"770615-1420122",0,0,0,0,0,0,1,1,1,1,"equal"
"720122-1913628",0,1,1,0,0,0,1,0,0,1,"equal"
"981224-4308795",1,0,1,0,1,1,1,0,1,1,"equal"
"720607-1908197",0,1,1,1,1,1,0,0,1,0,"equal"
"990320-4040142",1,0,1,0,0,0,0,1,1,1,"equal"
"600320-1486106",1,0,1,0,1,1,1,0,1,0,"equal"
"871115-3975378",1,0,0,1,0,1,0,0,1,0,"equal"
"960217-2166871",0,1,1,0,0,1,1,1,1,1,"equal"
"700113-4737016",0,0,1,0,1,0,1,1,0,1,"equal"
"761017-4377202",1,1,0,0,0,1,1,1,0,1,"equal"
"811203-2753729",1,1,0,1,1,1,1,1,1,1,"equal"
"800116-2486568",0,0,1,0,0,1,0,0,1,0,"equal"
"780526-4100025",1,0,0,0,0,1,0,1,0,0,"equal"
"660726-4958490",0,0,0,0,0,0,0,1,1,0,"equal"
"551011-4672549",1,1,0,0,0,1,1,0,1,0,"equal"
"501211-2564543",1,0,1,1,1,0,0,0,1,0,"equal"
"530701-1734248",0,0,1,0,0,1,0,1,1,0,"equal"
"790710-4653182",0,1,0,1,0,0,1,0,0,0,"equal"
"930216-2752086",1,1,1,0,0,0,1,0,1,0,"equal"
"920819-4670717",0,0,1,0,1,1,0,1,1,1,"equal"
"921126-2417863",1,1,0,1,0,1,0,1,0,0,"equal"
"540515-1556537",1,1,1,0,0,0,1,1,1,0,"equal"
"560507-2700425",0,0,1,1,0,0,1,1,1,1,"equal"
"830708-3922853",0,1,1,1,1,0,1,0,1,1,"equal"
"600612-4239140",0,1,1,0,1,0,1,0,1,0,"equal"
"611206-1277431",1,1,0,0,0,0,1,0,0,0,"equal"
"980525-2446174",0,1,1,0,1,0,1,0,1,0,"equal"
"820707-2966964",0,0,1,1,0,0,0,0,1,1,"equal"
"770811-1615846",1,0,1,1,1,0,0,0,1,0,"equal"
"651007-1474532",1,1,0,1,0,0,1,1,0,0,"equal"
"870925-4780226",0,1,0,1,1,0,0,1,0,1,"equal"
"930515-2713255",0,0,1,0,1,1,0,0,0,0,"equal"
"650526-1569806",1,0,1,0,1,1,1,0,1,0,"equal"
"730919-1946800",1,0,0,1,1,1,1,0,0,0,"equal"
"740827-4743281",1,1,1,1,0,1,0,1,0,1,"equal"
"650919-4601445",1,0,0,1,1,0,1,0,0,0,"equal"
"591008-1750333",1,0,0,1,1,1,1,1,1,1,"equal"
"660328-3833352",1,0,1,1,0,0,0,0,1,1,"equal"
"810220-2861358",0,1,0,1,1,1,0,1,0,1,"equal"
"800603-1877065",1,1,1,0,0,1,1,0,0,0,"equal"
"510602-4543562",0,1,0,0,1,0,0,1,0,0,"equal"
"810609-2445292",1,0,0,1,1,1,1,0,1,0,"equal"
"700718-1468898",1,1,0,0,1,1,1,0,0,0,"equal"
"640613-2171311",1,1,0,0,1,0,1,0,0,1,"equal"
"820628-3311183",0,0,1,1,0,1,1,1,0,0,"equal"
"770405-3769169",1,0,0,1,0,1,0,0,1,0,"equal"
"751010-2577901",1,1,1,1,0,1,1,1,0,1,"equal"
"911007-4572531",1,0,0,1,1,1,0,1,0,0,"equal"
"540902-1396140",0,1,0,1,0,1,1,1,0,0,"equal"
"711217-1077612",0,0,0,1,1,1,0,0,0,1,"equal"
"950918-1440522",0,1,1,1,1,1,1,1,1,0,"equal"
"980210-2314311",0,1,1,0,1,1,0,1,1,1,"equal"
"630108-1598883",0,1,0,0,1,0,0,1,1,0,"equal"
"680405-4310534",0,0,1,1,1,1,0,1,0,0,"equal"
"970117-3507157",0,1,0,1,0,1,1,1,0,1,"equal"
"950511-4511473",1,0,0,1,1,1,1,1,0,1,"equal"
"640917-1383972",1,0,1,1,0,0,1,0,0,0,"equal"
"511116-4230461",0,1,0,0,1,1,1,0,1,1,"equal"
"520907-2990244",0,0,1,1,0,1,0,0,1,1,"equal"
"750228-1248267",1,1,1,1,0,0,0,1,0,1,"equal"
"530103-4206225",0,1,1,0,1,0,1,1,0,0,"equal"
"900104-2807971",1,0,1,0,1,0,1,1,0,1,"equal"
"810613-4505701",1,0,0,1,1,1,1,1,0,1,"equal"
"710413-2211046",1,1,1,1,1,0,1,1,1,1,"equal"
"960403-3167793",1,0,0,0,0,0,1,0,0,0,"equal"
"680812-1940168",0,1,1,0,1,1,1,1,1,1,"equal"
"940307-2514042",1,1,1,1,0,0,1,1,0,0,"equal"
"780319-3414356",0,1,0,1,0,1,0,1,0,0,"equal"
"820622-2549554",0,1,0,1,1,0,1,0,1,1,"equal"
"670922-3180868",0,0,1,1,1,0,1,1,0,1,"equal"
"960712-4896164",0,1,0,1,0,1,0,1,1,1,"equal"
"730624-3503166",0,1,0,1,1,1,1,1,0,0,"equal"
"571225-1251329",1,0,0,1,0,0,0,0,1,0,"equal"
"970909-3477009",1,0,1,0,0,0,1,1,0,1,"equal"
"950219-1951158",1,0,0,0,1,1,0,0,0,1,"equal"
"931007-2576228",0,1,1,1,1,0,1,0,0,1,"equal"
"850103-4871367",0,0,0,1,0,1,0,1,0,0,"equal"
"991025-3829428",1,0,1,1,0,1,0,1,0,1,"equal"
"770414-3112023",1,1,1,0,1,1,0,1,1,0,"equal"
"851116-4961451",1,1,1,1,0,1,0,1,0,0,"equal"
"750907-1200905",0,0,0,0,0,1,0,1,0,1,"equal"
"570820-1986875",1,0,0,0,0,1,1,1,1,1,"equal"
"561211-4596301",0,0,1,0,0,1,0,1,1,1,"equal"
"631001-2358369",0,1,0,0,0,0,0,1,1,0,"equal"
"940310-4380507",0,0,1,0,0,1,0,0,1,0,"equal"
"520621-3216708",0,1,0,0,0,1,0,0,0,1,"equal"
"560614-2059732",1,1,0,1,1,0,0,1,0,0,"equal"
"580316-4329773",1,0,1,0,1,0,0,1,0,0,"equal"
"880313-1743798",1,0,1,1,1,1,0,0,0,1,"equal"
"791225-1574758",0,1,0,1,0,1,0,0,1,1,"equal"
"730908-2735335",1,0,0,0,1,1,0,0,0,1,"equal"
"790626-3103991",0,1,0,1,0,1,0,0,0,1,"equal"
"740422-2217792",0,1,0,1,1,0,1,1,0,1,"equal"
"661202-1511590",0,1,0,0,1,0,1,1,1,1,"equal"
"870618-2720791",1,1,0,0,1,1,1,1,1,0,"equal"
"820511-3802683",1,0,1,0,1,0,1,1,1,1,"equal"
"581126-2127809",1,0,0,1,1,0,0,1,1,0,"equal"
"900119-1438450",1,1,1,0,0,1,0,0,0,1,"equal"
"830107-3146330",1,1,1,0,1,0,0,1,0,1,"equal"
"640713-1455692",0,1,1,1,0,0,0,0,0,1,"equal"
"710804-4525432",0,0,1,1,0,0,0,0,0,1,"equal"
"810301-3361282",1,1,0,1,1,0,1,1,1,0,"equal"
"870627-1423426",1,1,0,0,1,0,1,1,1,1,"equal"
"871117-1978098",1,1,0,1,0,0,0,1,1,0,"equal"
"860827-2732169",1,1,0,0,0,1,0,1,1,0,"equal"
"571016-4041638",1,0,0,1,1,0,1,0,1,0,"equal"
"960618-4220179",1,0,1,0,1,0,0,1,1,0,"equal"
"610606-3243389",1,1,1,0,0,0,0,0,1,1,"equal"
"661206-3979567",0,1,0,1,1,1,0,1,1,0,"equal"
"600913-1624436",1,0,0,0,0,1,0,0,0,0,"equal"
"860201-4172277",1,0,0,1,1,1,1,0,1,1,"equal"
"920806-3507704",1,1,1,0,0,0,0,0,0,0,"equal"
"901101-1024680",1,1,1,1,1,0,0,0,0,0,"equal"
"930703-1140591",0,1,1,1,0,0,0,0,1,0,"equal"
"710620-4304861",0,0,1,0,0,0,1,0,1,0,"equal"
"651225-2215530",1,1,1,1,1,0,1,1,0,0,"equal"
"690924-4437569",1,1,0,0,1,0,0,0,1,0,"equal"
"981127-4978049",0,0,0,0,0,1,1,1,0,0,"equal"
"911221-1404034",1,0,0,0,1,0,1,1,0,0,"equal"
"590418-4745273",1,0,0,1,1,0,1,0,1,0,"equal"
"510107-2703340",1,1,1,0,0,1,1,0,1,1,"equal"
"720722-1281801",1,0,1,0,1,0,1,1,0,0,"equal"
"620309-1560047",0,1,0,1,0,1,1,1,0,1,"equal"
"630116-4724903",1,1,1,1,0,0,1,0,1,0,"equal"
"550724-2143648",1,1,1,1,1,0,0,1,0,1,"equal"
"780622-3094463",1,0,1,0,1,0,0,1,0,1,"equal"
"501128-3590816",0,0,0,1,0,1,1,1,1,0,"equal"
"660221-1206005",1,1,1,0,0,0,0,0,1,0,"equal"
"570321-1264305",1,1,0,1,1,1,1,1,0,0,"equal"
"910904-3989518",0,0,0,1,0,0,1,0,0,0,"equal"
"571106-3932806",1,0,0,0,0,1,1,1,0,0,"equal"
"681103-1483569",0,1,1,1,0,1,1,0,1,0,"equal"
"830923-4797254",0,1,0,0,0,1,0,0,0,1,"equal"
"780522-4730708",0,1,0,1,1,0,1,0,1,1,"equal"
"581116-2428538",0,0,0,1,1,1,1,0,0,1,"equal"
"741127-1343175",0,1,1,0,1,0,0,1,1,1,"equal"
"590810-1719808",0,1,1,1,0,0,0,1,0,0,"equal"
"840801-2849332",0,1,1,1,0,0,1,1,0,0,"equal"
"931106-3876923",0,1,0,0,1,0,0,0,1,0,"equal"
"790619-3327364",1,1,0,0,1,1,1,0,0,0,"equal"
"930617-3837374",1,1,1,0,0,0,1,1,1,0,"equal"
"511111-1688128",1,1,0,0,1,0,0,0,1,0,"equal"
"851126-1866165",0,0,0,1,1,0,1,1,0,1,"equal"
"910109-3839208",0,0,0,1,0,1,1,0,1,1,"equal"
"890117-3027245",1,0,1,1,0,1,1,1,1,0,"equal"
"810922-1426831",1,1,1,0,1,0,0,1,0,0,"equal"
"850422-2682729",0,0,1,0,0,0,1,0,1,0,"equal"
"650510-2572922",0,0,0,0,0,0,0,1,1,0,"equal"
"850510-1832382",0,0,1,1,1,0,0,0,0,1,"equal"
"711202-1636606",0,0,1,0,0,1,1,0,0,0,"equal"
"550406-3717251",1,0,1,1,0,1,0,0,1,0,"equal"
"670517-4598184",1,1,1,0,0,1,1,1,0,1,"equal"
"940803-4608498",1,1,0,1,0,1,0,1,1,0,"equal"
"890920-3093839",0,1,1,0,1,1,0,0,0,0,"equal"
"850322-3031034",0,1,0,0,1,0,1,1,0,1,"equal"
"761226-3705031",0,1,1,1,1,0,0,0,1,0,"equal"
"910823-3956442",0,1,0,1,0,1,0,1,1,0,"equal"
"500811-3504426",0,0,1,0,0,1,0,0,1,1,"equal"
"660927-4213735",0,1,0,1,1,0,1,1,0,0,"equal"
"550902-3461647",0,0,0,0,0,1,1,1,1,1,"equal"
"870912-1786200",1,1,0,0,1,1,1,1,1,1,"equal"
"680510-2278416",0,1,0,0,1,0,0,0,0,0,"equal"
"710928-4494776",1,1,0,0,1,1,0,1,1,0,"equal"
"600525-3460891",1,1,0,1,0,0,1,1,1,1,"equal"
"631015-1811458",0,0,1,1,0,0,0,0,1,1,"equal"
"970113-1687801",1,0,1,0,1,0,1,1,1,1,"equal"
"700122-1314273",0,0,0,1,0,1,0,0,1,0,"equal"
"630412-4373529",1,1,0,0,1,0,0,0,0,1,"equal"
"950714-2976038",0,1,1,0,1,1,1,1,1,1,"equal"
"850519-3706591",1,0,0,1,1,0,0,1,1,0,"equal"
"871216-4675559",0,1,1,1,1,0,0,1,1,0,"equal"
"681001-1425342",0,0,0,1,1,1,0,0,1,1,"equal"
"650325-2437550",0,0,1,0,0,0,0,1,0,0,"equal"
"521015-4100210",1,1,0,1,1,1,0,1,0,1,"equal"
"560515-1701643",1,1,0,1,1,0,0,1,0,1,"equal"
"851120-2332215",0,0,0,1,0,1,1,0,1,0,"equal"
"870405-1930388",0,1,1,0,1,1,1,0,0,1,"equal"
"870311-3635961",0,0,0,1,0,0,1,1,0,0,"equal"
"570106-2133312",1,1,1,1,1,1,1,0,1,1,"equal"
"911006-1073964",1,1,0,0,1,0,0,1,1,0,"equal"
"680913-4353908",1,1,1,1,0,0,0,1,0,0,"equal"
"640618-3657101",1,0,1,0,0,0,0,1,0,0,"equal"
"781010-1809469",0,0,0,0,1,1,1,0,0,0,"equal"
"800606-4812504",0,0,0,0,0,1,0,1,0,1,"equal"
"930525-2064328",1,1,1,1,0,1,1,1,1,1,"equal"
"880109-1786302",0,1,0,1,1,1,1,0,0,1,"equal"
"581214-2385419",1,0,1,0,1,0,1,1,1,1,"equal"
"771005-2544515",1,1,0,1,0,1,0,1,1,1,"equal"
"550819-3332258",0,1,1,0,1,0,0,1,0,1,"equal"
"801223-1879517",1,0,1,1,1,1,1,0,0,1,"equal"
"930804-2275856",1,0,0,0,0,1,1,1,1,1,"equal"
"871126-1577134",0,1,0,1,1,0,1,1,1,0,"equal"
"970621-3601232",1,0,0,1,0,1,1,0,0,1,"equal"
"970309-4629464",0,0,1,1,1,0,1,1,0,1,"equal"
"900708-1576206",0,0,1,1,0,0,1,1,0,1,"equal"
"730727-3222969",1,0,1,0,1,1,0,0,0,1,"equal"
"820911-2969192",1,0,0,0,0,1,0,1,1,0,"equal"
"640624-1593398",1,0,1,0,0,0,0,0,1,1,"equal"
"610705-3813350",1,1,1,0,0,0,0,0,0,0,"equal"
"750323-1031196",0,0,0,0,0,1,1,0,1,1,"equal"
"550418-4509135",1,0,1,0,1,1,1,0,0,1,"equal"
"551213-2474021",1,1,1,1,0,1,0,1,0,1,"equal"
"760428-4563113",0,0,0,1,0,1,1,0,0,1,"equal"
"941101-2844277",1,1,0,1,1,0,0,1,0,0,"equal"
"861121-3234915",0,1,1,0,1,1,1,1,0,0,"equal"
"640111-4081706",0,1,0,1,1,0,0,1,1,1,"equal"
"570401-4390253",1,1,1,1,1,0,1,1,1,1,"equal"
"500715-2923935",1,0,1,1,0,0,1,1,0,0,"equal"
"510722-3219352",0,1,0,1,1,0,0,1,0,0,"equal"
"740624-2486379",1,1,0,0,0,0,1,0,0,1,"equal"
"960923-4940045",0,1,1,1,1,0,0,1,0,1,"equal"
"941106-4856327",1,0,1,0,1,1,1,0,0,0,"equal"
"900101-4844749",0,0,0,0,0,1,0,0,0,1,"equal"
"880613-2938602",0,1,1,1,0,1,1,1,1,0,"equal"
"571017-3077874",1,1,0,0,0,1,0,1,1,0,"equal"
"991218-3725638",0,1,1,0,0,0,1,0,1,0,"equal"
"940307-1114590",1,0,0,1,0,1,1,1,0,0,"equal"
"930628-4063243",0,0,0,0,0,0,0,1,0,1,"equal"
"610611-3107087",1,1,0,1,0,0,1,1,1,1,"equal"
"950623-3277910",0,0,1,1,0,1,1,1,1,1,"equal"
"890910-1051421",0,0,0,0,1,0,0,1,1,0,"equal"
"881124-1359275",0,0,1,0,1,0,1,1,1,0,"equal"
"790417-1901802",1,0,1,1,0,1,1,1,0,0,"equal"
"561217-1473008",1,0,0,0,1,0,1,0,1,0,"equal"
"550326-1748569",0,0,0,1,0,1,1,1,0,1,"equal"
"790708-4487265",1,1,0,0,0,0,1,0,0,1,"equal"
"680924-4550709",0,1,0,1,0,0,0,1,1,0,"equal"
"910803-3353004",0,0,0,1,0,0,0,1,1,1,"equal"
"590207-1436094",1,0,0,0,1,0,1,1,0,1,"equal"
"980310-2207278",1,0,0,0,0,0,1,1,1,1,"equal"
"750518-2104434",1,1,0,0,1,1,1,1,1,0,"equal"
"781123-3997926",1,1,0,1,1,0,0,0,0,0,"equal"
"530117-1685910",1,1,0,1,1,0,0,0,0,1,"equal"
"600303-2583210",1,1,0,1,1,1,1,0,1,0,"equal"
"510212-2988001",0,0,1,0,0,1,1,0,0,1,"equal"
"860728-3192116",0,0,0,0,1,1,1,1,0,1,"equal"
"721205-4173751",0,0,1,0,0,0,0,1,1,0,"equal"
"690727-3181655",0,0,1,1,1,1,1,0,1,0,"equal"
"540214-4067244",0,1,0,1,1,1,0,0,1,0,"equal"
"570707-1738717",1,0,1,0,0,1,0,1,1,1,"equal"
"870511-3217856",1,0,0,0,1,1,0,0,0,0,"equal"
"690525-4031635",0,0,1,0,0,1,1,0,1,0,"equal"
"600611-3998717",1,0,0,1,0,0,1,0,1,1,"equal"
"700114-1860328",0,0,1,0,0,1,0,0,1,1,"equal"
"990316-4450300",0,1,1,1,1,1,1,1,0,1,"equal"
"800408-4468109",1,1,0,0,1,1,0,1,0,0,"equal"
"780207-3244944",1,1,1,0,1,1,0,0,1,0,"equal"
"641203-4422088",0,1,1,1,1,0,0,1,0,1,"equal"
"970908-4183145",1,0,0,1,1,1,0,0,1,0,"equal"
"600106-3753152",1,1,0,1,0,0,1,0,1,1,"equal"
"900214-4308355",0,0,1,0,1,0,1,1,0,0,"equal"
"690206-4872509",0,0,0,0,1,1,1,0,1,0,"equal"
"910420-4612131",1,0,0,0,1,1,1,1,1,0,"equal"
"750123-1518152",0,0,0,0,0,1,0,0,1,0,"equal"
"730522-2091953",0,0,1,1,0,1,1,1,1,1,"equal"
"850722-3603991",0,1,0,0,0,0,0,0,0,1,"equal"
"910801-2370207",0,1,1,0,0,1,1,1,1,0,"equal"
"980728-1124178",1,1,1,1,1,0,0,1,1,0,"equal"
"990509-3831991",1,0,0,1,1,1,1,1,1,0,"equal"
"840216-1040311",1,0,1,0,1,0,0,0,1,0,"equal"
"821103-2140767",1,1,0,0,1,0,0,1,1,0,"equal"
"760614-4831067",1,1,1,0,1,0,1,0,1,0,"equal"
"660802-2997848",0,1,0,1,1,0,0,1,0,0,"equal"
"860827-3003456",1,1,1,1,1,0,0,0,1,1,"equal"
"500107-1947954",1,0,0,0,0,1,0,0,0,0,"equal"
"850506-1404547",0,0,1,0,1,0,0,0,1,1,"equal"
"650611-3743225",1,1,1,0,1,1,1,1,0,1,"equal"
"930817-3933999",1,1,0,0,1,1,1,1,0,1,"equal"
"770119-4150617",0,1,0,0,0,0,0,0,1,0,"equal"
"570227-2687337",1,0,0,0,1,1,0,0,0,1,"equal"
"840325-3306346",1,0,0,1,1,0,0,0,1,0,"equal"
"590621-2227270",1,1,1,1,1,1,0,1,1,1,"equal"
"750423-4906098",0,1,0,0,1,0,1,0,0,0,"equal"
"551028-4777893",0,1,0,1,1,0,0,0,1,1,"equal"
"970411-2046863",1,1,0,1,0,1,0,0,0,0,"equal"
"971003-2108078",0,0,0,0,0,1,1,0,1,0,"equal"
"680808-2941902",1,1,1,0,1,1,0,0,0,1,"equal"
"710214-2366152",0,1,0,1,0,1,1,1,0,0,"equal"
"910828-2641217",0,0,1,1,1,1,1,0,1,1,"equal"
"700802-2748724",1,1,0,0,1,0,0,0,1,0,"equal"
"860812-1244059",0,1,1,1,0,0,0,0,0,1,"equal"
"670525-4796172",0,0,1,1,1,1,1,0,0,0,"equal"
"540618-1050463",1,1,1,0,1,0,1,1,1,1,"equal"
"870422-1648490",0,0,0,0,1,1,0,1,1,1,"equal"
"750824-2192850",1,1,1,0,1,1,0,1,0,0,"equal"
"951101-1201343",0,0,1,1,0,0,1,0,1,1,"equal"
"921102-1569297",1,1,1,0,0,1,0,0,1,1,"equal"
"590620-1258568",1,1,0,0,0,0,1,1,1,0,"equal"
"651117-4050163",1,1,0,1,1,0,0,1,0,1,"equal"
"850917-2707282",1,1,1,0,0,1,1,1,0,1,"equal"
"690216-3768191",0,0,1,1,1,0,0,0,0,0,"equal"
"551209-3809918",1,0,0,0,1,0,0,0,0,1,"equal"
"771024-4827247",1,0,1,0,1,0,0,0,0,1,"equal"
"821222-4778812",0,1,0,0,0,1,0,0,0,0,"equal"
"960813-4893562",1,0,0,1,0,0,0,0,1,0,"equal"
"990316-3485591",1,0,0,1,1,1,1,1,1,0,"equal"
"970215-3782838",1,1,1,0,0,0,1,1,1,1,"equal"
"570207-3452558",0,1,0,1,1,1,0,1,1,1,"equal"
"660405-3152615",0,1,1,0,0,1,1,0,0,0,"equal"
"651227-3448710",1,1,1,1,1,1,1,0,1,1,"equal"
"641001-1039010",1,0,1,1,1,1,0,1,1,1,"equal"
"571014-3034200",1,0,0,0,0,1,0,0,1,0,"equal"
"910521-2532921",1,0,0,1,1,1,0,1,1,1,"equal"
"970412-4998186",1,0,1,1,0,0,0,1,0,0,"equal"
"700813-1544279",0,1,1,1,1,0,0,0,0,0,"equal"
"580419-2418331",1,1,1,1,0,1,1,1,1,0,"equal"
"960719-1093387",1,0,0,0,0,0,1,1,0,0,"equal"
"650224-1436580",1,0,1,0,0,0,1,0,1,0,"equal"
"660825-1884172",1,1,0,1,1,0,0,1,0,0,"equal"
"720901-3694749",0,1,1,1,1,1,1,0,1,0,"equal"
"561007-4801806",0,1,0,0,1,0,0,0,0,1,"equal"
"930813-1980900",1,0,1,0,0,0,0,0,1,0,"equal"
"700411-4574296",0,1,1,1,1,1,0,1,0,0,"equal"
"670123-3264701",0,1,1,0,1,0,0,1,0,1,"equal"
"580410-4268721",1,0,1,1,1,0,1,1,0,1,"equal"
"730304-4498637",1,1,0,0,0,0,1,1,0,0,"equal"
"881216-3152749",1,1,1,0,0,1,0,1,0,0,"equal"
"600827-1189164",0,1,1,0,0,0,0,1,0,1,"equal"
"581018-2262034",0,0,0,0,0,1,0,1,0,1,"equal"
"990923-2460212",0,0,0,1,1,1,0,0,1,0,"equal"
"900712-1160644",1,0,0,0,0,0,0,0,0,0,"equal"
"540928-4781333",1,0,1,1,1,1,0,1,0,0,"equal"
"531221-1272311",1,0,1,1,0,1,0,0,0,0,"equal"
"960525-2408538",1,0,1,1,0,0,0,0,0,1,"equal"
"840927-3222045",0,0,1,0,1,0,0,1,0,1,"equal"
"560821-3135552",0,0,1,0,1,1,0,0,1,1,"equal"
"720228-3751915",1,0,0,1,1,1,0,1,0,1,"equal"
"701110-2758728",1,0,0,0,0,1,0,0,1,1,"equal"
"621002-1842041",0,1,1,0,1,0,1,0,0,1,"equal"
"600708-4254404",1,1,0,0,0,1,0,0,0,0,"equal"
"760120-3301296",0,1,0,0,1,1,1,1,1,1,"equal"
"590407-4805810",1,1,0,0,0,0,0,1,0,1,"equal"
"830123-4431616",0,1,0,0,0,0,1,0,0,0,"equal"
"780209-1841369",1,1,1,0,1,1,0,0,1,1,"equal"
"840917-2740065",0,1,0,1,1,0,0,0,1,0,"equal"
"720203-3525110",0,0,0,0,0,0,0,1,0,1,"equal"
"980224-3232180",1,1,1,1,1,0,1,1,0,1,"equal"
"631122-4404650",1,0,0,0,1,1,1,0,0,1,"equal"
"581126-1561772",0,1,1,0,1,0,1,1,1,1,"equal"
"520316-4190252",0,0,1,1,0,0,1,0,1,0,"equal"
"990821-3987522",1,0,1,1,0,0,1,1,1,0,"equal"
"660818-3928852",0,0,1,0,0,0,0,1,1,0,"equal"
"520728-3878754",0,0,0,1,0,0,0,0,0,0,"equal"
"970103-1694069",0,1,0,0,1,1,0,1,0,0,"equal"
"840913-4595814",1,1,1,0,1,0,1,1,0,1,"equal"
"500124-3338654",1,0,0,1,1,1,0,1,0,0,"equal"
"630722-3077542",1,1,1,1,0,0,0,0,1,1,"equal"
"670912-3846178",0,0,0,0,1,1,0,1,0,0,"equal"
"710518-1188119",0,1,1,0,0,1,1,0,1,1,"equal"
"800416-3917598",0,1,1,1,1,0,0,1,1,0,"equal"
"630103-4626647",0,0,1,0,1,1,1,1,1,0,"equal"
"720123-1566914",1,0,0,1,1,1,0,1,1,0,"equal"
"740208-3795221",0,0,0,1,0,0,0,1,1,1,"equal"
"581001-3811039",0,1,0,1,0,0,0,1,1,0,"equal"
"920708-1923085",0,0,1,1,0,1,0,0,1,0,"equal"
"580605-1725861",0,1,1,1,0,0,1,0,1,1,"equal"
"821002-2524828",0,0,0,0,0,1,0,0,0,1,"equal"
"950826-2386317",1,1,1,0,0,1,0,0,1,0,"equal"
"820328-4759400",0,1,1,1,0,0,0,1,1,0,"equal"
"930609-2581332",1,0,0,1,0,1,0,0,1,1,"equal"
"731219-1544879",0,1,0,0,0,1,0,1,0,0,"equal"
"510618-2797433",0,0,1,0,0,0,0,1,1,1,"equal"
"630210-1061785",1,0,1,1,1,0,1,0,0,1,"equal"
"511003-3301791",1,0,1,1,1,1,1,0,1,1,"equal"
"830214-4243427",1,1,0,1,0,1,0,1,1,1,"equal"
"670708-2076941",0,0,1,0,1,0,1,0,1,0,"equal"
"870813-2847859",1,1,1,0,1,0,1,1,0,0,"equal"
"530801-3726561",0,1,1,1,0,1,0,0,1,1,"equal"
"601204-3659033",0,0,1,0,1,0,1,0,0,1,"equal"
"620701-2079933",1,1,0,1,0,0,1,0,1,1,"equal"
"660104-1431699",0,1,1,1,0,1,1,1,1,0,"equal"
"570411-1774337",1,1,0,0,1,1,1,0,1,1,"equal"
"640609-1716759",0,1,0,1,1,1,1,1,1,0,"equal"
"870605-3283945",1,0,0,0,0,0,1,0,0,0,"equal"
"690328-1384928",1,0,1,0,1,1,0,0,1,1,"equal"
"890324-2739269",0,1,1,1,1,0,0,0,1,1,"equal"
"601222-2634284",0,1,1,0,0,1,0,1,0,0,"equal"
"570708-2249826",0,0,0,0,1,0,0,0,0,0,"equal"
"590503-1243307",0,0,1,0,1,1,1,0,0,0,"equal"
"950821-4216232",0,1,0,0,1,1,1,0,1,1,"equal"
"860317-3035955",0,0,1,1,0,0,0,0,1,1,"equal"
"700318-4497280",0,0,0,1,0,1,0,0,1,0,"equal"
"600402-2592527",1,1,0,0,1,1,1,0,0,0,"equal"
"930901-4693554",1,1,0,0,0,0,0,1,1,0,"equal"
"950603-4725405",0,0,1,0,0,1,0,1,0,0,"equal"
"610707-4275875",1,0,1,0,0,0,0,1,0,1,"equal"
"641118-4051196",1,1,1,1,1,1,0,1,0,1,"equal"
"721113-1987627",0,1,1,1,0,0,1,0,1,0,"equal"
"770610-1122972",1,0,0,1,1,0,1,1,0,1,"equal"
"990520-2622384",1,0,1,1,0,0,1,0,0,1,"equal"
"930824-1935887",1,1,0,1,0,0,1,1,1,0,"equal"
"860305-1102329",0,0,1,0,0,0,1,0,0,0,"equal"
"530211-1191307",1,1,0,1,0,0,1,1,1,0,"equal"
"570212-3058527",0,0,1,0,0,0,1,1,0,0,"equal"
"710328-3970828",0,0,1,1,1,1,0,1,1,0,"equal"
"860724-1069757",1,1,1,1,0,1,0,0,0,1,"equal"
"510315-1269495",0,0,1,1,1,1,1,1,1,0,"equal"
"860420-4175213",0,0,0,0,1,1,1,1,1,1,"equal"
"571209-1274975",0,0,1,0,1,1,0,1,0,1,"equal"
"540702-3469169",1,0,0,1,0,0,0,0,1,0,"equal"
"790920-2331524",0,1,0,0,1,1,0,1,0,0,"equal"
"680604-3268860",0,1,0,0,0,0,0,1,1,0,"equal"
"760626-2063913",0,1,1,1,1,0,1,1,1,1,"equal"
"680803-3867306",1,0,1,1,0,0,0,1,1,0,"equal"
"800225-2203623",0,1,0,0,1,1,1,0,0,0,"equal"
"991013-3596970",0,0,1,0,1,0,1,1,0,0,"equal"
"870602-4652412",1,1,1,1,0,0,1,0,0,1,"equal"
"601228-3790781",0,1,0,0,0,1,1,1,0,0,"equal"
"891106-1938218",0,1,0,0,0,0,0,0,1,0,"equal"
"951202-4922992",0,1,1,0,0,0,0,0,1,1,"equal"
"790313-2381594",1,0,0,1,0,1,0,1,1,0,"equal"
"830223-3612669",0,1,0,0,1,1,0,1,0,1,"equal"
"630818-2979551",1,0,0,1,0,0,1,0,0,0,"equal"
"830506-1043618",1,0,0,0,1,1,1,0,0,1,"equal"
"540527-1457343",1,0,1,1,0,1,1,1,1,1,"equal"
"580406-3414637",0,1,0,1,0,1,0,0,1,0,"equal"
"860616-3052481",0,0,1,1,1,0,1,0,0,1,"equal"
"550827-4650082",1,0,0,0,1,0,0,1,0,1,"equal"
"850822-4520564",1,0,1,1,0,1,1,0,1,1,"equal"
"640325-2238233",0,1,0,1,1,0,1,0,1,1,"equal"
"840307-1545195",0,0,1,1,1,1,0,1,1,0,"equal"
"600217-3093791",0,0,1,1,0,1,1,0,0,1,"equal"
"921113-2923693",0,1,0,0,0,1,1,0,1,1,"equal"
"730224-1442235",0,1,1,0,1,0,1,1,1,0,"equal"
"740816-3944437",0,1,0,1,0,1,0,0,1,0,"equal"
"970120-3810327",1,1,0,0,0,0,1,1,0,1,"equal"
"690110-4509657",1,0,0,1,1,0,1,0,1,1,"equal"
"730814-2550506",0,0,1,0,1,0,1,1,1,0,"equal"
"771005-3422120",1,1,0,1,1,0,1,0,0,0,"equal"
"750514-2805070",1,0,0,1,1,1,0,1,0,0,"equal"
"790605-2813844",0,1,0,1,1,1,1,1,0,1,"equal"
"660618-4855926",1,0,0,1,1,0,1,0,0,1,"equal"
"810813-4432447",1,0,0,0,1,0,0,1,0,0,"equal"
"720421-1827462",1,1,0,1,0,1,0,1,1,0,"equal"
"640802-2790345",0,0,0,0,1,1,0,1,1,0,"equal"
"710916-4616585",1,0,0,0,0,0,1,0,1,0,"equal"
"580602-1431536",1,1,1,0,0,0,0,0,1,1,"equal"
"961105-2880419",1,1,0,1,0,0,1,0,1,0,"equal"
"800224-1721433",1,1,1,1,0,0,0,0,0,0,"equal"
"930225-3182801",0,0,1,0,0,1,0,0,1,1,"equal"
"610617-3813428",1,0,1,1,1,1,1,1,0,1,"equal"
"510311-1096323",0,1,1,0,1,1,1,0,1,1,"equal"
"710917-1991443",1,0,1,1,1,1,0,1,1,1,"equal"
"870304-1860257",1,0,1,1,1,0,1,1,1,1,"equal"
"880922-4976289",1,0,0,0,0,1,0,0,0,0,"equal"
"690724-4966881",0,0,0,0,1,0,1,0,0,0,"equal"
"871018-2866815",0,0,0,1,0,0,0,1,0,1,"equal"
"840201-1903806",0,0,1,0,0,1,1,0,0,1,"equal"
"831106-4214851",0,0,1,0,0,1,1,1,1,0,"equal"
"660126-1334934",0,0,0,1,0,0,1,1,1,0,"equal"
"530826-1893308",1,1,1,0,1,1,1,1,0,1,"equal"
"661107-4770181",0,1,1,1,1,0,0,1,1,0,"equal"
"600817-3244496",0,0,0,0,0,1,1,1,1,0,"equal"
"670309-2743960",0,0,0,0,1,1,0,0,0,1,"equal"
"720225-4639345",1,0,1,0,0,1,0,0,0,1,"equal"
"930317-4179924",1,1,0,1,0,1,0,0,1,1,"equal"
"670914-2800236",0,1,1,0,1,1,0,0,0,1,"equal"
"960109-2441320",1,0,1,1,0,1,1,1,0,0,"equal"
"561022-1466321",0,1,0,0,0,1,1,0,0,1,"equal"
"701024-1553363",0,1,0,0,1,1,0,1,1,1,"equal"
"761125-4088686",1,1,0,1,1,1,0,1,0,1,"equal"
"740312-4102734",1,0,1,1,1,1,0,0,0,0,"equal"
"750713-1050276",0,1,0,0,0,0,1,0,1,1,"equal"
"710718-2707195",0,1,0,1,1,1,1,0,1,0,"equal"
"600606-3752347",1,1,1,0,0,0,0,0,0,0,"equal"
"690221-1280816",1,0,0,1,0,0,0,1,0,0,"equal"
"680309-4026733",0,0,0,0,1,0,1,1,0,1,"equal"
"980201-4594456",0,0,0,0,0,1,1,0,1,0,"equal"
"980312-3393448",0,1,1,0,1,0,0,1,0,1,"equal"
"970924-1015617",0,0,1,1,1,0,0,1,0,1,"equal"
"850204-4395302",1,0,1,0,1,1,0,0,0,0,"equal"
"951205-3963279",0,0,0,1,1,1,0,0,1,1,"equal"
"541004-3841970",0,0,0,1,1,0,0,0,1,0,"equal"
"580903-3023614",1,0,0,1,0,0,1,1,1,1,"equal"
"900702-1262532",1,1,1,0,1,1,1,0,1,1,"equal"
"800116-3739475",0,0,0,1,1,0,1,0,0,0,"equal"
"670512-1624374",1,1,0,0,1,1,1,1,0,0,"equal"
"680204-1294562",0,1,1,1,0,0,0,1,1,0,"equal"
"530110-1954601",1,1,0,0,1,0,1,0,1,0,"equal"
"541216-1106236",0,1,0,0,0,0,1,0,0,0,"equal"
"831013-2415536",0,0,1,1,1,1,0,0,1,0,"equal"
"931213-2687535",0,1,0,1,1,1,1,0,0,1,"equal"
"670709-2336944",0,0,0,1,1,0,0,0,0,0,"equal"
"690816-3562386",0,0,0,1,1,1,0,0,0,0,"equal"
"800915-3987923",1,1,0,1,1,1,1,0,1,0,"equal"
"861023-2026005",0,0,1,0,0,0,0,1,0,0,"equal"
"880115-4195960",1,1,1,1,1,0,0,1,0,0,"equal"
"840315-2619663",0,0,0,1,0,0,0,1,1,1,"equal"
"501023-2550371",1,0,0,1,1,0,0,1,1,0,"equal"
"741217-4967872",1,0,0,0,0,0,1,0,0,1,"equal"
"790408-3469954",1,1,0,0,0,0,1,0,1,1,"equal"
"570928-2921874",0,1,0,0,0,1,0,0,1,1,"equal"
"720506-4556301",1,0,1,0,1,0,1,1,1,0,"equal"
"930806-1049630",1,1,0,1,1,1,0,1,0,1,"equal"
"620105-1850569",0,1,1,1,0,1,1,1,1,0,"equal"
"880405-2397352",0,0,0,1,0,1,1,1,0,1,"equal"
"811012-3579013",0,0,0,0,1,1,0,0,1,1,"equal"
"691217-4502075",0,1,1,1,1,0,1,1,1,1,"equal"
"651112-2724318",0,0,0,0,1,0,0,0,0,1,"equal"
"760416-2165942",0,0,1,1,1,1,0,1,0,1,"equal"
"640206-1476668",0,1,1,1,1,1,1,0,1,1,"equal"
"850101-2345709",0,0,0,0,1,0,0,1,1,0,"equal"
"741118-2956845",0,0,1,0,0,0,1,0,1,0,"equal"
"560407-1128011",1,1,1,0,1,1,0,1,1,0,"equal"
"771012-4616422",0,0,1,1,1,0,1,1,0,0,"equal"
"710804-3393873",1,0,1,1,0,1,0,0,0,0,"equal"
"820422-1068311",1,0,0,1,1,1,0,0,1,0,"equal"
"920222-4919875",1,0,0,0,0,1,1,0,1,0,"equal"
"540415-3930550",1,0,1,0,1,0,1,0,0,0,"equal"
"830905-1128569",0,1,1,1,0,1,1,1,0,1,"equal"
"770628-1044210",0,1,1,0,1,1,0,1,1,1,"equal"
"940125-2055851",1,1,1,1,1,0,1,1,1,0,"equal"
"540228-4957498",1,1,0,0,1,1,1,1,1,1,"equal"
"781025-1676837",1,1,0,1,0,1,1,1,1,0,"equal"
"680210-1959566",1,0,1,1,0,0,0,0,1,1,"equal"
"930315-4660768",0,0,1,1,1,1,1,0,1,0,"equal"
"811203-2501592",1,0,1,0,1,0,1,0,1,0,"equal"
"960505-3363494",1,0,0,1,0,1,0,1,0,0,"equal"
"960107-4584128",1,1,0,0,1,0,0,1,0,0,"equal"
"800604-2693781",1,0,0,1,0,1,1,1,0,0,"equal"
"630306-4429374",0,1,0,0,1,0,0,0,0,1,"equal"
"890203-3008631",1,0,0,1,1,0,0,1,0,1,"equal"
"930118-4038485",1,1,0,1,0,0,1,0,1,0,"equal"
"730122-2724486",0,0,1,0,1,0,0,0,1,0,"equal"
"700306-3153866",0,1,0,1,0,0,1,0,0,0,"equal"
"780510-4888070",1,1,1,1,0,1,1,1,0,1,"equal"
"950126-2912460",1,0,1,0,0,0,1,0,1,1,"equal"
"500101-2033136",0,0,1,1,0,1,1,1,1,0,"equal"
"610612-2080962",0,0,0,1,1,1,0,1,1,0,"equal"
"831024-3316859",0,1,0,0,0,1,1,1,1,1,"equal"
"530205-4242700",0,0,0,1,1,0,1,1,1,0,"equal"
"630918-3707514",0,1,1,0,0,0,1,1,1,0,"equal"
"691118-4225074",1,0,1,0,0,1,1,1,1,1,"equal"
"951210-1720450",0,0,0,1,1,1,0,1,0,0,"equal"
"900822-2937023",1,0,1,1,1,1,1,1,0,0,"equal"
"930124-4656814",0,0,1,0,1,1,0,0,1,1,"equal"
"820726-3964587",0,0,1,1,1,0,0,0,1,0,"equal"
"670320-1745828",1,1,1,1,0,0,0,1,0,0,"equal"
"780122-2888182",1,0,1,1,0,0,0,1,0,0,"equal"
"880610-3370336",0,1,0,0,0,0,1,1,1,0,"equal"
"530221-2579518",0,0,1,0,0,1,1,0,0,0,"equal"
"830225-4818724",0,1,0,0,0,0,1,1,0,1,"equal"
"831214-4141501",0,1,1,1,1,0,0,1,0,0,"equal"
"951201-3994465",0,1,0,1,0,1,0,0,1,0,"equal"
"680705-2537966",0,1,0,0,0,0,0,0,0,0,"equal"
"591116-3442147",0,1,1,0,0,0,1,1,1,1,"equal"
"810701-3705267",1,1,0,1,1,1,0,1,0,0,"equal"
"790925-3726746",0,0,1,1,0,0,0,0,1,1,"equal"
"610411-2464930",0,1,1,1,1,0,0,0,0,0,"equal"
"591025-3251676",1,0,0,0,1,1,0,1,0,1,"equal"
"590920-3216254",1,0,1,0,0,1,1,0,1,0,"equal"
"990302-1074338",1,1,1,1,0,0,0,0,0,0,"equal"
"701005-1707182",0,0,0,1,0,1,1,1,0,0,"equal"
"680624-3243438",0,0,0,1,0,0,1,0,0,0,"equal"
"940601-4161967",0,0,0,0,0,1,1,1,1,0,"equal"
"651215-4783718",1,0,0,1,0,0,0,1,0,0,"equal"
"880317-2016368",0,0,0,1,1,1,1,1,0,1,"equal"
"521107-3029808",1,0,0,1,0,0,0,0,0,1,"equal"
"580422-4911661",1,1,1,0,1,0,1,0,0,0,"equal"
"710408-4221491",0,1,1,0,0,1,1,0,1,1,"equal"
"650814-1215214",1,0,1,0,1,1,1,0,0,1,"equal"
"700208-1896145",1,1,1,1,0,1,0,1,1,1,"equal"
"860709-2632031",0,1,0,1,1,1,1,0,0,1,"equal"
"620308-3402083",1,1,1,1,1,0,1,0,1,0,"equal"
"601110-1697164",1,0,1,0,1,1,1,0,0,1,"equal"
"800227-2813880",0,0,1,0,0,1,0,0,1,1,"equal"
"830725-4794011",0,0,1,1,1,0,1,1,1,0,"equal"
"761206-3604068",1,1,0,1,1,1,1,0,1,0,"equal"
"910628-1447031",1,1,1,0,1,1,1,1,0,0,"equal"
"820216-4925054",0,0,0,1,0,0,0,1,1,0,"equal"
"780527-3811920",0,1,1,1,1,1,1,0,1,1,"equal"
"860318-2327539",0,1,1,1,1,1,1,0,1,1,"equal"
"780123-2311319",1,0,0,1,0,0,1,0,1,1,"equal"
"560614-2036973",1,1,0,1,1,0,0,1,0,1,"equal"
"630823-2830772",1,0,1,0,1,1,0,0,1,1,"equal"
"720301-2535610",1,1,1,1,0,1,1,1,1,1,"equal"
"500614-4011141",0,0,0,1,1,0,1,1,1,0,"equal"
"890119-1632742",1,0,1,0,1,1,0,0,0,1,"equal"
"661210-3401065",0,1,0,1,1,1,1,0,1,0,"equal"
"840913-2750275",0,1,1,0,1,0,0,0,0,1,"equal"
"541202-3191036",0,1,0,1,1,1,1,0,1,0,"equal"
"700702-4656210",0,1,0,0,1,1,0,0,1,0,"equal"
"910728-4070425",0,1,1,0,0,1,1,1,0,1,"equal"
"840309-4093039",0,1,1,0,1,1,0,1,1,1,"equal"
"911124-4123653",0,0,1,0,1,1,1,1,0,0,"equal"
"800106-1465562",1,1,0,0,0,0,0,1,0,1,"equal"
"560706-1578981",0,0,1,1,0,0,1,1,0,0,"equal"
"970906-1898277",1,1,0,0,0,1,1,0,0,1,"equal"
"611008-3217937",0,1,1,0,1,1,0,0,0,1,"equal"
"950110-2560886",1,0,0,1,1,0,1,1,1,0,"equal"
"760924-4634323",0,0,0,0,1,0,1,1,1,0,"equal"
"610717-2242077",1,0,1,0,0,0,0,0,0,0,"equal"
"580519-1676982",0,0,1,1,0,0,0,0,1,1,"equal"
"641019-1254107",1,1,1,1,1,0,1,0,0,0,"equal"
"750623-3749522",1,1,0,1,1,0,1,0,0,0,"equal"
"780211-4738741",1,1,0,0,0,1,1,1,1,0,"equal"
"731012-1260685",1,1,0,0,0,1,0,1,1,0,"equal"
"771010-3763677",1,0,1,1,1,0,1,1,1,0,"equal"
"951028-2276562",1,1,1,0,1,0,1,1,0,1,"equal"
"720819-3226219",1,1,0,0,0,0,0,1,1,0,"equal"
"830112-4967410",1,0,0,0,0,1,1,1,1,0,"equal"
"670121-3277752",0,0,1,1,0,0,0,1,0,1,"equal"
"930922-3720021",1,0,1,0,0,0,1,1,1,0,"equal"
"570902-4324983",0,0,0,0,0,0,1,0,0,0,"equal"
"990626-1128451",1,0,0,1,1,1,0,1,1,0,"equal"
"850828-2805152",0,0,0,0,0,1,0,1,0,1,"equal"
"600504-1092928",1,1,1,0,0,1,1,1,0,0,"equal"
"930802-4102502",0,0,0,1,0,1,0,0,0,0,"equal"
"991122-1454074",0,1,0,0,1,0,1,0,1,0,"equal"
"810107-4375529",0,0,0,0,0,1,1,0,0,0,"equal"
"951214-3044378",0,1,1,1,0,1,1,0,0,0,"equal"
"790414-2847467",0,0,0,0,1,1,1,1,0,1,"equal"
"690710-4854209",0,1,1,1,0,0,1,1,0,1,"equal"
"870621-2027709",0,1,0,1,1,0,0,1,0,0,"equal"
"660111-1890022",1,0,0,1,0,1,0,1,1,0,"equal"
"540916-4962060",0,1,0,0,0,1,1,0,0,1,"equal"
"971120-4624265",0,1,1,1,1,0,0,1,1,1,"equal"
"820204-1135451",1,1,0,0,0,0,1,0,0,0,"equal"
"920713-4672096",0,0,1,0,0,1,0,0,0,0,"equal"
"780825-4221198",1,1,1,1,0,0,1,1,1,0,"equal"
"870810-3060343",1,1,1,0,1,0,1,1,0,1,"equal"
"951223-4673186",1,1,1,0,0,0,0,1,0,0,"equal"
"760604-3252150",0,1,0,0,1,1,1,1,1,1,"equal"
"960421-4408761",0,1,0,1,1,1,1,0,0,0,"equal"
"630719-1888791",1,0,1,1,0,0,0,0,1,1,"equal"
"691117-4992639",0,0,0,0,0,1,1,1,0,0,"equal"
"890804-2393724",0,1,1,1,0,1,1,1,0,0,"equal"
"550221-4264801",0,1,1,0,1,0,0,0,0,0,"equal"
"710125-3511976",0,1,0,0,1,1,0,1,1,1,"equal"
"820919-1930228",0,0,1,1,1,0,0,1,1,0,"equal"
"560219-4857234",0,1,1,0,1,0,1,0,1,1,"equal"
"971111-4168567",0,1,1,1,0,0,0,0,0,1,"equal"
"940303-1600817",0,1,1,0,1,0,0,0,1,1,"equal"
"540121-2199253",1,1,0,0,1,1,0,1,0,0,"equal"
"941013-1002237",0,0,1,1,1,0,0,0,0,1,"equal"
"940707-3268835",1,0,1,0,0,1,0,0,0,0,"equal"
"641121-1108652",0,0,0,1,1,1,1,1,0,0,"equal"
"901006-4995827",1,0,1,1,0,1,0,0,1,0,"equal"
"840213-4895391",0,1,0,0,0,1,1,1,0,0,"equal"
"630309-2572596",1,0,1,1,0,0,0,0,1,0,"equal"
"750801-2334311",0,0,1,0,0,1,1,0,0,0,"equal"
"760809-1305897",1,1,1,1,1,1,0,1,1,0,"equal"
"580224-4835159",1,0,1,0,1,0,1,1,0,0,"equal"
"500423-2778862",1,1,0,0,0,0,1,0,1,1,"equal"
"620911-3228883",0,0,0,1,0,0,1,1,0,1,"equal"
"890916-3998969",1,0,1,0,1,0,0,0,1,1,"equal"
"850308-2645804",1,1,0,0,0,1,1,1,0,1,"equal"
"970421-4724191",0,1,1,1,1,1,0,0,0,0,"equal"
"660626-2163177",1,1,1,1,1,0,0,0,0,1,"equal"
"790915-3949572",0,0,0,1,0,0,1,1,0,0,"equal"
"961209-3784604",0,0,1,1,1,0,1,0,0,1,"equal"
"960402-2056773",1,0,1,1,0,0,0,1,0,1,"equal"
"790114-2484298",1,1,1,1,0,1,0,0,1,1,"equal"
"600313-3853660",0,0,1,1,0,0,0,1,1,0,"equal"
"910104-2557742",0,1,0,0,1,1,0,0,0,1,"equal"
"650115-2749011",1,1,1,0,1,0,1,0,0,1,"equal"
"850320-1922621",1,0,1,1,0,1,1,0,1,1,"equal"
"510702-3324816",1,1,1,0,0,1,0,0,0,1,"equal"
"850117-2688573",0,0,0,1,1,0,0,0,1,1,"equal"
"780706-4318752",1,1,0,1,0,0,1,0,0,0,"equal"
"950404-4533005",1,0,1,0,1,1,1,1,0,0,"equal"
"650425-2339080",1,1,1,1,0,1,0,0,1,1,"equal"
"940812-4647303",0,1,0,1,1,0,0,0,1,0,"equal"
"530905-2422165",1,0,1,1,1,0,1,1,0,1,"equal"
"790302-3092273",0,0,0,1,0,1,1,1,0,0,"equal"
"670817-4376343",0,1,1,1,1,1,1,1,0,1,"equal"
"930502-1914148",1,0,0,1,1,1,1,0,1,1,"equal"
"620622-4093228",1,1,0,0,0,0,1,0,1,1,"equal"
"831123-1926251",1,1,1,1,0,1,1,0,0,0,"equal"
"811103-3191009",1,1,1,0,1,0,0,0,0,0,"equal"
"900614-1684884",0,0,0,1,0,0,0,0,1,1,"equal"
"570412-4057397",0,1,0,1,1,1,1,1,1,1,"equal"
"670921-1451282",0,0,1,1,1,1,0,1,1,1,"equal"
"750103-1565393",1,0,0,0,1,0,0,0,0,1,"equal"
"660625-1181001",0,0,0,1,0,1,0,1,0,0,"equal"
"930716-4890862",1,1,0,0,1,0,0,0,0,0,"equal"
"740315-2826184",0,1,1,0,0,0,1,1,1,1,"equal"
"830318-2065024",1,0,1,1,1,1,1,1,1,0,"equal"
"710308-4740615",0,0,1,0,1,1,0,1,1,1,"equal"
"950417-3584052",1,1,0,1,0,1,1,1,1,1,"equal"
"950513-4869482",1,0,1,0,1,1,0,1,1,0,"equal"
"700221-3637103",1,0,0,0,1,1,0,1,0,0,"equal"
"880515-4739585",0,1,1,1,1,0,0,0,1,1,"equal"
"641010-1154740",0,1,0,1,0,0,0,0,1,0,"equal"
"940413-1170279",0,0,0,0,0,0,1,1,1,0,"equal"
"630204-2717671",1,1,1,0,0,0,0,1,1,0,"equal"
"660508-2646050",1,0,0,1,0,0,1,0,0,0,"equal"
"620910-3382747",0,1,0,0,1,1,1,1,0,1,"equal"
"750125-1656312",1,0,0,1,0,1,1,1,0,1,"equal"
"780801-4825545",0,1,0,1,1,1,1,1,1,1,"equal"
"870708-2139822",1,0,0,1,1,0,1,1,0,0,"equal"
"611011-4990914",1,0,0,0,0,1,0,1,0,0,"equal"
"821117-3941756",0,0,1,1,1,1,1,1,1,1,"equal"
"811217-2412216",0,0,0,0,1,0,0,1,1,0,"equal"
"960928-4171317",1,1,0,1,0,1,0,0,0,0,"equal"
"530108-1010656",1,0,0,1,0,1,1,1,1,1,"equal"
"650402-1738927",0,0,1,0,0,1,1,1,1,0,"equal"
"880611-3909562",0,0,0,1,1,1,1,0,0,0,"equal"
"990224-3338494",0,0,1,0,0,1,0,0,1,1,"equal"
"660821-4294288",1,0,1,0,1,1,1,1,1,0,"equal"
"840220-4305149",1,1,1,1,1,0,1,1,0,1,"equal"
"900427-2858106",1,1,0,0,0,0,1,0,0,1,"equal"
"910727-1255173",1,1,0,0,1,1,0,0,0,0,"equal"
"670319-4268608",0,1,0,1,1,1,0,0,0,0,"equal"
"800217-2635122",0,1,1,1,0,0,0,0,1,1,"equal"
"500602-4538105",1,0,0,0,1,1,1,0,1,1,"equal"
"740308-4140493",1,1,0,1,1,1,0,0,0,1,"equal"
"630802-4745495",0,0,0,1,1,0,1,0,0,1,"equal"
"770611-4944900",0,1,1,0,0,1,0,1,1,1,"equal"
"901005-1985784",0,1,1,1,1,0,1,0,0,1,"equal"
"550208-1820181",0,0,1,1,0,1,1,1,0,1,"equal"
"591003-3296653",1,1,1,0,1,0,0,0,0,0,"equal"
"891023-3943589",1,0,1,1,0,0,0,0,1,1,"equal"
"620915-2218136",0,0,1,0,0,0,0,1,1,1,"equal"
"761001-3170706",0,0,0,0,1,0,1,0,0,0,"equal"
"680228-3580791",1,1,1,1,1,1,0,0,0,0,"equal"
"520714-4334381",0,0,0,1,0,1,1,1,0,1,"equal"
"920606-1608120",1,0,0,1,0,0,1,1,1,0,"equal"
"520717-2545120",0,0,0,1,1,0,0,0,0,0,"equal"
"850924-3747229",1,0,1,1,1,1,0,0,0,1,"equal"
"620903-3664087",0,0,0,1,0,0,0,0,0,0,"equal"
"880118-3565486",0,0,1,0,1,1,0,0,0,1,"equal"
"560820-3197512",0,0,1,0,1,1,0,1,0,0,"equal"
"831215-2544087",0,1,0,0,1,1,1,0,1,0,"equal"
"580806-4963058",0,0,1,1,0,1,1,0,1,1,"equal"
"890624-4806602",1,1,0,0,1,0,0,0,0,1,"equal"
"950306-1634578",1,0,1,1,0,0,0,0,0,0,"equal"
"860727-3682754",1,1,0,0,0,0,0,0,0,1,"equal"
"960805-4033091",0,1,1,0,0,0,1,0,1,0,"equal"
"541223-4784287",0,1,1,1,1,1,1,0,0,1,"equal"
"781109-3356337",1,1,1,1,1,0,0,1,1,0,"equal"
"530925-2734114",0,1,0,1,1,1,1,0,0,1,"equal"
"530322-4038110",0,0,1,1,0,1,1,1,0,1,"equal"
"970209-4794250",0,1,0,1,1,1,1,1,0,1,"equal"
"771125-2243134",0,1,0,0,0,1,1,1,0,0,"equal"
"910906-2452711",1,1,1,1,1,0,1,0,1,1,"equal"
"651215-4375671",1,0,0,1,1,0,1,1,0,0,"equal"
"871002-4563405",0,1,1,0,1,0,1,0,0,0,"equal"
"961006-2068996",1,1,0,1,1,0,1,0,1,1,"equal"
"900218-4922875",1,1,1,1,1,0,0,1,1,1,"equal"
"690427-2267490",1,0,1,1,0,0,1,1,1,1,"equal"
"790512-2226524",1,0,1,0,0,0,1,1,0,0,"equal"
"761227-1773835",0,0,0,1,0,1,1,1,1,0,"equal"
"821015-4312541",0,1,0,1,0,1,0,1,0,0,"equal"
"830321-4725542",0,1,0,0,0,0,0,1,0,0,"equal"
"761104-2344719",1,1,0,1,1,0,0,0,0,1,"equal"
"801122-4768608",0,1,1,1,1,0,1,1,0,0,"equal"
"600201-3791821",1,0,0,0,1,0,1,0,0,0,"equal"
"911009-4557590",0,1,0,1,1,1,1,1,1,1,"equal"
"831216-1674773",0,1,0,0,0,0,0,0,0,1,"equal"
"810608-4681266",0,0,1,0,0,0,0,0,1,1,"equal"
"941128-1560056",1,0,1,0,0,0,1,0,0,1,"equal"
"941202-4928818",1,1,0,1,0,1,0,0,1,0,"equal"
"980523-3759013",1,1,1,1,0,1,1,1,0,1,"equal"
"771204-1701890",0,1,0,1,0,0,1,1,0,1,"equal"
"661112-3747565",1,0,0,1,1,0,0,0,0,0,"equal"
"980314-3828719",0,1,0,1,1,1,1,1,1,1,"equal"
"750605-2835898",1,1,1,0,0,1,0,0,1,1,"equal"
"980226-2908033",1,1,1,1,1,1,0,1,1,0,"equal"
"910711-2615121",1,1,0,1,1,1,0,1,0,0,"equal"
"520921-1584765",1,0,1,1,1,1,1,1,1,1,"equal"
"590117-4954371",0,0,0,1,1,0,0,1,1,0,"equal"
"770110-1682840",1,1,0,0,1,0,0,0,0,1,"equal"
"840721-2309537",1,1,0,0,0,1,1,0,1,1,"equal"
"960814-2784564",0,1,0,0,0,1,0,1,0,0,"equal"
"540519-2747544",1,1,0,1,1,0,0,0,1,0,"equal"
"980410-1174260",1,1,0,0,0,1,1,0,0,1,"equal"
"700816-3051580",1,0,1,0,1,0,0,1,0,0,"equal"
"560205-2781658",1,1,0,1,0,0,0,1,0,1,"equal"
"920114-2030636",1,0,0,1,1,1,1,0,1,1,"equal"
"860317-2379322",1,0,0,0,1,0,0,0,1,0,"equal"
"771124-3483326",1,1,1,0,1,0,1,0,1,1,"equal"
"950122-2024755",1,1,0,0,1,0,1,0,1,0,"equal"
"630525-1197276",1,1,1,1,1,1,0,1,0,1,"equal"
"800816-3333666",1,1,0,1,1,0,1,0,0,0,"equal"
"501107-4737328",0,0,0,0,1,0,0,0,1,0,"equal"
"810219-1502364",1,0,0,1,1,1,1,1,1,0,"equal"
"950202-1858979",1,1,1,0,0,1,0,1,0,1,"equal"
"711117-3676590",0,1,0,1,1,0,0,1,0,1,"equal"
"960205-4168739",1,1,0,0,0,0,0,0,1,0,"equal"
"730906-1334612",0,0,1,0,0,0,0,1,0,1,"equal"
"800726-4205309",1,1,0,0,1,0,0,0,0,1,"equal"
"881018-4634497",0,1,0,1,0,1,0,1,0,1,"equal"
"760614-2363363",1,0,0,0,1,1,1,1,1,1,"equal"
"820811-4750920",1,0,0,1,0,1,0,0,1,1,"equal"
"981003-4933835",0,0,0,0,1,0,0,0,0,0,"equal"
"631011-2378042",1,0,1,1,0,0,1,0,1,0,"equal"
"800501-3620854",1,1,0,1,1,1,0,0,0,1,"equal"
"500610-2716195",1,1,1,1,1,1,1,0,1,1,"equal"
"780605-1505438",0,0,0,0,0,0,0,0,1,1,"equal"
"670616-3707780",1,0,0,0,1,0,0,1,0,1,"equal"
"590722-3616912",0,1,1,1,1,0,0,0,0,0,"equal"
"811105-1178242",0,1,1,0,0,0,1,1,1,1,"equal"
"770626-4520745",0,1,1,0,1,1,0,0,1,0,"equal"
"571102-3016037",1,1,0,0,0,0,1,1,0,1,"equal"
"620724-2900233",1,1,1,0,0,1,1,1,1,0,"equal"
"760326-1612287",0,1,1,0,0,0,1,1,0,1,"equal"
"811116-4346916",1,0,0,0,0,1,0,1,0,0,"equal"
"570415-1257930",0,1,0,1,1,1,1,0,1,0,"equal"
"610914-3358661",0,1,1,0,0,1,0,0,1,1,"equal"
"731121-3286471",1,0,0,0,1,1,0,0,0,0,"equal"
"840911-1774902",1,1,0,0,0,1,0,1,0,0,"equal"
"560214-3775559",1,1,1,0,0,0,0,0,1,0,"equal"
"550617-4427540",1,1,1,1,1,0,0,0,0,1,"equal"
"660125-4937189",1,0,0,0,0,1,1,0,1,1,"equal"
"691004-4432288",1,0,1,0,0,1,1,1,0,0,"equal"
"681214-3678827",0,1,1,0,1,1,1,1,1,1,"equal"
"760823-4349190",1,1,1,0,0,0,1,0,1,0,"equal"
"550514-1648898",0,1,0,0,0,1,1,1,0,1,"equal"
"680318-2554961",1,0,0,0,1,0,0,0,1,1,"equal"
"740422-1315597",0,0,0,1,0,1,1,0,1,1,"equal"
"771125-3969659",1,0,1,1,1,0,1,1,1,0,"equal"
"800904-3563338",0,1,0,1,0,0,1,1,0,0,"equal"
"970205-1523967",0,1,1,0,1,0,1,1,0,1,"equal"
"980821-4397049",0,1,1,0,0,0,1,1,1,1,"equal"
"510618-2825886",0,1,1,0,1,0,1,1,0,1,"equal"
"620509-1206418",0,1,1,1,0,1,0,1,1,1,"equal"
"750117-1178272",1,1,1,0,1,1,0,1,1,0,"equal"
"810503-3932456",0,1,1,0,0,1,0,0,1,1,"equal"
"740618-4147078",0,1,0,0,1,1,0,1,0,0,"equal"
"571028-4128535",1,0,0,0,1,0,0,0,1,0,"equal"
"621101-3807148",0,0,1,0,0,0,1,0,1,0,"equal"
"550528-1114957",0,1,0,0,0,0,0,1,0,1,"equal"
"831009-3790111",0,1,1,1,0,1,1,1,0,1,"equal"
"501014-1341773",0,1,1,1,0,0,1,0,0,1,"equal"
"521027-4913426",0,1,1,0,1,1,1,0,1,1,"equal"
"600119-2650253",1,1,0,0,1,1,0,0,0,0,"equal"
"971115-3528419",0,0,1,0,1,0,1,0,1,1,"equal"
"750916-4072882",1,1,0,1,1,0,0,1,1,0,"equal"
"740517-2715621",0,0,1,0,0,1,0,1,0,1,"equal"
"750228-4895504",1,0,1,1,0,1,1,1,0,1,"equal"
"931220-3120248",0,0,1,0,0,0,1,1,0,0,"equal"
"701124-2376941",1,1,1,1,1,1,0,0,0,1,"equal"
"771214-4564277",0,0,1,0,0,1,1,1,0,0,"equal"
"800324-1386802",0,1,0,1,1,1,1,1,1,0,"equal"
"660828-4690315",1,0,0,1,1,0,0,1,1,1,"equal"
"590615-1075430",1,1,0,1,1,0,0,1,0,1,"equal"
"670522-1641453",1,0,0,1,1,1,0,0,1,1,"equal"
"810718-4313193",1,1,1,1,1,0,1,1,1,1,"equal"
"960609-4848171",0,0,0,1,1,1,0,0,1,0,"equal"
"610423-3894589",1,0,1,1,0,1,0,1,0,0,"equal"
"920717-2830320",1,1,0,0,1,1,0,1,0,0,"equal"
"630411-4964965",1,1,1,0,0,1,1,0,0,1,"equal"
"720528-3180882",1,0,1,1,1,0,0,1,0,1,"equal"
"940925-2211511",1,1,1,0,1,1,1,0,1,0,"equal"
"930106-1796444",1,0,1,1,0,1,1,0,0,1,"equal"
"990620-3228883",1,1,0,1,0,0,1,0,1,1,"equal"
"620220-2229260",0,1,0,1,0,0,1,1,1,1,"equal"
"731109-4267555",0,1,0,1,0,1,1,0,1,0,"equal"
"721207-1729876",1,0,1,0,0,0,0,0,1,0,"equal"
"890408-1424419",0,1,1,0,1,0,1,1,0,0,"equal"
"541202-4565550",0,0,1,0,1,1,1,0,0,1,"equal"
"820724-2547774",0,1,0,0,1,0,1,1,0,0,"equal"
"561209-3504438",1,1,0,1,0,0,1,1,0,1,"equal"
"790106-2677200",1,0,0,1,0,1,0,0,1,0,"equal"
"980922-1285123",0,0,0,0,1,0,1,1,1,1,"equal"
"710512-2851366",0,1,0,0,0,1,1,0,0,0,"equal"
"761025-4367597",1,1,1,0,0,1,1,0,1,1,"equal"
"711203-4955037",1,0,1,1,0,1,0,1,1,1,"equal"
"750322-2562076",0,1,1,1,1,0,0,0,0,1,"equal"
"570408-2155035",1,1,1,1,1,1,0,0,0,1,"equal"
"760428-1557661",0,1,0,0,0,0,1,0,1,1,"equal"
"680326-4566797",0,0,1,0,1,1,0,1,1,1,"equal"
"650601-4607816",0,1,0,1,1,1,1,0,1,1,"equal"
"780316-4410300",0,1,1,1,1,1,0,0,0,1,"equal"
"880305-1376550",0,1,0,1,1,1,1,1,0,0,"equal"
"700327-2034197",0,1,1,0,1,1,1,1,1,0,"equal"
"780604-1746559",0,1,0,0,1,0,1,1,0,0,"equal"
"841008-1975617",0,0,0,1,1,1,0,0,1,0,"equal"
"720609-4572968",1,0,1,0,0,1,0,1,1,0,"equal"
"890111-4262859",1,0,1,0,0,0,0,1,0,1,"equal"
"730104-3241191",0,0,1,1,1,0,0,0,0,1,"equal"
"900411-4681109",1,0,0,1,0,0,0,1,1,1,"equal"
"730808-1601825",1,0,0,0,1,1,0,0,0,0,"equal"
"710814-4289053",0,0,0,1,1,0,1,0,1,1,"equal"
"570713-4944763",1,1,1,0,1,0,0,0,0,1,"equal"
"910828-1350024",1,1,0,1,1,0,1,1,1,1,"equal"
"640805-1416769",1,1,1,1,1,1,0,1,0,0,"equal"
"810707-3233636",1,0,0,0,0,0,0,1,1,1,"equal"
"500418-2223422",0,1,0,1,0,1,1,1,0,1,"equal"
"861019-4746428",0,0,1,0,0,0,0,1,0,1,"equal"
"651025-3488407",0,1,0,1,1,1,1,1,1,1,"equal"
"660725-3996583",1,1,1,0,0,0,0,0,1,1,"equal"
"720911-3717846",0,0,0,0,0,0,1,1,1,1,"equal"
"790926-4308529",0,1,0,1,1,1,0,0,1,0,"equal"
"620727-4004299",1,1,0,0,0,0,0,1,0,1,"equal"
"510415-2869312",1,0,1,0,0,0,1,0,1,0,"equal"
"600328-1472590",0,1,1,1,0,1,1,0,1,1,"equal"
"620324-1480301",1,0,1,0,0,1,0,1,1,1,"equal"
"670414-2781744",1,1,1,1,1,0,0,1,1,1,"equal"
"711025-2353061",0,1,1,1,0,1,0,1,0,0,"equal"
"951213-2206259",1,1,1,0,1,0,1,0,1,0,"equal"
"510108-4286523",1,0,0,0,0,0,0,0,1,1,"equal"
"580316-4871261",1,0,0,1,1,0,1,1,1,0,"equal"
"810625-2740149",0,1,1,1,1,0,0,1,1,1,"equal"
"670616-1723304",1,0,0,0,1,0,1,1,0,0,"equal"
"691008-3114308",1,1,1,1,1,1,1,0,1,1,"equal"
"700307-4853372",1,0,1,1,1,0,0,0,0,0,"equal"
"821001-4614291",0,0,0,0,1,1,0,1,0,1,"equal"
"750210-4629479",0,0,0,1,1,0,0,0,0,0,"equal"
"610808-3857802",1,1,0,0,1,1,0,0,1,1,"equal"
"751026-2626447",1,0,1,0,0,1,1,1,1,1,"equal"
"731102-2973420",0,1,1,0,1,1,0,0,0,1,"equal"
"591211-3709068",1,0,0,0,1,0,1,1,1,1,"equal"
"880528-4059407",1,1,1,0,0,0,1,1,1,1,"equal"
"690723-1727320",1,1,1,1,0,1,0,0,0,1,"equal"
"970721-3129046",1,0,1,1,1,1,1,1,1,0,"equal"
"730701-3082937",0,1,1,0,1,0,1,0,1,1,"equal"
"600307-4536591",0,1,1,1,1,0,0,1,1,1,"equal"
"740313-1308243",0,0,1,1,1,0,0,1,1,0,"equal"
"860822-4181116",0,0,1,0,1,0,0,1,0,1,"equal"
"740521-2293633",0,1,0,1,0,1,0,0,1,0,"equal"
"730224-2932593",0,0,0,0,0,1,0,0,0,1,"equal"
"900519-4886588",0,1,0,0,0,0,1,0,0,0,"equal"
"920901-1442220",0,0,1,1,1,1,1,0,0,1,"equal"
"610407-4352788",0,0,1,0,1,1,0,1,1,0,"equal"
"810426-4807570",0,1,1,1,1,0,1,1,0,0,"equal"
"990319-4837067",0,0,1,0,0,1,0,1,0,1,"equal"
"530713-1168824",0,1,1,0,1,0,1,0,0,1,"equal"
"590724-4551667",1,0,1,1,1,1,1,1,0,1,"equal"
"871019-4179853",1,0,0,0,1,0,0,0,0,1,"equal"
"700208-2004069",1,0,1,1,0,1,1,0,0,1,"equal"
"981123-1247598",0,1,0,0,1,1,0,1,1,1,"equal"
"880919-2935660",0,1,0,0,1,0,0,0,1,1,"equal"
"820815-4613577",1,1,1,1,1,0,0,0,0,1,"equal"
"750609-4641741",0,1,1,0,0,1,1,1,0,0,"equal"
"850115-2140798",0,1,1,1,1,1,0,1,1,1,"equal"
"681118-3974797",0,0,1,1,0,0,1,1,1,0,"equal"
"520810-1823463",0,0,0,1,0,1,0,1,0,1,"equal"
"780126-1808741",1,0,1,1,0,1,0,1,1,1,"equal"
"800725-4942500",1,1,0,1,1,0,1,0,0,1,"equal"
"871015-4621838",1,0,0,0,0,0,0,0,0,0,"equal"
"590523-4823381",0,0,0,1,0,1,1,1,1,0,"equal"
"690207-2277074",1,0,0,1,1,0,1,0,0,1,"equal"
"760611-3082348",0,0,0,1,0,0,1,1,0,0,"equal"
"640913-2364598",1,1,0,1,1,1,1,0,1,1,"equal"
"660925-2281874",1,0,0,0,0,1,1,0,0,0,"equal"
"670406-1507655",1,0,1,1,0,1,0,0,1,1,"equal"
"971204-3842196",1,0,0,0,0,0,0,1,1,1,"equal"
"901204-3591813",0,0,0,1,1,1,0,0,1,0,"equal"
"620627-3591435",1,1,0,1,1,0,1,1,1,0,"equal"
"650625-2146499",1,1,0,0,0,0,0,0,0,1,"equal"
"850611-3073937",0,0,0,1,1,1,1,1,1,1,"equal"
"621101-4149346",1,0,0,0,1,0,1,1,1,1,"equal"
"611022-1423628",0,0,0,0,1,1,0,0,0,0,"equal"
"500701-1305152",1,0,0,1,0,1,1,1,1,0,"equal"
"590709-4913458",0,0,1,1,0,0,0,0,1,1,"equal"
"520525-3092336",0,1,0,0,1,1,0,1,1,1,"equal"
"740717-3295922",0,1,1,0,1,0,1,1,0,0,"equal"
"611221-1828231",1,0,1,1,1,0,0,1,1,1,"equal"
"680827-4649945",1,0,0,1,1,1,0,0,1,0,"equal"
"540507-4874310",1,0,1,1,1,1,0,1,1,1,"equal"
"540705-2615754",0,1,1,0,0,1,1,0,0,0,"equal"
"600428-2687098",0,1,1,0,0,1,1,0,1,0,"equal"
"740416-4349112",1,1,1,0,0,1,1,1,1,1,"equal"
"690716-4534218",1,1,0,0,1,0,1,1,0,0,"equal"
"801220-3229348",1,0,0,1,0,1,0,1,1,1,"equal"
"581206-2220553",0,1,1,1,0,0,0,0,1,1,"equal"
"660118-4505328",0,1,1,1,0,0,0,1,0,1,"equal"
"990310-1650917",0,0,1,0,0,0,0,0,1,0,"equal"
"850513-4339752",0,1,0,1,1,0,0,1,1,1,"equal"
"791111-2566420",1,0,0,0,0,1,1,1,0,0,"equal"
"680405-3372271",1,0,1,0,0,0,1,1,0,1,"equal"
"550217-1458203",1,1,1,1,1,1,0,1,0,1,"equal"
"611223-3441869",0,0,0,1,1,0,1,1,1,0,"equal"
"520712-3934459",1,0,0,0,1,1,0,0,1,1,"equal"
"531228-3852562",1,1,1,0,1,0,0,1,1,1,"equal"
"670924-2937917",0,0,0,0,0,1,1,0,0,1,"equal"
"820514-4363381",1,1,0,1,0,0,0,1,1,1,"equal"
"880512-4658912",0,0,0,0,1,0,1,1,0,1,"equal"
"851007-3612441",1,0,1,0,1,1,0,0,0,0,"equal"
"961211-3513134",0,1,0,0,0,1,0,0,1,1,"equal"
"620809-3849834",0,0,0,0,1,1,0,0,1,1,"equal"
"550424-1014798",1,0,0,1,0,1,0,1,1,0,"equal"
"630405-4036882",1,0,0,0,1,1,0,0,1,1,"equal"
"821010-1069284",1,1,0,1,0,1,0,0,0,1,"equal"
"601004-4001651",0,1,0,0,0,0,0,1,0,1,"equal"
"640420-4170537",0,1,0,1,0,0,1,0,1,0,"equal"
"960827-1144479",1,0,1,1,0,1,1,1,1,1,"equal"
"691015-3849736",1,0,1,0,0,1,1,1,1,1,"equal"
"911116-3810464",0,0,1,0,0,0,1,0,0,1,"equal"
"601207-4113481",0,1,1,0,1,1,1,1,0,0,"equal"
"601110-2074509",0,0,1,1,0,1,1,1,1,1,"equal"
"800324-2661966",0,0,0,0,0,0,1,1,0,0,"equal"
"741127-3326911",0,1,0,0,0,0,1,1,0,1,"equal"
"701016-2943913",0,1,1,1,0,1,1,1,1,1,"equal"
"541113-1633134",1,1,1,0,1,1,0,1,1,0,"equal"
"741201-1070475",0,1,0,0,1,0,1,1,1,0,"equal"
"770405-1867796",0,1,1,1,1,1,1,0,0,0,"equal"
"640409-1049767",0,1,1,1,1,0,0,1,0,1,"equal"
"680503-2175024",1,0,0,1,0,1,0,1,0,1,"equal"
"920226-2513587",0,0,0,0,1,0,1,0,0,0,"equal"
"821010-3041679",0,1,1,0,0,1,0,0,0,1,"equal"
"610128-2853637",0,0,1,0,0,1,0,0,0,1,"equal"
"610507-1296854",1,1,0,0,0,0,1,1,0,0,"equal"
"840504-2552973",0,1,1,0,1,1,1,0,0,1,"equal"
"970518-1659239",1,0,0,0,1,1,0,1,0,1,"equal"
"730227-4506983",1,0,1,0,0,0,0,0,1,0,"equal"
"681105-4870927",1,1,0,0,1,0,0,0,1,1,"equal"
"940311-2820094",0,0,1,1,1,0,0,1,1,1,"equal"
"820722-4942214",1,1,0,1,0,1,1,1,1,0,"equal"
"710902-4233267",1,1,0,0,0,1,0,1,1,0,"equal"
"730605-2018077",1,0,1,0,1,0,0,0,0,0,"equal"
"510601-3688094",1,1,0,1,0,0,0,1,1,0,"equal"
"590810-4651343",1,0,0,1,1,0,0,0,0,0,"equal"
"820904-1434940",0,1,0,1,1,0,1,1,1,1,"equal"
"870824-1161809",1,1,1,1,1,0,0,1,1,0,"equal"
"911224-2509975",0,1,1,1,0,1,1,0,1,1,"equal"
"960212-4111558",1,1,1,0,0,1,1,1,0,0,"equal"
"751128-1626069",1,1,0,0,0,0,0,1,1,0,"equal"
"621223-2955732",0,0,1,1,1,0,0,0,1,0,"equal"
"601001-4914690",1,0,1,0,1,1,0,0,1,1,"equal"
"530124-4223554",1,1,0,1,0,0,0,1,1,1,"equal"
"860220-4279224",1,0,1,1,1,1,0,0,1,0,"equal"
"700128-2839425",0,0,1,0,0,1,0,0,1,0,"equal"
"660323-3736987",1,0,0,1,1,1,1,1,1,1,"equal"
"610703-2875373",1,0,0,1,1,1,0,1,0,1,"equal"
"891009-2007773",1,0,0,1,0,1,0,1,0,1,"equal"
"970525-1154962",1,0,1,0,1,0,0,1,1,1,"equal"
"510702-3981460",0,0,1,0,1,1,0,1,0,1,"equal"
"940421-4373416",1,1,1,1,0,1,0,1,1,0,"equal"
"771101-4447963",0,0,1,1,0,1,0,1,1,0,"equal"
"671111-2460237",1,0,0,1,1,0,0,1,0,1,"equal"
"860212-1050096",1,1,0,1,1,0,1,0,0,0,"equal"
"941014-3703308",0,0,0,0,1,1,1,1,1,0,"equal"
"570314-4984960",1,0,1,1,0,0,0,1,1,0,"equal"
"840511-2033489",0,0,0,0,1,0,1,1,1,1,"equal"
"511004-3569739",1,0,0,0,0,0,0,0,0,1,"equal"
"680425-1864300",0,1,0,1,1,0,0,0,1,1,"equal"
"971014-3539952",1,0,1,0,0,0,0,0,0,0,"equal"
"530322-2379767",1,1,0,1,1,1,0,1,0,0,"equal"
"941008-2945275",0,1,1,0,0,1,0,1,0,1,"equal"
"620224-3480812",0,0,1,0,1,1,0,1,1,1,"equal"
"761028-4799095",0,0,1,0,0,0,0,1,1,0,"equal"
"860911-4386429",1,0,0,0,1,0,0,1,1,1,"equal"
"791001-1587445",0,1,1,0,0,0,1,1,1,1,"equal"
"941123-1816429",1,1,0,1,0,1,0,1,1,0,"equal"
"890103-1826684",1,1,0,0,0,1,0,0,1,1,"equal"
"500811-1627638",1,0,1,0,1,1,1,1,1,0,"equal"
"851018-1806921",1,1,0,0,1,1,0,0,0,0,"equal"
"920506-3653535",1,1,1,1,1,0,0,0,1,1,"equal"
"700409-1050487",0,0,1,1,0,0,0,1,0,1,"equal"
"530806-2177122",1,1,0,1,0,1,0,0,1,1,"equal"
"510721-3457082",1,0,1,1,1,1,1,1,0,0,"equal"
"730811-4950270",1,0,1,0,1,1,1,1,0,1,"equal"
"740207-2727348",1,0,1,1,1,0,0,0,1,1,"equal"
"760813-4812228",0,1,0,0,0,0,1,1,1,0,"equal"
"520104-2267907",1,0,0,1,0,1,1,1,1,0,"equal"
"570415-1078308",0,0,1,1,1,1,0,1,1,1,"equal"
"680925-1750275",1,0,0,1,0,0,1,1,1,1,"equal"
"761217-1969383",1,1,0,0,0,1,0,0,1,0,"equal"
"711001-3176212",0,0,1,0,0,1,1,1,1,1,"equal"
"670721-3417238",0,1,1,0,1,0,1,0,0,0,"equal"
"910923-1651537",1,0,0,0,0,1,0,1,0,0,"equal"
"961126-2985289",0,1,1,0,0,1,1,1,0,0,"equal"
"991116-1052757",1,0,1,0,0,1,0,0,1,0,"equal"
"690407-2166446",1,1,1,0,1,1,1,0,1,1,"equal"
"720720-1051272",0,0,0,0,1,0,1,0,1,0,"equal"
"620204-4720773",1,0,0,1,1,1,1,0,0,0,"equal"
"590218-2691140",1,0,0,1,1,1,1,1,1,0,"equal"
"860128-3109699",1,0,0,1,0,0,1,1,0,0,"equal"
"671004-2478712",0,0,0,0,1,0,0,0,1,0,"equal"
"640301-3163488",1,1,0,0,0,1,0,1,0,1,"equal"
"810204-2089815",0,1,0,1,1,0,0,1,1,1,"equal"
"900409-4086083",1,1,0,1,0,1,0,1,1,0,"equal"
"870908-2203243",0,0,0,0,0,0,0,1,1,1,"equal"
"561221-3357884",1,0,1,0,0,1,1,0,1,1,"equal"
"901102-2993492",0,1,1,0,1,1,0,1,1,1,"equal"
"890204-3702832",0,1,0,0,0,0,1,0,0,0,"equal"
"510515-1267887",0,1,0,1,0,0,1,1,0,0,"equal"
"871202-3080508",1,0,1,1,1,0,0,0,1,1,"equal"
"740318-1768837",0,1,1,0,0,1,1,1,1,0,"equal"
"680507-2997738",1,1,1,1,1,0,0,1,1,1,"equal"
"731228-4955250",0,0,0,1,1,0,1,0,1,0,"equal"
"920615-4312519",0,1,0,0,1,1,0,1,0,0,"equal"
"640716-4801651",1,0,0,1,1,1,0,0,1,0,"equal"
"801026-1860911",1,1,1,1,0,1,0,0,0,0,"equal"
"570902-1960093",1,1,1,1,1,1,1,0,1,1,"equal"
"521109-3503084",1,0,0,0,1,1,0,1,0,1,"equal"
"780524-2359658",0,1,1,1,0,0,0,0,1,0,"equal"
"520801-3162060",0,0,0,1,1,0,1,0,0,1,"equal"
"881213-3580264",0,0,1,1,1,1,1,0,1,0,"equal"
"570928-1160466",0,1,1,1,1,1,1,0,0,0,"equal"
"660518-4404714",1,1,0,0,1,0,1,0,0,1,"equal"
"500613-3625814",0,1,0,1,1,1,1,0,1,0,"equal"
"550726-3690474",1,0,1,0,0,1,1,1,0,1,"equal"
"940517-4000273",0,1,0,0,0,1,0,1,1,1,"equal"
"510824-3079253",0,1,1,0,0,0,1,1,0,0,"equal"
"690808-3557198",1,1,1,1,1,0,1,1,0,0,"equal"
"630501-4985360",0,0,1,0,0,0,1,0,1,0,"equal"
"660526-3843499",1,1,1,0,1,1,0,1,1,0,"equal"
"970528-1374640",1,1,1,0,1,1,0,0,0,0,"equal"
"780501-1706353",1,1,0,1,0,0,0,0,0,0,"equal"
"681218-3872128",1,1,1,1,1,0,0,0,1,1,"equal"
"551112-4023795",0,0,1,1,1,0,1,1,0,0,"equal"
"690106-2796996",1,0,1,1,0,1,1,0,0,0,"equal"
"530526-4801933",0,1,0,1,0,1,1,0,1,0,"equal"
"550317-2128139",1,1,1,1,1,0,0,1,1,1,"equal"
"810908-2835691",1,0,0,1,0,1,1,0,0,1,"equal"
"580528-4353181",1,0,0,0,1,0,0,0,0,1,"equal"
"740609-4801219",1,1,0,0,0,1,0,0,1,0,"equal"
"871109-3434427",1,0,0,0,0,1,1,1,0,1,"equal"
"710913-2177580",1,0,0,0,1,1,0,1,1,0,"equal"
"630917-1960323",0,0,0,0,0,0,0,0,0,0,"equal"
"630411-3908252",1,0,0,0,1,1,1,1,0,1,"equal"
"780319-1247503",0,1,0,1,1,1,1,0,0,1,"equal"
"970407-2589077",1,1,1,1,1,1,0,1,1,0,"equal"
"840715-2844237",1,1,0,0,0,1,0,1,0,1,"equal"
"991027-4098795",0,1,1,0,0,1,1,0,1,1,"equal"
"810109-2714535",1,0,0,0,0,0,0,1,1,1,"equal"
"831018-1935513",1,0,1,0,1,0,0,0,1,0,"equal"
"990522-3704032",0,0,0,1,0,1,1,0,0,0,"equal"
"641218-3812244",0,1,1,0,0,1,1,1,0,0,"equal"
"550525-1510421",1,1,0,1,1,1,0,1,1,1,"equal"
"830226-4230655",1,0,1,1,1,1,0,0,1,0,"equal"
"780210-3010418",1,1,0,1,0,1,0,0,1,1,"equal"
"841011-4838268",0,1,1,1,1,1,0,1,1,0,"equal"
"600307-1930166",0,1,1,1,1,1,1,0,0,0,"equal"
"980821-2827358",0,0,0,1,0,1,1,1,1,1,"equal"
"550415-1906957",1,0,1,1,1,1,1,1,0,1,"equal"
"730720-3990585",1,0,1,1,1,1,0,0,0,1,"equal"
"550717-2859627",0,1,0,1,0,0,1,1,1,1,"equal"
"630224-2270494",0,0,0,1,0,0,0,0,1,1,"equal"
"920118-3077727",1,1,0,1,1,0,1,1,1,0,"equal"
"680702-2329265",0,1,1,1,1,0,1,0,1,1,"equal"
"900214-3960018",1,1,0,0,1,0,1,1,0,1,"equal"
"920906-3498770",1,0,1,1,0,0,1,0,0,0,"equal"
"820111-4516186",1,1,1,0,1,1,0,0,1,0,"equal"
"510405-2622223",1,0,1,0,1,0,0,0,0,1,"equal"
"980113-2184630",1,0,1,0,0,1,0,1,1,0,"equal"
"771014-1580180",0,1,1,1,0,1,1,0,1,1,"equal"
"930827-3549197",1,0,0,1,0,0,1,1,0,1,"equal"
"930507-3011941",1,0,1,1,0,1,1,1,1,0,"equal"
"971212-1306471",1,0,1,0,1,1,1,1,0,1,"equal"
"511206-3959039",1,1,1,1,1,0,0,1,1,0,"equal"
"541024-2655122",0,0,0,1,0,1,0,0,0,1,"equal"
"830901-2379104",0,0,1,0,0,1,1,1,0,0,"equal"
"871106-2226708",1,1,1,0,0,0,1,1,1,0,"equal"
"590202-1870773",1,0,1,1,1,0,1,0,1,1,"equal"
"620525-3626963",1,1,1,1,1,1,1,0,1,1,"equal"
"570811-1835903",0,0,1,0,0,0,0,0,0,0,"equal"
"551216-3860453",1,0,0,1,0,0,0,1,0,1,"equal"
"601020-4932404",0,0,0,0,1,1,1,1,1,0,"equal"
"590602-4819267",1,1,1,0,1,1,0,0,0,1,"equal"
"810115-4938926",1,0,0,1,1,1,0,0,0,0,"equal"
"541023-1979190",1,0,1,1,0,0,1,0,0,0,"equal"
"901027-3834799",1,0,0,0,0,0,1,0,0,1,"equal"
"791119-2710930",1,1,0,0,1,0,1,0,0,0,"equal"
"690907-1779670",1,1,1,1,0,1,1,1,0,1,"equal"
"840224-1711565",0,1,0,0,1,1,0,0,1,0,"equal"
"890209-3283349",1,1,1,1,1,0,1,0,1,0,"equal"
"970702-3900520",0,0,1,0,0,1,0,0,0,0,"equal"
"540201-2071080",1,1,1,1,1,0,1,1,0,1,"equal"
"650311-3892074",1,0,0,0,1,0,1,0,0,1,"equal"
"940406-2138164",1,0,1,1,1,0,1,0,1,1,"equal"
"510509-4853987",1,0,1,0,0,1,0,0,0,0,"equal"
"940608-3355115",1,0,0,0,0,1,0,0,0,1,"equal"
"901103-2561341",1,0,1,1,0,0,1,1,0,0,"equal"
"630715-2391979",0,1,0,0,0,0,0,0,1,1,"equal"
"570522-2784260",0,1,1,1,0,0,1,1,0,0,"equal"
"541227-4035372",0,1,1,1,1,1,0,0,0,1,"equal"
"790201-2784767",1,0,0,1,0,1,0,1,0,0,"equal"
"861118-2615706",1,0,0,1,0,0,0,0,1,0,"equal"
"550702-4923279",1,0,1,0,1,1,0,1,1,0,"equal"
"960523-1776217",0,1,1,0,1,0,0,1,1,0,"equal"
"630228-1108621",0,0,1,1,0,0,1,0,0,1,"equal"
"840321-2859311",1,1,1,0,0,1,1,0,0,0,"equal"
"620520-2072162",0,1,0,0,1,1,1,0,1,0,"equal"
"980201-3424748",0,0,1,0,0,1,1,0,1,1,"equal"
"650214-2146271",0,1,0,0,1,0,1,1,0,1,"equal"
"541014-4058229",0,0,0,1,0,0,0,1,1,0,"equal"
"890910-4143829",0,1,0,0,0,0,0,1,1,1,"equal"
"810405-4711943",1,0,0,0,0,1,1,0,1,0,"equal"
"570901-4169764",0,0,0,1,0,1,0,0,0,1,"equal"
"610726-4472166",1,0,0,0,1,1,0,1,1,1,"equal"
"780416-1434354",0,0,1,1,1,0,0,0,0,0,"equal"
"910713-2563116",0,0,0,1,1,1,1,0,0,1,"equal"
"660806-4991131",0,1,0,0,0,0,1,0,1,1,"equal"
"971016-2291937",0,1,1,1,1,1,0,1,0,1,"equal"
"820916-2661708",1,1,0,0,0,0,0,1,1,1,"equal"
"820426-1915788",1,0,0,0,0,0,1,0,1,0,"equal"
"780804-1093561",0,0,1,0,0,1,0,0,0,0,"equal"
"810514-1858008",0,1,0,1,1,0,0,1,1,1,"equal"
"720103-2091176",1,1,1,0,1,1,0,0,0,1,"equal"
"551225-2477147",0,1,0,1,0,1,1,0,1,0,"equal"
"700206-3457982",0,1,0,1,1,0,0,1,0,1,"equal"
"870713-3976805",1,0,0,1,1,0,0,0,0,0,"equal"
"910823-2483202",0,0,1,0,1,0,0,1,0,0,"equal"
"841009-3786111",1,0,1,0,0,0,1,0,1,0,"equal"
"840801-3502079",1,0,1,1,0,0,0,0,0,1,"equal"
"940104-4703033",1,0,0,0,1,0,0,1,0,1,"equal"
"810802-3229750",1,1,0,0,1,1,1,1,0,1,"equal"
"750928-4342038",1,0,0,1,0,1,0,1,1,1,"equal"
"550811-4937618",1,0,1,1,0,1,0,1,0,1,"equal"
"631021-1436891",1,1,1,1,1,0,1,0,0,0,"equal"
"860528-1555345",0,1,0,0,1,0,1,0,1,1,"equal"
"681209-1609839",0,0,1,1,0,1,0,1,1,0,"equal"
"800420-3996323",0,0,1,0,1,1,1,0,0,0,"equal"
"530513-3543156",0,0,0,0,0,1,0,1,0,0,"equal"
"731117-1165594",0,1,1,1,1,0,0,1,1,0,"equal"
"570918-3152387",0,0,0,1,1,1,0,1,1,0,"equal"
"920718-4381653",0,1,1,0,1,1,1,1,0,0,"equal"
"500508-1575494",1,0,0,1,1,0,0,0,1,1,"equal"
"770526-3819553",1,1,0,0,1,0,1,0,1,1,"equal"
"690517-1463630",1,0,1,1,1,1,0,0,0,0,"equal"
"751206-2664660",1,1,0,1,0,1,1,0,0,0,"equal"
"951206-2099208",1,0,0,0,0,1,0,0,1,0,"equal"
"650707-4993146",0,0,0,0,1,1,1,1,0,1,"equal"
"960624-3338765",1,1,1,0,0,1,1,0,0,0,"equal"
"930916-3762111",0,0,1,0,1,0,1,0,1,1,"equal"
"970424-2360576",0,0,1,1,1,1,0,0,1,1,"equal"
"601017-2513728",0,0,0,0,1,0,1,0,1,1,"equal"
"891017-1779768",0,0,0,1,0,1,1,1,0,1,"equal"
"980609-3047148",1,0,0,1,1,1,1,0,0,1,"equal"
"650725-4460027",0,0,1,0,0,0,0,0,0,0,"equal"
"520410-1338825",0,0,0,1,1,0,0,1,1,0,"equal"
"910328-1991567",1,1,0,1,0,1,0,0,0,1,"equal"
"831204-1826516",0,0,1,1,0,1,1,1,1,1,"equal"
"661128-3439869",0,0,1,1,0,1,0,0,1,0,"equal"
"650808-2086807",1,1,1,0,0,1,0,1,0,0,"equal"
"730503-3722213",0,1,1,1,1,1,1,0,0,1,"equal"
"611106-3099212",0,1,1,1,0,0,0,1,0,1,"equal"
"700724-2019279",0,1,1,1,0,0,0,0,0,0,"equal"
"901104-4977526",0,1,1,0,1,1,1,1,1,0,"equal"
"610112-3466079",1,1,1,0,1,0,1,0,1,0,"equal"
"730303-3799854",1,1,1,0,1,0,0,0,0,0,"equal"
"730118-2758039",0,0,1,1,0,1,0,0,1,1,"equal"
"630910-4353159",1,1,0,0,0,1,0,0,0,1,"equal"
"511126-4381250",0,1,0,1,1,1,1,0,1,1,"equal"
"980206-2374671",1,1,1,0,1,0,0,1,0,1,"equal"
"700806-1427721",0,1,1,1,1,1,1,0,0,1,"equal"
"970709-2289157",1,0,0,1,0,0,1,1,1,0,"equal"
"650504-2077953",0,1,0,0,1,1,1,1,0,0,"equal"
"630208-3035369",1,0,0,1,0,0,1,1,0,0,"equal"
"950510-1286994",0,1,1,1,1,1,0,1,0,1,"equal"
"560915-3192093",0,1,0,1,0,0,0,1,1,1,"equal"
"540928-4761787",1,1,0,1,0,0,0,0,1,0,"equal"
"871003-1755454",0,1,1,0,1,1,1,1,1,1,"equal"
"660405-3954771",1,0,1,0,0,1,0,0,0,0,"equal"
"650403-3150970",0,0,0,0,0,0,0,1,1,1,"equal"
"560523-4395475",1,0,0,0,0,0,0,1,0,1,"equal"
"870614-2902795",0,0,0,0,0,0,0,0,1,0,"equal"
"760309-2843538",1,0,0,1,0,0,1,0,1,1,"equal"
"880712-2995548",0,1,1,0,1,0,1,0,0,0,"equal"
"951001-4184436",1,1,0,1,0,1,1,1,0,1,"equal"
"841010-4794884",0,0,0,1,1,0,1,1,0,1,"equal"
"750908-4923609",1,1,1,1,1,1,1,0,0,1,"equal"
"980222-1901286",0,1,0,0,1,0,1,0,0,0,"equal"
"730820-3820860",1,0,1,0,0,0,1,0,1,1,"equal"
"520603-3806230",1,0,1,0,1,1,1,1,1,0,"equal"
"801001-1260117",1,1,1,0,0,0,1,1,0,1,"equal"
"940110-4044632",1,1,1,1,0,0,0,0,1,0,"equal"
"790413-1982775",1,0,1,0,1,1,1,1,0,0,"equal"
"860125-4548390",0,0,1,0,1,1,1,1,0,0,"equal"
"631124-3980344",1,0,0,0,0,0,1,0,1,0,"equal"
"560121-1820044",0,1,1,0,0,1,1,0,1,1,"equal"
"840816-3749281",1,1,0,0,1,0,1,0,0,1,"equal"
"540226-4014418",0,0,0,1,0,0,1,1,0,0,"equal"
"700524-4235533",0,0,0,1,1,1,1,1,1,1,"equal"
"650313-2307363",0,1,1,1,0,1,0,0,0,1,"equal"
"840820-3830766",0,1,1,0,0,0,0,1,1,1,"equal"
"970107-4385107",0,0,1,1,1,0,1,1,0,1,"equal"
"960828-3522124",0,0,1,1,1,1,0,1,1,0,"equal"
"901114-3718542",0,0,1,0,0,1,0,0,0,1,"equal"
"900128-1325969",0,0,0,1,1,1,1,0,1,1,"equal"
"940912-3222562",0,1,1,0,0,0,1,1,0,1,"equal"
"780910-3206948",1,0,0,1,0,1,1,1,0,0,"equal"
"770317-2494951",1,0,1,0,0,1,1,0,1,0,"equal"
"661206-2578230",0,0,0,1,0,1,0,1,1,1,"equal"
"900910-1901194",1,1,0,0,0,1,1,0,0,1,"equal"
"561010-1418774",0,0,0,1,0,0,0,0,1,0,"equal"
"670809-1109742",1,1,0,0,0,1,0,0,0,1,"equal"
"540501-4781786",1,0,0,1,1,0,0,1,0,0,"equal"
"650616-2864632",0,0,1,1,1,1,0,1,0,0,"equal"
"700214-4374724",0,1,0,0,1,0,0,0,0,0,"equal"
"630604-3312209",1,0,1,0,1,0,0,1,1,0,"equal"
"660802-4693280",1,1,1,1,0,0,1,1,1,0,"equal"
"850609-3842929",1,0,0,1,1,1,0,1,1,0,"equal"
"501219-3453318",1,1,1,1,1,1,1,1,1,0,"equal"
"550319-4084751",0,0,1,0,1,1,0,1,0,0,"equal"
"590410-1959875",1,1,0,1,0,1,0,1,0,1,"equal"
"680928-2821801",1,1,1,0,1,1,0,1,1,1,"equal"
"810321-2967604",1,1,1,1,0,1,1,0,1,1,"equal"
"541011-2563908",1,0,0,0,0,0,0,0,0,1,"equal"
"531016-2054256",1,1,1,1,1,1,0,0,1,1,"equal"
"740223-4030582",1,1,0,0,1,1,1,1,0,0,"equal"
"800422-4699122",1,1,0,0,0,1,0,0,1,0,"equal"
"660622-4034926",0,0,0,1,1,0,1,1,1,0,"equal"
"870816-3210435",0,1,0,1,0,1,1,0,1,0,"equal"
"850619-1454402",1,1,0,0,0,1,1,0,1,1,"equal"
"521020-1514061",0,1,0,0,1,1,1,0,1,0,"equal"
"930225-2548576",1,0,0,1,1,0,1,0,1,0,"equal"
"830223-3369792",0,0,1,1,0,1,0,0,0,0,"equal"
"850210-4807724",0,0,1,1,0,0,1,0,0,0,"equal"
"640717-3546107",1,0,1,1,1,0,0,1,1,0,"equal"
"590612-3054508",0,1,0,0,0,1,0,1,1,1,"equal"
"981207-1650612",1,0,0,1,1,1,0,0,0,1,"equal"
"860108-2005154",1,1,1,0,0,0,1,1,0,0,"equal"
"880217-2552581",0,0,0,0,0,1,0,1,0,0,"equal"
"981017-4051489",1,0,1,0,0,1,1,1,0,1,"equal"
"550521-4527625",0,1,1,1,0,0,1,1,1,1,"equal"
"821219-2791534",1,0,1,0,1,1,0,0,1,1,"equal"
"930313-4310088",1,0,1,0,0,0,0,0,0,0,"equal"
"900416-3946541",0,1,0,1,1,0,1,1,0,1,"equal"
"500616-1115442",1,0,0,0,0,0,0,1,1,0,"equal"
"761213-1672599",1,0,1,0,1,0,0,1,1,0,"equal"
"851018-2693963",1,1,1,1,0,0,0,0,1,0,"equal"
"811210-4901602",1,0,0,0,0,0,1,0,0,0,"equal"
"710825-4630725",1,1,0,0,0,1,0,0,0,0,"equal"
"911020-3035283",0,1,1,1,1,1,1,1,0,1,"equal"
"960505-1441333",1,1,1,1,1,1,0,1,1,1,"equal"
"881203-2053263",0,1,0,1,1,0,0,1,0,0,"equal"
"580121-1800253",1,1,1,0,1,1,1,1,1,1,"equal"
"840603-3908259",0,0,1,0,1,1,0,1,0,0,"equal"
"910308-1976560",0,1,1,0,1,0,1,1,1,1,"equal"
"781107-1979785",1,1,1,0,1,0,0,1,0,1,"equal"
"720905-4684798",1,0,0,1,1,1,0,1,1,1,"equal"
"780613-2044600",1,0,0,1,1,1,1,1,1,0,"equal"
"700911-2527077",0,0,1,1,0,1,0,1,0,1,"equal"
"620609-1058605",1,0,1,1,1,1,0,0,0,0,"equal"
"761218-4354803",1,1,0,1,0,0,1,1,0,0,"equal"
"610823-3176138",1,0,1,1,1,1,0,0,1,1,"equal"
"560322-1710670",1,0,1,0,0,1,1,1,1,0,"equal"
"500721-4392411",0,1,1,0,1,1,1,1,0,0,"equal"
"560719-2039295",0,1,1,0,0,1,0,1,0,0,"equal"
"920110-3497435",0,1,0,1,0,1,0,1,0,1,"equal"
"870421-2111243",0,0,1,0,0,0,0,1,1,0,"equal"
"650717-4093632",1,1,0,1,1,0,1,1,1,0,"equal"
"560615-1888505",1,1,1,0,1,1,1,1,0,1,"equal"
"900810-3712165",1,1,1,0,1,0,0,0,0,0,"equal"
"950918-3428739",0,1,1,1,0,1,1,0,0,0,"equal"
"940702-1731293",1,0,1,0,1,1,0,0,1,0,"equal"
"640906-3773511",0,0,1,1,0,0,1,0,1,0,"equal"
"620114-1058663",0,0,1,0,0,1,1,1,0,0,"equal"
"750516-1923219",0,0,0,1,1,1,0,0,1,0,"equal"
"860203-3486640",0,1,0,0,1,0,1,0,0,0,"equal"
"611028-3597283",1,1,1,0,1,0,0,1,0,1,"equal"
"781025-2980000",0,1,1,0,0,1,0,1,1,0,"equal"
"870906-2055178",0,0,1,1,1,0,1,0,1,1,"equal"
"680810-4587791",0,1,1,1,0,0,1,1,0,0,"equal"
"780702-1299985",0,1,0,0,0,0,1,1,0,1,"equal"
"580809-1612479",0,0,0,0,0,1,0,1,1,1,"equal"
"780523-3014049",0,1,0,1,1,1,0,1,1,0,"equal"
"701013-3432568",1,0,0,1,0,1,1,0,0,0,"equal"
"690722-4191898",0,0,0,1,1,1,1,1,1,0,"equal"
"880215-1432909",1,1,0,0,1,0,0,0,1,1,"equal"
"750622-2532693",0,0,1,1,0,1,1,0,1,1,"equal"
"520601-3367762",1,0,0,1,0,1,0,0,0,1,"equal"
"690908-3903636",1,1,1,0,1,1,1,0,0,1,"equal"
"751228-4634464",0,0,0,0,0,1,0,1,1,1,"equal"
"880221-2875234",0,1,0,0,0,1,0,0,0,0,"equal"
"741220-4312377",1,1,0,1,1,0,0,0,1,0,"equal"
"830906-3516139",1,0,1,0,1,1,1,1,0,1,"equal"
"990605-1729455",1,1,0,1,0,1,0,0,0,0,"equal"
"880411-2908960",1,0,1,1,0,1,0,1,1,1,"equal"
"921120-1559255",0,1,0,0,0,1,0,1,1,0,"equal"
"880504-4696988",1,1,0,1,1,0,0,1,0,1,"equal"
"750118-2106272",0,0,0,0,1,0,1,1,1,1,"equal"
"500416-4214955",1,0,1,0,1,0,0,1,1,1,"equal"
"840315-3013800",1,1,0,1,0,0,1,1,1,1,"equal"
"730506-4956490",0,0,0,1,0,0,1,0,1,0,"equal"
"921019-1210163",0,1,1,1,1,0,0,0,1,1,"equal"
"750701-3829334",0,1,0,0,1,0,1,0,1,1,"equal"
"500925-3410168",0,1,1,0,0,1,1,0,0,0,"equal"
"800714-1977951",0,0,0,1,0,1,1,0,1,1,"equal"
"890714-1251041",1,0,1,1,1,0,1,0,0,1,"equal"
"930816-2079206",0,1,1,0,0,0,1,0,0,0,"equal"
"560614-1687609",0,1,1,0,1,1,1,1,1,0,"equal"
"571115-3317461",0,0,0,1,1,0,0,0,0,0,"equal"
"990307-4665237",1,1,0,1,1,0,0,0,1,1,"equal"
"530710-4030204",1,1,1,0,0,1,0,0,0,1,"equal"
"640307-4739041",1,1,1,0,1,0,0,1,1,0,"equal"
"661117-1450204",0,1,1,0,0,1,1,0,1,1,"equal"
"930514-4646078",1,0,0,1,1,1,1,0,1,0,"equal"
"601204-1452165",1,0,0,0,1,0,0,0,0,0,"equal"
"891227-1212399",0,0,0,0,0,0,1,1,0,1,"equal"
"670119-4464195",0,0,0,1,0,0,0,1,1,0,"equal"
"790624-3815136",1,0,1,1,1,0,1,1,1,0,"equal"
"600526-4193286",1,0,0,0,1,1,1,1,1,1,"equal"
"660309-1339334",1,1,0,1,1,1,1,1,0,0,"equal"
"720319-4638868",1,0,0,1,1,1,0,0,0,1,"equal"
"930118-3845931",1,1,0,1,0,1,1,1,0,0,"equal"
"650305-4179213",1,0,0,0,0,1,0,1,0,1,"equal"
"570228-3447610",1,0,1,0,1,0,0,1,0,0,"equal"
"700817-2049851",0,0,1,0,0,0,1,1,1,0,"equal"
"801002-1268719",1,1,0,0,1,1,1,0,0,1,"equal"
"880207-4137071",0,1,1,0,0,1,0,1,1,0,"equal"
"720509-4764548",1,0,1,0,1,0,1,1,1,0,"equal"
"820617-3023508",0,1,1,1,0,1,0,1,0,0,"equal"
"790428-4634488",1,1,0,0,1,1,1,0,1,0,"equal"
"700823-1737629",1,0,1,0,1,0,1,0,0,0,"equal"
"941211-4324843",0,0,0,0,0,0,1,0,1,0,"equal"
"530418-4776314",1,0,1,1,0,1,1,1,1,0,"equal"
"880810-4882913",0,0,0,0,1,0,0,0,0,0,"equal"
"990115-2711850",1,1,0,0,0,1,1,1,1,0,"equal"
"740117-3606108",1,1,1,1,0,1,1,1,0,1,"equal"
"920927-3344051",0,0,1,0,0,1,1,1,1,1,"equal"
"650921-1613489",1,0,1,1,0,1,1,1,1,1,"equal"
"840606-4891858",1,1,1,0,0,1,0,1,0,1,"equal"
"860524-1925258",0,1,1,1,0,1,1,0,0,0,"equal"
"710905-1105063",1,1,0,1,1,0,1,1,0,1,"equal"
"831009-2161910",1,1,1,1,1,1,1,0,0,1,"equal"
"510507-4067562",0,0,0,1,0,1,0,0,1,0,"equal"
"710604-1129759",0,0,1,0,1,1,0,0,1,1,"equal"
"541012-4952935",1,1,1,1,0,0,1,1,1,1,"equal"
"510924-3603275",1,1,1,1,0,0,0,1,1,1,"equal"
"611113-2272250",1,1,0,0,1,0,1,1,0,0,"equal"
"851225-2696705",0,0,1,0,1,0,1,0,1,1,"equal"
"621023-4675789",0,1,1,1,0,1,1,1,0,1,"equal"
"720516-3545627",0,0,0,0,1,0,0,0,0,0,"equal"
"880427-2517573",0,0,1,0,0,0,0,0,1,0,"equal"
"931111-2388477",1,1,0,1,0,0,0,1,1,0,"equal"
"530505-1387470",0,0,1,0,1,1,0,1,1,1,"equal"
"870608-2244516",1,1,0,0,1,1,0,0,1,0,"equal"
"760328-2995811",0,1,1,0,1,1,0,1,1,0,"equal"
"890907-4714724",0,0,0,0,1,1,1,1,0,1,"equal"
"600217-2562154",1,1,1,0,0,1,0,0,0,1,"equal"
"741215-3761143",1,1,1,1,0,1,0,1,1,1,"equal"
"831111-1091774",1,0,1,1,1,0,1,0,1,1,"equal"
"711007-4127153",1,1,0,1,1,1,1,0,0,1,"equal"
"810502-2218566",1,0,0,1,1,1,1,0,0,0,"equal"
"650805-1673885",0,0,1,0,1,0,1,1,0,0,"equal"
"670802-3992941",0,1,1,0,0,0,1,1,0,0,"equal"
"960916-1376904",1,0,1,1,1,0,1,0,1,1,"equal"
"911012-4111702",0,0,0,0,0,0,1,0,1,1,"equal"
"900904-3407456",1,1,1,1,1,1,0,0,0,0,"equal"
"650906-2104243",0,1,0,1,1,0,0,0,1,1,"equal"
"560622-2076665",0,0,0,0,0,1,1,1,0,1,"equal"
"590928-1795098",1,0,0,0,0,0,1,0,0,1,"equal"
"770225-4210130",1,1,0,1,1,1,1,1,1,0,"equal"
"750811-2388880",0,0,0,0,0,1,1,1,0,1,"equal"
"770410-1532201",0,0,1,1,0,1,0,0,1,1,"equal"
"730320-2334679",1,1,0,0,1,1,1,1,0,1,"equal"
"501108-1796488",1,1,0,0,1,0,1,1,0,0,"equal"
"670909-1294423",0,0,0,0,0,1,0,1,1,1,"equal"
"951015-4111533",1,1,1,0,0,1,1,1,0,1,"equal"
"740824-2396491",0,1,1,1,0,0,0,1,1,0,"equal"
"860609-2412926",1,0,0,1,1,0,1,0,1,1,"equal"
"690913-1086337",1,0,0,1,0,0,0,0,0,0,"equal"
"650805-3806342",1,1,1,1,1,1,0,0,0,0,"equal"
"840120-1879955",1,1,0,0,1,0,0,1,1,1,"equal"
"800215-1043533",0,0,0,1,0,0,1,1,0,0,"equal"
"980607-4171237",0,1,0,0,1,0,0,1,1,0,"equal"
"960328-1242886",1,1,1,1,0,1,0,0,1,0,"equal"
"930418-2359351",0,1,0,0,0,1,0,1,0,1,"equal"
"751003-1965922",0,0,1,1,0,1,0,0,0,1,"equal"
"620817-3918999",1,1,0,1,1,1,0,1,1,1,"equal"
"910219-2291633",1,0,0,0,1,0,0,1,0,0,"equal"
"740125-1782041",1,1,1,1,1,1,0,1,0,0,"equal"
"561105-2310885",0,0,1,0,0,1,1,1,1,1,"equal"
"780422-1727469",1,1,1,0,1,0,1,1,1,0,"equal"
"550322-4679398",0,0,0,1,0,1,1,1,1,0,"equal"
"700628-1587738",1,1,0,1,1,1,1,0,1,0,"equal"
"940602-1254552",1,0,0,1,1,0,0,0,0,0,"equal"
"890405-4665675",0,0,0,0,0,1,0,0,0,0,"equal"
"840415-4886403",1,0,1,1,1,1,1,0,0,0,"equal"
"660110-1482672",1,1,1,1,0,0,0,1,1,0,"equal"
"570424-3084548",0,1,1,1,0,1,0,1,0,1,"equal"
"810423-1145971",1,1,1,1,1,0,1,1,0,1,"equal"
"730816-4222752",0,0,0,1,0,0,1,0,1,1,"equal"
"900101-1365309",1,1,1,0,0,0,1,0,1,0,"equal"
"900727-4215601",1,0,0,1,0,0,0,0,0,1,"equal"
"970123-3371317",0,1,1,0,0,1,0,1,1,0,"equal"
"891210-3246421",0,0,1,1,0,1,1,0,0,0,"equal"
"920519-3328943",1,1,1,0,1,0,1,1,1,0,"equal"
"830314-1354357",1,1,1,1,0,0,0,1,0,0,"equal"
"690125-3591255",0,1,1,1,0,0,0,1,1,0,"equal"
"640215-4118326",1,0,1,0,1,0,0,0,0,0,"equal"
"551128-3882209",0,0,0,1,0,1,0,1,1,1,"equal"
"630213-1020828",0,1,0,0,1,0,1,1,0,1,"equal"
"680323-2374820",0,1,0,1,0,1,1,0,0,1,"equal"
"881128-1250559",1,0,1,1,1,1,0,1,0,0,"equal"
"980818-3792558",0,0,1,0,0,0,1,0,1,1,"equal"
"501012-2546670",1,1,0,1,1,0,1,0,1,1,"equal"
"990619-4273169",0,0,0,1,1,1,0,1,1,1,"equal"
"760703-3715654",0,1,1,0,0,1,1,1,0,1,"equal"
"621117-4954813",0,0,0,1,1,0,1,1,1,0,"equal"
"630215-4748225",0,0,1,1,0,1,0,1,1,1,"equal"
"650422-4670137",0,1,1,1,0,1,1,0,0,0,"equal"
"680723-2258396",1,1,0,0,1,0,0,0,0,0,"equal"
"941211-3201518",1,0,0,0,1,0,0,1,1,0,"equal"
"671008-2856915",1,1,1,0,1,0,0,0,0,0,"equal"
"810828-3460070",0,0,1,1,0,0,1,1,1,1,"equal"
"610918-4235314",1,0,1,1,1,0,0,0,0,0,"equal"
"921102-3892450",0,0,1,1,1,0,1,1,0,0,"equal"
"780809-4616593",1,0,1,1,0,1,1,1,1,0,"equal"
"920922-3486441",1,0,0,0,1,0,1,1,1,0,"equal"
"941028-1041168",1,1,0,0,1,1,1,1,1,0,"equal"
"960928-4907787",1,1,1,1,1,0,0,0,0,1,"equal"
"630727-1277402",0,1,0,1,1,0,1,0,0,1,"equal"
"780928-3103526",1,0,1,0,1,0,1,1,1,0,"equal"
"601207-2800154",1,1,1,1,1,0,0,1,0,1,"equal"
"691027-2062191",0,0,1,1,1,0,1,0,0,0,"equal"
"861006-3994346",1,1,1,1,1,0,1,0,1,0,"equal"
"940211-3430796",1,0,1,0,1,0,1,1,0,0,"equal"
"610608-2575440",0,1,1,0,1,1,1,0,0,0,"equal"
"590205-4762216",1,0,1,1,1,0,1,1,1,0,"equal"
"620501-1607211",1,0,1,1,0,1,1,0,1,1,"equal"
"940822-2734464",1,0,0,0,1,0,1,1,0,1,"equal"
"710216-2710749",0,0,0,1,0,0,0,0,1,1,"equal"
"891002-4178659",0,1,0,0,1,0,1,1,1,0,"equal"
"711213-3219870",1,1,1,0,1,1,1,1,0,1,"equal"
"700926-4551444",0,1,0,1,0,0,1,1,0,0,"equal"
"950709-3369430",0,0,1,0,0,0,1,0,0,0,"equal"
"860516-1994439",1,0,1,0,1,0,0,1,1,0,"equal"
"920205-3581854",0,1,1,1,1,0,0,1,1,1,"equal"
"840128-1973681",0,1,0,0,0,1,0,0,0,1,"equal"
"620510-4667959",0,0,0,0,1,1,1,0,1,0,"equal"
"570901-3362350",1,0,0,1,0,0,0,0,0,1,"equal"
"730917-4861094",1,1,0,1,1,0,1,0,1,0,"equal"
"951115-4546968",1,1,1,0,0,0,1,0,0,0,"equal"
"621213-4321492",0,1,1,0,1,1,1,0,1,0,"equal"
"861011-4194292",1,0,1,1,1,1,1,1,0,1,"equal"
"650513-1566267",1,0,1,0,1,0,0,1,0,1,"equal"
"760302-4005764",1,0,0,0,0,1,0,0,0,1,"equal"
"881213-1975017",0,1,0,1,1,1,0,0,1,0,"equal"
"920523-2163284",0,1,0,1,0,1,0,0,0,0,"equal"
"700116-3460659",1,0,1,1,1,0,1,0,0,1,"equal"
"980410-3408021",1,0,1,0,1,0,0,1,0,1,"equal"
"950909-2341727",1,1,0,1,1,1,1,0,0,1,"equal"
"781214-2071513",0,1,1,1,0,1,0,1,1,0,"equal"
"981019-2517827",0,1,0,0,1,1,0,0,0,1,"equal"
"841228-2492178",0,0,0,0,1,0,0,1,1,1,"equal"
"520102-2850291",1,0,1,0,1,0,1,0,1,0,"equal"
"840924-3744041",1,1,1,0,1,0,1,0,0,0,"equal"
"960901-4855187",1,0,0,0,0,1,1,0,0,0,"equal"
"560528-2524552",0,1,1,1,1,1,0,1,0,0,"equal"
"841004-1458675",1,1,1,0,0,1,1,1,1,1,"equal"
"860522-1377506",1,0,0,1,0,0,1,0,0,0,"equal"
"690227-2222785",0,0,1,0,1,1,1,0,1,1,"equal"
"620817-2694403",1,1,0,0,1,1,1,1,0,1,"equal"
"960416-2942180",1,0,0,0,0,0,0,1,1,0,"equal"
"560719-3764736",1,1,0,0,1,1,0,1,1,1,"equal"
"960622-2927912",0,1,0,1,1,0,1,0,0,1,"equal"
"850111-2763746",1,0,0,1,1,0,0,1,1,0,"equal"
"751124-1479479",1,1,0,1,0,1,0,0,0,1,"equal"
"550408-4744490",1,0,0,0,1,0,1,0,0,0,"equal"
"950607-2139776",1,0,1,1,0,0,1,0,0,1,"equal"
"571126-1725953",1,1,1,0,0,0,1,1,1,1,"equal"
"740813-4705839",0,0,1,1,0,1,1,0,1,0,"equal"
"570708-1412311",0,1,0,0,1,1,1,0,0,0,"equal"
"781228-3758389",1,0,1,1,0,1,1,0,0,1,"equal"
"501127-2807621",1,0,1,0,0,0,0,1,1,0,"equal"
"960415-1219637",0,0,0,0,1,0,0,0,1,1,"equal"
"940628-3555831",1,1,0,1,1,0,0,1,1,1,"equal"
"990627-2274478",1,1,0,0,1,1,1,1,0,0,"equal"
"840902-4165893",0,1,0,0,1,0,0,0,1,0,"equal"
"730103-1139511",1,1,0,1,1,1,0,1,1,1,"equal"
"831127-2047443",1,0,1,0,0,0,1,1,1,0,"equal"
"580621-1239781",1,1,1,1,0,0,1,0,1,1,"equal"
"730826-1830031",1,1,0,0,1,1,0,1,1,0,"equal"
"750303-4808674",0,1,1,0,1,1,1,1,1,0,"equal"
"610128-2459061",0,0,0,1,0,0,1,1,1,0,"equal"
"780921-1449888",0,1,1,0,0,0,0,1,1,1,"equal"
"811218-2870466",0,1,0,0,1,1,1,0,1,1,"equal"
"540802-2766814",0,1,1,1,1,0,1,0,0,1,"equal"
"801021-4839198",0,0,1,0,0,1,1,1,1,0,"equal"
"700418-1335076",0,1,0,0,0,1,1,0,0,1,"equal"
"711009-2610126",1,1,1,0,0,0,1,0,0,0,"equal"
"700418-2781412",0,1,0,1,0,0,0,1,0,0,"equal"
"801006-2053486",0,1,0,1,0,1,0,1,1,0,"equal"
"590608-4214436",1,0,0,1,0,0,0,0,0,0,"equal"
"750117-1596178",0,0,0,1,1,1,0,0,0,0,"equal"
"660711-2647469",0,1,0,1,1,0,1,0,0,1,"equal"
"910407-2036308",1,0,1,0,1,0,0,1,0,0,"equal"
"921206-2493235",1,0,1,1,0,0,1,1,0,1,"equal"
"710621-2439863",1,1,1,1,1,0,0,1,1,0,"equal"
"640413-3204460",1,1,1,1,0,1,0,1,1,1,"equal"
"500327-2392805",1,0,0,0,1,1,1,0,0,0,"equal"
"610622-2412006",0,0,0,1,1,0,0,1,0,0,"equal"
"841124-1054600",1,1,1,1,0,0,0,0,1,0,"equal"
"930715-2941544",1,0,1,0,0,1,0,1,1,0,"equal"
"840703-4381225",1,1,1,0,0,0,0,1,1,1,"equal"
"670302-1464904",1,1,1,1,1,1,1,1,1,0,"equal"
"530615-3325420",0,1,1,1,0,0,0,1,1,0,"equal"
"961222-1755916",1,0,0,0,0,0,0,0,0,0,"equal"
"960714-1206759",0,0,0,0,0,1,1,0,1,0,"equal"
"911028-3820950",1,1,0,0,0,0,1,0,1,0,"equal"
"770525-1385234",1,1,0,0,0,1,0,1,1,0,"equal"
"810802-1527434",1,0,1,0,0,0,0,0,0,1,"equal"
"940524-4252260",1,0,0,0,1,0,0,0,1,1,"equal"
"520211-4930224",0,1,1,1,0,0,1,0,0,1,"equal"
"750603-2083602",0,0,1,0,0,1,1,1,1,0,"equal"
"840727-1337098",0,0,1,0,0,1,1,1,0,0,"equal"
"920526-4199496",1,1,1,1,1,1,1,1,0,0,"equal"
"941209-1093193",1,0,0,1,0,0,1,1,0,1,"equal"
"510826-2216250",1,0,1,0,1,0,1,0,1,0,"equal"
"710505-2314763",1,1,1,1,0,1,1,1,0,1,"equal"
"741216-2549358",1,0,0,0,1,0,0,1,1,1,"equal"
"560317-2812438",1,1,0,0,1,1,0,0,1,0,"equal"
"670610-1466361",1,1,0,1,0,1,1,1,0,0,"equal"
"530325-4127607",0,0,1,1,1,0,0,1,0,0,"equal"
"861016-2309627",0,0,0,1,0,0,0,1,0,1,"equal"
"881126-1673711",0,1,1,1,0,1,0,0,0,0,"equal"
"711103-1774276",0,1,1,0,1,0,1,1,1,1,"equal"
"590512-3796128",0,1,0,0,0,0,0,1,0,0,"equal"
"641226-4471534",1,0,0,1,1,1,0,0,1,1,"equal"
"620317-4472248",1,0,1,0,0,1,1,0,1,0,"equal"
"810410-4745445",0,1,1,1,0,0,0,1,0,1,"equal"
"900208-4403890",1,1,0,0,1,0,1,0,0,1,"equal"
"830705-4000727",0,0,0,0,1,0,0,1,0,1,"equal"
"630718-1424671",0,1,1,1,0,1,1,1,1,1,"equal"
"621210-2006528",1,1,0,1,0,1,0,0,1,1,"equal"
"910211-3700263",1,0,1,1,1,0,1,0,0,1,"equal"
"700505-2665476",0,0,1,1,1,1,0,0,0,0,"equal"
"790315-1536386",0,1,1,1,1,1,0,0,0,1,"equal"
"861116-3904658",1,0,1,0,0,0,0,0,1,1,"equal"
"850728-2348966",1,1,0,0,0,1,0,1,1,1,"equal"
"541028-1271972",1,0,0,1,1,1,0,0,1,0,"equal"
"960418-3078582",1,0,1,0,0,1,0,0,1,1,"equal"
"590405-4587542",0,0,1,0,1,0,0,1,1,1,"equal"
"610107-2539462",0,1,0,1,0,1,0,1,0,0,"equal"
"721108-1177072",0,0,0,0,1,1,0,0,1,1,"equal"
"751108-3997437",1,1,1,1,1,0,0,1,1,0,"equal"
"940520-3793373",1,0,0,0,1,0,0,1,1,1,"equal"
"741001-2355863",0,0,1,1,0,1,1,0,0,0,"equal"
"800316-1947780",1,0,1,1,0,0,0,1,0,1,"equal"
"510528-3469161",1,1,0,0,0,1,0,1,0,1,"equal"
"640501-3535456",1,1,0,1,0,1,0,1,0,0,"equal"
"751123-4377956",0,1,1,1,1,0,1,1,0,0,"equal"
"860327-4618873",0,0,1,0,0,0,0,1,1,0,"equal"
"860201-2592052",1,1,1,0,1,0,1,1,1,0,"equal"
"981102-3779821",0,1,1,0,1,0,0,0,0,1,"equal"
"900714-1836818",1,0,1,1,1,0,0,1,0,1,"equal"
"921117-2810838",1,0,0,1,0,1,1,0,0,0,"equal"
"540814-1668787",1,0,1,0,0,0,0,1,1,1,"equal"
"570703-4219074",1,1,0,1,1,1,0,1,1,1,"equal"
"800303-1154448",1,0,1,0,1,1,0,0,1,1,"equal"
"951220-2547238",1,0,1,0,1,0,0,1,0,0,"equal"
"530606-4240409",0,1,1,0,0,1,0,0,0,1,"equal"
"591117-3078454",1,1,0,1,0,1,0,0,1,0,"equal"
"941206-2891013",0,1,0,0,1,1,0,0,0,0,"equal"
"500103-1934694",0,0,0,1,1,1,1,0,1,1,"equal"
"890728-2882199",1,1,1,1,1,1,0,0,1,0,"equal"
"911220-3552583",0,1,0,1,1,1,0,0,1,1,"equal"
"571104-3642861",0,0,1,0,1,1,0,0,0,0,"equal"
"550326-4872911",0,1,1,1,0,1,0,1,0,1,"equal"
"920301-4814401",0,0,0,0,1,0,0,0,1,0,"equal"
"800327-1230475",0,1,1,0,0,0,0,1,0,0,"equal"
"620910-3260528",0,0,1,0,1,0,0,0,0,0,"equal"
"870803-1663673",0,0,1,1,1,1,1,0,1,0,"equal"
"691117-4958127",0,0,1,1,1,1,0,1,0,1,"equal"
"670502-2466008",1,0,0,0,0,0,0,0,1,0,"equal"
"691101-1215104",0,0,1,0,0,1,1,0,0,1,"equal"
"780217-2833040",1,0,1,0,0,0,0,1,0,0,"equal"
"990124-3491697",1,1,0,0,1,0,0,0,0,1,"equal"
"710817-4205599",1,0,0,0,1,1,0,0,1,0,"equal"
"570114-1600467",0,0,1,0,0,0,0,0,1,0,"equal"
"930502-1122868",0,1,0,1,0,0,1,0,1,1,"equal"
"930315-2838969",0,0,1,1,1,1,1,1,1,1,"equal"
"960210-2242295",0,0,0,0,1,1,1,1,1,1,"equal"
"751111-4495279",0,0,0,1,0,1,0,1,0,1,"equal"
"630224-3433995",1,1,0,1,0,0,1,1,1,0,"equal"
"590720-4866706",0,1,0,0,1,1,0,0,0,1,"equal"
"541118-3020981",0,0,0,0,1,1,0,1,0,1,"equal"
"671215-2303378",0,0,1,0,1,0,0,1,0,0,"equal"
"990402-4397436",0,0,0,1,1,0,1,0,0,0,"equal"
"890223-3930606",1,0,1,1,1,0,0,1,0,0,"equal"
"650725-2135792",1,0,0,1,0,0,1,0,0,0,"equal"
"831007-4132194",1,0,1,1,0,0,0,0,0,0,"equal"
"891003-3033591",1,1,0,1,1,1,1,0,0,1,"equal"
"670908-4228665",0,1,1,0,0,1,0,1,1,1,"equal"
"661214-3070329",0,1,1,0,1,1,1,1,1,1,"equal"
"560312-3494883",0,1,0,1,0,1,1,0,0,1,"equal"
"500815-4505000",1,1,0,0,0,0,1,1,0,1,"equal"
"530210-3374359",1,1,0,0,0,1,1,1,0,1,"equal"
"890809-1853609",0,1,1,1,0,0,0,1,1,1,"equal"
"910408-4237969",1,1,0,1,1,0,0,0,0,0,"equal"
"521116-1191040",0,1,1,1,1,0,1,1,0,0,"equal"
"700222-3067339",0,0,1,1,0,1,0,1,0,0,"equal"
"541124-3187648",0,1,1,1,0,1,1,1,0,1,"equal"
"850228-4329568",0,0,0,0,1,0,0,1,0,0,"equal"
"631125-3776532",1,1,1,0,1,1,1,1,1,0,"equal"
"960512-3166293",0,0,0,1,0,1,0,1,0,1,"equal"
"630504-3687703",1,0,0,0,0,1,1,1,1,1,"equal"
"931204-4329090",1,0,0,1,0,1,1,1,1,0,"equal"
"641210-4340006",1,1,0,1,0,1,1,1,1,0,"equal"
"940912-1476900",1,0,1,1,0,0,0,1,1,1,"equal"
"930706-3949293",0,0,0,0,0,0,0,0,1,1,"equal"
"791203-1571088",1,0,1,1,0,0,0,1,0,0,"equal"
"721214-1688895",0,1,1,1,0,1,1,0,0,1,"equal"
"880527-1903379",1,1,1,0,1,1,0,1,1,0,"equal"
"651026-1446427",1,1,1,0,0,0,0,0,0,0,"equal"
"860211-2981489",1,1,0,1,1,1,1,0,0,1,"equal"
"840908-2119433",0,1,0,0,0,1,1,1,1,1,"equal"
"500201-4604305",0,0,0,1,0,1,0,1,1,0,"equal"
"860322-4341381",1,1,1,0,1,1,1,1,1,0,"equal"
"620112-1659458",0,1,0,1,0,1,0,0,0,0,"equal"
"760622-1844924",0,1,0,0,0,1,0,1,0,0,"equal"
"660205-2797016",1,0,1,1,0,1,1,1,0,0,"equal"
"730321-2722386",1,1,0,0,1,1,0,1,1,1,"equal"
"640119-3836676",1,0,0,1,1,0,1,1,0,0,"equal"
"621024-1386970",0,0,0,1,0,1,0,0,0,1,"equal"
"520804-2574281",1,1,0,1,1,0,1,1,0,1,"equal"
"680209-3763755",1,0,0,1,0,1,1,1,0,1,"equal"
"530317-1507879",1,0,0,1,0,0,1,1,0,1,"equal"
"890303-4062548",1,0,0,0,1,0,1,0,1,1,"equal"
"810927-4512930",1,0,1,1,0,0,0,0,1,0,"equal"
"980225-1689559",0,1,1,1,1,1,0,0,1,0,"equal"
"540228-4161953",0,0,0,1,1,0,0,0,0,1,"equal"
"720609-1184970",0,0,0,0,0,1,0,0,1,1,"equal"
"990207-4333177",0,0,0,1,0,0,1,1,0,1,"equal"
"590127-3364774",0,0,1,0,1,1,0,0,0,0,"equal"
"690504-2310611",1,1,0,0,1,0,0,0,0,1,"equal"
"541001-3242796",1,1,1,1,0,0,0,0,0,1,"equal"
"950225-3531992",0,1,1,0,0,1,1,0,0,1,"equal"
"560512-3895417",1,0,0,1,1,1,1,0,1,0,"equal"
"861213-1757042",0,0,0,0,0,0,1,0,1,0,"equal"
"701221-1374168",1,1,0,0,1,1,0,0,0,0,"equal"
"540313-3709364",0,0,1,0,1,0,1,0,1,0,"equal"
"990322-3651572",0,0,1,1,0,0,0,1,0,1,"equal"
"651007-3569730",0,1,0,1,0,0,1,0,0,1,"equal"
"590227-3337487",1,1,1,0,1,0,0,1,0,1,"equal"
"610813-1015238",0,0,0,0,1,1,0,0,1,1,"equal"
"530717-4845252",1,0,1,1,0,0,1,0,1,1,"equal"
"861107-3371589",1,0,1,1,0,0,0,1,1,1,"equal"
"870526-2667432",0,0,0,1,0,1,0,0,0,1,"equal"
"670306-1077108",1,0,1,0,0,1,1,0,1,0,"equal"
"810922-4999259",1,1,0,1,0,0,0,0,0,1,"equal"
"830427-4190795",0,0,1,1,0,0,0,1,1,0,"equal"
"820308-4011468",1,1,0,1,1,0,0,0,1,1,"equal"
"520110-2899349",1,1,0,1,1,1,0,1,0,0,"equal"
"671205-4561852",1,0,1,1,0,1,0,1,0,0,"equal"
"571107-4843624",0,0,0,0,0,0,1,1,1,1,"equal"
"920406-3349224",0,1,0,0,1,1,1,0,0,0,"equal"
"861014-2783226",1,0,0,0,1,1,0,1,1,0,"equal"
"841015-3924140",1,1,1,1,0,0,1,1,1,1,"equal"
"830724-2107183",0,0,1,0,0,1,1,0,0,1,"equal"
"820607-4210956",0,0,1,1,1,1,1,0,1,0,"equal"
"930321-4249910",0,0,0,1,1,1,1,1,0,1,"equal"
"701006-3333853",1,0,1,1,1,1,1,0,1,1,"equal"
"661226-4994317",0,0,1,0,0,0,1,1,0,1,"equal"
"710714-2289586",1,1,0,0,0,1,0,0,1,1,"equal"
"560422-2101659",1,1,0,1,0,0,0,0,1,0,"equal"
"940901-1200796",0,0,1,0,0,1,1,1,1,1,"equal"
"680316-2867425",0,0,1,1,1,1,0,1,1,1,"equal"
"930614-3403835",0,0,0,0,0,1,1,1,0,1,"equal"
"991003-4931966",1,0,0,0,0,1,0,1,1,0,"equal"
"560723-1750692",0,0,0,0,0,1,1,1,0,0,"equal"
"900203-3052305",0,1,0,0,0,0,1,0,0,0,"equal"
"900901-4914433",0,0,0,1,1,0,0,0,1,1,"equal"
"840124-4743039",1,0,1,1,1,1,1,1,0,0,"equal"
"890315-2516807",0,1,0,0,0,0,1,0,0,1,"equal"
"940221-1516845",0,0,1,1,1,1,1,0,1,1,"equal"
"720323-3087118",0,0,0,0,0,0,0,0,0,1,"equal"
"600411-3966784",1,1,1,0,1,1,1,0,1,1,"equal"
"670318-2302572",0,1,1,1,1,1,0,1,0,1,"equal"
"800423-3936247",1,0,1,0,0,1,0,1,1,0,"equal"
"570827-2350479",0,1,1,0,1,0,1,0,1,0,"equal"
"820907-4474682",1,1,1,1,1,0,0,0,1,0,"equal"
"970404-1125808",0,0,1,1,1,0,0,0,0,0,"equal"
"801224-3325362",1,0,1,0,1,0,1,1,1,0,"equal"
"921004-3209439",1,1,1,0,1,1,1,1,1,1,"equal"
"660524-4252442",0,1,0,1,0,1,1,1,1,0,"equal"
"651116-3706505",0,0,0,1,0,1,0,0,0,1,"equal"
"650218-4671362",0,0,0,0,1,1,1,0,1,0,"equal"
"970412-3497567",0,0,0,1,1,0,1,0,0,1,"equal"
"800501-3458842",1,0,0,1,1,0,0,0,1,0,"equal"
"531008-2767014",1,0,0,0,1,1,0,1,1,0,"equal"
"570611-2154642",0,1,0,1,0,1,1,1,0,0,"equal"
"931112-3539513",0,1,1,0,1,1,0,0,0,1,"equal"
"630609-4311987",1,1,1,0,0,0,0,0,1,0,"equal"
"551213-4902034",1,1,0,0,0,1,1,0,1,0,"equal"
"610526-1333343",1,1,0,0,0,1,1,0,1,0,"equal"
"511124-4096539",1,0,0,0,1,1,0,0,0,1,"equal"
"530203-1139061",1,1,1,1,0,1,0,1,0,1,"equal"
"860621-1891519",0,0,1,1,0,1,1,1,0,1,"equal"
"770226-2029999",0,0,1,1,1,1,1,1,1,1,"equal"
"940319-1892315",1,1,0,0,1,1,1,1,1,0,"equal"
"621026-2613099",1,1,1,1,0,0,0,0,1,1,"equal"
"501019-4952059",0,0,1,1,0,1,1,0,0,0,"equal"
"850702-1264582",0,0,1,0,1,1,0,1,0,1,"equal"
"580825-3549477",1,1,1,1,1,1,1,0,0,1,"equal"
"550212-3618795",0,0,0,1,1,1,1,1,1,1,"equal"
"590101-4244209",1,1,1,0,0,0,1,1,0,0,"equal"
"631215-4454358",1,1,0,0,1,0,0,1,0,1,"equal"
"700605-4722254",0,1,0,0,1,1,0,0,1,0,"equal"
"680404-2113471",1,0,0,1,1,1,0,0,1,1,"equal"
"790608-4073200",1,1,0,0,0,1,0,0,1,1,"equal"
"651116-4940221",1,1,0,1,1,1,0,1,0,1,"equal"
"650503-1703312",0,0,0,1,1,0,1,1,0,0,"equal"
"920616-1207126",0,1,1,0,0,1,0,0,1,0,"equal"
"860109-3265082",0,0,0,0,1,0,0,1,1,1,"equal"
"671127-1510903",0,0,0,1,1,1,1,0,0,0,"equal"
"961011-4568999",1,1,0,1,0,1,1,0,1,0,"equal"
"620918-1958126",0,1,0,1,0,1,1,1,0,0,"equal"
"970106-4696597",0,1,1,0,0,0,1,0,0,0,"equal"
"870909-3336747",0,1,0,1,1,1,1,1,1,1,"equal"
"821012-4258671",1,0,1,0,1,1,0,1,0,0,"equal"
"720527-1895625",1,0,0,0,0,1,1,0,1,0,"equal"
"600215-1937763",1,1,0,1,1,0,0,1,0,0,"equal"
"810505-2828184",1,0,0,0,1,1,0,0,1,1,"equal"
"940609-1601768",0,0,0,0,1,1,0,1,0,1,"equal"
"810716-3343506",0,1,1,0,0,0,1,0,0,0,"equal"
"561009-4132316",1,1,0,1,0,1,1,1,0,0,"equal"
"550519-4547740",1,1,0,1,1,0,1,0,1,0,"equal"
"750809-4649103",0,1,1,1,1,1,0,1,1,1,"equal"
"720305-4152016",0,1,0,1,0,0,1,0,0,1,"equal"
"840115-3596828",0,1,1,1,1,1,0,1,0,0,"equal"
"890517-3145681",1,0,0,1,0,0,1,0,0,0,"equal"
"650722-4024831",0,0,1,1,0,1,1,1,1,1,"equal"
"861223-2881844",1,1,1,1,0,0,0,1,0,1,"equal"
"670920-3137072",0,0,0,1,0,1,1,0,0,1,"equal"
"860321-4799722",1,1,1,1,0,1,0,1,0,0,"equal"
"540923-4300465",1,0,1,1,0,0,1,0,1,1,"equal"
"551003-3224891",0,0,0,1,1,0,0,1,1,0,"equal"
"540214-1106444",1,0,0,1,0,1,0,1,1,0,"equal"
"750516-4720784",1,1,1,0,0,0,1,1,0,0,"equal"
"680612-1655168",1,1,0,0,0,1,1,0,1,1,"equal"
"620110-3409345",0,0,1,0,0,1,0,0,0,1,"equal"
"810904-1990474",1,1,0,0,0,1,1,1,0,0,"equal"
"800103-3453605",1,1,0,1,1,0,1,1,1,1,"equal"
"671222-2494632",1,1,0,0,0,1,1,0,0,0,"equal"
"770620-3795812",1,1,1,0,0,1,1,1,0,1,"equal"
"920927-1599499",1,1,0,1,0,0,1,1,1,1,"equal"
"600512-1548709",1,1,1,1,0,1,0,0,0,1,"equal"
"580417-3260906",1,0,1,1,0,1,1,0,0,1,"equal"
"710924-2891484",1,1,1,0,1,1,1,1,0,1,"equal"
"740911-4487590",0,1,0,1,0,0,1,1,1,1,"equal"
"510203-1889063",0,0,1,1,1,0,1,1,1,1,"equal"
"830418-1866201",0,1,1,0,1,1,0,1,1,1,"equal"
"890204-3458842",1,0,0,1,1,1,1,1,0,0,"equal"
"580125-2396521",1,1,1,0,1,0,1,1,1,0,"equal"
"741013-4150305",0,1,0,0,0,0,1,1,1,0,"equal"
"800521-2481680",0,1,1,1,1,1,1,0,0,1,"equal"
"680313-1047435",0,0,0,0,0,0,1,1,1,1,"equal"
"831126-3416864",1,0,0,0,0,0,1,0,1,0,"equal"
"911028-3452564",0,0,0,0,0,1,1,0,0,0,"equal"
"861022-1391011",0,1,1,0,1,0,0,1,1,1,"equal"
"770714-3475952",0,1,0,0,1,1,0,1,0,0,"equal"
"750418-4210427",1,1,0,1,0,0,1,1,1,1,"equal"
"730709-3588240",1,0,1,0,0,1,1,1,0,1,"equal"
"500328-2811749",1,0,1,0,0,0,0,1,1,0,"equal"
"610219-3278327",1,1,1,1,1,1,0,1,1,1,"equal"
"861102-1566759",1,1,1,0,0,1,0,0,0,1,"equal"
"541123-4934018",0,0,1,1,1,1,1,0,1,0,"equal"
"720718-4438495",0,0,0,0,1,0,0,1,1,1,"equal"
"521205-1960039",0,1,1,0,1,0,1,1,0,0,"equal"
"740718-1940906",0,1,0,0,1,1,0,1,0,0,"equal"
"941005-4573740",1,1,0,1,0,0,1,1,1,0,"equal"
"730209-2281274",0,1,0,1,0,1,0,0,0,0,"equal"
"680517-2612813",1,1,1,0,1,1,0,1,1,1,"equal"
"760617-4619098",1,1,0,1,1,1,0,0,1,0,"equal"
"710209-3007808",1,1,0,0,0,0,0,1,0,1,"equal"
"751005-4890629",0,1,1,0,1,1,1,1,0,0,"equal"
"930820-3155339",0,0,1,0,0,1,1,1,0,0,"equal"
"860320-2285580",1,1,0,1,1,1,1,1,1,1,"equal"
"980306-2855537",1,0,1,1,1,1,1,0,1,1,"equal"
"800417-3527482",1,0,0,1,1,1,0,0,0,1,"equal"
"871026-3061514",0,0,0,1,0,1,1,0,0,1,"equal"
"561010-3946356",0,0,0,0,0,0,1,0,0,0,"equal"
"741226-4578680",0,1,1,1,1,1,0,1,0,0,"equal"
"970602-3909661",0,0,0,1,1,0,1,0,1,1,"equal"
"881106-2741803",0,0,0,0,0,1,1,1,0,1,"equal"
"800325-1238134",0,1,1,0,1,0,0,0,1,1,"equal"
"811003-4250754",0,0,1,1,1,0,0,1,1,1,"equal"
"800326-4908595",1,0,1,0,1,1,0,0,0,0,"equal"
"990526-2881152",1,1,0,1,0,1,1,1,0,0,"equal"
"621119-4363067",1,0,0,1,0,0,1,0,0,1,"equal"
"511114-4793055",0,0,0,1,0,0,0,0,1,0,"equal"
"680518-4714881",1,1,1,0,1,1,1,0,0,0,"equal"
"921204-3536794",0,0,1,1,0,1,1,1,1,0,"equal"
"760825-1887901",1,0,0,0,0,0,1,0,0,1,"equal"
"600525-2664961",0,1,0,1,1,1,1,0,1,0,"equal"
"810704-4119705",1,0,0,0,1,1,0,0,1,1,"equal"
"560424-2897383",1,0,0,0,1,1,1,1,1,1,"equal"
"951022-3346719",0,1,0,0,1,0,0,1,1,1,"equal"
"800110-4326636",1,0,1,1,1,1,1,0,0,1,"equal"
"740516-2231917",1,1,0,0,0,1,0,0,1,1,"equal"
"771202-3922596",1,1,1,1,1,0,0,0,0,0,"equal"
"981120-4249013",1,0,1,1,0,1,1,1,1,1,"equal"
"970619-3535226",0,0,1,1,1,0,1,0,0,0,"equal"
"660424-3031281",1,0,0,1,0,1,0,0,0,1,"equal"
"790518-4415574",0,0,0,1,1,0,1,1,0,0,"equal"
"880408-2443558",0,0,0,0,1,1,0,0,0,1,"equal"
"770619-1029558",1,0,1,0,1,1,0,0,1,1,"equal"
"500801-2073698",0,0,0,0,0,1,0,1,1,1,"equal"
"700227-3105408",1,1,1,1,0,1,0,0,0,1,"equal"
"830328-2276009",0,0,1,0,1,1,1,0,0,1,"equal"
"571228-1589926",1,1,1,0,1,1,1,1,0,0,"equal"
"641025-1914003",1,0,0,0,1,0,0,0,1,1,"equal"
"550916-4050534",1,0,1,1,0,1,1,0,1,1,"equal"
"610323-1358801",0,1,1,1,1,0,0,0,0,1,"equal"
"720627-2952318",1,1,1,1,1,0,1,1,1,0,"equal"
"740917-1306654",0,0,1,1,0,0,1,1,1,0,"equal"
"500517-3903568",0,1,0,1,0,0,0,1,1,1,"equal"
"681008-4116803",1,1,0,1,1,0,0,1,0,1,"equal"
"600815-1812155",1,1,0,1,0,1,1,1,1,1,"equal"
"871109-1041423",1,1,0,0,1,0,0,0,0,1,"equal"
"740118-4882452",1,0,1,0,0,1,1,1,1,0,"equal"
"770312-2222457",1,0,1,0,1,0,1,1,1,1,"equal"
"541216-1715346",0,0,0,0,0,0,0,0,0,1,"equal"
"680123-2144603",1,1,1,0,0,0,0,0,1,0,"equal"
"841203-4177272",1,0,1,1,0,0,1,0,0,0,"equal"
"920112-4210590",1,1,0,0,0,1,0,0,1,0,"equal"
"610604-2429821",1,0,1,0,1,1,0,0,0,1,"equal"
"660616-4022278",0,0,0,0,1,0,0,1,0,1,"equal"
"541205-4392676",1,1,1,1,0,1,1,0,1,0,"equal"
"750501-1311531",1,1,1,1,0,0,1,0,0,0,"equal"
"780303-2000905",1,0,1,0,1,0,1,0,1,1,"equal"
"620318-1493725",0,0,0,0,0,1,1,0,1,1,"equal"
"580311-1219740",0,0,0,0,0,0,0,0,1,0,"equal"
"950305-1382695",1,0,0,1,0,0,1,0,1,1,"equal"
"770622-1388565",0,0,0,0,0,0,1,1,1,0,"equal"
"700618-3290800",1,1,1,0,1,1,1,0,1,1,"equal"
"620913-3814326",0,0,0,1,0,1,1,1,1,0,"equal"
"500110-3078530",1,1,0,0,0,0,0,1,1,0,"equal"
"890306-4296588",0,1,0,0,1,0,1,0,0,1,"equal"
"920324-2893185",1,0,0,0,1,1,0,0,0,1,"equal"
"730121-3233467",1,0,1,0,0,1,1,1,0,0,"equal"
"970915-2147312",0,1,1,0,0,1,1,1,1,1,"equal"
"810816-2304821",1,0,0,0,0,0,1,0,1,0,"equal"
"550807-1675095",1,1,0,1,1,1,0,0,0,1,"equal"
"741210-4933760",1,0,0,0,1,0,0,1,0,1,"equal"
"690713-2624979",0,1,0,1,1,0,0,0,1,1,"equal"
"530920-3606627",0,1,0,1,1,1,0,0,1,0,"equal"
"991202-4776304",0,1,1,1,1,1,0,1,0,1,"equal"
"630523-2882920",0,1,0,0,0,0,0,0,1,1,"equal"
"950223-1606068",0,1,0,1,0,1,1,1,1,0,"equal"
"770707-2917754",0,0,0,0,0,0,0,0,0,1,"equal"
"690724-2961778",1,0,1,1,1,0,1,0,0,1,"equal"
"850209-3644713",0,0,0,0,1,0,0,0,0,1,"equal"
"660309-2308149",0,1,0,0,1,0,1,0,1,0,"equal"
"920411-3271544",0,1,0,0,0,1,0,0,0,1,"equal"
"961008-3747381",0,1,1,1,0,1,1,1,1,1,"equal"
"980215-1951038",0,1,1,1,1,0,1,1,0,0,"equal"
"820227-3655706",0,1,0,0,0,0,0,1,1,0,"equal"
"510615-3307470",0,0,0,0,0,1,1,0,1,0,"equal"
"810725-3651224",1,1,0,1,0,1,1,1,1,0,"equal"
"600613-4624073",0,1,1,1,1,1,1,1,0,1,"equal"
"611112-3257304",1,1,1,0,0,1,1,1,0,0,"equal"
"560219-2854133",0,0,0,1,0,0,1,1,1,0,"equal"
"830601-4670124",0,0,1,0,1,0,0,1,1,0,"equal"
"890324-3696529",0,0,0,0,0,0,0,0,1,0,"equal"
"680608-1732778",1,1,0,1,1,0,1,0,0,1,"equal"
"581217-4197685",0,1,1,0,0,1,1,1,1,0,"equal"
"880928-3834446",0,1,1,1,1,1,1,0,0,0,"equal"
"511105-3163561",0,0,0,0,0,0,1,1,0,0,"equal"
"950522-1148909",1,0,1,1,1,1,1,1,0,0,"equal"
"640118-2478012",1,0,1,0,0,1,1,0,1,0,"equal"
"900108-4432678",0,0,0,0,0,1,0,1,0,1,"equal"
"600413-4974143",1,0,0,0,1,0,0,0,1,1,"equal"
"861004-1477727",0,1,0,0,0,0,1,1,0,1,"equal"
"951125-4384266",1,0,1,1,0,0,1,1,0,1,"equal"
"950103-1744738",1,0,0,0,0,1,0,1,1,0,"equal"
"780512-1045835",0,0,1,0,0,0,1,0,0,0,"equal"
"500228-1065153",1,1,1,0,1,1,0,1,1,0,"equal"
"970224-2824271",0,1,0,1,0,0,0,1,0,1,"equal"
"520121-3816698",0,1,1,0,1,0,1,1,0,0,"equal"
"600801-4213907",0,1,1,0,1,0,0,0,1,0,"equal"
"640519-1261314",0,0,1,1,0,1,0,0,1,1,"equal"
"510402-2138595",1,1,0,1,1,1,0,1,0,1,"equal"
"510503-1914142",0,1,0,1,1,0,1,1,1,1,"equal"
"960426-4775331",0,0,1,1,1,0,1,0,0,0,"equal"
"800223-3120776",1,1,0,0,1,0,1,1,1,1,"equal"
"831103-4446214",0,1,1,0,1,0,0,1,1,1,"equal"
"680603-2132319",1,1,1,0,1,0,1,1,1,0,"equal"
"590502-4124062",0,0,1,1,0,0,1,0,0,0,"equal"
"710918-3935491",1,1,1,1,1,0,0,0,0,0,"equal"
"691107-2177671",0,0,0,1,1,1,0,1,1,1,"equal"
"751122-3151758",1,1,1,1,1,0,0,1,1,1,"equal"
"640121-4961578",0,0,1,1,0,0,1,1,1,1,"equal"
"861127-3054206",0,1,0,0,0,1,1,0,0,0,"equal"
"600413-4157129",0,0,1,1,0,1,0,0,1,1,"equal"
"560313-2238651",0,0,0,0,0,1,1,1,0,0,"equal"
"750321-2000535",0,0,0,0,0,1,0,1,1,0,"equal"
"711108-2600714",1,0,0,0,0,0,0,1,1,0,"equal"
"850811-2970399",0,0,1,1,0,0,0,0,0,0,"equal"
"531202-1119177",1,1,1,0,1,0,0,1,1,0,"equal"
"521118-1886557",0,0,1,0,0,1,0,0,0,1,"equal"
"690415-1156255",0,1,0,1,1,0,0,0,1,1,"equal"
"840805-4930363",1,0,1,1,1,0,1,1,1,1,"equal"
"850528-2305380",0,0,0,0,1,0,1,1,0,1,"equal"
"570716-3445857",0,1,1,1,1,0,0,1,1,0,"equal"
"520802-2973858",0,1,1,0,1,0,0,1,1,1,"equal"
"870410-1798412",1,1,1,1,0,0,0,1,0,0,"equal"
"910607-1983197",1,0,0,0,0,0,0,0,0,1,"equal"
"680415-3378505",0,1,0,0,0,1,1,1,0,1,"equal"
"840611-1397965",0,0,0,0,1,0,0,1,0,0,"equal"
"750901-2690105",0,1,0,1,0,0,1,1,1,1,"equal"
"830907-3431678",1,0,0,0,1,1,0,0,1,1,"equal"
"870105-3516521",1,0,0,0,0,1,1,1,0,0,"equal"
"630804-4668446",1,1,0,1,0,0,0,1,0,1,"equal"
"510828-3438633",0,1,1,1,0,1,1,0,1,1,"equal"
"570325-3699427",0,1,0,1,1,1,0,1,1,1,"equal"
"600125-4022368",0,0,1,0,0,1,1,0,1,0,"equal"
"510306-1422746",0,1,1,0,0,0,1,0,0,0,"equal"
"661024-4743304",1,0,1,0,0,0,0,0,1,1,"equal"
"521217-4935670",1,1,1,1,0,1,1,1,0,0,"equal"
"860910-3405220",1,1,1,0,0,1,0,0,0,1,"equal"
"540925-1385440",0,1,0,0,0,1,0,1,1,1,"equal"
"790205-4374230",1,1,1,0,1,1,1,1,0,1,"equal"
"600120-4388035",1,1,1,1,1,0,0,1,1,1,"equal"
"870722-3723313",1,1,0,0,0,1,0,0,1,0,"equal"
"660424-1484763",1,1,0,1,0,1,1,0,1,0,"equal"
"700422-1034122",1,0,1,1,1,0,1,1,1,1,"equal"
"920207-4349203",1,1,1,0,0,0,1,0,1,0,"equal"
"570906-4607197",1,1,1,0,0,0,1,0,0,0,"equal"
"920610-4441723",0,1,0,0,0,0,1,1,0,0,"equal"
"611019-3891538",1,0,1,1,0,0,0,0,0,0,"equal"
"710713-2986233",0,0,1,0,1,0,1,0,0,0,"equal"
"891004-2597083",1,1,0,0,0,1,1,1,1,1,"equal"
"800315-3345050",0,0,1,1,0,1,1,0,1,0,"equal"
"770420-3735850",1,0,0,0,1,0,0,0,0,1,"equal"
"580113-2128454",1,0,1,1,0,0,0,0,1,1,"equal"
"601219-3174751",0,0,1,1,1,1,0,1,0,0,"equal"
"721126-2565839",1,1,0,1,0,0,1,0,1,0,"equal"
"730607-2451389",0,1,1,0,0,1,1,0,1,1,"equal"
"630804-4611581",0,1,1,1,1,1,0,1,0,1,"equal"
"910613-3391833",0,0,1,0,1,0,1,0,1,1,"equal"
"920813-1163097",0,1,1,0,1,1,0,1,0,0,"equal"
"660207-3055978",0,1,1,1,1,0,1,0,1,1,"equal"
"550814-1083774",1,0,0,1,1,1,1,1,0,0,"equal"
"920911-4118585",0,1,0,1,1,1,0,0,1,1,"equal"
"650128-4558665",0,0,0,0,1,0,1,1,0,1,"equal"
"570209-2269658",1,1,1,1,0,0,0,0,1,1,"equal"
"860108-2418788",1,0,0,0,0,1,0,0,1,1,"equal"
"511226-3915422",0,1,1,0,1,1,1,1,1,1,"equal"
"710425-2195206",1,1,1,0,1,0,1,0,0,0,"equal"
"920702-1685658",1,0,1,0,1,1,0,0,0,0,"equal"
"790206-1878906",1,0,1,0,1,1,0,0,0,1,"equal"
"511010-3673317",1,0,1,1,1,1,0,0,1,1,"equal"
"560620-1192917",1,0,1,1,0,0,1,1,0,0,"equal"
"831104-2918628",0,0,1,0,0,1,1,1,0,0,"equal"
"711108-1403804",1,0,1,1,0,0,1,0,1,1,"equal"
"610416-3027473",1,0,0,1,1,1,1,1,1,0,"equal"
"980323-2042592",0,1,0,0,0,1,1,0,1,0,"equal"
"601008-2081387",0,1,1,0,1,0,0,0,0,0,"equal"
"700511-4721839",0,0,0,1,1,0,1,1,0,0,"equal"
"731121-1840961",1,0,0,1,0,1,1,1,1,0,"equal"
"930305-1707336",0,1,0,1,1,1,0,1,1,1,"equal"
"870407-2120243",1,0,1,0,1,1,1,0,0,0,"equal"
"821019-1998785",0,1,0,0,0,0,1,0,1,0,"equal"
"560916-3744679",0,1,0,1,1,0,1,0,1,0,"equal"
"890522-3479428",0,1,0,0,0,0,0,0,1,0,"equal"
"751128-2056956",1,0,0,1,0,0,0,0,0,0,"equal"
"540707-2000800",0,0,1,0,1,1,0,0,1,1,"equal"
"981208-4248400",1,0,1,0,0,1,1,0,1,0,"equal"
"920525-2778887",1,0,0,0,0,0,1,0,1,0,"equal"
"600905-4742646",1,1,0,0,1,1,0,1,1,1,"equal"
"590612-1684669",0,0,1,0,0,0,1,0,1,1,"equal"
"980301-4521158",0,1,1,0,0,1,1,0,1,0,"equal"
"650213-2012547",0,1,0,0,1,0,1,1,1,0,"equal"
"871020-2877339",0,0,1,0,1,1,0,1,1,1,"equal"
"701003-3287290",1,0,1,0,1,0,0,0,0,0,"equal"
"610725-4122142",0,0,0,1,1,1,1,1,0,0,"equal"
"671126-3911807",0,1,0,0,0,1,1,1,0,0,"equal"
"731007-2688159",0,0,1,1,0,1,0,1,0,1,"equal"
"700507-4623733",1,0,1,1,0,0,1,1,0,1,"equal"
"770407-2289040",1,0,1,0,0,0,1,0,0,0,"equal"
"690309-3626106",1,0,1,1,0,0,0,1,0,0,"equal"
"921019-2386085",0,0,0,1,1,0,0,1,0,0,"equal"
"610202-1839833",0,0,1,0,1,0,0,0,1,0,"equal"
"900503-1715765",1,1,1,1,0,0,1,0,1,0,"equal"
"820203-2137118",0,1,0,1,1,1,1,0,0,0,"equal"
"920910-4850755",1,0,1,1,0,1,0,1,1,0,"equal"
"610102-1724351",1,0,1,0,1,1,0,1,0,0,"equal"
"951016-3991866",1,1,1,0,0,1,0,1,0,1,"equal"
"640926-4011463",1,1,0,1,1,0,1,0,1,0,"equal"
"890428-4171143",0,0,1,1,0,1,1,0,0,1,"equal"
"871122-4215908",0,1,1,1,0,0,1,0,1,0,"equal"
"710515-1468462",1,1,0,0,0,1,0,0,1,0,"equal"
"960602-4824635",0,0,1,0,1,0,0,0,0,0,"equal"
"561017-4612637",1,0,1,0,0,1,1,0,1,0,"equal"
"671203-2700487",0,1,1,0,1,1,0,1,0,1,"equal"
"860823-4952761",0,0,1,0,0,0,0,0,0,1,"equal"
"860918-1351817",0,0,0,1,0,1,1,0,0,1,"equal"
"621127-1284036",1,0,0,0,1,1,1,0,0,0,"equal"
"861108-2892152",1,0,0,0,0,0,1,0,0,1,"equal"
"521022-1458605",1,0,0,0,0,0,0,0,0,1,"equal"
"620719-1275105",1,0,0,1,1,1,1,0,0,0,"equal"
"780117-4723069",1,1,0,1,1,0,1,1,1,1,"equal"
"830111-2247340",0,0,1,1,0,0,1,0,1,0,"equal"
"750926-1908488",1,1,0,0,0,0,0,1,1,0,"equal"
"640628-4347525",0,0,1,0,0,1,1,1,1,1,"equal"
"820910-2342060",1,1,0,0,1,0,0,1,1,1,"equal"
"850207-3270030",1,1,1,0,1,1,0,0,1,0,"equal"
"631114-1305734",0,0,0,0,0,1,1,0,1,0,"equal"
"730810-2937694",0,0,0,0,1,0,1,1,0,0,"equal"
"590610-4875467",1,1,0,1,1,1,1,1,0,0,"equal"
"650510-2889655",0,1,1,1,0,0,1,0,0,1,"equal"
"620118-1935658",1,1,1,0,1,1,1,1,0,1,"equal"
"860418-3288975",1,0,1,0,1,0,0,0,1,1,"equal"
"560703-3500369",1,0,1,1,1,1,1,0,1,1,"equal"
"500104-1505363",0,1,1,1,0,0,1,0,1,0,"equal"
"631121-4435458",1,1,0,1,0,1,0,1,1,1,"equal"
"940922-1245752",0,0,1,0,0,0,1,0,1,1,"equal"
"951125-2022979",1,0,0,0,1,1,0,0,0,1,"equal"
"820104-2588017",0,0,1,0,0,1,1,1,0,0,"equal"
"690227-4568517",0,1,0,1,1,1,0,0,0,1,"equal"
"830727-2647290",0,1,0,0,1,0,1,1,0,0,"equal"
"890118-4735198",1,1,1,0,1,1,0,0,1,1,"equal"
"660627-1967137",1,1,1,0,0,1,1,0,1,1,"equal"
"890724-4323976",0,1,1,0,1,0,1,0,1,1,"equal"
"510927-3384656",1,0,0,1,0,1,0,1,1,1,"equal"
"630112-4990525",1,1,0,0,1,1,1,0,0,1,"equal"
"660720-2452812",1,0,0,1,1,0,1,1,1,1,"equal"
"850314-1655209",0,0,0,1,0,1,1,1,0,0,"equal"
"670302-4392994",0,1,1,0,1,1,0,1,1,0,"equal"
"921011-4098796",1,0,0,1,1,0,1,1,1,0,"equal"
"561019-4378705",0,1,0,1,1,0,1,1,1,1,"equal"
"550112-3525320",0,0,0,0,0,0,0,1,0,0,"equal"
"720417-4152643",0,1,0,1,1,1,1,0,0,0,"equal"
"840324-4611997",0,0,1,0,1,1,0,0,0,1,"equal"
"801106-1362956",0,0,1,0,0,0,0,0,1,1,"equal"
"840208-2707535",0,0,1,1,0,0,1,0,1,0,"equal"
"751226-4793746",0,0,1,1,0,0,1,0,0,1,"equal"
"640928-3464884",1,1,0,0,0,0,1,0,1,0,"equal"
"540702-1626169",1,1,1,0,0,1,1,0,0,1,"equal"
"650716-4939321",1,1,1,1,0,1,0,1,0,0,"equal"
"550716-2090638",1,1,0,1,0,0,1,0,1,1,"equal"
"911018-2438594",0,0,1,1,0,1,1,1,0,0,"equal"
"600428-1040661",0,0,0,0,0,0,1,1,1,0,"equal"
"880705-2254983",0,1,0,1,1,0,1,1,0,1,"equal"
"930510-2380552",0,1,0,1,1,0,1,1,0,0,"equal"
"870311-3594367",1,0,0,1,0,1,0,0,0,1,"equal"
"761126-2813345",1,0,0,1,0,1,1,1,0,1,"equal"
"891213-4068519",1,0,0,0,1,0,1,1,0,1,"equal"
"890916-2640258",0,1,1,0,0,0,0,0,0,1,"equal"
"770104-4134911",0,0,1,0,1,0,0,0,0,0,"equal"
"660102-4868576",1,1,0,1,1,0,0,0,0,0,"equal"
"841116-3640610",0,1,1,0,1,0,0,1,1,1,"equal"
"520308-1196486",0,0,0,1,1,1,0,1,0,0,"equal"
"601220-1140415",0,0,1,1,0,1,0,1,0,0,"equal"
"980304-4957681",0,1,0,0,0,1,0,1,0,1,"equal"
"810728-1203314",0,0,0,1,0,1,0,0,0,1,"equal"
"620607-3820286",1,1,1,0,0,1,0,0,0,0,"equal"
"600723-3804689",0,0,0,1,1,1,0,1,0,1,"equal"
"810121-4346869",1,0,0,1,0,0,1,1,0,1,"equal"
"640308-3382320",1,0,1,0,1,0,1,0,1,1,"equal"
"771028-4791856",0,0,0,0,1,0,1,0,1,0,"equal"
"861024-3299759",0,1,0,1,0,1,1,0,1,0,"equal"
"520225-2602671",0,1,1,0,0,1,0,1,1,1,"equal"
"951217-1813770",0,0,1,1,1,1,1,1,1,0,"equal"
"660307-4262049",1,1,0,1,1,1,1,0,0,0,"equal"
"940605-2396477",1,1,1,1,1,1,0,1,1,0,"equal"
"650116-1431035",1,0,1,0,1,1,1,1,0,0,"equal"
"771216-3119361",0,1,0,0,0,0,1,0,0,0,"equal"
"820613-4246288",0,0,0,1,1,1,0,1,0,1,"equal"
"610609-2843220",1,0,1,1,0,1,0,1,1,0,"equal"
"641011-2868061",0,1,0,0,1,1,0,0,0,0,"equal"
"771211-4509491",1,0,1,0,0,1,1,1,1,1,"equal"
"670807-1720697",0,1,1,0,1,1,1,1,0,0,"equal"
"790315-1418012",0,0,0,1,0,0,0,1,0,1,"equal"
"970210-2115144",1,1,1,0,0,0,0,0,0,1,"equal"
"850828-4285405",1,1,0,1,1,0,0,1,0,1,"equal"
"810118-1931991",1,0,1,1,0,0,1,1,1,0,"equal"
"830311-4791874",1,1,1,1,1,1,0,0,0,0,"equal"
"920503-3006372",1,0,0,0,1,1,0,0,0,1,"equal"
"890804-2831878",0,0,0,0,0,0,1,1,1,1,"equal"
"720212-4509525",1,1,0,1,0,0,1,1,1,1,"equal"
"671122-3461436",1,1,0,1,1,1,1,1,1,0,"equal"
"690209-3962564",0,0,1,1,0,0,1,1,0,0,"equal"
"521108-2480392",0,0,1,1,0,0,0,0,0,0,"equal"
"520415-2594741",0,0,1,0,0,0,1,1,0,1,"equal"
"890622-1965199",1,0,0,1,0,1,1,0,0,0,"equal"
"730812-1291643",1,1,0,0,0,1,0,1,1,0,"equal"
"560102-4667466",0,1,1,1,0,0,1,0,0,1,"equal"
"900222-4483633",1,0,1,1,0,1,1,1,0,1,"equal"
"760620-2080229",0,0,1,0,1,1,0,1,0,1,"equal"
"651120-4458519",1,1,1,0,0,1,0,0,1,0,"equal"
"811125-2914548",1,0,0,1,1,0,0,0,1,0,"equal"
"591205-4797892",0,0,1,1,1,1,0,0,1,0,"equal"
"580720-1271850",1,0,0,1,0,0,1,1,0,1,"equal"
"900907-3708114",1,1,1,0,1,0,0,0,1,0,"equal"
"831020-3545894",1,0,1,1,1,1,1,1,1,1,"equal"
"741126-4315427",1,1,0,1,0,1,1,1,0,0,"equal"
"740502-1510982",1,0,1,0,1,0,1,0,1,0,"equal"
"750805-2535158",1,1,0,1,1,1,1,0,0,1,"equal"
"700525-4175925",0,0,1,0,0,0,0,0,1,0,"equal"
"500201-2724281",0,0,0,1,0,1,0,1,0,0,"equal"
"730919-3587566",1,0,1,0,0,0,1,1,1,0,"equal"
"840311-1094052",1,1,1,0,0,0,0,0,1,0,"equal"
"990401-2922815",1,0,0,1,1,0,1,0,1,1,"equal"
"941123-2775691",0,0,1,1,1,0,1,0,0,0,"equal"
"631113-3185642",1,0,0,1,0,0,1,0,1,0,"equal"
"570324-4382981",1,0,1,1,1,0,0,0,1,0,"equal"
"690308-1994032",0,0,0,1,0,0,1,0,0,0,"equal"
"560904-3810795",0,1,1,0,0,1,1,1,1,0,"equal"
"790605-1045831",1,1,1,1,1,0,0,0,0,1,"equal"
"700121-4160619",0,1,0,0,0,1,0,1,0,1,"equal"
"521115-3371536",0,1,1,0,1,0,0,1,1,1,"equal"
"600202-4607334",0,1,0,0,1,1,1,0,0,1,"equal"
"590413-2083697",0,1,1,0,1,0,1,0,1,0,"equal"
"970416-3866989",1,1,0,0,0,0,1,1,1,1,"equal"
"580225-2148155",0,1,1,1,0,0,1,0,1,0,"equal"
"810315-2948579",0,1,1,0,1,0,0,1,0,1,"equal"
"690819-4922335",1,0,1,1,1,1,0,1,0,1,"equal"
"701203-3717265",0,1,0,1,0,0,0,1,0,0,"equal"
"820812-1023957",1,0,1,0,0,1,1,0,0,1,"equal"
"670103-2076404",0,1,0,1,0,1,0,0,0,0,"equal"
"710501-4247003",1,0,1,1,1,1,0,1,0,0,"equal"
"721021-2347871",0,0,0,1,1,1,0,0,0,1,"equal"
"810919-3273949",1,0,0,1,1,0,1,0,0,1,"equal"
"771210-3560733",0,1,0,1,1,0,0,0,1,0,"equal"
"960523-2346737",0,0,0,1,0,1,0,0,1,0,"equal"
"760819-2411668",1,1,1,0,1,0,1,1,0,1,"equal"
"871109-3232507",0,1,0,0,1,0,1,0,1,0,"equal"
"640522-2292627",0,1,1,1,0,0,0,0,1,0,"equal"
"660526-1473730",1,0,1,1,0,0,1,0,0,0,"equal"
"700613-2185489",0,0,0,0,1,1,1,1,0,0,"equal"
"510818-2293332",1,0,1,1,0,0,1,1,0,1,"equal"
"520921-2734952",1,0,0,0,1,0,1,0,0,0,"equal"
"570927-3648241",1,1,0,0,1,0,0,1,0,1,"equal"
"750418-3202111",0,1,0,1,1,0,0,1,0,0,"equal"
"551213-4594788",1,1,1,0,1,1,0,0,0,1,"equal"
"931213-4512965",0,0,1,1,0,0,1,1,1,1,"equal"
"900402-4598617",0,1,0,0,0,0,1,1,0,0,"equal"
"651016-1288464",1,1,1,1,0,0,1,0,0,1,"equal"
"620801-3034090",1,0,1,0,1,1,1,0,1,0,"equal"
"621109-4037360",0,1,1,0,1,0,0,1,1,1,"equal"
"790527-1664941",1,0,0,1,1,1,0,0,1,0,"equal"
"820423-4425648",1,1,1,1,0,0,0,0,1,1,"equal"
"641208-3421492",1,1,1,0,0,1,1,1,1,1,"equal"
"630814-1259115",1,0,0,0,1,0,0,0,1,0,"equal"
"701002-2233862",0,1,1,1,0,0,0,1,0,1,"equal"
"740225-3323785",0,1,0,1,1,1,1,1,1,0,"equal"
"650904-2720677",1,0,1,1,1,0,0,1,0,1,"equal"
"940113-2548199",1,0,1,1,0,0,1,0,0,1,"equal"
"700622-2781899",0,0,0,1,1,1,1,0,1,0,"equal"
"931016-1584378",1,0,0,1,0,0,1,1,1,1,"equal"
"921217-1932127",1,1,1,1,0,1,0,0,0,0,"equal"
"811011-2493637",0,1,0,0,1,0,0,1,0,0,"equal"
"980512-1799710",1,0,1,0,1,0,0,1,1,1,"equal"
"951225-3953681",1,1,0,1,0,1,1,0,0,1,"equal"
"690103-2509065",1,0,0,1,0,0,0,1,1,0,"equal"
"670518-4703068",1,1,0,0,1,1,1,0,1,0,"equal"
"520517-4284025",0,0,1,1,1,1,1,0,0,0,"equal"
"590720-1360383",0,0,0,0,1,1,0,1,0,0,"equal"
"920706-2225078",1,1,0,0,1,0,1,1,1,1,"equal"
"570515-3737819",1,0,1,0,1,1,1,1,1,0,"equal"
"730905-4655598",1,0,1,0,0,0,1,0,0,0,"equal"
"540727-1352265",0,1,1,0,0,1,0,1,0,1,"equal"
"621005-4837619",1,0,0,0,1,0,0,0,1,0,"equal"
"971218-1128466",1,0,1,0,0,0,1,1,1,1,"equal"
"730719-1760167",1,0,0,0,1,1,1,1,0,0,"equal"
"990913-4322442",1,1,0,1,1,0,1,0,1,1,"equal"
"520218-2649240",0,0,1,1,0,1,1,1,1,0,"equal"
"871127-4103940",0,0,1,0,0,1,0,1,0,0,"equal"
"571027-1968670",1,0,1,0,1,0,1,0,1,0,"equal"
"970715-3353111",1,0,0,1,0,0,1,0,0,0,"equal"
"561116-2604632",0,1,1,0,0,0,0,0,0,0,"equal"
"621218-4289735",1,0,0,1,0,1,0,1,1,0,"equal"
"571011-2912368",1,1,1,1,1,0,1,1,0,1,"equal"
"901012-1014281",1,0,1,1,1,1,1,1,1,0,"equal"
"921110-2185571",1,1,1,0,0,0,0,1,0,1,"equal"
"860811-4713662",1,0,1,1,0,0,1,0,0,0,"equal"
"750504-1825589",1,1,0,1,0,0,0,0,0,1,"equal"
"970420-3304016",0,0,1,1,1,0,0,1,0,0,"equal"
"560815-2055325",0,1,0,0,0,1,1,1,1,0,"equal"
"860502-3244492",0,0,1,1,1,0,0,0,1,1,"equal"
"600923-1875433",0,0,1,1,0,1,1,0,0,0,"equal"
"701022-1158701",0,0,0,1,0,1,0,0,0,1,"equal"
"530926-3164159",1,1,1,0,1,1,1,0,0,1,"equal"
"930722-2632100",0,0,0,0,0,0,0,0,0,1,"equal"
"700910-1341418",0,1,1,0,1,0,0,1,1,1,"equal"
"580310-1844456",1,1,1,1,0,0,1,0,1,0,"equal"
"640318-3879722",1,0,0,0,1,1,1,0,0,0,"equal"
"940923-4676798",0,0,1,1,1,0,1,1,1,0,"equal"
"931125-3878522",1,1,1,1,0,0,0,1,0,0,"equal"
"590405-3941979",1,1,1,1,1,0,1,1,1,0,"equal"
"531117-1304004",0,1,1,1,0,0,1,0,1,1,"equal"
"521009-4043087",0,0,0,0,1,1,0,1,0,1,"equal"
"710111-2199624",0,1,1,0,1,1,0,1,0,0,"equal"
"701205-3674033",1,1,1,0,0,1,1,1,1,1,"equal"
"820408-1881763",0,1,1,1,1,0,0,1,0,1,"equal"
"570717-4012708",0,0,0,1,1,0,0,1,0,0,"equal"
"730717-4641559",1,0,0,1,1,0,1,1,1,1,"equal"
"620625-3226272",0,0,1,1,1,1,0,1,1,0,"equal"
"600320-4402540",1,1,1,1,0,1,0,1,1,1,"equal"
"631126-4443589",0,1,0,1,1,1,0,1,0,0,"equal"
"640624-4723535",0,0,1,0,1,0,1,1,1,1,"equal"
"670218-3422487",1,1,1,0,0,0,0,0,1,0,"equal"
"870728-3910300",0,0,1,0,0,0,0,0,1,0,"equal"
"550111-4213476",1,1,1,0,1,1,0,0,1,1,"equal"
"820505-1138089",0,0,1,0,1,0,0,0,1,1,"equal"
"790504-1443891",1,1,0,1,1,0,1,0,1,1,"equal"
"840505-1988127",1,1,0,0,0,1,0,1,1,0,"equal"
"641102-4339048",1,0,1,0,1,0,1,1,1,1,"equal"
"680517-4420411",1,1,0,0,1,0,0,0,1,0,"equal"
"840224-4739393",0,0,1,1,0,1,1,0,1,0,"equal"
"991219-1712245",0,0,1,0,1,1,0,0,1,0,"equal"
"930807-2438154",1,0,0,1,1,1,1,1,0,1,"equal"
"700324-2289601",0,0,1,0,1,0,0,0,0,1,"equal"
"860703-3399023",1,0,0,1,0,0,0,1,0,1,"equal"
"850809-2449524",1,1,1,0,0,1,0,0,1,1,"equal"
"920105-3844264",1,0,1,0,0,0,1,0,0,0,"equal"
"741201-1742532",1,1,0,0,1,0,1,1,0,1,"equal"
"721122-1263619",1,0,0,0,0,1,0,0,1,1,"equal"
"810927-1107656",0,0,1,1,1,0,1,1,0,1,"equal"
"680409-3433322",0,1,1,1,1,1,0,0,1,0,"equal"
"790611-4997255",0,1,1,0,1,0,1,0,0,1,"equal"
"511128-4716795",1,1,1,0,1,1,1,0,0,0,"equal"
"740702-1759378",0,0,0,0,1,0,1,1,0,1,"equal"
"880518-1405882",1,0,0,0,1,1,1,1,0,1,"equal"
"811026-2821801",1,0,1,1,0,1,0,0,1,1,"equal"
"681102-1008076",1,0,0,0,1,1,1,0,1,1,"equal"
"571120-1815006",1,0,1,1,0,1,0,1,0,1,"equal"
"890726-4312504",1,1,0,0,0,0,1,0,0,0,"equal"
"930604-2505635",1,1,1,0,1,1,1,0,1,1,"equal"
"600219-4694026",1,1,1,0,0,0,1,0,0,0,"equal"
"631124-1078022",1,0,1,1,1,0,0,0,0,1,"equal"
"700201-2952854",1,1,1,1,0,1,0,0,1,1,"equal"
"751018-3641015",0,0,1,0,0,0,1,1,0,1,"equal"
"870115-2660074",1,0,0,0,1,1,0,1,0,0,"equal"
"740112-2245895",0,0,1,1,0,1,0,1,1,1,"equal"
"520426-1109423",0,0,1,1,0,0,0,0,0,0,"equal"
"920907-3153526",1,0,1,1,0,1,0,0,1,0,"equal"
"880323-3121498",1,0,0,0,1,1,1,1,0,0,"equal"
"910711-2433574",1,1,1,1,0,1,0,0,1,0,"equal"
"790326-1730323",1,1,0,1,0,0,1,0,0,0,"equal"
"560117-2298861",0,1,0,1,0,1,1,0,1,0,"equal"
"760127-2846556",0,0,0,0,1,0,0,0,0,0,"equal"
"570406-4899234",1,1,0,1,0,0,0,1,0,0,"equal"
"640624-3002751",0,1,0,1,0,1,1,0,1,1,"equal"
"830320-4369062",1,1,1,1,1,0,1,1,1,1,"equal"
"700926-4275563",1,1,1,0,1,0,1,0,1,1,"equal"
"940415-4759400",0,0,0,1,1,1,1,1,0,0,"equal"
"601010-4970110",0,1,1,1,1,0,0,0,1,0,"equal"
"530521-2409102",0,1,1,0,0,0,1,1,0,0,"equal"
"550628-1610875",1,1,1,0,1,1,1,1,1,1,"equal"
"980906-1486120",1,0,0,0,1,0,0,1,1,0,"equal"
"950307-1429222",1,1,0,0,0,1,1,0,1,1,"equal"
"620214-1789444",1,0,0,1,1,0,0,0,0,1,"equal"
"990813-2551190",1,0,0,1,1,1,0,1,0,1,"equal"
"840104-3578835",1,1,1,1,1,0,1,0,0,1,"equal"
"680803-4766512",1,1,0,0,0,1,1,0,0,0,"equal"
"710703-1183057",1,1,0,0,0,0,1,1,0,0,"equal"
"630319-3205605",0,1,0,1,1,1,0,1,1,0,"equal"
"810926-2621977",0,0,0,0,0,0,0,0,1,1,"equal"
"901022-4346367",1,1,0,1,0,0,0,1,0,0,"equal"
"940505-4059737",0,1,1,0,0,0,1,0,1,0,"equal"
"540121-2348193",1,0,0,0,1,1,0,1,1,0,"equal"
"960610-3995752",0,1,1,1,1,0,1,0,0,1,"equal"
"930710-2501615",1,1,0,0,0,1,0,0,0,0,"equal"
"501026-2500502",1,0,0,1,1,0,0,1,1,0,"equal"
"870912-4694980",0,1,1,0,1,0,0,0,1,1,"equal"
"580415-2510134",1,0,0,1,1,1,1,1,0,1,"equal"
"560112-2796497",1,1,1,1,1,1,1,0,1,1,"equal"
"660512-2185758",1,1,0,1,1,1,1,1,1,0,"equal"
"840206-4422684",1,0,0,1,1,1,1,1,0,1,"equal"
"510117-2292547",0,1,1,0,0,1,1,1,1,0,"equal"
"620721-1785423",0,1,1,0,0,0,0,1,1,1,"equal"
"930423-4268764",1,1,0,1,1,1,1,0,1,1,"equal"
"810303-3903120",1,1,1,1,1,0,0,1,0,1,"equal"
"770122-2297613",1,1,0,0,0,0,0,1,0,0,"equal"
"640311-2426655",0,1,0,1,1,1,0,0,1,1,"equal"
"710711-1012170",0,1,1,0,1,0,1,1,0,0,"equal"
"571107-1755686",1,1,1,1,0,0,0,0,1,0,"equal"
"900616-3389685",0,1,0,1,1,1,1,0,0,1,"equal"
"821212-2499760",1,1,0,1,1,1,1,1,0,0,"equal"
"790612-4934329",1,1,0,1,1,1,1,0,0,1,"equal"
"520823-4733736",0,1,1,0,1,1,0,0,0,0,"equal"
"800319-1030868",0,1,1,0,0,1,0,0,0,1,"equal"
"801204-2106019",0,0,1,1,0,0,0,0,1,0,"equal"
"750915-4905761",1,0,0,1,0,1,0,0,1,0,"equal"
"840905-4926589",1,1,0,0,1,1,1,0,1,1,"equal"
"711006-3719226",0,0,0,1,0,1,1,1,0,0,"equal"
"630825-4898038",0,0,1,1,0,0,1,0,1,1,"equal"
"510821-3829782",0,0,1,1,1,1,0,0,1,0,"equal"
"941011-1909556",1,0,0,0,1,1,0,0,1,1,"equal"
"990703-2340406",1,0,1,1,1,0,0,1,0,1,"equal"
"501122-3265616",1,1,1,1,1,0,0,0,1,1,"equal"
"951122-4043946",0,0,0,0,1,0,0,1,1,0,"equal"
"870918-2316232",0,1,0,0,0,1,0,0,0,0,"equal"
"880120-1476970",1,1,1,1,1,0,1,0,0,0,"equal"
"680410-3548292",1,0,0,1,1,0,0,1,1,1,"equal"
"731004-4696976",0,1,0,1,1,0,1,1,0,1,"equal"
"980502-2077400",0,1,1,0,0,1,0,0,1,1,"equal"
"710505-4059921",1,1,1,0,0,0,0,0,0,0,"equal"
"600126-2366760",1,1,0,0,0,1,0,0,1,1,"equal"
"900609-1203484",1,1,0,0,0,1,1,1,0,1,"equal"
"510707-1807738",0,1,0,1,1,0,1,1,1,1,"equal"
"820226-1364789",1,1,0,1,0,1,1,1,0,1,"equal"
"760712-2276624",1,0,1,0,1,1,0,0,1,0,"equal"
"680226-3208695",0,1,0,0,1,1,1,1,0,1,"equal"
"850123-3448608",1,1,1,1,1,1,1,1,1,1,"equal"
"970505-3473075",1,0,0,0,0,0,0,0,1,1,"equal"
"540613-1572280",1,0,1,0,1,1,1,0,0,1,"equal"
"841224-2686900",0,0,0,1,1,0,1,0,0,0,"equal"
"980117-4546420",0,0,1,1,1,0,0,1,0,0,"equal"
"560601-2059819",0,1,1,1,1,1,0,0,0,1,"equal"
"920708-4418164",0,0,0,0,0,0,1,1,0,1,"equal"
"850914-1164622",0,1,1,1,0,0,1,1,1,0,"equal"
"660316-2904009",0,1,0,0,1,0,1,0,0,0,"equal"
"800402-3574142",1,1,0,1,1,1,1,1,0,1,"equal"
"771225-2958734",0,0,0,0,1,1,0,1,0,1,"equal"
"581020-3700687",0,0,1,0,1,1,0,1,1,1,"equal"
"730709-2506148",0,1,1,1,0,0,0,0,0,1,"equal"
"560201-4254121",1,1,1,1,1,0,1,0,0,1,"equal"
"540906-2055157",1,1,1,1,0,1,0,1,1,1,"equal"
"710913-3167627",1,0,1,0,0,0,0,0,0,0,"equal"
"871117-2140235",0,0,0,0,1,0,1,1,0,1,"equal"
"660727-3368151",1,0,0,0,1,0,0,1,0,1,"equal"
"910810-2358734",0,0,0,1,1,1,0,1,0,1,"equal"
"750519-3659277",1,0,1,1,1,1,1,1,0,1,"equal"
"690219-1456056",1,0,1,1,1,1,1,0,1,0,"equal"
"590906-3981243",0,0,0,1,1,1,0,0,1,1,"equal"
"620802-3364549",1,0,1,0,0,0,0,0,0,1,"equal"
"550303-1100755",1,1,1,1,1,0,0,0,0,0,"equal"
"960407-2096472",0,0,1,0,1,0,0,1,0,1,"equal"
"680301-2527822",0,1,0,0,1,0,0,0,0,1,"equal"
"531227-2902914",0,1,0,1,0,1,0,1,1,0,"equal"
"500420-3870808",1,1,1,1,0,1,1,1,1,1,"equal"
"630224-2302319",1,1,1,0,0,1,0,1,1,0,"equal"
"740614-4642841",1,1,1,0,0,1,1,1,0,0,"equal"
"950409-2072219",0,0,0,1,1,1,0,0,1,0,"equal"
"971028-3764899",0,0,0,1,0,1,1,1,0,1,"equal"
"550402-1909688",0,0,1,1,1,1,0,0,1,1,"equal"
"950916-1161228",1,0,0,0,0,1,1,1,1,1,"equal"
"740822-4564346",0,1,1,0,0,1,1,0,1,0,"equal"
"531114-1601517",1,0,0,0,0,0,1,0,0,0,"equal"
"930324-4830207",0,1,1,1,0,1,1,1,1,0,"equal"
"571027-4518019",0,0,1,1,1,1,1,0,1,0,"equal"
"930102-4429601",1,1,0,0,0,1,1,0,0,1,"equal"
"510410-1468723",1,1,0,1,1,0,1,0,1,0,"equal"
"570505-1056163",0,0,0,0,0,1,1,0,0,0,"equal"
"970923-1684783",1,1,0,1,0,0,1,0,1,1,"equal"
"860606-4358554",0,0,1,0,0,0,1,1,1,1,"equal"
"510816-4755358",1,0,0,0,1,0,1,1,1,0,"equal"
"950218-2323258",0,1,1,0,0,0,1,0,0,0,"equal"
"760502-3075326",0,1,0,0,1,0,1,0,0,0,"equal"
"721112-4400100",0,1,0,1,1,1,0,0,1,1,"equal"
"620918-4030437",1,1,1,1,0,0,1,1,1,1,"equal"
"650721-4264773",0,0,1,1,1,0,1,0,1,1,"equal"
"990905-4226409",0,1,0,1,1,0,0,1,0,0,"equal"
"910219-3799283",0,0,0,1,1,0,0,0,0,0,"equal"
"930503-3088409",1,1,1,1,1,1,1,0,1,1,"equal"
"971007-3775663",0,1,1,1,1,1,1,0,0,1,"equal"
"790808-1785750",0,0,1,0,1,0,0,0,1,1,"equal"
"960305-4189994",1,0,1,0,1,1,0,1,0,1,"equal"
"860318-4237075",0,0,0,1,0,1,1,1,1,1,"equal"
"910902-3982748",1,1,0,0,1,0,1,1,0,0,"equal"
"780824-1077728",0,0,0,1,0,1,1,1,1,1,"equal"
"770411-3942808",1,0,0,1,0,0,1,0,1,1,"equal"
"820718-4563481",0,0,1,1,1,0,0,1,0,1,"equal"
"701123-4066760",1,1,0,1,0,0,1,0,0,1,"equal"
"800707-1815033",1,1,0,1,0,1,0,0,1,0,"equal"
"730213-1953428",1,1,1,0,0,0,0,1,0,0,"equal"
"930907-1592222",1,1,1,1,0,0,1,0,1,1,"equal"
"530104-2171806",1,0,1,0,1,1,0,0,0,0,"equal"
"970811-4138669",0,1,1,0,1,1,0,0,1,0,"equal"
"720722-1502702",1,1,1,0,0,1,1,0,0,1,"equal"
"510419-4912099",1,0,0,1,1,1,1,1,1,1,"equal"
"631210-2943417",0,1,1,0,0,0,1,1,0,0,"equal"
"700810-4144839",1,0,0,1,1,0,1,1,0,0,"equal"
"820202-2104242",0,0,0,0,1,0,1,0,0,0,"equal"
"591119-1851326",0,1,1,0,1,1,0,1,0,1,"equal"
"590406-3196176",0,1,1,0,0,0,0,1,1,0,"equal"
"530722-2660466",1,1,1,0,1,1,0,0,1,1,"equal"
"860218-1607281",0,0,1,0,0,1,1,1,1,0,"equal"
"800728-1036354",0,1,1,0,0,1,0,0,0,0,"equal"
"690802-2667726",0,1,0,0,1,0,1,0,0,1,"equal"
"861124-2084058",0,1,1,1,0,1,1,0,1,1,"equal"
"750716-4594932",1,0,0,0,1,0,1,0,0,1,"equal"
"761005-4229879",1,1,1,1,1,1,1,1,1,1,"equal"
"580112-2694056",0,0,1,1,0,0,1,0,0,0,"equal"
"840407-2097956",0,1,0,1,1,0,1,0,0,1,"equal"
"880703-4695154",0,1,0,1,1,1,0,0,1,0,"equal"
"830913-3663208",1,0,0,0,0,0,1,0,1,1,"equal"
"720807-3415177",1,0,0,0,0,0,0,0,1,0,"equal"
"720118-4223088",0,1,0,1,1,0,0,1,1,0,"equal"
"780911-3530522",0,0,1,1,0,0,1,1,0,1,"equal"
"630824-2057483",1,1,1,1,0,1,1,1,0,0,"equal"
"780501-3047114",1,1,1,0,0,0,0,1,0,1,"equal"
"870801-3776027",0,1,1,1,1,1,0,1,0,1,"equal"
"651022-4653083",0,0,1,0,0,1,0,1,1,1,"equal"
"890308-4089209",1,0,1,1,0,0,0,1,0,0,"equal"
"690710-1985622",0,1,0,1,1,1,1,0,1,1,"equal"
"730726-3799649",0,1,1,0,0,0,1,0,1,1,"equal"
"980901-1979884",1,0,1,0,1,1,1,0,0,0,"equal"
"640906-1343342",1,0,1,0,1,0,1,1,1,1,"equal"
"660802-2368404",1,0,1,0,0,1,1,1,0,0,"equal"
"790906-1240646",0,1,1,1,1,0,1,1,0,1,"equal"
"830109-3309292",1,0,0,1,1,1,1,1,0,1,"equal"
"530606-2113112",1,1,1,1,0,1,0,0,1,0,"equal"
"870303-3077864",1,1,0,1,0,0,0,1,1,0,"equal"
"560916-3204182",0,0,1,1,0,0,1,1,1,0,"equal"
"680922-3244076",1,0,1,0,1,0,1,0,0,1,"equal"
"770107-4992019",1,1,1,0,0,0,1,0,0,1,"equal"
"920903-4447587",0,0,0,1,0,1,1,1,0,1,"equal"
"690203-3278580",1,1,0,0,1,0,1,0,1,1,"equal"
"760517-2247017",1,1,1,0,0,1,0,0,1,1,"equal"
"990724-4160452",1,0,0,0,1,1,0,1,1,0,"equal"
"950209-3303861",1,1,0,1,0,0,0,0,0,0,"equal"
"920125-3301607",1,1,1,1,0,1,1,1,0,0,"equal"
"500323-1123228",0,0,0,1,0,1,1,1,0,1,"equal"
"780225-3914998",0,1,1,0,0,1,1,1,0,0,"equal"
"810623-1280096",1,1,1,1,1,1,0,0,0,1,"equal"
"970102-1266557",1,1,0,0,0,1,0,1,1,1,"equal"
"640207-3118059",0,1,1,1,1,0,0,1,1,0,"equal"
"590903-2184989",1,0,1,1,0,1,1,1,1,0,"equal"
"980306-2321373",0,1,0,1,0,0,0,0,0,0,"equal"
"930227-3552440",1,0,1,0,0,1,0,1,0,0,"equal"
"531111-3210584",0,0,0,0,0,0,0,1,0,0,"equal"
"610820-3957532",1,0,1,1,1,1,0,1,0,1,"equal"
"800108-1133391",1,1,1,1,0,0,1,0,1,1,"equal"
"500119-1064902",1,0,0,0,0,1,1,0,1,1,"equal"
"820512-1330048",1,1,1,0,0,0,0,0,1,1,"equal"
"670901-3800124",1,1,1,1,1,0,0,1,0,0,"equal"
"650303-1835809",0,0,0,0,1,0,1,1,0,0,"equal"
"750826-3719322",1,1,0,1,1,0,1,0,0,1,"equal"
"731219-2914935",1,1,0,1,0,0,0,0,0,1,"equal"
"651211-2186031",1,1,1,1,1,0,1,0,1,0,"equal"
"960222-4262895",0,1,1,1,1,1,1,0,1,1,"equal"
"931213-3990706",1,0,0,0,1,1,0,1,0,0,"equal"
"830819-3618637",1,0,1,1,1,0,1,0,1,0,"equal"
"660208-1717199",0,0,1,1,1,0,1,1,0,1,"equal"
"810313-4473428",0,1,1,1,1,0,0,1,1,0,"equal"
"760424-3613969",1,1,0,0,1,1,0,1,0,0,"equal"
"780418-3997969",0,1,0,0,0,0,1,1,0,0,"equal"
"860705-1659318",1,0,1,0,1,1,0,0,0,0,"equal"
"680320-2302893",1,0,0,1,0,1,0,1,1,0,"equal"
"690902-3358048",0,1,0,0,1,1,1,0,0,1,"equal"
"500621-4118635",1,1,0,0,1,1,1,1,0,0,"equal"
"580517-2459456",0,0,1,0,1,1,1,1,1,1,"equal"
"761207-2141939",0,0,1,1,1,1,0,0,0,0,"equal"
"510312-3668824",0,0,1,0,1,1,0,1,1,0,"equal"
"661212-3394211",0,0,0,1,0,0,1,1,1,1,"equal"
"850722-4729201",0,0,0,1,1,1,1,0,1,0,"equal"
"560101-2794240",1,1,0,1,0,0,1,0,0,1,"equal"
"700115-3594497",1,1,0,0,0,0,0,1,1,1,"equal"
"920314-2757146",0,1,1,0,0,1,0,1,1,0,"equal"
"850920-2693841",0,0,1,0,0,0,1,1,1,0,"equal"
"820424-2698526",1,0,1,0,1,1,0,1,1,1,"equal"
"930515-2614348",0,1,0,0,0,0,0,1,1,1,"equal"
"871013-1719817",0,0,1,1,1,1,0,1,1,0,"equal"
"930114-2911679",1,1,0,1,1,0,0,1,1,0,"equal"
"630909-3566436",0,0,0,1,0,1,0,0,0,0,"equal"
"720618-2232049",0,1,1,0,1,0,1,1,0,1,"equal"
"871015-4905915",0,1,1,1,0,0,1,0,1,1,"equal"
"820702-2303311",0,1,1,0,1,1,0,0,0,0,"equal"
"540925-1294109",1,1,0,1,0,0,0,0,1,1,"equal"
"880515-2501714",0,0,1,0,0,1,1,1,1,0,"equal"
"850627-3410528",1,0,0,0,0,0,1,1,0,0,"equal"
"941208-1533103",1,1,1,0,1,0,1,1,0,1,"equal"
"531001-1500127",0,1,0,1,0,1,0,1,1,0,"equal"
"641120-3960457",0,0,0,1,1,0,0,1,1,0,"equal"
"660611-1362933",0,0,1,1,1,0,0,0,0,1,"equal"
"980827-4641369",0,1,0,1,1,0,0,0,0,0,"equal"
"971226-3224049",0,0,0,1,0,1,1,1,0,1,"equal"
"720813-4376141",0,0,0,1,0,0,0,0,1,0,"equal"
"580505-2284723",0,1,1,0,1,0,1,0,0,0,"equal"
"960105-4240067",1,1,0,0,1,0,0,1,0,0,"equal"
"880416-1320795",1,0,0,1,1,1,1,1,0,0,"equal"
"980502-3439995",0,0,0,1,1,1,1,0,0,0,"equal"
"610211-2116365",0,1,0,1,0,0,1,0,0,1,"equal"
"870705-2634995",1,0,0,1,1,0,1,1,0,0,"equal"
"810611-1373049",1,0,1,1,1,1,1,0,1,1,"equal"
"611021-2819933",0,1,0,1,0,0,0,0,0,0,"equal"
"840722-2179200",1,0,0,0,0,0,1,1,0,1,"equal"
"650716-3152311",0,1,1,0,0,0,1,0,1,0,"equal"
"520505-1348291",0,0,0,0,0,1,0,1,1,0,"equal"
"750321-4969841",0,1,1,1,1,0,0,1,0,0,"equal"
"630804-2572181",1,1,1,0,1,1,1,1,1,0,"equal"
"670204-4226217",1,1,1,1,0,0,1,1,0,0,"equal"
"720219-3022897",0,0,1,1,1,1,1,0,1,1,"equal"
"660505-2784049",0,1,1,0,0,1,0,0,0,0,"equal"
"850324-2662156",1,1,1,0,0,1,0,1,0,0,"equal"
"931116-4969218",0,1,0,1,1,1,0,1,1,0,"equal"
"980102-2567807",1,1,0,1,0,1,0,1,0,1,"equal"
"780324-3094031",0,0,0,1,1,1,1,0,1,1,"equal"
"530125-4605781",1,1,0,1,0,1,0,0,0,1,"equal"
"700215-4816854",1,1,1,1,1,0,1,0,1,0,"equal"
"770422-1913854",0,1,1,1,1,1,0,0,0,0,"equal"
"691017-1753719",0,0,1,1,0,1,0,0,0,1,"equal"
"731001-4725780",1,0,1,1,0,0,0,0,1,0,"equal"
"780801-1781223",1,0,1,1,1,0,0,1,1,1,"equal"
"740805-2764750",1,0,0,0,0,1,1,0,0,0,"equal"
"701102-1156561",0,1,1,1,1,1,1,1,1,0,"equal"
"660906-1609701",1,1,0,0,0,1,1,1,1,0,"equal"
"640417-4075857",0,1,0,1,0,1,0,1,1,0,"equal"
"511026-2283233",0,0,0,1,0,1,0,0,1,0,"equal"
"970113-3221731",0,1,1,0,1,1,1,1,1,0,"equal"
"700611-3966162",1,0,0,0,1,1,1,1,1,0,"equal"
"810527-4184615",0,0,1,1,1,0,0,1,0,1,"equal"
"940505-2317823",1,1,1,1,0,0,1,1,1,0,"equal"
"870314-1484355",0,1,0,0,0,0,1,1,0,0,"equal"
"890515-3302659",0,1,0,0,1,1,1,0,0,0,"equal"
"710319-1840405",1,1,1,1,1,1,0,1,1,1,"equal"
"580521-2075869",1,1,0,1,0,0,0,1,0,0,"equal"
"670209-1457092",0,0,1,0,1,1,1,0,0,1,"equal"
"530418-1017289",1,1,1,0,1,0,1,0,0,0,"equal"
"521220-2913925",1,0,0,1,0,1,1,0,1,1,"equal"
"890613-3662421",1,0,1,1,1,1,0,0,0,0,"equal"
"931212-1945425",1,0,1,0,0,0,0,0,0,0,"equal"
"740414-3577702",0,1,1,1,0,1,0,1,1,1,"equal"
"791003-1784584",1,0,1,0,0,1,1,1,1,1,"equal"
"990807-3588339",0,1,1,1,1,1,1,0,0,1,"equal"
"830316-1107481",1,0,0,0,1,1,1,1,1,1,"equal"
"730726-4836462",0,1,0,0,0,0,1,0,1,0,"equal"
"670911-4427886",1,1,1,0,0,0,0,0,0,1,"equal"
"610522-4061859",1,0,0,1,0,0,0,1,1,1,"equal"
"910425-2642092",1,1,1,0,0,0,0,0,0,0,"equal"
"930708-4292985",0,1,0,0,0,0,1,0,0,1,"equal"
"720205-3767233",0,0,1,0,0,0,1,1,1,0,"equal"
"610617-3581396",1,1,1,0,1,1,0,0,1,0,"equal"
"710819-4773314",1,0,0,1,1,0,1,1,1,1,"equal"
"530819-2853882",1,0,0,0,1,0,1,0,0,0,"equal"
"510620-3931641",1,1,0,1,0,0,1,0,1,0,"equal"
"961215-1488456",0,1,0,0,1,1,0,0,1,0,"equal"
"880701-1785411",0,1,1,1,1,1,0,0,1,1,"equal"
"901119-1435265",0,0,1,1,1,1,0,1,1,0,"equal"
"700110-1577863",1,1,0,1,1,1,1,0,0,1,"equal"
"760907-3528835",0,1,1,1,1,0,0,1,1,0,"equal"
"961022-2540136",0,1,1,0,1,1,0,0,0,0,"equal"
"760125-1300051",0,0,0,1,1,0,0,0,1,0,"equal"
"870806-2202446",1,1,0,1,1,0,0,1,0,0,"equal"
"810316-4157919",1,1,1,1,1,0,0,0,0,1,"equal"
"611110-4850815",1,0,0,1,0,0,0,1,1,0,"equal"
"760320-2699968",0,1,0,0,0,1,0,0,0,0,"equal"
"610808-4898035",0,1,0,0,0,0,0,0,0,0,"equal"
"990228-1867177",1,1,1,0,0,0,1,1,1,1,"equal"
"740214-2920197",1,0,0,1,1,1,0,1,0,0,"equal"
"770904-2707642",1,1,1,0,0,1,0,0,0,1,"equal"
"780323-3252302",0,1,1,0,1,1,1,1,1,1,"equal"
"540610-1988582",1,0,1,1,1,0,0,1,0,1,"equal"
"580118-4892793",0,0,0,1,0,0,0,0,1,1,"equal"
"830906-1445808",1,1,1,1,1,0,0,0,1,0,"equal"
"751012-4653282",1,0,0,1,0,0,1,0,0,1,"equal"
"750101-1187320",0,0,0,0,1,0,0,0,1,1,"equal"
"650603-2877575",0,1,0,0,1,1,1,0,1,0,"equal"
"940214-2937518",1,0,1,1,0,0,0,0,1,1,"equal"
"600212-2542591",1,0,0,0,1,0,0,0,1,0,"equal"
"750817-4364978",1,0,1,0,0,1,1,1,1,1,"equal"
"591214-1164096",0,0,1,1,0,1,0,1,1,1,"equal"
"610108-3883518",1,0,1,1,1,1,1,0,0,1,"equal"
"900218-1424330",1,0,0,1,0,1,1,1,1,0,"equal"
"870211-2020193",0,1,1,0,0,0,1,1,0,1,"equal"
"970325-4901561",0,1,1,1,1,1,1,0,1,1,"equal"
"860409-4301988",1,1,0,0,0,0,0,0,1,0,"equal"
"530928-2831233",0,0,1,1,0,0,1,1,1,1,"equal"
"930101-1617238",1,0,0,1,0,0,1,0,0,0,"equal"
"650927-2658913",1,1,0,1,1,0,1,0,0,1,"equal"
"920217-3656765",0,0,0,1,1,1,1,0,1,0,"equal"
"810706-2960927",0,1,0,1,0,1,1,0,1,1,"equal"
"540208-3782654",1,1,1,0,0,1,0,1,0,0,"equal"
"700725-3709614",1,1,1,0,1,1,1,0,0,0,"equal"
"950416-1427799",0,1,1,1,0,0,1,1,0,0,"equal"
"610410-2754404",1,0,0,0,1,1,1,0,1,1,"equal"
"591021-2261292",0,1,0,0,1,0,1,1,0,0,"equal"
"980821-3647893",0,1,0,0,0,0,1,0,0,1,"equal"
"640718-1217815",0,1,1,1,0,0,1,1,0,0,"equal"
"790921-1849594",1,1,1,1,1,0,0,1,0,1,"equal"
"760617-3971412",1,0,0,0,1,0,0,1,0,0,"equal"
"620601-1271519",0,1,1,1,1,0,0,1,1,0,"equal"
"551008-4340610",0,1,1,0,0,1,0,0,1,0,"equal"
"940411-2850226",1,0,1,1,1,1,0,1,0,0,"equal"
"921106-4366540",0,1,0,0,1,0,1,0,1,1,"equal"
"780425-2738061",1,0,0,1,0,0,0,0,1,0,"equal"
"800801-2574133",1,1,0,1,1,0,1,0,1,1,"equal"
"551019-4168324",1,0,1,0,1,0,1,1,1,0,"equal"
"510205-1211473",1,0,1,0,1,1,1,0,1,1,"equal"
"731203-2458693",0,1,0,1,1,1,1,1,0,0,"equal"
"710110-4971236",0,0,0,1,1,0,0,1,1,1,"equal"
"710807-3518172",1,1,1,0,1,1,1,1,1,1,"equal"
"830203-3188824",1,0,0,0,0,0,1,0,0,0,"equal"
"991111-4135098",1,1,0,1,1,1,0,1,0,0,"equal"
"670905-2214572",1,0,0,1,0,0,1,1,1,0,"equal"
"811224-4667427",1,1,0,1,0,1,1,1,1,0,"equal"
"890213-2721096",1,1,1,0,1,1,0,0,1,1,"equal"
"510907-1450119",1,1,1,0,0,1,1,1,1,0,"equal"
"530209-2749760",0,0,1,0,0,1,1,1,0,0,"equal"
"800815-4384054",1,1,0,1,0,0,1,0,1,0,"equal"
"690616-3061306",0,1,0,1,1,1,0,0,0,0,"equal"
"750122-4545774",1,1,1,1,0,0,0,1,0,0,"equal"
"880313-4901097",1,0,0,1,0,1,0,1,1,1,"equal"
"901115-3195331",1,0,1,1,1,1,1,0,0,0,"equal"
"960803-4919874",1,1,1,1,1,1,0,0,1,1,"equal"
"740915-1899859",0,0,1,1,1,1,0,0,0,1,"equal"
"541213-3032492",1,0,0,0,0,1,1,0,0,0,"equal"
"990228-4871963",0,1,0,1,1,0,0,1,1,1,"equal"
"901211-4056387",0,0,1,0,0,1,1,0,1,0,"equal"
"830204-1767374",1,0,0,0,0,0,0,1,1,1,"equal"
"840205-2217007",1,1,0,1,0,0,0,1,1,1,"equal"
"570318-3514324",0,1,0,1,0,1,0,0,1,1,"equal"
"801217-1465798",1,0,1,1,1,0,1,0,0,1,"equal"
"710111-2645571",1,1,0,1,1,1,1,1,1,0,"equal"
"710310-1318475",1,1,1,1,1,0,0,1,1,0,"equal"
"910528-4938445",0,1,1,0,1,1,0,1,0,0,"equal"
"820910-3726281",0,1,0,1,1,1,1,0,1,0,"equal"
"521107-3084682",0,1,0,1,0,0,0,0,0,1,"equal"
"520320-4967089",1,0,1,0,0,1,1,1,1,1,"equal"
"820618-2500448",0,0,1,0,1,1,0,0,1,1,"equal"
"570917-3620843",0,1,1,0,0,1,1,0,0,0,"equal"
"690528-1186249",1,1,0,0,1,1,1,1,1,1,"equal"
"640809-4977166",1,0,0,0,1,0,1,0,0,1,"equal"
"660219-2182891",0,1,0,0,1,1,0,0,1,1,"equal"
"890706-3201721",0,0,0,1,1,0,0,0,0,0,"equal"
"740102-4621367",0,1,0,0,0,0,0,0,0,1,"equal"
"510501-4229207",0,1,1,0,1,1,1,1,0,0,"equal"
"770209-3751953",1,1,0,1,0,0,0,0,0,1,"equal"
"780119-1326510",0,0,0,0,1,1,1,0,0,1,"equal"
"620516-2252926",0,1,0,1,0,1,1,0,0,0,"equal"
"730722-1764355",0,1,0,0,1,1,1,0,1,1,"equal"
"730814-3148253",1,0,0,1,1,0,0,1,1,1,"equal"
"811019-1966059",1,1,1,1,0,1,1,0,0,0,"equal"
"860419-4022741",1,1,0,0,0,1,0,0,0,1,"equal"
"851222-4906365",1,0,1,1,1,1,0,0,1,0,"equal"
"750519-2238598",1,1,1,1,0,0,1,1,0,0,"equal"
"781225-3927689",1,0,0,1,0,0,1,1,1,1,"equal"
"900812-3948986",0,0,1,0,1,0,0,1,0,1,"equal"
"850713-2474625",1,0,0,1,0,0,1,0,0,0,"equal"
"720618-4182688",0,1,1,1,1,1,0,0,1,0,"equal"
"790108-4461796",1,0,1,0,1,1,0,1,1,1,"equal"
"670109-4350963",1,0,0,0,1,1,0,1,0,1,"equal"
"880421-2027652",1,1,1,0,0,1,1,0,1,1,"equal"
"501125-2281663",0,1,0,1,0,0,0,0,0,0,"equal"
"690810-3366060",1,0,0,1,1,0,1,0,0,0,"equal"
"511227-1459196",0,1,0,0,1,0,1,0,1,1,"equal"
"540309-4112796",1,0,0,1,0,1,1,0,0,0,"equal"
"710526-1393866",1,0,0,0,0,1,0,0,1,0,"equal"
"730811-2153004",0,1,0,1,0,0,0,1,1,0,"equal"
"561121-3088925",0,1,0,1,1,0,0,1,0,1,"equal"
"500307-2117068",1,1,0,1,0,1,1,1,0,0,"equal"
"901215-3619723",0,1,0,0,1,0,0,0,1,1,"equal"
"931107-2113683",0,1,1,0,0,0,0,0,0,0,"equal"
"600705-2338582",0,1,0,0,1,0,0,1,0,1,"equal"
"750512-1741149",1,1,1,0,1,0,0,0,0,1,"equal"
"501218-2138401",1,0,0,1,0,0,0,0,1,0,"equal"
"810226-2931007",1,1,1,0,1,1,1,1,1,0,"equal"
"960108-2133322",0,1,1,1,1,0,0,0,1,0,"equal"
"780810-3981931",1,0,0,1,0,1,1,1,1,0,"equal"
"821121-2618893",1,1,0,1,1,0,1,0,0,1,"equal"
"850701-1688332",0,1,1,1,1,1,1,1,0,0,"equal"
"630117-4671537",1,1,0,0,0,0,1,1,0,1,"equal"
"890319-4135334",1,1,0,0,1,0,0,1,0,0,"equal"
"610512-1336485",1,1,0,1,0,0,1,1,1,0,"equal"
"630602-1804378",0,0,1,1,0,1,0,0,1,1,"equal"
"791001-1527572",0,0,1,1,1,0,1,0,1,0,"equal"
"980514-2519205",0,0,1,1,0,0,1,1,1,0,"equal"
"931010-2596722",1,1,1,0,0,0,0,1,0,1,"equal"
"760722-2589944",0,1,0,1,1,0,1,1,0,1,"equal"
"620227-1478649",1,0,1,1,0,1,0,0,1,1,"equal"
"801207-1302881",0,0,0,1,0,1,1,1,1,1,"equal"
"850309-2942921",1,1,1,1,1,1,0,1,1,0,"equal"
"540302-2834759",0,0,0,1,0,1,1,1,0,1,"equal"
"770914-3477010",0,1,0,1,1,0,1,0,0,1,"equal"
"690802-2180537",0,1,0,0,0,0,1,0,0,0,"equal"
"950927-1857284",1,0,1,1,1,1,1,1,0,0,"equal"
"890524-1458511",1,0,0,1,1,1,1,0,0,1,"equal"
"570513-3341121",1,0,1,1,1,1,0,0,0,1,"equal"
"521022-1137163",0,0,1,1,0,1,0,0,0,0,"equal"
"970226-2454357",1,1,0,1,1,1,1,1,0,1,"equal"
"780105-2748623",1,0,1,1,0,1,0,0,0,1,"equal"
"870622-3634338",0,1,0,1,0,0,0,1,1,1,"equal"
"970705-3087851",1,1,0,1,0,0,0,1,0,0,"equal"
"930127-1762607",0,1,1,1,0,0,1,0,1,1,"equal"
"580618-2349609",0,1,0,0,0,1,1,1,1,1,"equal"
"910407-1848785",1,1,0,1,0,1,1,1,1,0,"equal"
"511112-4699442",1,0,0,1,0,1,0,1,1,1,"equal"
"981110-1857727",0,1,1,0,0,1,1,1,0,1,"equal"
"521018-4014235",1,1,1,0,1,1,0,0,1,1,"equal"
"920102-4691139",0,0,0,1,1,0,0,0,0,1,"equal"
"940428-2409902",0,1,1,0,0,1,0,1,0,0,"equal"
"610908-3759953",1,1,0,1,0,0,0,0,1,0,"equal"
"770106-2295043",0,0,1,1,1,0,0,1,1,0,"equal"
"880722-3259539",0,1,0,0,0,0,1,0,0,0,"equal"
"680702-3175086",1,1,0,0,0,1,0,1,0,0,"equal"
"820618-3113325",1,1,1,0,0,0,0,0,1,0,"equal"
"601223-4204364",0,0,1,1,0,1,0,1,1,0,"equal"
"700716-3428017",0,1,0,1,1,1,0,1,1,0,"equal"
"621015-3042699",1,1,0,0,1,0,0,0,1,1,"equal"
"620828-4657691",1,0,0,1,1,1,0,0,0,1,"equal"
"520720-3306459",1,1,1,0,1,0,1,0,1,0,"equal"
"650820-4115335",1,1,0,0,0,1,0,0,1,0,"equal"
"811212-4804068",1,0,0,1,1,0,0,0,0,1,"equal"
"690707-3574293",1,1,1,1,1,0,1,0,0,1,"equal"
"720710-3591193",1,0,0,0,1,1,0,0,0,1,"equal"
"741112-2194035",0,0,1,0,0,1,1,1,1,0,"equal"
"840921-4791207",0,1,1,1,0,1,1,0,1,1,"equal"
"951028-4873811",1,1,0,0,0,0,1,1,1,1,"equal"
"600912-4241531",1,1,1,1,1,0,1,0,1,0,"equal"
"930201-2900437",1,1,0,0,1,1,1,0,1,1,"equal"
"830222-2446660",0,1,1,0,0,0,0,0,1,1,"equal"
"761113-2639127",1,1,1,0,1,0,0,0,0,0,"equal"
"840807-3765709",1,1,0,0,1,1,0,1,0,0,"equal"
"850204-2953305",1,0,0,1,1,1,1,1,0,0,"equal"
"841008-1919054",0,0,1,1,1,1,1,0,1,1,"equal"
"730404-3096374",0,1,0,1,0,1,0,0,1,0,"equal"
"850805-2613801",0,1,0,0,1,1,1,1,1,0,"equal"
"600924-3834768",1,0,1,1,1,1,1,1,1,0,"equal"
"900326-1076086",0,1,1,0,0,0,1,0,0,0,"equal"
"970323-1932863",0,0,0,1,1,1,1,1,1,0,"equal"
"801127-2477534",0,0,1,0,1,0,1,1,0,0,"equal"
"711011-1050458",1,1,0,1,1,0,0,1,1,1,"equal"
"661202-4961149",1,1,0,0,0,1,0,0,0,1,"equal"
"620915-3746439",1,1,0,1,0,0,0,0,1,1,"equal"
"900520-4451086",0,0,1,1,0,0,1,0,1,1,"equal"
"630302-2333145",0,0,1,1,0,0,1,0,0,1,"equal"
"740216-3029507",1,0,0,1,0,0,1,0,1,0,"equal"
"520805-3322373",1,1,0,0,1,0,0,1,0,0,"equal"
"610919-4026825",1,0,1,1,1,1,0,1,0,1,"equal"
"930613-1078577",1,1,1,0,0,0,1,1,1,0,"equal"
"580317-1619545",0,0,1,0,0,0,1,0,1,0,"equal"
"881211-2214515",0,0,0,1,1,1,0,0,1,0,"equal"
"841113-3227548",1,0,1,1,1,1,1,1,1,0,"equal"
"611214-2355278",1,0,0,1,1,1,1,1,0,0,"equal"
"970611-1105736",1,0,0,1,0,0,0,0,1,0,"equal"
"951222-1883167",1,0,1,1,0,1,0,1,0,0,"equal"
"901215-3351035",1,1,0,0,1,1,1,1,0,1,"equal"
"731107-1922676",0,1,1,1,1,1,1,1,1,1,"equal"
"551006-4371885",1,0,0,0,0,0,1,0,0,0,"equal"
"830113-2637507",0,0,1,0,0,0,1,0,0,0,"equal"
"811025-2157031",1,1,1,1,1,1,1,0,1,0,"equal"
"630516-3179179",0,0,0,1,0,1,0,0,0,1,"equal"
"630316-3682559",0,0,1,1,0,1,1,0,0,0,"equal"
"730102-2332700",0,1,1,0,1,0,0,1,1,1,"equal"
"600506-1087447",1,0,1,0,1,1,0,0,0,0,"equal"
"781002-3264489",0,1,0,0,1,1,0,0,0,1,"equal"
"890124-2146875",0,1,0,1,0,0,1,1,1,1,"equal"
"810722-4655669",1,1,0,1,0,1,0,0,0,0,"equal"
"860811-1019070",1,1,1,0,1,0,0,0,1,1,"equal"
"790403-2368400",1,1,0,1,1,1,1,0,0,1,"equal"
"700704-4774480",1,1,1,0,0,0,1,0,0,0,"equal"
"970825-1529739",1,0,0,1,1,0,1,0,0,0,"equal"
"870622-3184210",0,0,1,1,0,1,1,0,0,0,"equal"
"690304-4416163",1,0,1,0,1,0,0,0,0,0,"equal"
"811027-2644643",0,0,0,0,0,0,0,1,1,1,"equal"
"610319-4982073",1,0,1,0,0,0,1,0,0,1,"equal"
"580222-1395872",0,0,0,1,1,1,0,1,0,1,"equal"
"541121-4055313",1,1,1,1,0,0,1,0,0,0,"equal"
"870525-2773979",0,1,0,1,1,0,0,1,0,0,"equal"
"680407-2639111",1,1,1,0,0,1,0,1,1,0,"equal"
"890714-2375254",0,0,1,0,0,0,0,0,0,1,"equal"
"590725-4637071",1,0,1,1,1,1,1,1,0,0,"equal"
"610321-1812536",0,0,0,1,0,1,0,1,1,0,"equal"
"631022-1556325",1,1,1,1,1,0,1,1,0,0,"equal"
"500428-3183552",1,0,1,1,0,1,1,1,0,1,"equal"
"700421-2574705",0,1,1,1,0,0,1,0,1,1,"equal"
"840504-1161843",0,0,1,0,1,0,1,1,0,0,"equal"
"780805-3635483",0,1,1,0,1,0,0,1,1,0,"equal"
"840627-1743421",1,0,1,0,0,1,1,1,1,0,"equal"
"700905-3575573",0,0,0,0,0,1,0,1,0,1,"equal"
"760910-2002998",0,1,0,1,1,1,1,0,0,1,"equal"
"560719-4012960",1,1,1,0,1,0,1,1,0,1,"equal"
"760302-2791286",0,0,1,1,1,0,1,1,0,1,"equal"
"561028-1814668",0,1,0,0,1,0,0,1,0,0,"equal"
"820914-2823676",0,0,1,1,0,0,0,1,1,1,"equal"
"570120-4258280",0,1,0,1,0,1,1,1,1,1,"equal"
"800426-1509076",0,1,0,1,0,1,1,0,1,0,"equal"
"960222-2754332",0,0,0,1,0,1,0,1,1,0,"equal"
"830524-1612490",0,0,1,0,0,1,1,0,1,0,"equal"
"990901-3954284",1,1,0,1,0,0,1,1,0,0,"equal"
"780823-3782522",0,1,0,1,1,1,1,1,1,0,"equal"
"700810-3199397",0,0,0,0,0,1,0,1,0,0,"equal"
"561128-2059784",0,1,1,1,1,1,0,1,0,1,"equal"
"880114-1151353",0,1,0,1,1,0,1,1,1,0,"equal"
"561020-4051792",1,0,1,0,1,1,0,0,0,0,"equal"
"840222-3527096",1,1,1,1,1,1,1,1,1,0,"equal"
"891111-1493443",0,0,1,1,0,1,1,0,1,1,"equal"
"550207-2821071",0,0,1,1,1,1,0,1,0,1,"equal"
"551101-4432630",1,0,0,1,0,1,0,0,0,1,"equal"
"530815-2436138",1,0,0,0,1,1,0,1,0,1,"equal"
"681020-4352817",1,1,1,0,0,1,0,0,0,1,"equal"
"851102-1557507",1,1,0,1,0,1,0,1,1,1,"equal"
"940418-3929661",0,0,0,1,0,0,0,0,1,0,"equal"
"610719-3814258",0,1,0,1,1,1,1,1,1,1,"equal"
"840810-3662570",1,1,1,1,0,0,0,0,0,1,"equal"
"510807-2752481",0,0,1,1,1,1,0,0,1,0,"equal"
"660428-2711611",1,0,1,0,0,1,0,0,1,1,"equal"
"860219-4712609",1,0,0,1,1,0,0,0,1,1,"equal"
"600612-3827672",1,0,0,0,0,0,0,0,0,1,"equal"
"700319-3340679",1,0,0,0,1,1,0,0,1,1,"equal"
"900827-4593121",1,0,1,1,0,0,0,1,1,1,"equal"
"591223-1762212",1,0,0,1,1,0,0,0,1,0,"equal"
"760116-3029226",1,1,0,1,0,1,0,1,1,0,"equal"
"820103-4643216",1,0,0,1,1,0,0,1,0,1,"equal"
"630704-1577430",0,0,0,0,0,1,0,1,1,1,"equal"
"570610-2487823",0,1,0,0,0,0,1,0,0,1,"equal"
"970502-1518036",1,0,0,0,0,0,0,1,1,1,"equal"
"740807-3948290",0,1,0,0,1,0,1,1,0,1,"equal"
"750423-2953255",1,0,0,0,1,1,0,0,0,1,"equal"
"770106-2387570",0,0,1,1,1,0,0,0,0,0,"equal"
"760221-1067589",0,0,1,0,0,1,1,1,0,1,"equal"
"530304-2839902",1,0,1,0,0,1,1,1,1,0,"equal"
"990925-1004937",1,1,1,0,1,1,1,1,1,0,"equal"
"860823-1161100",1,1,0,1,0,0,0,1,0,0,"equal"
"840213-2517075",1,1,0,0,1,0,1,1,0,0,"equal"
"821101-1513501",0,1,1,1,1,0,1,1,1,0,"equal"
"620921-1578243",1,0,0,1,1,0,1,0,0,0,"equal"
"601101-1363422",1,1,1,0,0,0,1,1,0,1,"equal"
"610611-2208004",1,1,1,1,1,1,0,1,1,1,"equal"
"630913-2888785",1,1,1,0,0,0,0,0,0,0,"equal"
"550115-1989855",1,1,1,0,0,1,0,1,1,0,"equal"
"500823-3935185",0,0,1,1,1,1,0,0,1,0,"equal"
"821019-3680524",1,0,1,1,1,1,1,0,1,0,"equal"
"860314-4579420",0,0,1,0,1,1,0,1,0,0,"equal"
"830512-1953230",0,0,0,1,0,0,1,0,1,0,"equal"
"661006-4317248",1,0,1,1,1,0,1,1,1,0,"equal"
"930216-3766086",1,1,0,0,1,0,0,1,1,1,"equal"
"700313-4243558",0,1,0,0,1,0,1,0,1,1,"equal"
"640713-3741778",0,1,1,0,0,1,0,0,0,1,"equal"
"500317-2268206",1,1,0,0,1,0,0,0,0,1,"equal"
"880110-3913676",1,0,0,1,0,1,0,1,1,1,"equal"
"860528-4419256",1,0,0,0,1,1,1,1,1,1,"equal"
"541126-3039864",0,0,0,1,0,0,1,1,0,1,"equal"
"550904-1073858",0,1,0,0,0,0,0,1,0,0,"equal"
"880112-3426662",0,0,1,1,1,1,1,1,0,0,"equal"
"900315-2000867",0,0,0,1,0,1,0,1,0,1,"equal"
"680315-1329470",0,1,0,0,1,1,0,1,1,1,"equal"
"620101-2670178",0,1,1,0,1,0,0,1,1,1,"equal"
"830108-4360048",0,1,0,1,0,0,1,0,1,1,"equal"
"691201-1410229",0,0,0,0,0,0,1,1,1,1,"equal"
"950412-2140786",0,1,1,0,0,1,1,0,1,1,"equal"
"520813-3466626",1,1,1,1,1,1,0,0,1,1,"equal"
"841210-4127513",1,1,1,0,0,0,1,1,0,0,"equal"
"881025-3623897",1,0,1,0,0,0,1,0,1,1,"equal"
"690624-2056974",0,0,0,1,1,0,1,1,0,1,"equal"
"690926-2968902",1,1,1,0,1,1,0,1,0,0,"equal"
"580106-1881433",0,1,1,1,1,1,0,0,1,0,"equal"
"820820-3100656",0,1,0,0,1,1,1,1,0,1,"equal"
"850515-3029054",1,0,0,1,1,1,1,0,0,1,"equal"
"990302-3413423",1,0,0,0,0,1,0,1,0,0,"equal"
"840717-3165344",0,1,1,0,1,1,1,0,0,1,"equal"
"591026-2926293",0,0,0,1,0,0,1,1,0,1,"equal"
"531217-1975879",0,0,1,1,1,0,1,1,0,1,"equal"
"781221-2306301",0,1,0,0,1,1,0,1,0,1,"equal"
"720323-1417596",0,1,0,0,0,1,0,1,0,0,"equal"
"570916-1667543",1,1,1,1,1,0,0,1,0,0,"equal"
"541012-1511670",0,0,1,1,0,1,1,0,1,1,"equal"
"820722-4312044",1,1,0,1,0,0,0,0,1,0,"equal"
"791106-4008151",1,0,0,0,0,0,1,1,1,0,"equal"
"880715-2578479",1,1,1,0,0,1,1,1,1,1,"equal"
"600107-3672294",1,0,1,1,0,1,1,1,0,1,"equal"
"740105-3574038",0,1,0,0,0,1,0,1,1,0,"equal"
"890305-2067123",0,1,0,1,0,0,0,1,1,1,"equal"
"530921-2174280",1,1,1,1,1,0,1,0,1,1,"equal"
"790914-4194526",1,1,1,0,1,1,1,0,0,0,"equal"
"540814-2190400",1,1,0,1,0,1,1,1,1,1,"equal"
"500727-1001900",0,0,0,0,0,0,0,0,1,1,"equal"
"900324-3599172",0,0,0,0,0,1,1,0,1,0,"equal"
"860121-1468025",1,1,1,1,1,0,1,0,1,0,"equal"
"930524-3990666",1,1,0,1,1,1,1,1,1,1,"equal"
"880228-3325682",0,0,1,0,1,1,0,1,1,1,"equal"
"950325-2349359",0,1,1,0,0,1,1,0,0,1,"equal"
"540507-2187941",1,1,1,0,1,1,1,0,0,0,"equal"
"600321-3196075",0,0,1,0,1,0,1,0,0,0,"equal"
"860326-3696257",0,1,1,1,0,1,1,1,0,1,"equal"
"670203-4984197",0,1,0,1,0,1,0,1,1,1,"equal"
"731115-1002168",0,1,1,1,0,0,0,1,1,1,"equal"
"630303-1080704",0,0,0,0,1,1,0,0,0,0,"equal"
"640423-1979747",1,1,0,0,0,1,1,1,1,1,"equal"
"580814-1065676",0,0,0,1,0,0,0,0,1,0,"equal"
"800803-2088607",1,0,0,0,0,1,0,0,1,1,"equal"
"700904-1946763",0,0,1,0,1,1,1,1,1,1,"equal"
"911113-2141517",1,1,1,1,1,1,0,1,0,1,"equal"
"701123-2257472",1,1,1,1,1,1,0,1,0,0,"equal"
"910519-4533507",0,0,0,1,1,0,1,1,0,0,"equal"
"970812-4330855",0,0,0,0,1,0,1,1,0,0,"equal"
"701215-4278786",1,0,1,0,0,0,0,1,0,0,"equal"
"690901-3981949",1,0,1,1,1,0,0,1,1,1,"equal"
"830704-4998526",1,1,0,0,1,0,1,1,1,1,"equal"
"700801-4144448",0,1,1,1,1,1,0,0,1,0,"equal"
"561026-2925188",1,1,0,1,0,0,1,0,1,0,"equal"
"840808-1048850",0,0,0,0,0,1,1,0,1,1,"equal"
"520623-1348064",1,0,0,0,0,0,1,1,1,1,"equal"
"620720-4653829",1,1,0,0,0,0,0,1,1,1,"equal"
"950202-1693534",0,0,0,0,1,1,0,1,0,0,"equal"
"940512-3112896",1,1,1,0,1,1,0,1,1,1,"equal"
"891023-4554402",0,1,1,1,0,1,1,1,1,1,"equal"
"950725-3862568",1,0,0,1,0,0,0,1,1,0,"equal"
"910809-1429135",1,1,1,0,0,0,1,1,0,1,"equal"
"531212-4624880",0,1,0,0,1,1,0,1,1,1,"equal"
"850110-4417552",0,0,0,1,0,1,0,0,1,0,"equal"
"961025-1214031",0,0,1,0,1,0,1,1,1,0,"equal"
"990316-4935632",1,1,0,0,1,1,0,0,0,0,"equal"
"510717-2464745",0,0,1,0,1,1,1,1,1,1,"equal"
"980723-1057254",0,1,1,1,0,1,1,1,0,0,"equal"
"800507-1184888",0,1,1,0,1,1,1,1,0,1,"equal"
"630308-4353682",1,1,1,1,0,0,0,1,0,0,"equal"
"841012-2781138",0,0,0,0,1,0,0,1,1,0,"equal"
"650622-3906274",0,0,0,0,0,0,1,1,0,0,"equal"
"800802-3959713",0,1,1,1,0,1,1,0,1,1,"equal"
"720915-3093552",0,1,1,1,0,1,1,0,0,0,"equal"
"720402-1178113",1,0,0,0,0,1,1,1,0,0,"equal"
"591008-4996859",0,0,1,1,0,1,0,0,1,1,"equal"
"660301-1804380",0,0,1,1,1,1,1,0,0,0,"equal"
"720525-1667679",0,0,0,1,0,1,1,0,1,0,"equal"
"660503-1134041",1,1,1,1,1,0,1,0,0,1,"equal"
"781125-2276458",0,0,1,1,1,0,1,1,0,1,"equal"
"560814-3362025",0,1,1,0,1,0,1,0,0,0,"equal"
"991216-3737518",1,0,1,1,1,1,0,1,0,0,"equal"
"890215-2686616",0,1,1,0,0,1,0,0,1,1,"equal"
"951009-2794434",0,1,0,0,0,1,1,0,0,0,"equal"
"670626-4458862",0,1,0,1,1,0,1,0,0,1,"equal"
"680620-2683944",1,1,0,0,1,1,0,0,0,1,"equal"
"841105-2373168",0,0,0,0,0,0,1,0,0,0,"equal"
"660520-1718984",1,1,0,0,1,0,0,1,0,0,"equal"
"590515-1758218",1,0,1,1,1,0,1,0,1,1,"equal"
"550410-1190849",0,0,0,0,0,0,0,1,1,1,"equal"
"581015-1543426",0,1,1,0,0,0,0,1,1,1,"equal"
"950702-3432934",1,1,0,1,0,1,1,0,1,1,"equal"
"500309-2703771",0,1,1,1,0,1,1,1,0,1,"equal"
"841008-1890103",0,0,1,0,1,0,1,1,1,1,"equal"
"890406-4424541",0,1,0,1,0,1,0,0,0,1,"equal"
"910510-4529053",0,1,1,0,1,0,1,1,1,1,"equal"
"770615-4062132",0,1,0,0,0,1,1,1,1,0,"equal"
"820404-4906511",0,1,0,0,0,1,0,0,0,1,"equal"
"810215-4620276",1,1,1,1,1,0,1,0,0,1,"equal"
"960817-4795550",1,0,0,0,0,0,1,1,0,0,"equal"
"710905-3744439",0,0,1,0,0,0,1,0,0,1,"equal"
"970613-2828012",1,0,0,0,0,0,1,0,1,1,"equal"
"831018-2955000",1,1,1,1,0,1,1,0,0,1,"equal"
"730315-2778803",0,0,0,1,0,1,1,1,1,1,"equal"
"620515-4886151",0,0,1,1,1,1,1,1,1,0,"equal"
"960615-4355524",0,0,1,0,0,1,1,0,0,0,"equal"
"930718-3681069",1,1,1,1,0,0,1,0,0,1,"equal"
"520221-1707710",0,0,0,0,0,1,1,0,1,1,"equal"
"690501-3018678",1,0,1,1,0,1,0,1,1,0,"equal"
"640112-1960581",0,0,1,0,1,0,0,0,1,0,"equal"
"800121-3195929",0,0,0,1,1,0,0,1,0,0,"equal"
"991214-2844816",0,0,1,0,0,0,0,0,1,0,"equal"
"500520-4164190",1,1,0,0,0,1,1,0,1,0,"equal"
"560918-4341076",1,0,1,1,0,0,1,0,0,0,"equal"
"971102-3930385",1,0,1,0,0,0,1,0,0,1,"equal"
"631125-1869402",0,0,1,1,1,0,0,1,1,1,"equal"
"750324-1193126",0,1,0,1,1,1,0,0,0,0,"equal"
"790526-2509258",1,0,0,1,1,0,1,0,1,1,"equal"
"640727-1332115",0,0,1,0,1,0,1,1,0,1,"equal"
"840614-1545003",1,0,0,0,1,1,1,0,1,0,"equal"
"641012-2531539",1,1,1,1,1,1,1,1,1,0,"equal"
"970220-2162460",1,1,1,1,1,0,1,1,0,1,"equal"
"940108-4479201",1,0,0,1,0,0,1,1,0,0,"equal"
"610524-4588065",1,0,1,0,1,0,1,0,0,0,"equal"
"590620-3526472",0,1,1,1,0,0,1,1,1,1,"equal"
"660408-4856197",0,0,0,1,1,0,1,0,0,1,"equal"
"500217-3474002",0,1,0,0,1,1,0,1,1,1,"equal"
"751118-1487502",1,1,1,1,1,1,1,1,0,1,"equal"
"550312-3648059",0,0,1,1,1,1,0,0,0,0,"equal"
"770704-2431172",0,1,0,1,0,1,0,0,1,1,"equal"
"880521-3498788",0,0,1,1,0,1,1,0,0,1,"equal"
"711009-2357847",0,1,1,0,0,0,0,0,1,0,"equal"
"890401-3923380",0,0,1,1,0,1,1,1,0,1,"equal"
"710902-1084756",1,1,1,0,1,0,1,0,1,0,"equal"
"550302-1242308",1,0,0,1,0,0,0,1,1,0,"equal"
"631110-3788801",1,0,0,0,0,1,1,1,0,0,"equal"
"920403-4490386",0,0,1,0,1,0,1,0,1,0,"equal"
"620224-4424184",0,0,1,1,0,0,0,1,1,1,"equal"
"520302-4651501",1,0,0,0,1,1,0,1,0,0,"equal"
"550520-1072389",1,1,0,1,0,0,0,0,0,0,"equal"
"930820-1557002",0,0,0,1,1,1,1,0,1,1,"equal"
"600612-1892941",0,0,1,0,0,1,1,1,1,1,"equal"
"581223-2211026",0,1,0,0,1,1,0,1,1,1,"equal"
"920909-3860764",0,1,1,1,1,1,0,1,0,0,"equal"
"960625-2535279",0,1,0,0,0,1,1,0,0,1,"equal"
"720610-1304931",1,0,1,0,1,0,1,0,1,1,"equal"
"660726-2052069",0,0,0,1,0,0,0,1,1,0,"equal"
"721104-1576390",0,0,0,0,0,1,1,0,0,0,"equal"
"611218-1124488",1,0,0,0,1,1,1,0,1,1,"equal"
"851221-2666928",0,0,0,1,0,0,0,0,0,1,"equal"
"511219-4234007",1,1,1,0,1,0,1,0,1,1,"equal"
"981008-4261190",1,1,0,1,0,0,1,0,0,0,"equal"
"511124-1450910",0,1,1,0,1,0,0,0,1,0,"equal"
"870302-3239695",1,0,1,0,0,1,1,0,1,1,"equal"
"770511-4065161",1,1,0,0,0,0,0,1,1,1,"equal"
"880611-4536403",0,1,1,0,0,0,0,1,0,1,"equal"
"690409-3048290",0,0,0,1,1,1,0,1,1,0,"equal"
"761004-4907375",1,0,1,1,1,0,0,1,0,0,"equal"
"601018-3775523",1,1,1,1,1,0,1,1,0,0,"equal"
"830906-2180135",0,0,0,1,0,0,1,1,1,0,"equal"
"540917-2863017",0,0,1,0,0,0,1,1,1,1,"equal"
"710105-3409578",1,0,1,0,0,0,0,0,0,1,"equal"
"630404-1057552",0,1,1,0,0,1,1,1,1,1,"equal"
"670605-1725721",1,1,0,0,1,1,1,0,0,0,"equal"
"601004-1721706",1,0,0,1,1,0,0,0,0,0,"equal"
"761216-4897187",0,0,0,0,1,1,1,0,0,0,"equal"
"600604-1855588",0,1,0,0,0,0,0,0,0,0,"equal"
"750407-2974149",0,1,1,0,0,0,1,1,0,1,"equal"
"981124-4276497",0,1,0,1,0,1,1,0,0,1,"equal"
"950309-3593601",0,0,0,0,1,0,0,1,0,0,"equal"
"621017-3986517",0,1,1,1,0,0,1,0,1,1,"equal"
"951026-2261949",0,0,0,0,1,0,1,0,1,1,"equal"
"670327-1838147",1,1,1,0,0,0,1,1,0,0,"equal"
"811015-2438357",0,0,0,0,1,0,1,0,1,0,"equal"
"681111-4738716",0,1,0,1,1,0,1,1,0,0,"equal"
"780623-2405197",0,0,0,1,1,0,0,1,0,0,"equal"
"750725-1928614",0,0,0,1,0,0,1,1,0,0,"equal"
"750517-2495288",0,0,0,0,0,0,0,0,0,0,"equal"
"970811-2989814",0,0,1,1,1,1,1,0,0,0,"equal"
"880328-4115378",1,0,1,0,1,0,1,1,1,1,"equal"
"711104-2256518",1,1,1,0,1,1,1,1,1,1,"equal"
"720526-2338101",0,0,0,1,0,0,1,1,1,0,"equal"
"660523-1329053",1,0,1,1,0,1,1,1,1,0,"equal"
"970425-1156176",1,0,1,1,0,1,0,1,0,1,"equal"
"890117-2808587",0,0,1,1,1,1,1,0,0,0,"equal"
"521003-2251475",1,1,1,1,0,1,1,0,0,0,"equal"
"660714-2412843",0,0,0,1,0,0,0,1,0,0,"equal"
"731009-1332351",0,1,0,0,0,0,0,0,0,0,"equal"
"900701-3476181",0,0,1,1,1,0,0,0,1,1,"equal"
"920204-4501151",1,0,1,1,0,1,0,0,1,0,"equal"
"920211-2797953",0,1,0,1,0,0,0,1,1,1,"equal"
"830717-4495211",1,0,1,0,1,0,0,0,0,1,"equal"
"980207-4734359",1,0,0,0,0,0,1,1,0,0,"equal"
"760616-1382822",1,0,0,1,0,1,1,1,0,0,"equal"
"760324-3175116",1,1,1,1,0,1,0,1,1,0,"equal"
"841021-4639406",1,1,1,0,1,0,0,1,1,1,"equal"
"530607-2412514",0,0,1,0,1,1,0,0,1,0,"equal"
"540409-3546295",0,0,1,1,1,1,1,1,0,0,"equal"
"630827-4054822",0,0,1,1,1,1,1,0,0,0,"equal"
"531213-1490912",1,0,1,0,1,1,1,0,0,0,"equal"
"920904-1902717",0,1,0,0,0,1,1,0,1,1,"equal"
"610425-3357325",1,0,0,1,1,0,1,1,1,1,"equal"
"530224-3963613",1,0,0,0,1,1,1,0,0,0,"equal"
"780826-1920974",1,1,1,1,0,1,0,1,0,0,"equal"
"570325-4057170",0,1,0,1,1,1,1,0,1,1,"equal"
"600211-3501402",1,0,1,1,0,0,1,1,1,0,"equal"
"730213-2060896",1,1,0,0,1,1,1,0,0,0,"equal"
"820206-3516984",0,1,1,1,0,0,1,1,0,1,"equal"
"770818-2412686",1,1,1,0,1,0,0,0,0,0,"equal"
"580705-2773973",0,1,1,1,1,0,1,0,1,1,"equal"
"620523-4027446",1,1,0,1,1,0,0,0,1,1,"equal"
"611211-4569747",1,0,1,1,0,0,1,1,0,1,"equal"
"941104-2679299",1,1,1,0,0,1,1,0,1,1,"equal"
"880128-2254726",0,1,0,1,1,0,0,1,0,1,"equal"
"570207-1631951",1,1,1,1,1,1,0,0,0,1,"equal"
"661121-1913533",1,1,0,1,1,0,1,1,1,0,"equal"
"951211-2587715",0,1,0,1,0,0,1,1,1,0,"equal"
"830618-4094790",0,1,1,0,1,0,1,1,1,0,"equal"
"810925-4912745",0,1,0,1,1,1,1,0,0,0,"equal"
"710209-4891963",0,0,1,0,1,1,0,1,1,0,"equal"
"920428-4648450",1,0,1,0,1,0,0,1,1,1,"equal"
"940304-1465657",0,0,0,0,1,1,1,1,0,0,"equal"
"810420-4840259",1,0,1,0,1,0,1,0,0,1,"equal"
"740626-1478698",1,1,1,0,1,1,1,1,1,0,"equal"
"651114-3299659",0,0,1,0,0,1,0,0,1,1,"equal"
"601119-4488734",1,0,1,0,0,1,1,0,1,1,"equal"
"941012-2799251",1,0,0,1,1,0,1,0,0,1,"equal"
"951003-2511727",1,0,1,1,1,0,0,0,1,0,"equal"
"630226-2021446",0,0,1,1,0,1,0,0,0,1,"equal"
"820705-1686020",1,0,0,0,0,0,0,1,0,0,"equal"
"790607-1155273",0,0,1,1,1,1,1,0,1,0,"equal"
"630426-4967064",0,1,1,1,1,1,1,1,0,1,"equal"
"690617-2605813",0,0,1,0,0,0,0,0,0,1,"equal"
"750310-3473176",1,1,0,1,1,0,1,0,1,0,"equal"
"840217-4322085",1,1,0,1,1,1,1,1,0,1,"equal"
"840120-3663686",1,0,1,0,1,0,0,1,0,1,"equal"
"710118-2004166",0,0,0,0,1,0,0,0,1,1,"equal"
"580724-4207508",0,1,0,1,0,0,0,0,1,0,"equal"
"570123-4095049",0,0,0,0,0,0,0,1,0,1,"equal"
"920628-3816921",1,1,1,1,1,0,0,0,0,1,"equal"
"780111-2636233",0,0,0,0,0,1,1,1,0,0,"equal"
"790222-4038712",1,0,1,0,0,1,0,1,1,1,"equal"
"810603-4217423",1,1,1,0,1,0,1,0,1,1,"equal"
"801215-1284151",0,1,1,1,0,1,1,1,1,1,"equal"
"660709-3611892",0,0,0,0,0,0,0,1,0,0,"equal"
"660411-1278340",1,0,0,1,1,1,1,1,0,1,"equal"
"820127-4862411",0,1,0,0,0,1,0,0,1,0,"equal"
"601105-3960845",0,0,1,1,0,1,0,1,0,1,"equal"
"710518-3811930",0,1,0,0,0,1,1,1,0,1,"equal"
"580104-4065698",1,1,0,1,0,1,1,0,0,0,"equal"
"700610-2021126",1,0,0,0,1,1,0,0,0,1,"equal"
"771223-1336976",1,1,0,1,1,1,1,1,0,1,"equal"
"561216-2799998",1,0,1,0,1,1,1,1,0,0,"equal"
"680521-2302142",0,0,0,0,0,0,0,1,0,0,"equal"
"581026-3362663",1,1,0,1,0,1,0,1,1,1,"equal"
"570906-1940399",1,1,1,0,0,1,1,0,1,1,"equal"
"531124-3812505",0,0,0,0,1,0,0,0,1,1,"equal"
"730514-4375813",0,1,0,0,0,1,0,0,0,0,"equal"
"560602-3055344",1,0,0,1,0,0,1,0,0,0,"equal"
"990609-3561762",0,0,1,0,0,0,1,0,0,0,"equal"
"510407-2218106",0,0,1,1,1,0,1,0,0,1,"equal"
"940904-4348568",1,1,1,1,1,1,1,0,1,1,"equal"
"731123-3071694",1,0,1,0,0,0,1,1,1,0,"equal"
"910921-4155620",1,0,0,1,1,1,0,0,1,1,"equal"
"900904-4139713",1,1,1,0,1,1,0,1,1,1,"equal"
"580727-1454566",0,1,0,1,0,1,1,1,0,0,"equal"
"801128-1973884",1,1,0,0,1,0,1,1,1,0,"equal"
"830421-3580306",0,1,0,1,0,1,1,0,1,0,"equal"
"730814-3532104",0,0,0,0,1,1,0,1,0,1,"equal"
"680816-3884583",1,0,0,1,0,1,1,1,0,0,"equal"
"620106-4914816",1,1,0,0,0,1,1,0,0,0,"equal"
"611217-4239846",0,1,0,0,1,0,0,1,1,1,"equal"
"780605-4916970",1,0,1,1,0,0,0,0,0,1,"equal"
"510520-3848296",1,0,1,0,0,1,0,1,1,0,"equal"
"951115-4412765",1,0,0,1,0,0,0,1,1,1,"equal"
"670322-4041014",0,1,0,0,1,0,0,0,1,1,"equal"
"580713-3191386",0,0,1,1,0,1,0,1,0,0,"equal"
"900315-4767218",1,1,1,1,0,0,0,0,0,1,"equal"
"951212-1630438",1,0,0,1,0,1,1,0,0,0,"equal"
"630621-4756824",1,0,0,0,0,0,0,1,1,0,"equal"
"820824-3698097",0,0,1,0,1,1,0,1,1,0,"equal"
"830725-4207396",1,1,1,0,0,0,0,1,1,1,"equal"
"920908-2769589",0,1,0,1,0,1,0,0,1,1,"equal"
"620922-4665701",1,1,1,0,1,1,0,0,1,1,"equal"
"530703-4707475",0,0,1,1,1,1,1,0,0,1,"equal"
"750226-1488363",1,1,1,1,0,0,0,1,1,0,"equal"
"600413-4358082",0,1,1,1,1,0,0,1,1,0,"equal"
"980308-4497346",1,0,0,1,1,1,1,1,0,1,"equal"
"841202-1835049",1,1,0,0,0,0,1,1,0,1,"equal"
"570716-4170332",0,0,1,1,1,1,0,1,0,0,"equal"
"970119-1900137",0,1,1,0,1,0,0,1,1,0,"equal"
"940522-4641295",0,0,0,0,1,1,0,0,1,1,"equal"
"891128-2862738",1,1,0,1,1,1,0,1,1,0,"equal"
"890306-2503757",1,1,0,0,0,0,1,0,1,0,"equal"
"510802-4888348",1,1,0,1,0,0,1,0,1,1,"equal"
"710217-1729013",1,1,1,0,1,1,0,1,1,1,"equal"
"551225-2242465",0,1,1,0,1,1,0,0,1,0,"equal"
"641225-4116360",0,1,1,1,1,0,1,1,0,1,"equal"
"821009-3189834",1,0,1,1,0,0,0,0,0,1,"equal"
"611003-2898928",0,0,0,1,1,1,1,1,0,0,"equal"
"560420-2392393",1,0,1,1,1,1,0,1,0,0,"equal"
"731005-3602333",1,0,0,0,0,0,1,1,1,0,"equal"
"740508-3037544",0,1,0,0,0,1,0,0,0,1,"equal"
"820706-1014084",0,1,0,0,1,0,0,0,0,1,"equal"
"970419-1900084",0,1,0,1,1,1,1,1,1,0,"equal"
"561018-3763416",0,0,1,1,0,0,0,0,0,0,"equal"
"950716-1883966",0,1,0,1,0,1,1,0,0,1,"equal"
"970101-1314103",0,0,0,0,0,1,1,0,1,1,"equal"
"600503-2648376",1,1,1,0,1,1,0,0,0,0,"equal"
"510608-1205432",1,1,1,1,1,0,1,1,1,0,"equal"
"600106-4887862",0,1,1,1,1,1,0,1,1,0,"equal"
"720812-2845447",1,1,0,0,0,1,1,1,1,1,"equal"
"970212-4782450",0,1,1,0,1,0,1,1,0,0,"equal"
"541217-1697856",1,1,0,0,0,0,0,1,1,1,"equal"
"600918-1604819",1,0,1,0,1,0,0,0,1,0,"equal"
"600625-1808711",0,0,0,0,1,0,0,0,0,0,"equal"
"930410-1112103",1,0,0,0,1,0,1,1,1,1,"equal"
"551202-2130003",0,1,0,1,0,1,1,1,1,1,"equal"
"690101-3300418",1,0,1,0,1,0,0,0,1,1,"equal"
"930203-4190185",1,0,1,0,0,0,0,1,1,1,"equal"
"601007-2675108",0,1,1,0,1,0,0,0,0,0,"equal"
"990404-1786506",1,1,0,0,1,0,1,1,1,1,"equal"
"900305-3218165",0,0,1,1,1,0,0,1,0,1,"equal"
"700324-4329127",1,0,0,0,1,1,1,0,0,0,"equal"
"861225-3646588",1,0,1,0,1,0,0,0,1,0,"equal"
"821106-2809471",0,0,1,0,1,0,0,0,0,0,"equal"
"761109-3674006",0,0,1,1,1,0,1,1,1,0,"equal"
"950907-4226756",1,0,1,0,1,1,0,1,0,1,"equal"
"590104-4873669",1,1,0,1,0,0,1,0,1,1,"equal"
"680919-4201268",0,1,1,0,1,1,0,1,0,1,"equal"
"980119-3600531",0,0,1,0,0,0,1,1,0,0,"equal"
"910802-3875716",0,1,1,0,0,0,0,1,0,0,"equal"
"570823-1502979",0,0,1,1,1,1,1,1,1,1,"equal"
"800712-4968827",0,0,0,0,1,1,0,0,1,0,"equal"
"720520-4876888",0,0,1,0,0,1,1,0,1,1,"equal"
"771006-3551637",1,1,1,1,1,0,0,0,1,0,"equal"
"890914-1946645",1,0,0,1,0,1,0,0,1,0,"equal"
"860621-3622599",0,0,1,0,0,1,1,0,0,1,"equal"
"580123-3215953",0,0,0,0,0,1,1,1,0,0,"equal"
"660510-4948202",1,0,0,1,1,1,1,0,1,1,"equal"
"860928-4153954",0,1,1,1,0,0,0,1,0,1,"equal"
"980705-3826734",1,1,0,1,0,0,1,1,0,0,"equal"
"941102-4057580",0,1,0,0,1,0,0,0,0,0,"equal"
"851112-2648051",0,1,1,1,0,0,1,1,0,1,"equal"
"870727-1594017",0,0,1,1,1,0,0,0,1,0,"equal"
"761007-4152271",0,0,1,0,1,1,0,0,0,1,"equal"
"540405-4218497",1,0,1,0,0,1,1,1,0,0,"equal"
"970507-4426231",0,1,0,0,1,1,0,1,0,1,"equal"
"520716-1940273",1,0,0,1,0,0,1,0,0,1,"equal"
"531201-4775821",1,1,1,0,0,0,0,1,0,0,"equal"
"980603-3085347",0,0,0,0,0,1,1,0,1,1,"equal"
"570110-4008469",1,1,0,1,1,1,1,1,1,0,"equal"
"900319-3182198",1,1,1,0,1,1,0,0,0,0,"equal"
"741106-1369245",0,1,1,0,1,1,1,0,1,1,"equal"
"990502-2436061",0,0,1,1,0,1,1,1,0,1,"equal"
"650912-3718320",1,0,0,0,0,1,1,0,1,1,"equal"
"961115-4337071",0,1,1,0,0,0,1,1,1,0,"equal"
"910919-2900953",1,0,1,1,0,0,1,0,0,0,"equal"
"590412-2677620",0,0,1,0,0,0,1,1,1,0,"equal"
"940524-1287363",1,0,1,0,0,1,1,1,0,0,"equal"
"870701-2246927",1,0,0,0,0,1,1,0,0,0,"equal"
"510610-2982073",0,0,1,1,1,1,1,1,1,1,"equal"
"810712-3826389",0,1,1,0,1,1,0,1,1,1,"equal"
"630527-3183806",0,0,1,1,0,0,0,0,1,1,"equal"
"530916-3560545",1,1,0,1,1,0,1,1,1,1,"equal"
"840914-3542089",1,1,1,0,1,1,0,1,1,0,"equal"
"801116-1261835",0,0,0,1,1,1,0,0,0,0,"equal"
"830108-2506944",0,0,1,0,1,0,1,0,0,1,"equal"
"640515-1039089",0,0,1,0,1,1,0,1,1,1,"equal"
"820219-3317498",0,0,1,0,1,1,0,0,0,0,"equal"
"741122-1110361",0,0,1,1,1,0,1,1,1,1,"equal"
"660309-2021187",0,0,1,0,0,1,0,1,0,0,"equal"
"751007-3623034",1,1,0,0,1,1,1,0,1,1,"equal"
"931221-3586991",1,0,0,1,1,0,1,0,1,1,"equal"
"631002-4955164",1,0,1,0,1,1,1,0,0,1,"equal"
"640804-2266928",0,0,1,1,1,1,1,1,1,0,"equal"
"780208-1344232",1,1,1,1,0,0,1,0,0,0,"equal"
"581107-4782693",0,1,1,1,1,1,0,1,1,0,"equal"
"910404-1445250",0,0,0,0,0,0,1,0,1,1,"equal"
"780327-4709484",1,1,1,1,1,1,1,1,1,1,"equal"
"961025-1975194",0,0,1,1,1,1,0,1,0,0,"equal"
"820921-1311801",0,1,1,0,1,0,1,1,1,0,"equal"
"581012-3869475",1,1,1,1,1,0,1,1,0,1,"equal"
"920228-1819530",0,1,1,1,1,0,1,1,0,0,"equal"
"920524-3688491",0,1,0,0,1,1,1,1,0,0,"equal"
"891009-2690224",1,1,1,0,1,1,1,1,1,0,"equal"
"740916-3410014",1,1,1,0,0,1,1,1,1,0,"equal"
"920512-4285895",1,1,1,0,1,1,0,1,1,0,"equal"
"720509-2520548",0,1,1,1,1,0,0,1,0,1,"equal"
"800315-4522458",1,1,0,0,0,1,0,1,1,1,"equal"
"510215-4379456",1,1,1,1,0,1,1,1,1,0,"equal"
"531212-3515218",1,0,1,0,0,1,0,0,1,0,"equal"
"941126-2867001",0,0,0,1,1,0,0,1,1,0,"equal"
"601223-1057549",1,1,1,1,0,0,1,0,0,1,"equal"
"740512-3353813",0,0,1,0,1,0,0,0,1,1,"equal"
"560825-2965758",0,1,0,0,1,1,1,0,0,0,"equal"
"590118-1595328",0,0,1,0,1,1,0,1,1,1,"equal"
"500409-3940439",0,0,0,0,1,1,0,0,0,0,"equal"
"520525-1667142",1,1,1,0,0,1,0,1,1,0,"equal"
"690205-4368918",0,1,1,1,1,1,0,0,0,0,"equal"
"631121-3051780",1,0,0,1,0,0,1,1,1,0,"equal"
"760905-1591904",0,0,1,1,1,0,1,0,0,1,"equal"
"950705-2338636",0,1,0,1,1,0,0,0,0,0,"equal"
"650913-3201416",0,1,1,0,1,1,1,0,0,0,"equal"
"510823-3713344",0,1,0,0,0,1,1,1,1,1,"equal"
"850607-4311443",0,1,1,1,1,0,0,0,1,1,"equal"
"730502-1580600",1,0,0,0,1,1,1,1,1,1,"equal"
"590912-2281869",1,0,1,1,0,1,1,0,0,1,"equal"
"780805-1158474",1,0,1,1,0,0,0,1,0,0,"equal"
"821022-4863444",1,0,0,0,1,0,1,0,1,1,"equal"
"711120-2733695",1,0,0,1,1,0,1,1,0,1,"equal"
"740316-1656842",0,1,0,0,1,1,0,1,1,0,"equal"
"730823-4157443",0,1,0,0,1,0,1,0,1,1,"equal"
"710712-1061008",1,1,0,0,0,0,1,1,0,1,"equal"
"780706-4758688",0,0,0,0,1,0,1,0,0,1,"equal"
"531010-2333066",0,0,1,0,0,1,1,0,1,0,"equal"
"530624-3275111",1,1,0,0,1,1,1,0,0,1,"equal"
"610612-2641138",0,1,1,0,1,0,0,0,1,0,"equal"
"601122-2992953",0,0,0,1,0,0,0,0,1,1,"equal"
"950815-4290851",1,0,0,0,0,0,1,0,1,1,"equal"
"520317-3845884",0,0,1,1,1,0,0,1,0,0,"equal"
"860904-3419484",0,1,1,1,0,0,0,1,0,1,"equal"
"640307-4643879",0,1,0,1,0,1,1,1,1,0,"equal"
"590221-1574618",0,0,0,1,0,0,0,0,1,1,"equal"
"891015-4169890",1,0,1,0,1,0,1,0,1,1,"equal"
"630601-4374275",1,1,0,0,1,0,0,1,1,1,"equal"
"630923-4582137",0,0,0,0,1,1,0,0,0,0,"equal"
"660328-2994255",0,1,1,0,1,1,0,0,1,1,"equal"
"941114-2854548",1,1,1,1,1,0,1,0,1,1,"equal"
"520213-1721034",1,1,0,1,0,0,1,0,1,1,"equal"
"610611-1586876",1,1,1,1,1,1,1,0,1,1,"equal"
"970811-1560418",0,1,1,0,0,0,0,0,0,1,"equal"
"710816-3290332",0,0,0,0,1,1,1,0,0,1,"equal"
"580218-2504411",0,0,1,0,0,1,1,0,1,0,"equal"
"540201-3054224",0,1,1,0,1,1,1,0,1,0,"equal"
"851214-2854747",0,1,0,0,0,0,1,0,0,1,"equal"
"720820-4457792",0,0,1,0,1,1,0,0,1,1,"equal"
"530628-3838375",1,1,0,1,1,0,0,0,1,1,"equal"
"780914-1409131",0,1,1,1,0,0,0,1,0,0,"equal"
"610722-1197899",0,0,0,1,1,0,0,0,1,0,"equal"
"941127-1727248",0,1,1,0,0,0,1,1,1,1,"equal"
"730620-3549581",0,0,0,0,1,1,1,0,1,1,"equal"
"950725-4722321",1,1,1,1,0,1,0,0,1,0,"equal"
"950521-3322227",1,0,0,0,1,0,1,0,0,1,"equal"
"550204-3422851",1,1,1,1,1,0,1,0,0,0,"equal"
"570918-3829682",1,0,1,1,0,1,0,1,1,1,"equal"
"570425-3291115",1,1,1,1,0,0,0,0,1,1,"equal"
"860923-4395787",1,0,0,1,0,1,0,0,0,1,"equal"
"710513-1378827",0,1,0,1,1,1,1,1,1,0,"equal"
"910717-4898780",0,0,1,0,0,1,1,0,0,0,"equal"
"540207-4079796",1,1,1,1,1,0,0,1,1,0,"equal"
"620112-4915504",1,0,1,1,1,0,0,0,1,0,"equal"
"501019-4668888",0,1,0,1,1,0,0,1,0,0,"equal"
"830924-4013133",0,1,0,0,1,1,0,0,1,1,"equal"
"840209-3269480",0,0,0,1,1,1,1,1,1,0,"equal"
"790512-3150916",1,1,0,1,1,0,1,0,1,1,"equal"
"640511-1952961",0,0,1,0,1,0,0,1,1,0,"equal"
"750913-4244942",0,1,0,1,1,0,1,1,0,0,"equal"
"730917-1709176",0,1,0,1,0,0,1,0,0,1,"equal"
"930217-4137271",1,0,0,0,1,1,0,1,0,1,"equal"
"600627-3287033",0,1,0,1,1,1,1,0,0,0,"equal"
"740525-1877659",1,0,0,1,0,0,0,1,0,0,"equal"
"640703-1100938",0,0,1,0,0,1,0,0,1,0,"equal"
"680106-3888775",0,1,1,0,1,1,0,0,1,0,"equal"
"680615-3736326",0,1,1,1,1,0,1,1,0,1,"equal"
"670428-4567447",1,1,0,0,1,1,0,0,0,0,"equal"
"870328-3373241",1,1,1,1,1,0,0,0,0,0,"equal"
"680814-1104784",0,1,0,0,0,1,0,0,1,0,"equal"
"950220-2877262",0,1,1,0,1,1,1,0,0,1,"equal"
"940410-3570737",0,0,0,0,1,0,1,0,0,0,"equal"
"841209-4854600",1,0,0,0,1,1,1,0,1,0,"equal"
"990218-3182200",0,0,1,0,1,1,0,0,0,0,"equal"
"500920-3709022",0,1,0,0,1,0,0,1,0,1,"equal"
"551102-3377595",1,1,0,0,1,1,1,0,1,0,"equal"
"821101-3710406",1,0,1,1,0,1,1,0,0,1,"equal"
"530528-2566087",1,1,1,1,0,0,1,0,0,1,"equal"
"970205-2675098",0,0,1,0,0,1,1,1,1,1,"equal"
"900723-2002542",0,1,0,0,1,0,1,1,0,0,"equal"
"610513-3508130",1,0,1,1,1,1,1,0,1,1,"equal"
"700211-2452961",1,0,0,0,1,0,0,0,0,1,"equal"
"700427-1821297",1,1,0,0,0,0,1,0,0,0,"equal"
"540810-3811144",0,1,1,1,1,1,1,1,1,0,"equal"
"700301-3580159",1,1,0,1,1,1,0,0,0,0,"equal"
"731226-4443644",1,1,1,0,1,0,0,1,0,0,"equal"
"600302-1998440",1,0,0,0,0,1,1,1,1,0,"equal"
"790110-2136912",1,0,0,0,1,1,0,1,0,0,"equal"
"751117-3047938",0,1,1,0,0,1,1,1,0,0,"equal"
"790307-3360659",1,1,0,1,0,0,1,0,0,0,"equal"
"650328-1785455",1,1,0,1,1,0,0,0,1,1,"equal"
"541210-3878628",0,0,1,1,0,0,1,0,1,1,"equal"
"600811-4802569",1,0,0,0,1,1,1,0,1,1,"equal"
"570915-1937497",1,0,1,0,0,1,0,0,1,1,"equal"
"560405-3166323",0,1,0,0,1,0,1,1,1,0,"equal"
"920527-3717021",1,0,0,1,0,0,1,0,0,1,"equal"
"990123-3825548",0,0,1,1,0,1,1,1,1,1,"equal"
"840313-4840459",1,1,0,0,0,0,0,0,1,0,"equal"
"800712-4112715",0,1,0,1,1,0,1,0,1,1,"equal"
"800521-1288087",1,1,1,0,1,0,1,1,1,0,"equal"
"660628-2903797",1,1,0,1,1,0,0,1,1,1,"equal"
"750325-1850722",1,0,1,0,0,0,1,1,1,1,"equal"
"890728-2931068",1,0,0,1,1,1,0,1,1,0,"equal"
"950704-1416298",0,1,0,0,0,1,1,0,1,1,"equal"
"501012-4531733",1,1,0,0,1,0,1,1,0,1,"equal"
"920303-3684714",0,0,0,0,1,1,1,0,1,1,"equal"
"881219-4710484",0,1,0,1,0,0,0,1,0,0,"equal"
"860810-4835658",0,0,0,0,0,0,0,0,0,0,"equal"
"990320-4072647",1,0,0,1,1,0,0,0,1,1,"equal"
"790506-3407462",0,0,1,0,1,0,0,1,0,0,"equal"
"800327-4488678",1,1,1,1,1,0,1,0,1,0,"equal"
"930314-2970107",0,1,0,1,0,1,0,0,1,1,"equal"
"840911-4400774",1,1,1,0,1,0,1,1,0,0,"equal"
"921112-1948167",0,0,1,0,0,0,1,1,0,1,"equal"
"760215-3601091",1,0,1,0,0,1,0,1,0,1,"equal"
"680523-2603937",0,0,1,0,1,0,0,1,1,1,"equal"
"821017-2907621",0,1,0,1,1,1,0,1,1,1,"equal"
"720519-4977658",1,1,1,1,1,1,0,0,0,0,"equal"
"501024-1212172",1,0,1,1,0,1,0,0,1,0,"equal"
"760920-3339628",0,1,1,0,0,0,1,0,1,0,"equal"
"760920-4500626",1,1,0,1,1,1,0,1,1,1,"equal"
"640927-2561416",1,0,1,0,1,1,0,0,0,0,"equal"
"810520-2246576",0,1,1,1,0,0,0,1,1,1,"equal"
"760612-1356014",1,1,0,0,1,1,1,0,0,0,"equal"
"921024-2175290",0,1,0,1,1,1,1,1,1,1,"equal"
"951105-4817883",0,0,0,1,0,1,1,0,1,0,"equal"
"580723-4067114",1,0,0,1,1,0,1,1,0,0,"equal"
"590108-4543141",1,0,1,1,1,0,1,0,0,1,"equal"
"940716-2813862",1,1,1,0,0,0,1,1,0,1,"equal"
"870819-4174434",0,1,0,0,0,1,1,1,1,1,"equal"
"960923-1103871",1,1,0,1,1,0,0,1,0,0,"equal"
"580214-2604830",0,0,1,0,0,1,1,1,0,0,"equal"
"950821-2601092",1,1,1,0,1,1,1,1,1,1,"equal"
"940722-4247922",1,0,1,0,1,0,1,0,0,1,"equal"
"750325-2905506",0,0,0,0,0,1,0,0,0,0,"equal"
"830628-1525418",0,1,1,0,0,1,0,0,0,0,"equal"
"690326-2059973",1,1,0,1,0,0,1,0,0,1,"equal"
"911204-3969209",0,0,0,0,0,1,0,0,1,0,"equal"
"620610-1180237",1,1,0,0,0,1,1,0,1,1,"equal"
"660308-2574765",0,1,0,1,0,1,1,1,1,0,"equal"
"580919-3872152",0,1,1,1,1,0,1,0,1,0,"equal"
"911102-3920609",0,1,0,0,0,0,1,0,0,1,"equal"
"900215-2389930",0,1,0,1,0,1,1,1,0,0,"equal"
"970508-4713264",0,0,0,1,0,1,1,1,1,0,"equal"
"701221-1834585",0,0,1,0,0,1,0,0,1,0,"equal"
"900706-1020098",1,1,0,0,0,1,1,1,0,0,"equal"
"910816-2022974",1,1,1,1,1,0,0,1,0,0,"equal"
"860914-1699126",0,1,1,1,0,0,1,1,0,0,"equal"
"760903-2321022",0,0,1,1,0,1,1,0,0,1,"equal"
"730313-4971807",0,1,1,1,1,0,0,1,1,0,"equal"
"531009-1557892",1,1,0,1,1,0,0,1,1,0,"equal"
"770407-3189812",1,0,0,1,1,0,1,1,1,0,"equal"
"560227-3509734",1,1,0,0,0,0,0,1,0,0,"equal"
"770607-2705479",0,0,1,0,1,0,1,1,0,0,"equal"
"560315-3130469",0,1,0,1,1,0,0,0,1,1,"equal"
"760501-4598188",0,1,1,1,1,0,1,1,1,0,"equal"
"680917-2780343",0,0,1,0,0,0,1,0,0,1,"equal"
"681110-1195811",1,0,0,1,0,0,0,1,1,1,"equal"
"980516-1424555",1,1,1,0,0,1,0,1,0,1,"equal"
"680217-1865999",1,1,0,1,1,0,0,0,1,1,"equal"
"511110-2489386",0,0,1,0,1,1,1,0,0,0,"equal"
"991125-3758538",1,1,1,0,0,0,1,1,0,1,"equal"
"970221-2522921",0,1,1,1,1,0,0,1,0,1,"equal"
"731023-4278836",0,1,1,1,0,1,0,0,0,0,"equal"
"571206-1822855",1,0,0,1,1,0,1,1,0,0,"equal"
"560705-3476024",0,0,1,1,0,1,0,0,1,0,"equal"
"760115-3138696",1,0,1,1,1,0,1,1,0,1,"equal"
"520223-2104709",1,0,0,1,0,1,0,0,1,1,"equal"
"940324-1317230",1,1,1,0,1,0,0,0,1,0,"equal"
"890809-1789732",0,0,0,0,0,1,0,1,0,1,"equal"
"770310-4157259",1,0,0,1,1,1,1,1,0,1,"equal"
"940828-4902160",0,0,1,0,0,1,0,0,1,0,"equal"
"940111-1627873",1,0,1,1,0,0,0,1,0,0,"equal"
"690428-2385465",0,0,1,0,1,1,0,0,0,0,"equal"
"530501-2674133",0,0,0,0,0,0,0,0,0,0,"equal"
"990505-3965141",1,0,0,0,0,0,1,0,1,1,"equal"
"651113-2140517",0,1,1,1,0,0,1,0,1,1,"equal"
"550422-2099893",1,1,0,1,0,0,0,0,1,1,"equal"
"870622-2934946",1,0,0,1,0,0,0,1,0,1,"equal"
"980223-4268078",0,1,1,1,1,1,1,1,1,1,"equal"
"620219-4825156",1,0,0,0,1,0,0,0,1,0,"equal"
"941024-2918182",0,1,0,0,0,0,1,0,1,1,"equal"
"601102-3485994",1,1,1,1,0,0,0,1,1,1,"equal"
"690508-3360765",1,0,1,1,1,1,0,1,0,1,"equal"
"571216-2144731",0,1,0,0,0,1,1,0,0,1,"equal"
"880220-3449173",0,1,0,0,0,1,1,1,0,0,"equal"
"690817-3826315",0,1,1,1,1,1,1,0,1,0,"equal"
"711005-1663510",1,0,1,0,0,0,1,1,1,1,"equal"
"951124-1693760",1,0,1,1,1,0,1,0,0,1,"equal"
"540109-4044277",1,1,1,0,1,1,1,1,1,1,"equal"
"550824-3206021",0,0,0,1,0,0,0,0,0,0,"equal"
"950109-2835057",1,0,1,1,1,1,0,1,1,1,"equal"
"831015-2192999",0,1,0,1,1,0,0,1,1,1,"equal"
"990321-1699883",0,1,0,0,0,0,1,1,1,1,"equal"
"991121-1195743",0,1,0,1,0,0,1,1,0,1,"equal"
"631011-4200782",1,0,0,1,0,0,0,0,0,0,"equal"
"540911-1808384",1,1,1,1,1,1,1,1,1,1,"equal"
"820404-3922662",1,1,0,1,1,1,0,0,0,1,"equal"
"651218-4779947",1,0,0,1,1,0,0,1,1,1,"equal"
"660618-4470340",0,1,0,0,1,0,0,1,1,1,"equal"
"891010-3418985",1,0,1,0,0,0,1,0,1,1,"equal"
"700208-4807657",0,1,0,0,1,1,0,1,0,1,"equal"
"640317-3060287",1,1,0,0,0,0,0,1,0,1,"equal"
"921017-1164916",0,0,1,1,1,1,0,0,0,0,"equal"
"951227-1673333",0,0,0,1,0,1,1,0,0,1,"equal"
"960528-1690072",0,0,0,1,1,1,1,1,1,0,"equal"
"511219-4140072",0,1,1,0,1,0,0,1,0,1,"equal"
"750619-2328509",1,0,1,1,1,0,0,0,0,0,"equal"
"740605-3525648",1,0,1,0,1,1,0,0,0,1,"equal"
"650720-4187048",1,1,0,0,0,1,1,1,1,0,"equal"
"950806-2884471",1,1,0,0,0,0,0,0,1,1,"equal"
"611118-4863412",1,1,0,1,0,1,0,1,0,1,"equal"
"640419-3878806",0,0,0,0,1,1,0,0,0,0,"equal"
"800628-4032189",0,0,0,1,1,0,0,1,1,1,"equal"
"840519-4162487",1,0,0,0,1,1,0,1,0,0,"equal"
"840623-4908600",1,0,0,1,1,1,0,1,1,0,"equal"
"501228-3943986",1,1,1,0,1,0,0,0,1,0,"equal"
"500521-2289173",1,1,1,1,1,1,1,1,1,0,"equal"
"900710-3480068",1,1,1,1,1,1,0,0,0,0,"equal"
"581112-1225053",0,1,0,1,1,1,0,1,1,0,"equal"
"900401-1322483",0,1,0,1,1,0,1,0,0,1,"equal"
"680915-1736647",0,0,0,0,0,0,0,0,1,0,"equal"
"810522-2524145",0,1,0,1,0,1,1,0,0,0,"equal"
"501219-2134977",0,1,1,0,0,0,1,0,1,0,"equal"
"600204-1652700",0,0,0,1,0,0,0,1,1,1,"equal"
"910226-3549547",0,1,0,0,0,1,0,0,0,1,"equal"
"540817-1841160",0,0,1,1,0,1,1,1,0,0,"equal"
"630310-4775196",1,1,1,1,0,1,1,0,0,0,"equal"
"720605-2309791",0,0,0,1,1,0,0,0,1,1,"equal"
"671221-4099304",0,0,0,1,0,0,1,1,0,1,"equal"
"930303-1996973",1,0,1,1,1,0,1,1,0,0,"equal"
"820820-4174965",0,1,1,1,1,0,0,0,1,0,"equal"
"550303-1720575",0,1,1,0,0,1,0,0,1,1,"equal"
"550314-2932339",1,0,0,1,1,1,1,1,1,0,"equal"
"500514-3649222",0,1,1,1,1,0,1,1,0,1,"equal"
"671215-4472428",1,0,1,1,0,0,1,1,0,1,"equal"
"660725-1723294",1,0,1,0,0,1,1,0,1,1,"equal"
"700424-1299810",0,0,0,0,1,1,0,0,0,0,"equal"
"740419-2838596",0,0,0,0,0,0,0,1,0,0,"equal"
"910907-1660343",0,0,0,1,0,0,1,1,0,1,"equal"
"710520-3984362",1,0,1,0,1,1,0,0,1,1,"equal"
"880902-4403273",0,0,0,1,0,1,1,1,0,0,"equal"
"761207-2877546",0,1,1,0,1,1,1,1,1,0,"equal"
"971102-4271051",0,1,1,1,0,0,1,1,0,0,"equal"
"911014-3266626",0,1,1,1,1,1,0,1,1,1,"equal"
"730815-1000927",1,1,0,1,0,0,1,1,0,1,"equal"
"770711-4104318",1,1,1,1,1,1,0,0,0,0,"equal"
"561215-3891177",1,0,0,0,0,1,1,1,1,1,"equal"
"950704-4239871",1,0,0,1,1,0,0,1,0,0,"equal"
"860128-1590261",0,0,0,0,0,0,1,0,1,1,"equal"
"750615-3723543",0,1,1,1,1,0,0,0,1,0,"equal"
"890525-4731990",0,1,0,1,0,0,0,1,1,0,"equal"
"730319-3235133",0,1,0,0,1,1,1,1,1,0,"equal"
"860726-2447531",1,0,0,0,1,1,0,1,1,0,"equal"
"690101-1916894",0,1,0,1,1,0,1,1,0,0,"equal"
"620608-1538757",0,0,1,1,0,1,1,0,1,1,"equal"
"521202-3505108",0,0,1,0,1,0,1,1,0,1,"equal"
"930821-3952247",1,1,0,1,0,1,1,0,1,0,"equal"
"840408-3083793",1,1,0,0,1,1,1,1,0,0,"equal"
"871222-4809300",1,0,1,1,1,1,1,1,0,0,"equal"
"730105-3980079",0,0,1,1,1,1,0,1,1,0,"equal"
"550520-1980532",1,1,0,0,0,1,0,1,1,0,"equal"
"751019-2822929",1,0,1,0,0,1,0,1,0,1,"equal"
"501205-2265710",1,1,1,1,1,1,0,1,1,0,"equal"
"600919-3051508",0,1,1,0,0,1,0,1,0,1,"equal"
"980825-2699215",0,0,1,1,1,1,0,1,0,0,"equal"
"970715-1350705",0,1,1,0,0,1,1,1,0,0,"equal"
"740910-4710840",0,1,1,1,1,1,0,1,1,0,"equal"
"680722-2398583",0,1,0,1,1,0,0,0,1,1,"equal"
"961003-2955008",0,0,1,1,1,0,1,0,1,1,"equal"
"751219-3952924",1,0,0,1,1,0,0,1,1,1,"equal"
"860209-3573455",0,1,1,0,1,0,0,0,0,1,"equal"
"910226-1690065",1,1,1,0,1,0,0,1,1,1,"equal"
"520620-1134262",0,1,0,1,1,1,1,1,0,0,"equal"
"730216-2447432",1,1,1,0,0,0,0,0,0,0,"equal"
"991115-1865476",0,0,1,1,1,0,0,1,1,0,"equal"
"770409-1044141",0,1,1,0,0,1,0,0,0,0,"equal"
"880216-3455505",1,0,1,0,1,0,1,0,1,0,"equal"
"530720-3723226",0,0,1,1,0,0,1,1,1,0,"equal"
"821120-4183152",0,0,1,1,0,1,0,0,1,0,"equal"
"681116-1540391",1,1,1,0,0,1,0,1,0,0,"equal"
"671126-3471221",0,0,1,0,1,0,0,1,1,1,"equal"
"930926-4898032",1,0,0,0,1,1,0,1,0,1,"equal"
"720504-2615222",1,1,1,1,1,0,1,0,1,1,"equal"
"680528-1957834",0,1,0,1,0,0,0,1,0,0,"equal"
"521116-3303882",0,0,0,0,1,1,0,0,1,1,"equal"
"830708-4713611",0,1,1,0,1,0,1,1,1,1,"equal"
"870606-4314410",0,1,0,1,1,1,1,0,1,0,"equal"
"640410-1581420",1,1,0,1,0,0,0,1,1,1,"equal"
"950516-2747147",0,1,0,1,0,1,0,1,1,1,"equal"
"610527-1934241",0,0,0,1,1,1,1,0,1,1,"equal"
"900110-3790771",0,1,0,0,0,0,1,1,1,1,"equal"
"850702-3866088",1,1,0,1,1,0,1,1,1,0,"equal"
"940814-1454511",0,1,1,1,1,1,1,0,0,1,"equal"
"960601-2389622",0,0,0,0,0,1,1,1,1,0,"equal"
"500321-2240631",1,1,0,0,1,0,0,1,1,1,"equal"
"910512-1441664",0,0,0,0,1,1,1,0,1,0,"equal"
"930926-2115923",0,1,0,1,0,1,0,1,0,1,"equal"
"780422-1183235",0,0,1,0,1,0,1,0,0,1,"equal"
"721019-4001473",0,1,0,1,1,1,0,1,0,1,"equal"
"900807-2118683",0,0,1,0,1,0,1,1,0,1,"equal"
"960227-4607490",0,0,0,1,0,1,0,0,1,1,"equal"
"591027-2102634",1,0,1,1,1,0,1,0,1,0,"equal"
"620801-4644664",0,0,0,1,1,1,1,1,0,1,"equal"
"630326-4757374",0,1,1,0,1,0,1,1,0,0,"equal"
"940618-3407372",1,0,1,0,0,1,0,1,1,1,"equal"
"590202-4513087",1,1,0,0,0,0,1,1,1,1,"equal"
"880721-3774812",0,1,1,1,0,0,0,0,1,1,"equal"
"930209-3254592",0,0,0,0,1,0,0,0,1,1,"equal"
"590226-1208813",0,1,0,0,1,0,1,0,0,0,"equal"
"730209-4133037",1,1,0,0,0,0,0,0,1,1,"equal"
"860722-3213488",1,1,0,0,0,1,1,1,1,0,"equal"
"931223-3207449",1,0,1,0,0,1,0,1,1,1,"equal"
"960219-2533035",1,1,0,0,0,0,1,0,1,1,"equal"
"670918-4137674",1,0,0,0,0,0,0,0,0,1,"equal"
"601216-3500650",0,1,1,0,1,0,0,0,0,0,"equal"
"760117-3691000",1,0,1,1,0,1,0,0,0,0,"equal"
"941120-2954432",1,0,0,0,0,0,0,0,1,1,"equal"
"571118-2063691",1,1,1,1,0,0,1,0,0,0,"equal"
"740210-2332266",0,1,0,1,0,0,0,0,0,0,"equal"
"820422-1820362",0,0,1,0,1,0,1,1,0,1,"equal"
"780802-3838739",1,1,1,0,0,0,0,1,1,0,"equal"
"950725-4973506",1,1,1,0,1,1,1,0,0,0,"equal"
"760122-3997811",1,0,1,0,0,1,0,0,1,1,"equal"
"951213-2047792",0,0,0,1,1,0,0,0,0,1,"equal"
"921018-2720123",0,0,1,0,0,0,0,0,1,1,"equal"
"810219-1657696",1,0,1,1,1,1,1,1,0,0,"equal"
"710410-2792266",1,1,1,1,1,0,1,0,0,1,"equal"
"970508-3414024",1,0,1,0,1,1,0,0,0,0,"equal"
"510126-2243161",1,0,1,0,0,1,0,1,1,1,"equal"
"950328-3870259",1,0,0,0,1,1,0,1,0,0,"equal"
"931101-1025772",1,0,1,0,1,0,1,0,0,1,"equal"
"620802-1725814",1,0,1,1,1,1,1,0,0,1,"equal"
"690325-4273381",1,1,1,1,0,1,1,1,1,0,"equal"
"930123-1830019",0,1,1,1,1,0,0,1,0,0,"equal"
"910228-3693417",0,1,0,0,1,1,0,0,0,0,"equal"
"821127-2119654",0,1,0,1,0,1,0,1,0,1,"equal"
"901026-2119499",0,0,1,0,0,1,0,1,1,0,"equal"
"820105-2259942",1,1,0,1,1,0,0,0,1,0,"equal"
"741105-1087251",0,0,0,0,1,1,1,1,0,0,"equal"
"850321-2650993",0,1,1,0,1,1,1,0,0,1,"equal"
"780511-4537964",1,1,1,1,0,0,1,0,0,1,"equal"
"971014-2585415",0,1,0,1,1,1,0,1,0,0,"equal"
"680906-2333109",1,1,1,0,1,0,1,0,1,0,"equal"
"900827-3874153",1,0,0,1,0,0,1,1,1,0,"equal"
"960713-4290991",1,1,1,1,0,1,1,1,0,0,"equal"
"530213-2052801",0,1,0,0,0,0,1,1,0,1,"equal"
"870127-2254065",0,1,0,1,1,0,1,1,1,0,"equal"
"650604-1196928",0,0,0,0,1,0,1,0,1,0,"equal"
"630725-1752197",0,1,0,1,1,1,0,1,0,1,"equal"
"640604-1284950",0,1,0,0,1,0,0,0,0,1,"equal"
"941118-1423150",0,0,0,0,1,1,0,1,1,1,"equal"
"710114-2499953",1,0,0,0,0,0,0,1,0,0,"equal"
"551105-3983418",1,1,0,1,1,1,0,0,1,1,"equal"
"610501-2001833",1,0,0,1,0,0,1,1,0,0,"equal"
"891027-4960346",1,1,1,1,0,1,1,1,0,0,"equal"
"551124-4968738",0,0,1,1,0,1,0,0,1,1,"equal"
"640412-3799025",0,0,0,0,0,1,1,0,0,0,"equal"
"841016-4580039",0,1,0,0,1,1,1,0,0,1,"equal"
"610511-1516751",1,1,0,1,1,1,0,1,1,1,"equal"
"610714-4944944",1,0,0,1,0,0,1,0,0,1,"equal"
"720712-2665932",0,0,1,1,0,1,0,1,0,1,"equal"
"560427-2716215",1,0,1,1,0,0,0,0,1,0,"equal"
"610613-1927863",0,1,0,1,0,1,1,0,1,0,"equal"
"860526-2694377",0,1,0,0,1,1,0,1,1,1,"equal"
"770819-4226351",0,1,0,0,1,1,1,1,1,1,"equal"
"941103-1475780",0,1,0,1,0,1,1,1,0,0,"equal"
"780416-3478530",1,1,0,1,1,0,0,0,1,1,"equal"
"521127-4395889",0,0,1,0,1,0,0,1,1,1,"equal"
"841105-3871465",0,1,1,0,1,0,0,0,1,1,"equal"
"550211-2736204",1,0,0,0,0,0,0,1,1,0,"equal"
"520326-2734764",1,0,0,0,1,1,0,1,0,0,"equal"
"601222-1581301",0,0,1,1,0,1,1,1,1,0,"equal"
"621005-3926256",0,0,0,1,1,0,0,0,0,1,"equal"
"620226-1153307",0,1,1,0,0,1,1,0,1,1,"equal"
"990919-4491126",0,1,1,0,0,0,0,0,1,1,"equal"
"871003-1516529",0,0,0,1,1,1,0,0,1,0,"equal"
"670504-2332803",1,1,1,0,1,0,1,0,0,0,"equal"
"980520-2336265",0,1,1,0,1,1,1,0,1,0,"equal"
"590807-2502107",1,0,0,1,0,1,0,1,1,1,"equal"
"501127-1267872",1,1,0,0,1,1,0,1,1,1,"equal"
"910723-4769904",0,1,1,1,1,0,1,0,1,0,"equal"
"550619-3055707",0,1,1,1,1,0,0,1,0,1,"equal"
"710428-1042146",0,1,0,0,1,0,1,0,0,1,"equal"
"750614-3580961",1,0,1,0,1,1,0,1,0,1,"equal"
"720418-4663577",0,1,1,1,0,0,1,1,1,1,"equal"
"810515-4241746",1,0,1,1,1,0,1,0,0,1,"equal"
"771020-3296610",1,0,0,0,0,0,0,0,0,1,"equal"
"520615-3651601",1,0,1,1,1,0,1,0,0,1,"equal"
"750602-1647071",0,1,1,0,1,0,0,1,1,1,"equal"
"570705-3570867",0,0,0,1,0,0,0,1,1,1,"equal"
"640124-4078669",1,1,0,1,1,0,0,1,0,0,"equal"
"680826-2737315",0,0,0,1,0,1,1,1,1,1,"equal"
"991214-2696287",0,0,1,0,1,1,0,0,1,0,"equal"
"681212-1083871",1,1,1,1,1,1,0,1,0,1,"equal"
"660910-4793343",1,0,0,0,0,0,1,0,0,1,"equal"
"540513-1555110",1,1,0,1,1,0,1,0,1,1,"equal"
"580303-4600675",0,1,0,0,0,0,0,0,1,1,"equal"
"980417-1401566",0,1,1,0,1,1,1,0,0,0,"equal"
"640525-3794785",0,0,0,1,0,0,1,0,1,1,"equal"
"670619-3146887",0,0,0,0,0,0,0,0,0,1,"equal"
"940724-4165976",0,0,0,1,0,1,1,1,1,0,"equal"
"920428-1368835",1,0,0,1,1,1,1,0,0,1,"equal"
"851011-3462043",1,0,0,0,0,1,1,1,0,1,"equal"
"891212-2503374",1,0,1,1,0,0,1,1,0,1,"equal"
"750122-1295076",0,0,0,1,1,0,1,1,1,0,"equal"
"500304-2503133",0,1,1,1,0,1,0,0,1,0,"equal"
"980215-2216212",1,0,0,0,1,0,0,1,0,0,"equal"
"751217-2574185",0,0,1,0,0,0,0,0,0,0,"equal"
"720310-4276165",0,1,1,0,1,1,1,0,1,0,"equal"
"500519-2290435",0,0,0,0,0,1,0,0,1,0,"equal"
"700210-2922764",1,1,1,0,0,1,0,1,0,1,"equal"
"521121-4977576",0,0,0,1,1,1,0,0,1,0,"equal"
"830628-4526463",1,1,0,1,0,0,0,0,0,1,"equal"
"850401-2564228",1,0,0,0,1,0,1,0,1,1,"equal"
"771018-3915468",1,0,1,0,0,1,0,0,1,1,"equal"
"620317-2585024",1,0,0,0,1,1,1,1,0,1,"equal"
"900123-3828237",1,1,0,1,1,0,1,1,1,1,"equal"
"930614-1779696",1,0,1,0,0,0,1,0,0,0,"equal"
"930110-4195701",0,0,1,0,0,0,0,1,0,1,"equal"
"791112-1400296",0,1,1,0,0,0,0,1,0,1,"equal"
"990805-1933041",0,0,1,1,0,0,0,0,0,0,"equal"
"731003-2035761",1,1,0,1,0,0,0,1,1,0,"equal"
"940404-2871768",1,0,1,0,1,1,1,0,0,0,"equal"
"950423-1508029",0,0,1,0,1,0,0,1,0,1,"equal"
"580313-3643421",0,1,0,0,1,0,1,0,0,1,"equal"
"890110-1813024",0,0,1,0,1,0,1,0,1,1,"equal"
"800213-3012232",0,0,1,0,0,0,1,0,0,1,"equal"
"501119-3950866",0,1,1,0,1,0,1,0,1,0,"equal"
"990320-1402515",0,0,1,1,0,0,1,0,0,0,"equal"
"940502-2962589",0,1,0,1,0,0,1,1,0,0,"equal"
"670919-2825624",0,0,0,1,0,1,1,0,1,0,"equal"
"820604-3028428",1,0,1,0,1,0,1,0,1,1,"equal"
"670902-4384777",1,1,1,1,1,1,0,0,0,0,"equal"
"520128-1323367",1,0,1,0,0,0,0,1,1,0,"equal"
"780722-1730188",1,1,0,0,1,0,0,1,1,0,"equal"
"540310-2880823",1,1,0,1,1,0,0,0,0,0,"equal"
"960403-4779702",0,1,1,0,0,0,1,0,1,1,"equal"
"941221-3902901",0,0,0,1,1,0,1,0,1,1,"equal"
"631101-2330741",0,1,1,1,0,0,1,1,1,0,"equal"
"551208-2138310",0,0,0,1,1,1,1,0,0,0,"equal"
"761028-4864566",0,0,1,0,0,1,1,0,0,1,"equal"
"730226-4543373",0,1,0,0,0,1,1,1,0,0,"equal"
"530511-3196966",1,1,0,0,1,1,0,1,1,0,"equal"
"510603-4138866",1,1,1,1,0,1,1,1,1,1,"equal"
"670305-2486381",1,1,1,0,1,0,1,0,1,0,"equal"
"950223-1268003",0,0,0,0,1,1,1,1,0,1,"equal"
"940811-4860816",0,1,0,0,0,0,1,0,0,1,"equal"
"840914-1867943",0,1,0,0,0,0,0,0,0,0,"equal"
"991207-4219365",1,0,0,1,0,0,0,0,1,1,"equal"
"801119-1508351",1,0,0,0,1,1,1,1,1,1,"equal"
"960121-1188431",1,1,1,1,0,1,0,0,1,1,"equal"
"951003-4375133",0,0,0,0,0,1,0,0,0,1,"equal"
"520523-4045852",1,1,1,0,1,0,0,0,1,1,"equal"
"960511-3816064",0,1,0,0,1,0,0,1,0,0,"equal"
"850324-4987220",0,1,0,1,1,0,1,1,1,0,"equal"
"760205-4984687",1,0,0,1,0,0,1,1,0,1,"equal"
"521211-1843647",0,1,0,0,0,1,1,0,1,0,"equal"
"510117-3200778",0,1,0,1,0,1,0,1,0,1,"equal"
"900817-1519451",1,0,1,0,1,0,1,0,1,0,"equal"
"691208-2998992",1,1,1,0,0,1,0,1,1,1,"equal"
"881223-1239108",0,0,1,0,0,1,1,0,0,1,"equal"
"951101-1969014",0,1,0,1,0,1,0,0,1,1,"equal"
"500820-1894868",0,1,0,0,0,1,1,0,0,0,"equal"
"880705-3160547",0,1,0,1,0,0,0,1,0,0,"equal"
"940606-3702889",1,0,0,1,1,1,1,1,1,0,"equal"
"580622-1392636",1,0,0,0,1,0,0,1,1,0,"equal"
"971103-1983228",0,0,1,0,0,1,0,0,0,0,"equal"
"910220-1724676",1,1,0,1,1,1,0,1,1,0,"equal"
"961028-4755497",1,0,1,0,0,1,0,1,1,0,"equal"
"630413-4095828",0,1,0,1,1,1,1,0,1,0,"equal"
"900413-4772482",0,1,0,1,0,0,0,0,1,1,"equal"
"640728-2581465",0,1,0,0,0,0,0,1,0,0,"equal"
"681124-3301993",1,1,0,0,1,0,1,1,1,1,"equal"
"921109-2913991",0,0,1,0,0,0,1,1,1,0,"equal"
"721210-2290650",0,0,0,0,1,1,0,0,1,0,"equal"
"510414-3336143",1,0,1,1,1,1,1,0,0,1,"equal"
"501123-1305062",1,0,0,1,1,1,1,1,0,1,"equal"
"820618-3557337",1,0,1,0,1,1,0,1,0,1,"equal"
"940316-3732248",0,1,0,0,1,0,0,1,1,0,"equal"
"840222-1973523",1,0,0,0,1,1,1,1,0,0,"equal"
"540811-4088997",1,1,1,0,1,1,0,0,1,0,"equal"
"930712-4926463",1,1,1,1,0,1,1,0,1,1,"equal"
"500411-3518817",0,1,1,0,1,1,0,1,0,0,"equal"
"720710-1658229",0,0,1,0,0,1,0,0,0,0,"equal"
"840611-1020483",1,0,0,0,0,1,0,0,0,1,"equal"
"590404-4444511",0,1,0,1,0,1,1,0,1,1,"equal"
"880319-3975512",1,1,0,0,0,1,1,1,0,0,"equal"
"551227-4402234",0,1,0,0,1,1,1,1,0,1,"equal"
"720408-2427101",1,0,1,1,0,0,0,1,1,1,"equal"
"530118-1985307",0,1,1,0,1,1,0,0,0,0,"equal"
"570908-1988867",0,1,0,1,0,1,1,0,1,1,"equal"
"650908-4473362",0,0,0,0,0,1,1,1,1,1,"equal"
"810727-4669185",0,1,1,0,1,0,0,0,1,0,"equal"
"630122-1400047",0,1,0,0,1,1,1,1,1,0,"equal"
"500516-3017410",0,0,0,0,0,0,1,0,0,1,"equal"
"940306-1875464",1,0,0,0,0,0,1,1,0,0,"equal"
"810502-2027173",0,1,0,1,1,0,1,0,1,0,"equal"
"690925-1439322",1,1,0,0,0,0,0,1,0,1,"equal"
"621008-3983639",1,1,1,0,1,1,0,1,0,0,"equal"
"930507-4611692",1,0,1,0,1,1,1,1,1,1,"equal"
"660516-4986639",0,1,0,0,0,0,0,0,0,1,"equal"
"511210-3482365",0,1,0,1,0,1,0,0,1,0,"equal"
"650112-1089448",0,1,1,1,0,1,1,0,1,1,"equal"
"840111-4134009",0,1,1,0,1,1,1,1,1,0,"equal"
"930425-4120311",1,0,0,0,1,1,0,0,1,0,"equal"
"520624-3108467",0,1,1,1,1,1,1,1,0,0,"equal"
"770521-1996983",1,0,0,0,1,0,0,1,0,1,"equal"
"960527-4473897",0,0,1,1,1,1,0,1,1,1,"equal"
"770717-3266729",0,1,0,1,0,1,0,1,1,0,"equal"
"680902-2552244",1,1,0,1,1,1,1,0,0,0,"equal"
"881217-2647939",1,0,0,1,1,1,0,1,0,0,"equal"
"540206-4668677",1,1,0,1,0,0,1,0,1,1,"equal"
"540222-2215175",1,0,0,0,1,1,1,1,0,1,"equal"
"720312-2678283",0,1,1,1,0,1,0,1,0,0,"equal"
"520628-2132730",1,1,0,0,1,0,0,1,1,1,"equal"
"621124-4647626",1,0,0,1,1,0,0,1,1,0,"equal"
"531121-2549791",1,1,1,1,1,1,0,0,0,1,"equal"
"871111-1626954",1,0,0,1,1,1,1,0,1,0,"equal"
"720417-1461509",1,1,1,1,1,1,1,1,1,1,"equal"
"660413-4566853",0,1,1,0,1,1,0,0,0,0,"equal"
"720811-2415247",1,0,1,0,0,1,0,1,1,1,"equal"
"850702-4079174",0,1,0,1,0,1,1,1,0,1,"equal"
"800525-4080821",0,0,1,1,0,0,0,1,0,0,"equal"
"820524-2827698",0,1,1,1,1,1,0,0,0,0,"equal"
"931215-4688467",1,1,1,1,0,0,1,1,1,0,"equal"
"670324-4408662",0,1,1,0,0,1,0,1,1,1,"equal"
"731212-3998769",1,0,1,1,0,1,0,0,0,1,"equal"
"620612-1457834",1,1,1,0,1,1,1,0,1,0,"equal"
"600403-1853784",1,0,0,0,1,0,0,0,0,0,"equal"
"640426-1714902",1,0,0,1,0,0,0,0,1,1,"equal"
"740318-4048451",1,0,0,0,0,1,1,1,0,1,"equal"
"601205-3947750",1,1,0,1,0,1,1,1,1,0,"equal"
"851216-4281894",0,1,1,1,0,0,1,0,0,0,"equal"
"630101-1742673",0,0,1,1,1,1,1,0,1,0,"equal"
"620217-3271743",0,1,0,0,0,0,0,0,1,0,"equal"
"880520-3366586",1,1,0,0,0,1,1,0,0,0,"equal"
"660106-3175269",1,1,0,1,0,1,1,1,0,1,"equal"
"720218-2062166",0,0,0,1,0,0,1,0,1,0,"equal"
"761116-2656117",0,0,1,1,1,0,0,1,1,0,"equal"
"650822-2073854",0,1,1,1,1,1,1,1,1,1,"equal"
"911215-2792742",0,0,0,0,0,0,0,1,0,0,"equal"
"980806-3937723",0,0,1,1,1,1,0,1,1,1,"equal"
"980206-1467150",0,1,0,1,1,0,1,0,0,0,"equal"
"540427-1585953",1,1,1,1,0,1,0,0,0,1,"equal"
"521214-3197417",0,1,0,0,1,0,1,0,1,1,"equal"
"500609-4123495",0,1,0,1,0,1,1,1,0,1,"equal"
"641014-1934783",0,1,0,0,1,1,1,1,1,1,"equal"
"540917-2345053",0,1,1,0,0,1,0,0,1,1,"equal"
"901111-2370138",0,0,0,0,1,0,0,0,1,1,"equal"
"920125-2003480",1,1,1,0,1,1,0,0,1,0,"equal"
"951024-4480679",1,0,1,0,1,1,1,1,0,0,"equal"
"850506-4614028",0,1,0,1,0,0,1,1,0,0,"equal"
"651110-2202461",0,0,1,0,0,0,0,1,1,1,"equal"
"790318-4467666",1,0,0,0,1,0,1,0,1,0,"equal"
"541020-1868121",1,1,1,0,0,0,0,1,1,0,"equal"
"820613-4226708",1,0,0,1,1,0,1,0,0,0,"equal"
"880817-1369867",1,1,0,1,1,1,1,1,1,1,"equal"
"680427-2987330",1,0,0,1,1,0,0,1,1,1,"equal"
"870814-4727981",0,1,0,0,1,1,0,1,0,0,"equal"
"850409-2197213",0,0,1,1,1,0,1,0,0,1,"equal"
"540422-3678463",1,1,1,1,1,1,0,1,1,0,"equal"
"660224-1386050",1,1,0,0,0,1,1,0,1,1,"equal"
"820516-3198776",0,0,1,1,0,0,1,1,1,1,"equal"
"501023-3474294",0,0,1,1,0,0,1,0,0,1,"equal"
"860514-1251887",0,1,1,1,1,0,1,1,0,1,"equal"
"620224-2127540",0,0,1,1,1,0,1,0,0,1,"equal"
"770109-1288285",1,0,1,0,0,1,1,0,1,0,"equal"
"740915-4845651",0,1,0,0,1,1,0,0,1,1,"equal"
"820704-1720767",0,1,1,0,1,1,1,1,1,0,"equal"
"521209-3692427",1,1,0,0,1,1,1,0,0,1,"equal"
"940818-4752091",0,1,0,0,0,0,0,0,1,1,"equal"
"500401-2097437",1,0,0,1,0,0,1,0,1,0,"equal"
"651019-3394133",1,1,1,1,1,1,0,1,0,0,"equal"
"550727-4380771",1,0,0,0,0,1,1,0,0,0,"equal"
"990618-4752131",0,0,0,0,0,0,0,0,0,0,"equal"
"870216-3995386",0,0,0,0,0,0,1,1,0,1,"equal"
"850203-4391696",0,1,1,1,0,0,0,1,1,1,"equal"
"811124-1275715",0,1,1,0,1,0,1,0,0,0,"equal"
"930706-1248720",1,1,0,1,0,1,1,0,0,0,"equal"
"560809-4195413",0,0,1,1,0,1,1,0,1,0,"equal"
"670821-4306051",1,1,1,0,1,1,0,0,1,1,"equal"
"821016-4464731",1,1,0,1,0,0,1,0,0,0,"equal"
"761107-3145041",1,0,0,1,0,0,0,1,1,0,"equal"
"641218-2026114",1,0,1,0,1,0,0,1,1,0,"equal"
"890317-4714069",1,0,0,0,1,1,0,1,1,1,"equal"
"700604-4330170",1,1,0,0,1,1,1,1,1,1,"equal"
"660418-3766021",0,0,0,0,1,0,1,0,0,1,"equal"
"851006-1613212",1,1,0,0,0,1,1,1,0,0,"equal"
"690804-2294657",0,0,0,0,1,1,1,0,0,0,"equal"
"560303-4299468",0,1,1,1,1,0,1,1,0,1,"equal"
"720308-4195103",0,1,0,0,0,0,0,1,1,1,"equal"
"920803-4083525",0,1,0,1,1,1,1,0,1,1,"equal"
"730110-1170178",1,1,0,0,0,0,1,1,0,0,"equal"
"930910-2021650",0,1,1,1,1,0,1,1,1,1,"equal"
"890406-4697959",1,1,0,0,1,0,0,1,1,0,"equal"
"720407-1053639",1,0,1,1,1,1,1,0,0,1,"equal"
"860209-2974273",1,0,1,1,0,0,1,0,1,0,"equal"
"901026-4969338",0,0,1,1,1,1,0,1,0,1,"equal"
"561211-2215863",1,1,1,0,0,1,1,1,0,1,"equal"
"540618-2573471",1,1,1,1,0,1,0,0,0,1,"equal"
"631217-1347111",1,0,0,0,1,0,0,0,1,0,"equal"
"501218-2431049",1,1,1,0,1,1,0,1,0,1,"equal"
"510717-4539187",0,1,0,0,1,1,1,1,1,0,"equal"
"560908-2893543",1,0,1,0,0,1,1,1,0,1,"equal"
"941225-3185917",0,0,1,0,0,0,0,0,0,0,"equal"
"790512-4989288",0,0,0,0,1,1,1,1,0,0,"equal"
"760119-1749533",0,0,0,0,1,0,0,1,1,0,"equal"
"800201-1695610",1,0,0,1,1,1,1,0,0,0,"equal"
"780202-2582725",1,1,0,1,0,0,0,1,1,0,"equal"
"840525-3715777",0,1,0,0,1,0,1,0,1,1,"equal"
"810901-1960780",1,1,1,0,0,1,1,1,0,1,"equal"
"610309-3724628",0,1,0,1,0,0,1,1,0,0,"equal"
"761005-4239274",1,0,1,1,1,1,0,0,0,0,"equal"
"831125-4562798",1,0,0,1,1,1,0,1,0,0,"equal"
"930406-2639798",0,0,0,1,1,0,0,0,1,1,"equal"
"690215-4816571",0,1,0,1,0,0,1,0,1,0,"equal"
"580603-3399045",0,0,0,0,0,1,1,1,1,1,"equal"
"720502-1548981",0,0,1,0,0,0,0,1,1,0,"equal"
"891118-4938020",0,1,0,0,0,1,1,0,1,1,"equal"
"950626-2032830",1,0,0,0,1,0,0,0,1,0,"equal"
"551005-1640115",1,0,0,0,0,1,0,1,1,1,"equal"
"520503-3070063",1,1,1,0,0,1,0,1,1,0,"equal"
"990928-1141124",0,1,1,1,0,1,1,0,1,0,"equal"
"571209-3115694",0,0,0,0,0,1,1,1,0,0,"equal"
"770511-3470765",1,0,1,0,0,0,1,1,0,1,"equal"
"770923-4554132",1,0,1,1,0,0,0,1,0,1,"equal"
"780907-2767429",1,1,1,0,1,0,0,0,0,0,"equal"
"831107-3263622",0,1,1,1,1,0,1,0,1,1,"equal"
"880502-4461523",0,1,0,0,0,1,0,1,1,1,"equal"
"541103-2295290",1,1,0,0,1,0,0,0,0,0,"equal"
"710910-4389776",1,1,0,0,1,0,1,0,0,1,"equal"
"940718-2563761",1,1,1,0,0,1,0,0,1,1,"equal"
"520518-3545471",0,1,0,0,1,1,0,1,1,0,"equal"
"940608-3621388",1,0,1,1,0,0,0,1,0,0,"equal"
"980105-3128564",1,0,0,1,0,0,0,1,0,1,"equal"
"661123-1040292",1,0,0,0,1,1,1,0,1,1,"equal"
"721004-4046317",1,0,0,1,0,0,0,0,1,0,"equal"
"930820-4132653",0,0,0,1,1,0,0,1,1,0,"equal"
"560511-2898025",1,0,0,0,1,1,1,1,0,0,"equal"
"560924-4027385",1,1,0,1,0,0,0,0,0,1,"equal"
"510319-2235155",0,1,1,0,0,1,0,0,1,0,"equal"
"880126-2887712",0,1,0,1,0,0,0,0,1,0,"equal"
"670125-3155897",1,0,0,0,1,0,0,1,1,0,"equal"
"661027-4994377",1,0,0,1,0,1,1,1,0,0,"equal"
"990522-3833551",0,1,1,0,0,0,1,1,1,1,"equal"
"900728-1947581",1,0,1,0,1,1,0,0,1,1,"equal"
"880508-1823001",1,1,1,1,1,1,1,0,0,1,"equal"
"580417-1569541",0,0,0,0,0,1,1,0,0,1,"equal"
"740825-3447868",1,1,1,0,0,0,0,1,1,0,"equal"
"851116-4804183",0,1,1,0,0,0,1,0,0,0,"equal"
"800203-4841873",0,0,0,0,1,0,0,0,0,1,"equal"
"760626-1955326",1,0,1,0,1,0,1,0,0,1,"equal"
"521012-1691953",0,1,1,0,1,1,1,1,1,0,"equal"
"991214-1599456",1,1,1,0,1,1,1,0,1,1,"equal"
"670719-3829029",1,0,1,0,0,1,0,0,0,0,"equal"
"850411-1501621",0,1,1,1,1,1,1,1,1,1,"equal"
"530920-1782169",0,1,0,0,0,0,1,0,0,1,"equal"
"640516-4028682",0,0,1,1,0,1,1,0,1,1,"equal"
"721010-4100377",0,1,0,0,1,0,1,1,1,0,"equal"
"960612-2290163",0,1,1,0,0,1,1,0,0,0,"equal"
"650517-2567435",0,0,1,1,1,1,1,1,1,0,"equal"
"900416-2788695",1,0,1,1,1,0,0,0,0,1,"equal"
"681206-2110965",0,1,0,0,0,0,1,0,1,1,"equal"
"950727-1098883",1,0,1,0,1,0,1,1,0,1,"equal"
"750926-3420203",0,1,0,0,0,1,1,1,0,1,"equal"
"560506-3283316",0,0,1,1,1,1,0,0,0,1,"equal"
"680809-3816092",1,1,1,0,0,1,1,0,1,1,"equal"
"590702-2216371",1,1,1,0,0,0,0,1,0,0,"equal"
"941201-1156467",0,1,0,1,1,0,0,0,0,1,"equal"
"910109-3261259",0,1,1,0,1,0,1,1,0,0,"equal"
"881227-2656225",0,0,0,0,0,0,0,0,1,0,"equal"
"880110-2048383",0,0,1,1,1,1,1,0,1,0,"equal"
"971217-3098895",0,1,0,0,0,1,0,0,1,1,"equal"
"560807-3516144",1,1,1,1,1,0,1,0,1,0,"equal"
"980712-2027242",1,0,1,0,1,0,0,0,0,1,"equal"
"990123-3699658",0,1,0,1,0,1,0,1,0,0,"equal"
"720409-3190379",0,1,1,1,1,1,0,0,0,0,"equal"
"630913-1144210",0,0,0,0,1,0,0,0,1,0,"equal"
"700818-4976611",0,0,1,1,0,1,0,1,1,1,"equal"
"861108-1461989",0,0,0,0,0,0,1,0,1,1,"equal"
"701026-4241053",1,0,0,0,1,1,1,0,1,0,"equal"
"690918-2324937",0,0,1,1,0,0,1,0,1,0,"equal"
"870723-1796354",1,1,0,0,0,1,0,0,0,0,"equal"
"750911-1557009",0,0,1,0,1,1,0,1,1,0,"equal"
"661106-3704113",1,1,1,0,0,0,1,1,1,1,"equal"
"710701-4099632",1,1,0,0,0,0,1,1,0,1,"equal"
"550704-3362193",0,1,1,1,0,1,1,0,0,1,"equal"
"720314-1764150",0,0,0,0,1,1,1,0,1,0,"equal"
"810212-2385717",0,1,1,1,0,0,0,0,1,0,"equal"
"720310-4188376",0,0,0,1,1,1,0,0,0,1,"equal"
"561017-1636041",1,1,0,0,1,0,1,0,0,1,"equal"
"670709-1668261",0,1,0,0,1,0,0,1,0,1,"equal"
"570707-3476328",1,0,0,1,1,0,0,0,1,0,"equal"
"790409-2123279",1,1,0,1,0,1,0,0,1,1,"equal"
"770104-2532137",1,0,1,0,0,1,0,1,1,0,"equal"
"880809-1406725",1,0,1,1,1,1,0,0,0,1,"equal"
"640513-3459902",0,1,1,1,1,1,0,0,1,0,"equal"
"621002-2157145",0,0,1,0,0,1,1,1,1,1,"equal"
"901006-2073552",1,0,1,0,0,1,1,0,1,0,"equal"
"520407-4120703",1,1,0,1,1,1,0,0,0,1,"equal"
"910125-2873109",1,0,0,1,1,0,0,1,1,1,"equal"
"830515-4860412",1,1,0,0,1,0,1,0,1,0,"equal"
"990628-4740909",1,1,1,1,1,1,0,1,0,0,"equal"
"630223-1857234",1,1,1,0,1,0,0,1,1,1,"equal"
"660219-2080402",0,1,1,1,1,1,0,0,1,1,"equal"
"881227-4947448",1,1,0,1,0,0,0,1,1,0,"equal"
"660512-3142391",0,0,0,1,1,1,0,0,0,0,"equal"
"730417-2954626",1,1,1,0,0,1,0,0,0,0,"equal"
"931214-3948518",0,0,1,1,1,1,1,0,0,1,"equal"
"801224-2728813",1,0,0,0,1,0,1,1,0,0,"equal"
"820523-4880611",1,0,0,1,0,1,0,0,0,0,"equal"
"670728-1955271",1,0,1,0,0,1,1,1,1,1,"equal"
"560427-4759047",0,1,0,0,1,0,0,1,1,1,"equal"
"811212-1190874",0,1,1,1,0,0,0,0,0,0,"equal"
"920627-4587269",0,0,0,1,0,1,0,0,1,1,"equal"
"920920-2522182",1,1,1,0,0,1,1,1,1,1,"equal"
"570426-3580656",1,1,1,0,0,1,1,0,1,0,"equal"
"630506-1836762",1,1,0,0,0,1,1,0,1,1,"equal"
"581123-1258916",0,0,0,1,0,0,0,0,1,0,"equal"
"960301-2744832",1,0,0,0,1,0,0,1,1,1,"equal"
"561123-1790292",0,1,1,1,1,0,1,1,1,0,"equal"
"620402-4450595",0,1,0,0,0,0,1,1,0,0,"equal"
"500711-4480318",1,1,0,1,1,1,0,0,0,0,"equal"
"760602-4121761",1,0,1,0,1,1,0,1,0,0,"equal"
"760718-2306827",0,0,1,1,1,0,1,0,0,0,"equal"
"530214-1573195",0,0,1,1,0,1,0,1,0,0,"equal"
"940501-1613241",1,1,1,0,0,0,1,0,1,0,"equal"
"731006-4595566",1,1,0,1,0,0,1,0,0,1,"equal"
"980406-1148920",0,1,0,0,1,0,0,0,0,1,"equal"
"670921-1305030",1,0,0,1,0,0,0,0,0,0,"equal"
"570209-1654738",0,0,1,1,0,0,1,0,1,1,"equal"
"771224-1306703",1,1,1,0,1,1,1,0,1,0,"equal"
"920325-4239008",1,0,0,0,1,1,1,1,0,0,"equal"
"640908-1537114",1,1,0,0,1,1,1,1,1,1,"equal"
"861018-2555903",1,0,1,1,0,1,1,1,0,1,"equal"
"631213-2087185",0,1,0,0,0,1,0,0,0,0,"equal"
"540608-1064343",0,0,1,0,1,1,0,1,1,1,"equal"
"520628-2072847",0,1,1,0,0,1,0,1,0,1,"equal"
"541108-2815781",1,0,0,1,1,0,1,0,1,0,"equal"
"920428-4627506",1,0,0,0,0,1,1,1,0,1,"equal"
"950616-3162119",1,0,1,1,1,0,1,1,1,0,"equal"
"570324-3281757",0,1,1,1,1,1,0,1,1,1,"equal"
"991201-4440243",0,1,0,0,0,0,0,1,0,1,"equal"
"991019-1015016",0,1,0,0,1,0,1,1,1,0,"equal"
"680906-3405335",1,1,1,0,0,1,1,1,1,0,"equal"
"611216-2732546",0,0,1,1,1,0,0,0,0,0,"equal"
"960816-2847952",0,0,1,0,0,1,1,1,1,0,"equal"
"510705-1621673",0,0,0,0,1,1,1,1,0,1,"equal"
"500502-2514417",0,0,1,0,1,1,1,1,0,1,"equal"
"701122-4421153",1,0,0,1,0,0,1,1,1,0,"equal"
"770322-4011868",1,0,0,0,0,0,0,1,1,0,"equal"
"700607-3767833",1,0,0,0,1,0,1,0,0,0,"equal"
"500318-3666188",1,0,0,1,1,1,1,1,1,0,"equal"
"580108-2243388",0,0,0,0,1,0,1,0,1,0,"equal"
"651125-2383564",1,1,0,0,0,0,0,0,1,1,"equal"
"640210-3842815",1,1,1,0,1,1,0,1,0,1,"equal"
"591210-4931601",0,1,1,0,1,1,0,1,1,1,"equal"
"890907-3296608",1,0,0,1,0,0,1,0,0,0,"equal"
"920508-3023881",1,1,0,0,1,1,0,1,0,0,"equal"
"670218-3850460",0,0,0,1,1,0,1,1,0,0,"equal"
"700526-3853998",0,1,1,0,1,1,1,0,0,0,"equal"
"910915-3959825",1,0,1,0,1,0,1,1,0,0,"equal"
"671210-3432581",0,0,0,0,1,0,0,1,0,1,"equal"
"760814-1173383",0,0,1,1,1,1,0,0,1,1,"equal"
"980706-1074039",0,0,0,1,1,1,0,0,1,0,"equal"
"761105-4158810",1,0,1,1,0,0,0,1,0,1,"equal"
"520211-4362501",1,1,1,1,0,0,0,1,1,0,"equal"
"720612-3737913",0,1,1,0,0,0,1,0,0,0,"equal"
"650608-1677231",0,0,0,0,1,0,1,1,1,0,"equal"
"860806-1565772",0,1,0,0,0,1,1,1,1,1,"equal"
"721211-3181380",0,1,1,0,1,1,0,1,0,0,"equal"
"811010-2666248",0,0,1,1,0,0,0,0,1,0,"equal"
"991020-2111207",0,1,1,0,0,0,0,1,1,1,"equal"
"920108-1113968",1,1,1,0,0,1,1,0,1,1,"equal"
"800610-4431340",0,1,1,0,1,0,1,0,0,0,"equal"
"650111-1951498",1,0,1,0,1,1,1,0,0,0,"equal"
"690119-2727865",0,1,1,1,0,0,1,1,0,1,"equal"
"770603-1156707",1,0,1,0,0,1,1,1,1,0,"equal"
"660324-3394445",1,1,1,0,1,1,0,1,1,1,"equal"
"540512-1285213",0,0,1,0,1,0,1,0,1,0,"equal"
"960702-1343696",1,1,0,0,1,1,0,0,1,1,"equal"
"740812-2136385",0,1,1,1,0,1,1,0,1,0,"equal"
"890212-3160743",1,0,1,1,0,1,1,1,1,1,"equal"
"830411-4668097",0,0,0,0,0,1,0,0,1,1,"equal"
"531210-2950923",1,1,1,1,0,1,1,1,1,1,"equal"
"920503-4592524",0,1,1,1,1,1,1,1,1,0,"equal"
"590909-3107598",1,1,1,1,1,0,1,1,1,1,"equal"
"570617-3293053",1,1,0,0,1,0,0,0,0,0,"equal"
"840704-4034152",1,0,1,1,1,0,0,0,1,1,"equal"
"880814-2788266",0,0,0,0,1,0,1,0,1,1,"equal"
"541007-1191391",1,1,1,0,0,0,1,1,0,1,"equal"
"710904-4118301",1,1,0,1,0,1,0,1,1,1,"equal"
"881113-2120742",0,1,0,1,0,1,1,0,1,1,"equal"
"570801-2221633",0,1,0,0,0,0,0,0,1,0,"equal"
"831204-2231168",0,1,1,1,0,1,0,1,1,1,"equal"
"670416-1289628",0,1,1,1,0,1,1,1,1,0,"equal"
"750914-1352006",1,1,0,0,1,1,1,0,1,0,"equal"
"500104-1834839",0,0,1,1,0,1,0,1,1,0,"equal"
"670510-1231221",1,1,1,0,1,1,0,0,0,0,"equal"
"900727-2500445",0,1,1,0,0,1,1,1,1,1,"equal"
"930920-3496303",1,0,1,0,0,1,1,1,1,0,"equal"
"661103-3006653",1,0,1,0,1,0,0,1,1,1,"equal"
"881008-2908569",1,1,1,0,1,0,0,1,0,1,"equal"
"631002-2660156",1,0,1,1,1,0,1,1,0,1,"equal"
"550516-2259965",1,0,0,0,0,0,1,1,0,0,"equal"
"510206-2652953",1,0,1,1,1,1,1,1,1,0,"equal"
"650918-2344750",1,0,0,1,0,1,0,1,1,0,"equal"
"820403-3240368",0,0,1,1,1,1,0,0,0,0,"equal"
"750723-2667861",0,0,1,0,1,1,1,0,1,1,"equal"
"940708-3520408",1,1,1,0,0,0,1,0,0,1,"equal"
"500809-2159107",1,0,0,1,1,1,1,1,0,1,"equal"
"830112-4291282",1,1,1,1,0,1,1,1,1,1,"equal"
"620912-4624860",1,1,1,0,1,1,1,1,0,0,"equal"
"500722-1264401",1,0,1,0,1,0,0,0,1,1,"equal"
"930207-2179930",1,0,1,1,1,1,1,1,0,1,"equal"
"830624-2614931",0,1,0,0,1,0,1,1,1,1,"equal"
"870325-2038363",0,1,1,0,0,1,1,1,1,0,"equal"
"710119-1729239",1,0,0,1,1,0,1,1,1,1,"equal"
"660224-1361713",1,0,1,0,0,0,0,0,1,0,"equal"
"831213-2541475",0,0,0,1,0,1,0,1,0,1,"equal"
"831108-4067528",1,1,0,1,1,0,1,1,0,1,"equal"
"940721-4802115",0,1,1,0,0,1,1,0,0,1,"equal"
"650314-1119049",1,1,0,1,0,1,0,1,1,1,"equal"
"700320-1334529",0,0,1,1,1,0,0,1,0,0,"equal"
"811021-3963329",1,1,1,0,1,0,0,0,0,1,"equal"
"750628-1720664",0,1,1,1,0,0,1,0,0,0,"equal"
"671110-4490814",0,0,1,0,1,1,1,1,0,0,"equal"
"820620-1871304",0,0,1,0,0,0,1,0,1,0,"equal"
"511007-2630420",1,0,1,0,0,1,0,0,1,1,"equal"
"520113-3712290",1,0,0,1,0,1,1,1,1,1,"equal"
"570408-4209095",0,0,0,0,1,1,0,0,0,1,"equal"
"980411-3816608",0,1,1,1,1,1,0,0,0,1,"equal"
"670612-1085148",1,1,1,1,1,0,1,1,0,1,"equal"
"570613-1847655",1,1,0,1,0,1,1,1,0,1,"equal"
"560322-2020511",1,0,1,1,1,1,0,0,1,1,"equal"
"500828-4786440",1,0,0,1,1,0,0,0,1,1,"equal"
"640421-3237095",0,0,1,1,0,0,1,1,0,0,"equal"
"591027-1945344",0,1,1,0,1,1,0,1,0,1,"equal"
"610507-2154405",1,0,0,0,0,1,0,0,1,0,"equal"
"780918-2293013",0,1,1,0,0,1,0,0,0,1,"equal"
"680411-2611229",0,1,1,1,0,1,0,1,1,0,"equal"
"720116-3342757",1,0,1,0,0,0,1,0,0,1,"equal"
"790807-3504674",0,0,0,0,1,1,1,1,0,1,"equal"
"960207-1690017",1,0,0,0,0,0,0,0,0,1,"equal"
"820717-4103404",0,1,1,1,1,0,1,0,0,1,"equal"
"990909-3806076",1,0,0,1,1,1,1,0,0,0,"equal"
"610802-2863596",0,1,1,0,0,0,1,1,0,0,"equal"
"780527-3544542",1,1,1,1,0,1,1,1,0,0,"equal"
"510524-4582400",0,1,0,1,1,0,0,0,1,1,"equal"
"671003-3486098",1,0,1,1,0,1,1,1,1,0,"equal"
"700111-3810115",1,0,1,1,1,0,1,0,1,1,"equal"
"600825-2120479",0,0,1,1,0,1,0,0,1,0,"equal"
"530628-4196105",1,0,1,0,0,0,0,0,1,1,"equal"
"840322-3274803",1,1,0,0,0,1,1,0,1,0,"equal"
"540302-4794569",0,1,0,1,1,1,1,0,0,1,"equal"
"980615-3963757",0,1,0,1,1,0,0,0,1,1,"equal"
"991204-4339730",0,1,0,1,0,1,0,1,1,0,"equal"
"860808-2609773",1,0,0,0,0,1,0,0,0,0,"equal"
"691108-4392002",0,0,1,0,0,0,0,0,0,0,"equal"
"690107-3703823",0,0,0,0,0,1,1,0,0,0,"equal"
"890113-3949851",1,1,1,0,1,0,1,0,1,0,"equal"
"690921-2624118",0,1,0,1,1,1,1,1,1,0,"equal"
"660416-2856495",0,1,1,0,0,0,1,1,0,1,"equal"
"990611-2179362",0,0,0,0,0,0,0,0,1,0,"equal"
"940614-4562634",0,0,1,1,1,0,0,0,1,0,"equal"
"850818-2386308",1,1,1,0,1,1,0,1,1,1,"equal"
"681214-1188026",1,1,0,1,1,1,0,0,1,0,"equal"
"910126-2749750",0,0,0,1,1,0,0,0,0,1,"equal"
"950307-2298689",1,1,1,1,1,1,0,0,0,1,"equal"
"571209-3954758",1,0,1,0,1,1,0,0,0,1,"equal"
"570609-1563832",1,1,0,0,1,1,1,0,0,1,"equal"
"520509-3813973",0,0,0,1,0,1,0,0,0,0,"equal"
"960128-1676452",0,0,0,1,0,0,1,0,1,0,"equal"
"810909-3586496",0,0,1,1,0,1,0,1,0,1,"equal"
"931201-1059545",1,1,1,1,1,0,1,0,1,0,"equal"
"680307-3931663",0,0,0,0,0,0,0,1,0,1,"equal"
"981102-2150658",1,1,1,1,1,0,0,1,1,1,"equal"
"720925-4117022",1,1,0,0,1,0,0,1,0,1,"equal"
"560605-4511081",1,0,0,1,1,0,1,0,0,0,"equal"
"930908-2081801",0,1,1,1,1,1,0,0,0,1,"equal"
"890104-1541519",1,0,0,0,1,0,1,0,0,0,"equal"
"641210-3361638",1,0,0,1,0,0,1,1,0,0,"equal"
"661102-1009927",1,0,1,0,0,1,0,0,1,1,"equal"
"890116-3070287",1,1,1,0,0,1,0,0,1,1,"equal"
"640520-1149472",0,1,0,0,1,0,0,0,0,1,"equal"
"950513-4815133",1,0,1,0,1,1,0,1,1,0,"equal"
"661204-4788270",0,1,0,1,1,0,1,1,1,0,"equal"
"850910-4807329",1,1,1,0,0,1,1,1,0,1,"equal"
"960705-3408146",0,1,0,0,1,1,1,1,0,0,"equal"
"670104-3002827",0,0,0,1,1,0,1,0,1,0,"equal"
"760821-1314738",1,1,0,1,0,0,0,0,1,1,"equal"
"680619-2914131",0,1,0,0,0,0,0,1,0,0,"equal"
"600913-2985560",1,1,0,1,0,1,0,1,0,1,"equal"
"900717-2904808",1,1,1,1,1,0,1,1,1,0,"equal"
"710621-1477594",1,1,1,1,0,1,0,0,1,0,"equal"
"511203-1926253",1,0,0,0,0,0,1,1,0,1,"equal"
"960102-1377157",1,1,0,1,1,1,0,0,1,1,"equal"
"571120-4742234",1,1,0,1,0,1,0,1,1,0,"equal"
"950215-3717295",1,1,1,1,1,1,0,0,1,1,"equal"
"860208-4213010",0,0,1,1,1,0,1,0,1,0,"equal"
"960523-1715121",1,0,1,0,0,1,1,1,0,1,"equal"
"960217-4508361",1,0,1,0,0,0,0,0,0,0,"equal"
"720926-2188772",1,1,1,1,1,1,0,1,0,1,"equal"
"741219-1853270",1,1,1,0,0,0,1,0,0,1,"equal"
"810414-2517832",1,1,0,1,1,0,0,1,1,1,"equal"
"530518-3117735",1,1,0,1,0,0,0,0,1,1,"equal"
"631011-4736958",1,1,0,0,1,0,0,0,0,1,"equal"
"541027-3886942",1,0,1,1,0,0,1,0,1,1,"equal"
"630201-3486614",1,0,0,1,1,1,0,1,1,0,"equal"
"910418-4008767",0,1,1,1,1,0,0,1,0,0,"equal"
"900409-2910089",0,1,1,1,1,1,1,0,0,1,"equal"
"801110-3865073",1,1,0,0,1,1,1,1,0,0,"equal"
"960523-2199431",0,0,0,1,0,1,0,0,0,0,"equal"
"520905-4644501",0,0,1,1,0,1,0,1,1,0,"equal"
"640604-1318054",0,1,1,0,1,0,1,1,0,1,"equal"
"980319-1139685",1,1,0,1,0,0,1,0,1,0,"equal"
"670726-3826272",1,0,1,0,1,1,0,0,1,1,"equal"
"931128-2608036",1,0,0,0,1,0,0,0,1,0,"equal"
"530903-2714841",1,0,0,1,0,0,0,1,1,0,"equal"
"700219-4663441",0,0,0,1,0,1,0,1,0,1,"equal"
"980219-2602924",0,0,0,1,1,1,0,0,1,0,"equal"
"850210-4576147",1,0,1,0,1,1,0,0,0,1,"equal"
"690115-3486861",0,1,1,0,0,0,0,0,1,1,"equal"
"540201-4354303",1,1,0,0,1,0,1,0,1,1,"equal"
"930314-4872910",0,0,1,0,0,0,1,0,0,1,"equal"
"731224-2292068",0,1,1,1,0,0,1,0,1,1,"equal"
"890301-3595238",1,0,0,0,1,0,0,1,0,1,"equal"
"631101-2759553",0,1,1,0,1,1,1,1,1,0,"equal"
"801109-1144992",0,1,0,1,1,0,1,0,0,1,"equal"
"960427-3209609",1,1,0,1,0,1,1,1,1,1,"equal"
"990904-3003358",1,0,1,0,0,0,0,1,1,0,"equal"
"640822-1969061",0,0,1,0,0,1,1,0,1,1,"equal"
"991226-4006468",1,1,1,1,0,1,1,1,0,1,"equal"
"670408-4785884",0,0,0,1,0,1,1,1,0,0,"equal"
"820304-3512477",1,0,1,1,0,0,1,0,1,0,"equal"
"571104-3014681",0,0,1,1,1,1,1,1,0,0,"equal"
"831206-1284434",0,0,1,1,1,0,0,0,1,1,"equal"
"620112-3960597",0,1,0,0,1,1,0,1,1,1,"equal"
"520802-2703441",1,1,0,1,0,0,1,1,1,1,"equal"
"640304-3611924",1,0,0,0,1,0,0,0,0,1,"equal"
"881119-3954065",1,0,0,0,0,0,0,1,0,0,"equal"
"950707-3225803",1,0,0,0,0,0,0,0,1,0,"equal"
"730401-3837426",0,0,1,1,0,1,0,0,0,0,"equal"
"750122-3577918",0,1,0,1,1,0,1,1,0,1,"equal"
"951020-4585863",1,0,0,1,0,0,0,0,0,0,"equal"
"611003-1339748",1,0,0,0,1,0,0,0,0,1,"equal"
"980923-3897364",0,0,1,1,0,0,0,0,1,1,"equal"
"890813-4025774",0,1,0,1,1,0,0,1,0,0,"equal"
"851226-3924267",0,1,0,0,1,0,0,0,0,0,"equal"
"590115-3116701",1,1,0,0,1,0,1,1,1,0,"equal"
"660606-1308838",0,0,0,1,1,1,0,0,1,0,"equal"
"610910-3205665",0,1,0,0,1,1,0,1,0,1,"equal"
"520525-2639124",0,1,0,0,1,0,0,1,0,0,"equal"
"530427-4004417",0,0,0,0,1,1,0,0,0,1,"equal"
"811219-4365668",0,0,1,0,0,0,1,1,0,1,"equal"
"921015-4700146",0,1,0,0,0,1,1,0,1,1,"equal"
"540509-2770047",1,1,0,0,0,0,1,0,0,1,"equal"
"770120-3995785",1,1,0,1,0,1,0,0,0,0,"equal"
"660225-3577358",1,1,1,1,0,0,1,0,1,1,"equal"
"570603-2216792",1,0,0,0,0,1,0,0,1,1,"equal"
"520608-1486205",0,0,1,0,0,1,0,0,0,1,"equal"
"930909-2721318",0,0,1,1,1,1,0,0,0,0,"equal"
"760501-2863878",0,1,1,0,1,0,1,1,1,1,"equal"
"570318-4365719",0,0,0,0,1,1,0,1,1,1,"equal"
"781124-4206078",0,1,0,0,1,1,0,1,1,0,"equal"
"700505-4583805",1,1,0,1,0,1,0,0,1,0,"equal"
"721202-3276701",0,1,1,0,1,1,1,1,0,1,"equal"
"590722-1778787",1,1,1,0,1,0,1,0,0,0,"equal"
"570315-2632755",1,0,0,0,0,1,1,0,0,1,"equal"
"900310-2404360",1,0,0,1,1,0,1,1,1,1,"equal"
"900727-3605310",0,1,0,1,1,1,0,0,0,1,"equal"
"700617-1304832",1,0,0,1,0,0,0,1,0,0,"equal"
"610828-1719437",0,1,0,1,0,1,0,1,0,0,"equal"
"550402-2287479",1,0,1,1,0,0,0,0,1,0,"equal"
"850808-2713879",0,0,1,0,0,0,0,0,1,0,"equal"
"740703-4197699",1,1,1,1,0,0,1,1,0,1,"equal"
"591001-3565525",1,1,0,0,1,1,1,1,0,1,"equal"
"740627-4146175",0,0,0,1,0,1,0,0,0,1,"equal"
"610810-1993179",1,0,0,1,1,0,0,1,1,1,"equal"
"691227-3928649",1,1,0,0,1,0,1,0,1,0,"equal"
"900105-3905681",1,1,1,1,1,0,0,0,1,0,"equal"
"600714-3960100",0,0,1,1,1,1,0,0,0,1,"equal"
"890227-2953392",1,1,0,0,1,1,0,1,1,0,"equal"
"931214-3366203",1,1,1,1,1,0,1,0,1,0,"equal"
"780912-2216546",1,0,0,1,1,0,0,0,1,1,"equal"
"700409-4503190",1,0,0,1,1,0,1,0,1,0,"equal"
"940712-2663265",0,0,1,0,0,1,0,1,1,1,"equal"
"621221-1963971",0,1,1,0,0,1,1,0,1,0,"equal"
"801213-2648570",0,0,0,0,0,0,1,1,1,0,"equal"
"790802-1863634",0,0,1,1,0,1,0,1,1,0,"equal"
"660428-3176336",0,0,1,0,0,1,1,0,0,1,"equal"
"991116-3013293",1,1,0,1,1,0,1,1,1,0,"equal"
"741203-1157548",0,0,0,0,1,0,0,1,0,0,"equal"
"920403-1513487",1,0,1,0,0,0,0,0,1,0,"equal"
"880306-3014270",1,0,0,0,0,0,0,0,0,0,"equal"
"840917-1937914",0,1,1,1,1,0,0,1,0,1,"equal"
"550806-4850165",1,0,1,1,1,0,0,1,1,0,"equal"
"560809-2531592",0,1,1,0,1,0,1,0,0,1,"equal"
"640617-1280688",0,0,1,1,0,1,1,0,1,0,"equal"
"600606-1973994",0,0,0,1,1,1,1,0,1,1,"equal"
"590612-1785671",0,0,1,1,1,0,1,1,0,1,"equal"
"551004-3374015",0,1,0,1,1,0,1,0,0,0,"equal"
"550405-3492711",1,1,0,1,1,0,0,1,1,1,"equal"
"641105-4492519",1,1,0,0,0,1,0,0,0,1,"equal"
"960718-4270408",1,0,1,1,1,0,0,0,0,1,"equal"
"970205-1386916",1,1,0,1,1,0,0,1,1,1,"equal"
"960124-1668409",1,1,0,0,1,0,1,0,0,1,"equal"
"900524-2608174",0,1,1,0,0,0,1,1,1,1,"equal"
"770525-3742864",1,0,1,1,1,0,0,0,1,0,"equal"
"660122-4540126",1,1,1,0,1,1,0,0,0,1,"equal"
"680607-3249242",0,0,0,1,0,1,0,1,1,1,"equal"
"690705-2211697",1,0,0,1,1,1,0,0,1,0,"equal"
"840225-4959956",1,1,0,1,0,1,0,1,0,0,"equal"
"741119-2025227",0,1,0,0,1,1,1,0,1,1,"equal"
"810613-3048308",0,1,1,0,0,0,1,0,0,1,"equal"
"530304-4866597",0,1,0,0,0,1,0,1,0,1,"equal"
"800915-1985002",1,0,1,1,1,1,0,1,1,0,"equal"
"950816-4068973",0,0,1,0,1,0,0,0,0,0,"equal"
"840122-4199015",0,1,1,1,0,1,0,1,1,1,"equal"
"881107-3943802",0,0,1,0,0,1,0,1,0,0,"equal"
"660225-2434379",1,1,0,0,1,1,0,1,0,0,"equal"
"930426-3367505",0,1,0,0,1,1,0,0,1,1,"equal"
"990522-1378305",0,0,0,1,0,0,0,1,0,0,"equal"
"900307-2637473",1,0,1,0,1,0,0,0,1,0,"equal"
"640514-2585806",1,1,1,1,0,1,0,1,0,1,"equal"
"560125-1485942",1,0,1,0,0,1,1,1,0,0,"equal"
"860317-3139470",1,1,0,0,1,1,1,0,1,1,"equal"
"971019-2977250",1,0,1,0,0,1,0,0,0,0,"equal"
"760505-2998976",0,1,1,1,1,0,1,0,1,1,"equal"
"510627-2625638",0,0,1,1,0,1,1,0,1,1,"equal"
"941127-2272266",1,0,1,0,1,0,1,0,1,0,"equal"
"671201-4878841",1,0,1,1,1,0,0,0,1,1,"equal"
"590123-4509573",0,1,1,1,0,1,0,0,1,1,"equal"
"890921-2702543",0,1,1,1,0,1,0,1,1,1,"equal"
"761012-4743742",1,0,0,1,0,1,1,0,1,0,"equal"
"950405-4345753",1,1,1,0,1,0,0,1,0,1,"equal"
"741124-2256102",0,1,0,0,0,1,0,0,0,1,"equal"
"731019-4341669",1,1,0,0,0,0,1,0,0,1,"equal"
"650909-3431815",0,0,1,0,1,1,0,0,1,1,"equal"
"800108-4068177",1,0,1,0,0,0,0,0,0,0,"equal"
"760328-3307061",0,1,0,1,0,0,0,0,1,0,"equal"
"621012-4621463",1,0,1,1,1,0,0,0,0,1,"equal"
"610424-1540247",1,1,0,1,1,0,0,1,1,1,"equal"
"651016-3578992",0,1,0,0,1,0,0,0,1,1,"equal"
"750820-4287253",0,1,0,1,1,0,1,1,1,0,"equal"
"610703-2502527",1,0,1,0,0,0,1,0,1,1,"equal"
"650205-3997807",0,1,0,1,1,0,1,1,1,0,"equal"
"751122-1307800",0,1,0,0,1,0,0,0,1,0,"equal"
"580319-3914564",1,1,0,0,0,0,0,0,1,0,"equal"
"840524-4458665",1,0,0,0,1,1,0,1,0,0,"equal"
"530211-2849588",0,1,0,0,0,1,1,0,0,1,"equal"
"780104-2484005",1,0,0,1,1,1,1,1,0,1,"equal"
"580923-1445975",1,1,0,0,0,1,0,1,1,0,"equal"
"921006-2343253",1,0,0,1,0,0,0,1,0,1,"equal"
"600824-4488315",0,1,1,1,1,1,1,0,1,0,"equal"
"750813-2987688",0,0,0,1,0,0,1,1,0,0,"equal"
"570523-3870839",1,0,1,0,0,0,1,1,0,0,"equal"
"961011-3149580",1,1,1,0,1,0,1,0,0,1,"equal"
"651126-3401430",1,0,1,1,0,1,1,0,0,1,"equal"
"660212-2940289",1,1,0,1,0,1,0,0,1,1,"equal"
"801119-4909566",0,0,0,1,0,1,0,0,1,0,"equal"
"960410-1340903",0,1,1,0,1,1,1,1,0,1,"equal"
"971009-3589191",1,1,1,0,0,1,0,0,0,1,"equal"
"671125-3629641",1,0,0,1,0,0,0,0,0,0,"equal"
"810527-2597504",1,0,0,1,1,1,0,0,0,1,"equal"
"690322-1393516",1,1,1,0,0,0,0,0,1,1,"equal"
"840609-4037084",1,1,0,1,1,0,1,1,0,0,"equal"
"670206-1161441",0,0,0,0,0,1,0,0,1,0,"equal"
"981218-4184571",0,0,0,1,1,0,0,0,1,1,"equal"
"500524-4940211",0,1,0,1,1,1,1,0,1,1,"equal"
"620628-3171462",0,1,0,0,1,1,0,1,0,1,"equal"
"790610-3925366",0,1,0,0,0,1,1,0,1,0,"equal"
"760322-2088902",0,1,0,1,0,1,1,1,1,1,"equal"
"971113-1175434",1,1,0,1,1,1,0,0,0,0,"equal"
"840926-1855717",1,0,0,1,0,1,1,0,1,0,"equal"
"520328-2462173",0,1,1,0,0,1,0,1,1,1,"equal"
"700520-2831185",1,1,0,1,1,0,0,0,1,0,"equal"
"540120-3404942",0,1,0,1,1,0,1,1,1,0,"equal"
"711014-2561078",0,0,0,1,0,1,0,1,1,0,"equal"
"951210-1665838",1,1,0,1,0,1,0,1,0,0,"equal"
"871114-3573951",1,1,1,0,0,1,1,0,1,1,"equal"
"910414-3899031",0,0,1,1,0,1,1,1,0,1,"equal"
"550516-4562493",1,0,0,0,0,0,0,1,0,1,"equal"
"780411-3874345",1,1,0,0,0,0,0,1,1,1,"equal"
"710417-4246177",0,0,1,0,1,1,0,0,1,1,"equal"
"870128-1437433",1,1,1,0,0,0,0,0,1,1,"equal"
"540223-1997520",0,1,1,0,0,0,1,1,0,1,"equal"
"921220-4738494",1,0,0,1,0,0,1,0,0,1,"equal"
"520227-1549749",0,0,1,1,1,1,1,0,1,1,"equal"
"730826-4616677",0,1,0,0,1,1,1,0,1,1,"equal"
"991110-1439071",1,1,0,1,1,1,1,1,0,1,"equal"
"800521-3624530",1,1,1,0,1,0,1,0,1,0,"equal"
"720502-3585264",1,0,1,0,0,1,1,0,0,0,"equal"
"620806-2482249",0,0,1,1,0,0,1,0,1,0,"equal"
"890313-3011467",1,1,1,0,0,0,0,1,0,0,"equal"
"800124-2611812",1,1,0,1,1,0,0,0,0,0,"equal"
"600606-3652239",0,0,0,0,1,0,0,1,0,1,"equal"
"810815-2578699",1,1,1,1,0,0,0,1,0,0,"equal"
"761110-1617024",1,0,1,0,1,0,1,1,1,1,"equal"
"800213-1684454",1,1,0,0,1,0,0,0,0,1,"equal"
"890106-3422415",1,1,1,1,1,0,1,1,0,0,"equal"
"861004-3748015",1,1,0,0,1,1,0,1,1,0,"equal"
"800706-2454945",0,0,0,0,1,1,0,0,1,0,"equal"
"511125-2317213",0,1,0,1,1,1,1,1,0,1,"equal"
"641017-3657623",1,1,1,0,1,0,0,1,0,0,"equal"
"920512-3705297",0,1,1,1,0,1,1,1,1,0,"equal"
"670502-3866656",0,1,1,0,0,0,1,0,1,0,"equal"
"711214-1063549",0,0,0,1,0,0,0,1,1,0,"equal"
"830722-1814642",0,1,1,0,1,0,0,0,0,1,"equal"
"900320-4260252",1,1,1,0,0,1,0,1,1,1,"equal"
"840328-4809049",1,1,0,0,1,0,1,1,0,1,"equal"
"860605-3013452",0,1,0,1,0,0,1,1,0,0,"equal"
"991006-1232065",1,0,1,1,0,1,0,1,1,1,"equal"
"580512-1587385",1,0,0,0,1,0,0,1,0,1,"equal"
"720907-4809903",1,1,0,1,1,1,0,1,0,0,"equal"
"651208-2611100",1,1,0,1,1,1,1,0,0,0,"equal"
"791002-2587523",1,1,0,0,0,0,0,0,1,1,"equal"
"880220-4217202",1,1,1,0,0,1,1,0,1,1,"equal"
"710220-3207737",1,1,0,0,0,1,0,0,1,1,"equal"
"531120-2610825",0,0,1,0,0,1,1,0,0,1,"equal"
"921201-4236734",1,0,0,0,0,1,1,0,1,0,"equal"
"640409-4129449",0,0,0,0,1,1,0,0,1,1,"equal"
"740813-2625690",0,1,1,0,1,1,1,1,1,1,"equal"
"580821-2997717",0,0,1,1,1,1,1,1,0,1,"equal"
"510425-3400062",0,0,1,0,0,0,1,1,0,0,"equal"
"920625-3793665",1,0,0,1,0,1,0,0,1,0,"equal"
"570619-1166693",0,1,0,0,1,0,1,1,1,1,"equal"
"600123-2602205",1,0,0,0,1,0,1,1,0,0,"equal"
"640723-3684465",0,0,0,1,1,1,1,0,0,1,"equal"
"990511-2983667",0,1,1,0,1,0,0,0,0,1,"equal"
"790817-1397069",1,0,0,0,0,0,1,1,1,1,"equal"
"571014-4475388",1,0,0,1,1,0,1,1,1,0,"equal"
"920316-2948121",1,1,0,0,0,1,0,1,0,0,"equal"
"900805-3452718",0,0,0,0,1,1,1,0,0,1,"equal"
"530208-4243954",0,1,0,1,1,1,1,1,1,0,"equal"
"890512-3172428",1,1,0,1,1,0,0,0,0,1,"equal"
"990122-2167276",1,0,1,1,1,0,0,0,1,1,"equal"
"651006-4110284",1,0,0,0,1,1,0,0,1,1,"equal"
"761103-2157860",0,1,0,0,0,0,0,0,0,1,"equal"
"561226-1734153",1,0,1,0,0,1,1,0,0,0,"equal"
"961215-1535508",1,1,1,1,1,1,1,0,1,1,"equal"
"750409-2398951",1,0,0,1,0,1,0,1,0,1,"equal"
"570213-4795246",0,1,0,1,1,1,0,1,1,1,"equal"
"520510-2672348",1,1,0,0,1,1,0,0,1,0,"equal"
"950421-1070614",1,1,0,0,0,0,1,1,0,1,"equal"
"570205-1558447",1,1,0,0,1,0,1,1,0,1,"equal"
"760722-3154197",0,1,0,1,0,1,1,1,0,1,"equal"
"840608-2548648",1,0,0,0,0,1,1,0,1,1,"equal"
"810822-2530602",0,0,0,1,0,1,1,1,0,1,"equal"
"870817-2334677",0,0,0,1,0,1,0,1,0,1,"equal"
"570413-3812869",0,1,1,1,0,1,1,1,1,1,"equal"
"530114-1612747",1,0,0,0,0,0,0,0,1,1,"equal"
"690505-1035725",1,0,0,0,0,0,1,0,0,0,"equal"
"951221-3866803",0,1,1,0,0,0,1,1,0,0,"equal"
"530112-2113483",0,0,1,0,0,1,0,1,1,1,"equal"
"980621-1237059",0,1,0,1,0,0,1,1,1,0,"equal"
"531220-4044266",1,0,0,1,1,1,0,1,1,0,"equal"
"740720-4037779",0,1,0,0,0,1,0,0,1,1,"equal"
"861025-4638082",1,1,1,0,1,0,1,1,1,0,"equal"
"990713-2275668",1,0,1,1,1,0,0,0,0,1,"equal"
"730726-4133096",1,0,1,1,0,1,0,0,1,0,"equal"
"920723-2769728",0,1,0,1,1,0,0,0,0,1,"equal"
"720711-4289126",0,1,0,1,0,1,1,1,0,1,"equal"
"941128-1236928",0,1,1,0,0,0,1,0,1,0,"equal"
"570209-2857230",1,1,0,1,0,1,0,0,0,0,"equal"
"651122-1198087",0,1,1,1,0,0,1,1,1,0,"equal"
"601025-1933350",0,1,0,1,0,0,0,0,0,1,"equal"
"750524-2262334",0,1,0,1,1,1,0,0,0,1,"equal"
"770226-1707057",0,1,0,1,0,0,0,0,0,1,"equal"
"781210-3401988",0,1,1,0,1,0,1,0,1,0,"equal"
"650914-2235499",1,0,0,0,0,0,0,0,0,0,"equal"
"901026-3933321",1,0,0,0,1,1,1,1,1,0,"equal"
"700220-2020375",0,1,0,0,1,1,0,1,1,0,"equal"
"730620-2870451",1,1,1,1,0,1,1,0,0,0,"equal"
"721126-2157896",0,0,0,0,1,0,0,0,1,1,"equal"
"750524-1298493",1,1,0,0,0,0,0,1,1,1,"equal"
"700220-2235343",0,1,0,1,1,0,0,0,1,0,"equal"
"911011-3612075",0,1,0,0,0,1,1,1,0,1,"equal"
"910206-3337300",0,1,0,1,0,0,1,1,1,1,"equal"
"780916-1601685",1,0,1,0,0,1,0,1,1,0,"equal"
"591124-3780608",0,1,1,0,1,1,0,0,1,1,"equal"
"651206-3061084",0,0,0,1,0,1,0,0,1,1,"equal"
"770807-4034010",0,1,0,0,1,1,0,1,0,1,"equal"
"970217-3787124",0,1,1,1,1,0,0,1,1,0,"equal"
"970119-3302559",0,0,0,0,0,0,0,1,1,1,"equal"
"591206-1479592",0,1,1,1,0,1,0,1,1,0,"equal"
"730223-3028830",1,0,0,1,0,0,1,0,1,1,"equal"
"650101-2239833",0,1,0,0,0,1,1,0,0,1,"equal"
"690602-3842517",0,1,1,1,1,0,0,1,1,1,"equal"
"931224-4546116",1,1,0,0,1,1,1,0,0,1,"equal"
"950306-2120775",0,1,1,0,1,0,1,0,1,1,"equal"
"770918-4586681",1,1,0,0,1,1,1,1,1,1,"equal"
"680318-3724593",0,1,1,1,0,1,1,1,1,0,"equal"
"831203-3620784",0,1,0,0,0,1,1,0,0,1,"equal"
"540814-4178830",0,1,1,1,1,1,0,1,1,1,"equal"
"860225-3931167",1,0,1,1,0,0,1,0,0,1,"equal"
"820421-4773223",0,1,0,0,0,0,1,0,1,0,"equal"
"950401-4988863",0,0,0,0,1,0,1,1,0,1,"equal"
"841118-3390136",1,0,1,0,0,0,1,0,0,1,"equal"
"500613-4459513",1,0,0,0,1,0,0,0,1,1,"equal"
"730119-1464655",0,1,1,1,0,0,1,1,1,1,"equal"
"690215-1265718",0,1,1,1,0,0,0,0,0,1,"equal"
"750128-3442456",1,1,1,0,0,0,1,1,0,1,"equal"
"621205-1845831",1,1,0,0,0,0,1,0,1,0,"equal"
"770727-2477083",0,1,0,0,1,1,0,1,0,0,"equal"
"840802-4769349",0,1,0,0,0,1,0,0,1,1,"equal"
"900906-1759830",1,0,0,0,1,0,0,1,1,1,"equal"
"571211-3113065",0,0,1,0,1,1,1,0,1,1,"equal"
"500910-3830426",0,1,0,0,0,1,1,0,1,0,"equal"
"970920-3189640",0,0,0,1,0,0,0,1,0,0,"equal"
"970721-2384714",0,1,1,0,0,1,0,0,0,0,"equal"
"670918-3572930",0,1,1,1,0,1,1,1,0,0,"equal"
"811009-3189891",1,1,0,0,1,1,1,0,1,0,"equal"
"761007-3496740",1,0,1,1,0,0,1,1,0,1,"equal"
"640410-4040610",0,1,0,0,1,1,0,0,0,1,"equal"
"900105-4597679",0,1,0,1,1,1,1,1,0,1,"equal"
"560123-2329625",1,0,1,1,0,1,0,1,0,0,"equal"
"740918-4525466",0,0,1,1,1,0,0,1,0,1,"equal"
"750907-4013631",1,1,1,1,0,1,1,0,1,1,"equal"
"740413-4262416",1,0,1,0,0,0,0,1,0,0,"equal"
"620501-4813190",0,0,0,0,0,1,1,1,0,0,"equal"
"901227-1598177",0,0,1,1,1,0,1,1,1,1,"equal"
"980510-2387257",0,0,0,0,0,0,0,0,1,0,"equal"
"770504-3878275",0,1,0,0,1,0,0,1,1,0,"equal"
"640408-3982140",1,0,1,0,0,1,0,1,1,1,"equal"
"690509-2731656",0,0,1,0,1,1,1,0,0,1,"equal"
"901005-3770658",0,1,1,0,0,0,1,0,0,0,"equal"
"951204-2884688",1,1,0,1,1,0,0,0,0,0,"equal"
"770704-1680451",0,0,1,1,0,0,1,1,0,1,"equal"
"670516-3845552",1,1,1,0,1,1,0,0,1,1,"equal"
"830521-2975343",0,0,0,1,1,0,0,0,0,0,"equal"
"760518-1900497",0,1,0,1,1,0,1,0,1,0,"equal"
"881219-2132099",1,1,1,1,1,0,0,0,0,0,"equal"
"720426-2095459",0,1,0,0,1,0,0,1,0,1,"equal"
"910620-1173061",0,1,1,0,1,0,1,0,1,1,"equal"
"870222-3136941",1,1,1,0,1,1,1,1,1,0,"equal"
"651109-3329645",0,0,0,1,0,0,1,1,0,1,"equal"
"921106-2399091",1,0,0,1,1,0,1,0,0,1,"equal"
"570705-4377816",1,1,1,0,0,0,0,0,0,1,"equal"
"741123-2888290",1,0,1,0,1,1,0,0,0,0,"equal"
"720702-3363560",1,0,1,1,1,0,1,1,0,0,"equal"
"980708-2513636",0,0,0,1,0,1,0,0,0,1,"equal"
"700803-4853420",1,1,1,1,1,0,0,1,1,0,"equal"
"510227-1811722",1,0,1,0,0,1,0,0,1,1,"equal"
"671028-2207512",1,0,0,1,1,1,1,0,1,0,"equal"
"580724-1521805",0,0,1,1,0,0,1,1,0,1,"equal"
"741101-2847695",0,1,1,1,0,1,1,0,0,0,"equal"
"670112-1844512",1,0,1,1,1,1,1,0,1,0,"equal"
"940224-3696664",1,0,1,1,0,0,0,0,0,0,"equal"
"760901-4166502",1,0,1,0,0,1,1,0,0,0,"equal"
"750327-2030980",1,0,1,1,0,0,0,1,0,0,"equal"
"610413-1637997",1,0,0,0,1,0,0,0,0,0,"equal"
"970712-4122312",0,1,1,0,0,0,0,1,1,1,"equal"
"791206-3130110",0,1,1,1,1,0,0,1,1,0,"equal"
"540209-1704258",0,0,0,0,0,1,1,1,1,0,"equal"
"730311-1320875",1,0,1,0,0,1,0,0,0,0,"equal"
"541221-3308623",1,1,0,0,1,1,1,0,1,1,"equal"
"970911-2285586",0,1,0,1,1,1,1,1,0,1,"equal"
"560508-1074138",1,0,0,1,1,1,1,0,1,0,"equal"
"660101-3976062",0,0,1,1,0,1,1,0,1,0,"equal"
"871004-4875034",0,0,1,1,1,1,1,0,1,1,"equal"
"530714-1535429",1,1,0,0,1,0,0,0,0,0,"equal"
"590807-2604615",1,0,0,0,1,1,0,1,1,1,"equal"
"930114-2402948",1,1,0,1,0,1,1,0,1,1,"equal"
"700108-4618445",0,0,0,0,1,1,0,1,0,1,"equal"
"720528-2143923",0,0,1,1,1,0,1,1,0,0,"equal"
"890904-2329890",0,0,1,1,0,1,1,1,0,1,"equal"
"960217-4385295",1,1,1,0,1,1,0,1,0,0,"equal"
"801007-4750698",0,0,1,1,1,1,1,0,0,1,"equal"
"500127-3248323",0,0,1,1,1,1,0,0,0,0,"equal"
"770608-1343372",1,0,1,1,0,0,0,0,1,0,"equal"
"980315-1108032",1,1,1,1,1,1,1,0,0,1,"equal"
"621017-2613580",0,1,0,1,0,0,0,1,0,1,"equal"
"721219-2296672",0,1,1,0,1,0,0,1,0,1,"equal"
"541216-1502262",1,0,1,0,1,1,0,0,1,1,"equal"
"661008-3765463",0,1,1,1,0,1,1,0,1,0,"equal"
"960616-2663575",0,0,1,1,1,1,0,0,1,0,"equal"
"950708-3183740",1,0,1,1,0,0,0,1,1,1,"equal"
"920616-3433000",0,1,1,1,1,0,0,0,1,0,"equal"
"550924-2592075",1,0,1,0,1,0,1,1,1,1,"equal"
"940617-3938532",0,0,1,0,0,0,1,1,0,0,"equal"
"691008-1692794",0,0,1,1,0,1,1,1,0,0,"equal"
"851202-2420813",1,0,0,1,1,0,1,1,1,0,"equal"
"980306-4798090",0,1,0,1,0,0,0,0,1,0,"equal"
"990404-4078310",1,1,0,0,0,1,0,0,1,1,"equal"
"571002-4581002",1,1,0,1,0,0,1,0,0,1,"equal"
"670610-4109740",0,1,0,1,0,0,1,1,1,0,"equal"
"740416-1980327",0,1,0,1,1,0,0,0,0,0,"equal"
"610518-2501964",0,1,0,0,0,0,1,0,0,0,"equal"
"531220-4383972",0,1,0,1,1,1,1,1,0,1,"equal"
"680420-2417390",0,0,1,1,1,1,0,0,0,1,"equal"
"721007-4228485",0,0,1,0,0,0,1,1,1,1,"equal"
"670309-3128384",0,0,1,0,0,1,0,1,1,0,"equal"
"900825-2015146",1,0,1,1,1,1,0,1,1,1,"equal"
"611106-2728349",1,0,0,1,1,1,0,1,1,1,"equal"
"910924-3737530",0,1,0,0,1,1,1,1,0,0,"equal"
"600609-1670691",0,1,0,1,0,1,0,0,1,1,"equal"
"910322-2551044",0,1,1,0,1,1,0,0,0,0,"equal"
"650825-3679330",1,0,1,0,0,1,0,0,0,0,"equal"
"951112-4290266",0,0,0,1,1,1,1,0,0,1,"equal"
"760317-3916629",1,1,1,0,1,0,0,0,1,0,"equal"
"820212-3731443",0,0,0,0,1,0,1,0,0,1,"equal"
"900603-1813158",1,0,1,1,1,0,0,0,0,1,"equal"
"910506-4421388",1,0,0,0,0,1,1,0,1,1,"equal"
"950717-1200924",0,0,1,1,0,0,0,0,0,0,"equal"
"640519-2146439",1,0,1,0,1,1,0,0,1,0,"equal"
"580324-3370126",1,1,0,1,1,0,1,0,0,0,"equal"
"760827-2715561",1,0,0,1,1,0,0,0,1,0,"equal"
"660818-4087737",1,0,0,0,1,1,0,0,1,1,"equal"
"740717-1472108",0,0,0,0,0,0,0,0,1,0,"equal"
"540113-4963375",1,1,1,0,1,0,0,0,1,1,"equal"
"500325-1717629",0,0,0,0,0,0,1,1,1,1,"equal"
"661026-1217789",1,1,0,1,0,0,0,1,0,1,"equal"
"990417-3783138",1,0,1,0,0,1,0,1,1,0,"equal"
"800801-2476943",0,1,0,1,1,0,0,1,0,0,"equal"
"730824-2389661",1,0,0,1,1,1,0,1,0,0,"equal"
"710319-2294930",0,0,1,0,1,1,1,1,0,0,"equal"
"870810-1429424",0,0,0,0,0,0,0,1,1,0,"equal"
"921115-3579865",1,0,0,0,0,0,0,0,0,1,"equal"
"720611-2298524",1,0,1,1,1,0,0,0,1,1,"equal"
"610917-2079863",1,0,1,0,0,0,1,1,0,0,"equal"
"940618-3880838",1,0,1,1,0,1,0,0,0,0,"equal"
"860703-2790572",1,0,1,0,0,1,0,1,1,1,"equal"
"651215-3250901",0,1,1,1,0,1,0,0,0,0,"equal"
"700525-2382111",1,0,0,0,0,1,0,1,1,0,"equal"
"990210-4857877",1,0,1,0,0,1,1,0,1,0,"equal"
"721213-3994988",1,1,1,0,1,1,1,1,0,1,"equal"
"991112-3623940",0,1,1,1,0,1,1,0,1,1,"equal"
"920206-3712878",0,1,1,0,1,0,1,0,0,0,"equal"
"720921-2274688",0,0,1,0,0,1,1,0,0,0,"equal"
"791128-3987497",0,0,0,1,1,0,0,1,1,1,"equal"
"570102-2822911",0,1,1,1,1,0,0,0,0,1,"equal"
"910607-1940327",0,1,1,0,0,0,0,0,0,0,"equal"
"911103-4462298",1,1,0,0,0,0,1,0,0,1,"equal"
"710221-4169395",0,0,0,0,0,0,0,0,0,1,"equal"
"590503-1821846",1,0,0,1,1,1,1,0,1,1,"equal"
"780824-2284414",1,1,1,0,1,0,0,0,0,0,"equal"
"991127-2080463",0,0,1,1,1,1,1,0,1,1,"equal"
"890923-2060212",1,1,1,1,1,1,0,0,0,0,"equal"
"820110-3555588",1,0,0,1,1,0,0,1,0,0,"equal"
"731123-3899122",1,0,0,0,0,0,1,1,1,1,"equal"
"780110-3730754",0,0,0,0,0,1,1,0,0,0,"equal"
"840823-1589938",0,1,1,1,1,1,1,1,0,1,"equal"
"920120-4439614",1,1,1,0,1,0,1,0,0,1,"equal"
"550919-1191592",0,0,1,0,1,1,1,0,0,0,"equal"
"910728-2087240",1,1,1,0,1,1,0,0,1,0,"equal"
"890819-4251808",0,0,1,1,0,0,0,1,1,0,"equal"
"610723-3848014",1,0,0,0,1,0,0,1,0,0,"equal"
"580920-2169668",1,0,0,0,1,0,0,0,0,0,"equal"
"750911-1052146",1,1,0,1,1,0,0,0,0,1,"equal"
"810615-3754808",0,0,1,1,1,1,0,0,0,0,"equal"
"670511-3766956",0,1,0,0,0,0,1,1,0,1,"equal"
"910127-4036000",0,0,0,1,0,1,0,1,0,0,"equal"
"770224-4955740",1,0,0,0,1,1,1,0,1,1,"equal"
"570917-2445067",1,1,1,1,0,0,1,1,0,1,"equal"
"641116-2530281",0,0,0,0,1,1,1,0,0,1,"equal"
"950221-2759034",0,1,0,0,0,1,0,0,1,0,"equal"
"700410-1723629",1,1,0,0,0,1,0,0,0,1,"equal"
"720616-3309486",0,0,1,1,1,1,1,1,1,0,"equal"
"910503-1912632",1,0,0,1,1,1,1,0,1,1,"equal"
"620924-1491719",1,0,1,1,0,1,0,1,0,0,"equal"
"880510-3367972",0,1,0,1,1,1,0,0,0,0,"equal"
"740806-2037518",1,1,0,1,1,1,0,1,0,0,"equal"
"920601-3881001",0,1,1,0,0,1,0,1,0,0,"equal"
"590414-1605805",0,1,0,0,1,1,1,0,1,1,"equal"
"720911-1826773",1,0,1,1,0,1,1,1,0,0,"equal"
"751226-3659353",0,1,1,1,1,0,0,1,1,0,"equal"
"710419-2340280",0,1,0,0,1,0,0,1,1,1,"equal"
"550308-3066005",1,1,1,0,1,0,1,1,1,0,"equal"
"990906-4888654",0,0,0,1,1,1,0,0,0,0,"equal"
"650311-4350872",0,1,0,0,1,0,1,0,1,1,"equal"
"720708-1015411",1,1,0,1,1,1,0,0,1,0,"equal"
"890407-2799917",1,1,1,1,1,0,1,1,0,0,"equal"
"940316-2506106",0,1,0,0,1,0,1,0,0,0,"equal"
"950922-3512554",0,1,1,0,0,0,1,0,1,0,"equal"
"641013-1642267",1,1,0,0,1,0,0,0,0,1,"equal"
"640228-2147871",0,1,0,1,0,0,0,0,1,1,"equal"
"680520-4938801",0,0,1,0,0,1,0,0,1,1,"equal"
"640421-1093890",0,1,0,0,1,1,0,1,1,1,"equal"
"930912-3734758",0,1,1,1,0,1,1,1,1,1,"equal"
"650807-2446732",0,0,0,1,1,1,1,1,0,0,"equal"
"571026-3821182",0,0,0,0,1,1,0,1,1,0,"equal"
"830908-2319811",0,1,1,0,1,1,0,0,1,0,"equal"
"800817-4859135",0,0,0,0,0,1,0,0,0,0,"equal"
"940911-1699955",0,1,1,0,1,0,1,0,0,1,"equal"
"900211-4229111",1,1,0,1,0,0,1,1,0,1,"equal"
"871005-3224033",1,0,0,1,0,0,0,1,0,1,"equal"
"970701-1894656",0,0,1,1,0,1,1,0,1,0,"equal"
"690716-1316481",1,1,1,1,1,0,1,0,0,0,"equal"
"541115-1962665",1,0,1,1,0,0,1,1,1,0,"equal"
"870209-1484054",1,1,1,0,0,1,1,1,0,0,"equal"
"640514-2481683",0,0,0,0,1,0,1,1,1,1,"equal"
"870413-2570819",0,1,0,1,1,0,0,1,0,1,"equal"
"601213-2009370",0,0,0,1,1,0,0,0,1,1,"equal"
"870806-1053570",0,1,0,0,1,1,1,0,0,0,"equal"
"630628-4240934",0,0,0,0,0,0,0,1,1,1,"equal"
"530926-1789799",1,1,1,0,0,1,1,1,0,0,"equal"
"600110-4678897",0,1,1,1,0,1,0,1,1,0,"equal"
"550809-4997027",1,0,1,0,0,1,0,0,1,1,"equal"
"930106-4116189",0,0,0,0,0,0,1,1,0,0,"equal"
"830822-4614143",1,1,0,0,0,0,0,1,0,0,"equal"
"930524-4220603",1,0,0,0,0,1,1,0,1,0,"equal"
"620303-4721628",1,0,0,1,0,1,1,0,0,0,"equal"
"950905-1811040",0,0,0,0,1,0,0,1,1,1,"equal"
"850717-1007598",1,0,0,1,0,1,1,0,0,0,"equal"
"550827-1592753",1,1,1,1,1,1,0,0,1,1,"equal"
"850414-2881434",0,0,0,0,0,1,1,0,1,1,"equal"
"610420-3087150",1,0,1,1,0,0,0,1,0,0,"equal"
"701225-2636201",1,0,1,0,0,1,0,0,1,1,"equal"
"661121-2850324",0,0,1,1,0,1,0,0,1,1,"equal"
"610620-3766577",1,0,0,1,1,0,1,1,0,1,"equal"
"511019-2177804",0,1,1,0,1,0,1,0,0,0,"equal"
"720926-3703848",1,0,0,0,0,0,0,1,1,1,"equal"
"581016-3319510",1,1,0,1,0,0,0,0,0,0,"equal"
"741215-4073981",0,0,1,1,1,0,0,0,0,1,"equal"
"650727-1974587",1,1,0,0,1,1,0,1,0,1,"equal"
"570524-2378122",1,0,1,1,1,0,0,1,0,1,"equal"
"920207-4360918",1,0,1,1,1,0,1,1,1,1,"equal"
"510301-4472345",0,1,0,0,0,1,1,1,0,0,"equal"
"550704-1543061",0,0,1,0,0,1,1,0,0,0,"equal"
"700823-4814542",0,0,1,0,0,0,1,0,1,1,"equal"
"591112-3303732",1,0,0,1,1,0,1,1,1,0,"equal"
"970716-2123668",1,0,1,1,0,0,0,1,0,1,"equal"
"620618-2858966",0,0,1,1,1,0,0,1,1,0,"equal"
"930104-1462190",1,1,1,1,0,1,0,1,1,0,"equal"
"500515-2496342",1,0,1,0,1,1,0,0,0,0,"equal"
"810128-1512645",1,0,0,1,1,0,1,1,0,1,"equal"
"951003-1929196",0,1,1,0,0,0,0,0,0,0,"equal"
"810418-4975432",0,0,1,0,1,0,0,1,0,0,"equal"
"980501-2789865",0,1,1,1,0,1,1,1,0,1,"equal"
"690702-4133830",0,0,1,0,0,0,1,1,1,0,"equal"
"840324-2673258",0,1,0,1,1,1,1,1,1,1,"equal"
"911004-2971929",1,0,1,0,1,1,1,1,1,0,"equal"
"571111-1066710",1,1,0,1,1,0,0,1,1,0,"equal"
"811219-1524758",0,1,0,1,0,1,0,0,1,0,"equal"
"550602-1334977",1,1,0,1,1,0,1,1,1,1,"equal"
"560805-4763454",0,0,0,0,1,0,0,1,0,0,"equal"
"530109-4276272",0,0,0,0,1,0,0,0,0,1,"equal"
"980401-3114679",0,0,1,0,1,1,1,1,1,1,"equal"
"870109-4541386",1,0,1,0,1,0,0,1,1,1,"equal"
"530819-1565648",1,0,0,0,1,0,0,1,0,0,"equal"
"900928-1542205",0,1,0,1,1,1,0,1,1,0,"equal"
"560405-1597257",1,0,1,1,0,1,0,0,1,1,"equal"
"970425-2824733",1,1,0,0,0,0,1,1,1,1,"equal"
"670527-3994562",0,0,1,0,0,1,0,0,1,1,"equal"
"540107-4132525",1,0,0,0,1,0,0,1,0,0,"equal"
"561118-4732551",0,1,1,0,1,0,0,1,0,1,"equal"
"901212-1096370",0,1,0,1,1,1,0,1,0,0,"equal"
"830903-1936756",1,1,0,1,0,1,0,0,1,1,"equal"
"770802-2534104",1,0,0,1,1,1,1,0,0,1,"equal"
"880701-3316250",0,0,1,0,0,0,1,0,1,1,"equal"
"750221-2693961",1,0,0,0,1,1,1,1,0,1,"equal"
"850720-4195083",1,0,0,1,1,1,1,1,1,0,"equal"
"580409-4549383",0,1,0,1,1,1,0,1,1,1,"equal"
"841111-1324162",0,1,0,0,0,1,1,1,1,0,"equal"
"900409-1932141",0,1,1,1,0,0,1,0,1,0,"equal"
"550608-3601074",0,0,0,0,1,1,0,1,0,0,"equal"
"950111-4100518",0,1,1,1,0,0,1,0,0,0,"equal"
"530212-4618943",0,1,0,1,1,1,1,0,1,1,"equal"
"551219-1161860",0,0,1,1,1,0,0,0,1,1,"equal"
"970526-4580202",0,1,0,0,1,1,1,1,1,1,"equal"
"730420-4884491",1,0,1,0,1,1,1,0,1,0,"equal"
"820703-2685408",1,1,1,1,1,1,1,0,0,0,"equal"
"520925-2947817",0,1,1,0,1,1,1,0,0,1,"equal"
"891116-3296134",1,1,0,1,0,1,0,0,1,0,"equal"
"730122-4622178",0,1,0,0,0,0,1,1,0,1,"equal"
"741009-4483040",1,0,0,1,0,1,1,0,1,0,"equal"
"920722-2982064",0,1,1,1,1,0,0,0,0,0,"equal"
"680107-2629693",0,1,1,0,1,1,1,1,1,0,"equal"
"820103-2226457",1,1,1,1,1,0,1,0,1,0,"equal"
"890316-4361408",0,1,0,1,1,1,1,0,1,0,"equal"
"810416-4189255",0,0,0,0,1,0,1,1,0,1,"equal"
"640411-1981982",0,1,1,0,0,0,1,1,0,1,"equal"
"850411-3747281",0,1,0,1,0,1,0,0,1,0,"equal"
"710222-2104461",0,0,0,0,0,1,0,0,1,0,"equal"
"590910-3470127",1,1,1,1,0,1,0,0,0,0,"equal"
"840106-4789821",0,1,1,1,1,0,0,1,0,1,"equal"
"910706-2780932",0,0,0,0,0,1,1,0,1,1,"equal"
"890420-2448562",0,1,1,1,0,0,1,0,1,1,"equal"
"731217-4567932",0,0,1,1,0,0,1,1,1,0,"equal"
"620320-3539331",1,1,0,1,1,0,0,1,0,1,"equal"
"550624-3143177",1,0,1,0,0,0,1,0,0,0,"equal"
"940722-1302620",0,0,1,1,1,0,1,1,0,1,"equal"
"570909-2701986",1,0,1,1,1,0,1,0,0,1,"equal"
"700318-3661276",1,1,0,0,1,0,1,1,0,0,"equal"
"550712-2787097",0,1,1,1,1,1,1,0,1,1,"equal"
"610701-1323060",1,1,0,1,0,0,0,0,1,0,"equal"
"811214-4814219",1,1,0,0,1,1,1,1,0,1,"equal"
"640302-2620561",0,0,1,0,0,0,1,1,1,0,"equal"
"990309-1766889",0,0,1,0,0,0,0,0,0,1,"equal"
"991023-3049062",1,1,1,1,1,0,0,1,0,1,"equal"
"710218-4528428",0,0,1,0,0,1,1,1,1,1,"equal"
"631122-4786849",1,0,0,0,1,0,1,0,1,0,"equal"
"630201-4752884",1,1,1,1,1,1,1,0,1,0,"equal"
"811016-3233061",1,1,0,0,0,1,0,1,1,0,"equal"
"801118-3351441",0,1,1,0,0,1,0,0,1,1,"equal"
"531221-3849176",0,0,0,1,0,0,0,0,0,1,"equal"
"590210-4773673",1,0,0,0,1,0,0,0,1,0,"equal"
"980825-1167005",1,1,1,0,1,0,0,0,1,0,"equal"
"801128-3512854",0,1,0,1,1,1,1,0,1,1,"equal"
"670109-2112163",0,0,0,1,1,1,1,0,1,1,"equal"
"650501-4422469",1,0,1,0,0,0,0,1,0,1,"equal"
"530317-3751581",1,1,0,1,0,1,1,0,1,0,"equal"
"820927-3565433",0,1,1,1,0,0,1,1,0,1,"equal"
"510908-4239159",1,0,1,0,1,0,0,1,0,0,"equal"
"991022-1190024",0,1,1,1,1,0,1,0,0,0,"equal"
"801008-2922770",0,1,1,1,1,0,1,0,1,0,"equal"
"950412-2974008",0,0,0,0,1,0,0,0,0,1,"equal"
"960509-3745490",1,1,0,1,1,1,0,1,1,0,"equal"
"790317-2334228",1,1,1,1,0,1,1,1,0,0,"equal"
"921220-3415228",1,1,1,0,1,1,0,0,0,0,"equal"
"760621-1026132",0,1,0,1,0,1,1,0,0,0,"equal"
"760909-1335253",0,1,1,1,0,1,0,0,1,0,"equal"
"930615-2201477",1,0,0,0,1,0,0,1,0,0,"equal"
"551114-3269362",1,1,0,0,1,1,0,0,0,1,"equal"
"521019-2162109",0,1,1,0,0,0,1,1,1,0,"equal"
"840508-1484001",1,1,1,1,0,1,0,0,0,1,"equal"
"930108-4937223",1,1,0,1,1,1,0,1,0,1,"equal"
"861204-2153965",1,0,1,1,1,0,1,0,1,0,"equal"
"800207-3711808",1,1,0,0,0,0,0,0,0,1,"equal"
"760707-3985805",0,1,0,0,1,0,1,0,0,1,"equal"
"740715-4077973",1,0,1,1,0,0,0,1,1,1,"equal"
"860128-4640197",0,1,1,0,0,0,0,1,0,0,"equal"
"600908-4024693",1,0,1,1,1,0,0,1,0,1,"equal"
"981125-3595740",1,1,1,1,1,0,0,1,1,0,"equal"
"940811-3254856",0,0,0,0,0,1,0,1,1,0,"equal"
"610402-4120091",1,0,0,1,1,1,0,1,1,1,"equal"
"761220-3800611",1,1,0,0,0,0,0,0,1,0,"equal"
"951208-3354057",1,0,0,0,1,1,1,1,1,0,"equal"
"690118-3817540",1,1,1,1,1,1,0,0,0,1,"equal"
"680724-1931088",1,0,0,0,1,0,0,1,0,1,"equal"
"921104-1205323",0,0,0,0,1,0,1,0,1,0,"equal"
"570415-2795334",0,0,1,0,1,1,0,0,0,0,"equal"
"920408-1254909",0,0,0,0,0,1,0,1,1,1,"equal"
"970928-2558291",1,0,0,0,0,1,1,1,1,0,"equal"
"790417-1982435",0,1,0,0,0,0,0,0,1,0,"equal"
"730111-2608175",1,0,0,0,1,0,1,1,1,0,"equal"
"581121-3907512",1,0,1,0,1,0,0,1,0,1,"equal"
"510915-1034323",1,1,1,0,0,1,0,0,0,0,"equal"
"850820-1905044",1,0,0,1,0,1,1,1,0,0,"equal"
"820104-1222445",1,0,1,0,1,0,1,1,1,0,"equal"
"720124-3234366",0,0,0,1,0,1,0,0,0,1,"equal"
"791022-4834994",0,1,0,0,1,0,1,0,0,1,"equal"
"581021-1614128",0,1,0,0,1,1,0,1,1,1,"equal"
"740620-3573476",0,1,0,0,0,1,0,0,0,1,"equal"
"570220-1686120",1,1,0,1,1,0,1,0,1,1,"equal"
"910608-3291011",0,1,0,1,0,0,0,0,0,0,"equal"
"980614-4310204",1,0,1,0,0,1,1,0,1,1,"equal"
"680821-2096291",0,0,0,0,1,1,0,1,1,0,"equal"
"520305-3916100",0,1,0,0,0,1,0,0,1,0,"equal"
"860805-1541708",0,0,1,1,0,0,0,0,0,0,"equal"
"540118-3763347",1,0,1,1,0,1,1,1,0,0,"equal"
"600118-2510084",1,1,0,1,1,1,0,1,0,1,"equal"
"890426-2651877",0,1,0,0,1,1,0,1,0,0,"equal"
"930502-4039256",1,1,1,1,0,1,0,1,0,1,"equal"
"510712-4103728",0,0,0,1,1,0,1,0,1,0,"equal"
"990905-2214237",1,0,0,0,1,1,1,1,0,1,"equal"
"850807-3543441",1,1,0,0,0,0,0,1,0,1,"equal"
"510414-4887351",0,1,1,1,1,1,1,1,1,1,"equal"
"810327-2374452",1,1,1,0,0,1,1,0,1,1,"equal"
"990625-1255700",1,1,0,0,0,1,0,1,1,0,"equal"
"620808-2385220",1,0,0,0,0,0,0,0,0,0,"equal"
"950927-2157564",0,1,1,1,1,0,0,1,0,0,"equal"
"990304-1668802",1,1,1,0,1,0,1,0,0,1,"equal"
"540722-2280255",0,0,1,1,1,1,1,1,0,0,"equal"
"910317-1766101",0,0,1,1,0,0,1,0,0,1,"equal"
"770605-4869753",1,0,0,1,1,1,1,0,1,0,"equal"
"631105-3247828",0,0,1,1,1,1,0,1,1,1,"equal"
"730118-1904885",1,1,1,0,1,0,0,0,1,0,"equal"
"770728-3741955",0,1,0,1,0,1,0,0,1,1,"equal"
"500823-2669276",0,0,0,0,1,1,0,1,0,0,"equal"
"521012-1530144",1,1,1,1,1,1,0,1,0,1,"equal"
"610402-1295340",1,1,0,0,1,1,0,1,0,1,"equal"
"600315-4169696",0,1,1,0,1,0,0,1,0,0,"equal"
"891114-4247638",1,1,0,0,1,0,1,1,1,0,"equal"
"990317-2130447",0,1,0,1,1,0,0,1,1,1,"equal"
"750205-3792145",1,1,1,1,1,0,1,0,0,1,"equal"
"871112-2133594",1,1,0,1,1,0,0,0,1,0,"equal"
"600318-1618902",0,1,0,0,1,0,1,0,1,0,"equal"
"570113-1262844",0,0,1,0,1,1,0,1,1,0,"equal"
"660921-2293461",0,1,1,0,1,0,1,1,0,1,"equal"
"880903-3030035",0,0,0,0,1,1,0,0,0,0,"equal"
"980724-1637639",1,1,0,0,1,1,1,1,0,1,"equal"
"911026-2895752",1,1,1,0,1,1,0,1,0,0,"equal"
"530906-3019615",1,1,1,1,1,0,0,1,0,1,"equal"
"780425-4834522",0,0,0,0,0,0,1,1,1,1,"equal"
"580618-3172383",0,1,0,1,1,0,0,1,0,1,"equal"
"850627-3860447",0,0,1,0,1,1,0,0,0,0,"equal"
"650102-2486373",1,1,0,1,0,0,0,0,1,1,"equal"
"870424-4142644",1,1,1,1,0,0,1,0,0,0,"equal"
"690502-2415792",1,1,1,0,1,1,1,0,1,1,"equal"
"740603-3703896",1,1,1,1,1,0,1,0,1,1,"equal"
"651126-1029954",0,1,1,1,0,0,1,0,0,0,"equal"
"860409-2724861",1,0,0,0,0,0,0,1,1,0,"equal"
"920609-4546670",0,1,1,0,1,1,1,0,1,1,"equal"
"530818-1178239",1,1,1,1,0,1,0,0,0,0,"equal"
"901221-2301851",1,0,1,0,1,0,0,0,0,1,"equal"
"980219-4384668",1,1,1,1,1,1,0,0,1,0,"equal"
"561217-2162944",0,0,1,0,0,1,0,0,1,1,"equal"
"510406-1836400",1,1,1,0,1,1,0,1,1,0,"equal"
"761224-4545673",0,0,0,1,1,1,1,1,1,1,"equal"
"610503-1621487",0,1,0,1,0,0,1,1,0,1,"equal"
"670825-3306571",0,1,1,0,1,0,0,0,0,1,"equal"
"750811-3279067",1,0,0,1,0,1,1,0,0,0,"equal"
"581103-3685036",1,0,0,0,0,0,1,0,0,1,"equal"
"570224-4403419",0,0,0,1,0,1,0,0,0,1,"equal"
"620122-4015211",0,1,0,0,0,0,1,1,1,1,"equal"
"870321-1369178",0,0,1,1,0,0,1,0,1,0,"equal"
"700510-1153204",0,1,1,1,1,0,1,1,0,1,"equal"
"831227-2195137",0,0,0,1,1,0,1,0,0,0,"equal"
"570216-2794273",0,0,1,1,0,1,1,1,0,0,"equal"
"710302-1358100",1,0,0,0,0,0,0,0,1,1,"equal"
"740824-1082304",0,1,0,1,0,0,1,0,0,0,"equal"
"630103-1873467",1,1,0,0,1,1,1,0,1,0,"equal"
"630324-4409141",0,1,0,1,0,0,1,0,0,0,"equal"
"610818-1339742",0,1,0,1,0,1,1,1,1,0,"equal"
"941009-4817134",1,1,1,0,0,1,0,1,1,1,"equal"
"900101-2774515",0,1,0,1,0,0,0,1,1,0,"equal"
"630223-2324608",0,0,0,1,0,0,0,1,0,1,"equal"
"671223-1573310",0,1,1,1,0,1,0,1,0,0,"equal"
"981009-2475857",0,1,0,0,0,1,1,0,1,1,"equal"
"810219-4852293",1,0,0,1,1,0,0,0,0,1,"equal"
"710918-3950215",0,1,0,1,0,0,1,1,0,1,"equal"
"870509-1832021",0,0,1,1,0,0,0,1,0,1,"equal"
"520503-2474446",1,1,1,1,1,0,1,0,0,1,"equal"
"750324-1374367",1,1,1,1,1,0,0,1,1,1,"equal"
"520914-2179843",1,1,1,1,1,0,1,0,1,1,"equal"
"740919-4362682",1,1,0,1,1,1,0,0,0,0,"equal"
"830407-2834637",1,0,1,0,0,1,1,1,1,0,"equal"
"581209-1323105",0,1,1,0,0,1,0,1,0,0,"equal"
"960409-3379247",0,0,1,0,0,0,1,0,0,0,"equal"
"721224-2054182",1,0,0,1,1,1,0,0,1,1,"equal"
"650217-1967792",1,0,0,1,0,0,1,0,1,0,"equal"
"701016-4539526",0,1,1,0,0,0,0,1,0,1,"equal"
"751114-2729642",0,1,0,1,1,0,0,0,1,0,"equal"
"640825-4578917",0,0,1,0,0,0,0,1,1,0,"equal"
"881205-3305363",1,1,1,1,0,1,1,0,1,0,"equal"
"600625-3062568",1,1,0,0,0,0,1,1,0,0,"equal"
"881026-2502048",1,1,0,0,1,1,1,0,1,0,"equal"
"870406-3965039",1,1,1,1,1,0,0,1,0,1,"equal"
"700518-3230026",0,0,0,0,0,0,0,1,0,1,"equal"
"670626-1022941",1,0,0,1,1,0,1,1,0,1,"equal"
"990712-1670986",0,0,0,0,1,1,0,1,1,0,"equal"
"641026-4476557",1,1,0,0,1,0,1,1,0,0,"equal"
"950402-3866788",0,1,0,0,1,1,0,0,0,1,"equal"
"891206-2607659",1,1,0,0,0,0,0,0,1,0,"equal"
"590319-3276549",1,0,0,0,1,0,1,0,1,1,"equal"
"930706-4981150",1,0,1,1,1,0,0,1,0,0,"equal"
"770320-1566946",0,0,0,1,0,1,0,1,1,0,"equal"
"751128-1326266",0,1,1,0,0,1,1,1,1,1,"equal"
"550121-4445896",0,0,1,0,0,1,1,1,1,0,"equal"
"810510-1608313",1,1,1,0,0,1,0,1,1,0,"equal"
"800406-1244895",0,0,0,0,1,0,1,1,0,1,"equal"
"900312-2594567",1,0,0,1,0,1,0,1,1,1,"equal"
"791121-4872629",1,0,1,0,1,0,1,1,0,0,"equal"
"700304-4567503",0,1,1,0,1,1,0,0,0,0,"equal"
"610824-1282550",1,1,1,0,1,0,1,0,0,0,"equal"
"791119-4454284",0,0,1,1,0,0,1,1,0,0,"equal"
"851226-2393595",0,1,0,0,1,0,0,1,0,0,"equal"
"570703-2185748",1,0,0,1,0,1,1,1,0,1,"equal"
"531023-4938329",1,0,1,1,1,1,1,1,0,1,"equal"
"650515-2362932",1,1,0,1,1,1,0,0,0,1,"equal"
"881106-2994678",0,0,1,1,1,1,1,1,0,0,"equal"
"921112-3175282",0,0,0,1,0,1,1,0,1,0,"equal"
"570524-2782702",0,1,0,1,1,0,1,1,0,1,"equal"
"980406-3858993",1,0,0,1,1,0,1,1,0,1,"equal"
"651214-2391988",0,1,1,1,0,0,1,1,0,1,"equal"
"810419-3651708",0,0,0,1,1,0,0,1,1,1,"equal"
"730321-2713762",1,1,0,1,1,0,0,0,0,0,"equal"
"980309-1501127",1,0,0,1,1,0,0,1,0,1,"equal"
"850803-1505734",1,1,0,1,0,0,0,1,1,0,"equal"
"960311-1295472",1,0,0,1,1,1,1,1,1,1,"equal"
"821220-4792628",0,0,0,0,0,1,0,1,0,1,"equal"
"870923-3678095",1,1,0,1,0,0,1,0,0,0,"equal"
"780225-1004794",0,1,0,0,1,1,1,0,1,0,"equal"
"871023-4033006",0,1,0,1,0,1,0,1,0,0,"equal"
"570503-3765394",1,0,1,1,1,1,1,0,0,1,"equal"
"940614-2714805",0,1,0,0,1,0,0,1,1,0,"equal"
"770315-4244074",0,1,0,1,0,1,1,0,1,1,"equal"
"810910-2182700",1,1,0,0,1,0,1,1,1,0,"equal"
"640926-3382756",1,0,1,1,1,1,0,0,1,0,"equal"
"870703-2187436",1,1,0,1,1,1,1,1,0,0,"equal"
"730705-4087254",1,1,1,1,0,1,0,0,0,0,"equal"
"730427-4264453",1,1,1,0,0,1,1,0,0,0,"equal"
"690314-3604029",1,0,1,0,1,1,1,0,0,1,"equal"
"640923-4482412",0,1,0,1,0,1,0,1,0,1,"equal"
"710111-3473033",0,0,1,0,1,0,1,0,0,0,"equal"
"971208-2688799",1,1,0,0,0,0,1,0,0,1,"equal"
"750326-2772313",1,0,0,1,0,1,0,1,1,0,"equal"
"650226-1504510",0,0,0,1,0,0,0,1,1,0,"equal"
"840308-1745636",1,1,0,1,0,0,1,0,1,1,"equal"
"930111-1615217",0,1,0,0,1,1,0,1,0,1,"equal"
"610205-3252841",1,0,0,1,1,0,0,0,0,1,"equal"
"900418-1239859",0,0,1,1,0,0,0,0,0,1,"equal"
"901127-2417805",0,0,0,1,0,1,0,1,1,1,"equal"
"830412-2807720",1,1,1,1,1,1,1,1,1,1,"equal"
"641209-2542604",0,1,0,1,1,0,1,0,1,0,"equal"
"881224-1169482",1,0,0,1,1,1,0,0,0,1,"equal"
"870304-1083498",1,1,1,1,1,0,0,1,0,1,"equal"
"630922-2973789",1,1,0,1,0,1,0,0,0,0,"equal"
"650612-1799138",1,1,0,0,1,0,0,0,0,0,"equal"
"900907-2547508",1,0,1,0,0,0,1,0,1,0,"equal"
"840619-4909452",0,0,0,1,0,1,1,0,1,0,"equal"
"621021-2778463",1,1,0,1,1,1,1,0,1,0,"equal"
"580228-3996409",0,0,0,0,0,0,0,0,0,1,"equal"
"640719-3381561",0,1,1,1,1,1,0,0,1,0,"equal"
"640704-1561881",0,1,1,0,1,1,1,1,0,0,"equal"
"650927-3947578",0,0,0,0,1,0,1,0,1,1,"equal"
"841012-3602357",0,1,1,1,0,0,1,1,0,0,"equal"
"801022-1882016",0,1,0,0,0,1,1,0,1,1,"equal"
"960910-4309968",0,1,1,0,1,1,0,1,0,0,"equal"
"650818-3746258",0,1,0,1,0,1,1,0,0,1,"equal"
"890404-4727853",1,1,1,1,0,0,1,1,0,1,"equal"
"620506-3757267",0,1,0,0,1,1,1,0,0,1,"equal"
"650920-2622337",0,0,0,0,0,0,1,0,0,0,"equal"
"550221-3045001",1,0,0,1,0,1,1,0,1,1,"equal"
"640704-3386638",0,1,0,1,1,0,0,0,1,1,"equal"
"960308-4736347",0,0,1,1,1,1,0,0,1,1,"equal"
"990922-1415356",1,1,1,1,0,0,1,0,1,0,"equal"
"690718-3934389",1,1,1,1,1,1,0,0,1,0,"equal"
"500702-3674932",1,0,1,0,1,1,1,0,0,0,"equal"
"800116-3728665",1,0,0,0,1,0,1,1,1,0,"equal"
"521111-4879373",1,0,0,0,1,0,0,0,1,1,"equal"
"831101-4288352",0,1,0,1,0,0,1,0,0,1,"equal"
"820422-4732804",0,1,0,0,0,0,0,0,1,1,"equal"
"610216-1020794",0,1,1,0,1,0,0,0,0,1,"equal"
"720416-3699659",1,0,1,0,0,1,1,0,0,0,"equal"
"790514-4085901",1,0,1,0,1,1,1,0,1,0,"equal"
"800305-3414392",1,1,0,0,1,1,1,1,0,0,"equal"
"991020-3927533",0,1,1,1,1,1,1,1,1,1,"equal"
"640828-1014384",1,0,1,0,1,1,0,0,0,0,"equal"
"870820-3254719",0,0,0,1,0,1,1,1,1,0,"equal"
"500119-2260581",1,1,1,1,1,0,0,0,0,0,"equal"
"970924-2747754",1,0,0,1,0,1,0,0,0,0,"equal"
"771022-4886985",1,1,1,1,1,0,0,1,1,1,"equal"
"820408-2854240",1,0,0,0,0,0,1,1,0,0,"equal"
"540407-2308509",1,0,0,1,0,1,1,0,1,1,"equal"
"800312-2804761",1,0,1,1,0,0,1,1,0,0,"equal"
"540921-3329422",0,0,0,1,1,1,0,0,0,0,"equal"
"961004-1601886",0,1,0,1,1,1,1,0,1,1,"equal"
"930519-1040647",1,1,1,0,0,1,1,1,1,1,"equal"
"770504-4683010",1,0,0,0,1,0,1,0,0,1,"equal"
"501019-4881794",1,0,0,1,1,0,0,1,0,1,"equal"
"630626-3033686",0,0,1,0,1,1,1,0,0,0,"equal"
"971217-1078547",0,0,0,0,1,0,1,0,0,1,"equal"
"991012-3228272",0,1,0,0,0,1,0,0,1,1,"equal"
"591120-1454522",1,1,0,0,1,1,1,0,0,0,"equal"
"731117-3774480",1,1,0,0,0,1,1,1,0,0,"equal"
"800605-3780345",1,1,1,0,0,1,0,0,1,1,"equal"
"630903-1128337",0,0,1,1,0,0,0,1,1,1,"equal"
"920423-3279779",0,1,0,1,0,1,1,1,1,1,"equal"
"531223-1682424",0,1,0,1,0,1,1,1,0,1,"equal"
"730305-3726504",0,0,0,1,1,0,0,1,1,1,"equal"
"660323-1641819",1,0,1,0,0,0,0,1,1,0,"equal"
"540401-1991505",1,1,0,1,0,1,0,1,1,1,"equal"
"841123-3804108",0,1,1,1,1,1,1,0,0,1,"equal"
"691213-1815501",0,1,1,0,0,1,0,1,0,1,"equal"
"591119-3963418",0,1,0,0,0,1,0,0,0,1,"equal"
"561024-4169814",1,0,1,0,0,0,1,1,0,0,"equal"
"590923-4822755",0,0,1,0,1,1,0,0,1,1,"equal"
"660715-1433898",0,0,1,0,1,1,0,1,0,0,"equal"
"500922-4009645",1,1,0,0,1,0,1,1,1,1,"equal"
"960801-3904139",1,0,0,1,0,0,0,0,1,0,"equal"
"771005-1001034",1,0,0,0,1,0,0,0,1,0,"equal"
"710622-4398580",1,0,0,1,0,1,0,0,0,1,"equal"
"930419-2392452",1,1,0,0,0,0,0,0,0,1,"equal"
"781104-2903657",0,1,0,0,1,1,1,1,0,0,"equal"
"611001-1617917",1,1,1,0,1,1,0,1,1,1,"equal"
"940708-1915528",0,0,0,1,1,0,0,0,1,0,"equal"
"910505-4881853",0,1,0,0,0,1,1,0,0,0,"equal"
"770402-3263505",0,0,1,1,0,0,0,1,0,1,"equal"
"710325-4207166",0,0,1,1,0,0,1,1,0,0,"equal"
"641103-1880409",0,0,1,0,0,1,1,0,1,1,"equal"
"940105-2081540",1,0,1,0,1,0,0,1,0,0,"equal"
"940918-4076289",0,1,0,0,1,1,1,0,0,1,"equal"
"750924-1127283",0,1,1,1,1,1,1,1,1,1,"equal"
"820803-1697090",1,1,1,0,1,1,0,1,1,1,"equal"
"530508-4376011",1,1,1,1,0,1,0,0,0,0,"equal"
"840316-1710248",1,1,1,1,1,0,0,0,1,1,"equal"
"551103-4300558",0,0,0,1,0,1,0,1,1,0,"equal"
"600806-1804316",1,1,0,1,0,1,0,0,1,0,"equal"
"990828-2302204",1,0,1,0,1,0,0,1,0,1,"equal"
"760614-1716065",1,1,0,0,1,1,1,1,1,0,"equal"
"830427-3359930",0,1,1,0,1,1,1,1,1,1,"equal"
"890206-3417595",1,1,1,1,0,1,0,1,1,1,"equal"
"510828-4679092",1,0,0,1,1,1,1,0,0,1,"equal"
"970618-1907272",1,0,1,1,1,0,0,1,1,1,"equal"
"811027-2454933",0,0,1,0,0,0,0,1,0,0,"equal"
"971224-1933584",1,0,0,0,1,1,0,1,1,1,"equal"
"731008-2005942",0,1,1,0,0,0,1,1,0,0,"equal"
"611122-3082899",0,1,1,1,1,1,1,0,0,1,"equal"
"540317-3436188",1,0,0,1,0,0,1,0,1,1,"equal"
"580814-3899969",1,1,0,0,1,1,0,0,1,0,"equal"
"580519-3317185",0,1,1,1,0,1,0,0,0,0,"equal"
"761223-4727536",0,0,0,0,1,1,0,0,1,0,"equal"
"820903-2052656",0,0,1,0,1,1,1,1,0,1,"equal"
"870721-3301456",0,0,0,0,0,0,0,1,0,0,"equal"
"781201-3683649",0,0,1,1,1,0,1,1,0,0,"equal"
"520716-1919252",1,0,1,1,1,1,0,1,0,0,"equal"
"820920-1871672",0,0,1,0,1,1,1,0,0,0,"equal"
"520826-3226963",0,0,1,1,0,0,0,1,0,1,"equal"
"910428-1974498",1,0,0,0,1,0,0,1,1,1,"equal"
"670907-4467997",0,1,0,1,1,0,1,1,0,0,"equal"
"530828-2772931",1,1,0,0,0,0,1,0,0,0,"equal"
"780613-3988698",0,0,0,1,0,0,1,0,1,0,"equal"
"731011-4713161",0,1,1,1,0,1,0,0,0,0,"equal"
"770920-2161949",1,1,1,0,1,0,0,1,1,0,"equal"
"730112-4942607",0,1,1,0,1,1,1,0,1,0,"equal"
"850204-1421943",0,1,0,0,1,0,0,1,1,0,"equal"
"720919-4214723",1,1,0,1,1,1,1,0,0,0,"equal"
"650611-4123540",0,1,1,0,0,1,1,0,0,0,"equal"
"820708-1735661",0,1,1,0,0,1,1,0,1,0,"equal"
"740109-3027300",0,1,0,1,0,0,0,1,0,1,"equal"
"670901-3541686",0,1,0,0,0,1,1,1,0,0,"equal"
"650618-1573289",0,1,1,1,1,0,1,0,1,1,"equal"
"611208-3045334",1,1,1,1,1,0,1,0,1,0,"equal"
"950207-1746195",0,1,1,0,0,1,0,0,0,1,"equal"
"680218-1122838",1,0,1,0,1,1,0,1,0,1,"equal"
"760108-4149050",0,0,1,1,0,0,0,0,1,1,"equal"
"760509-1314499",0,0,1,1,0,0,0,1,1,1,"equal"
"841202-2718739",1,0,0,0,0,0,0,1,1,1,"equal"
"931203-3340129",1,1,0,1,0,0,0,0,1,0,"equal"
"840711-1712241",1,0,1,1,1,1,1,1,1,1,"equal"
"640701-2166610",0,0,1,1,0,1,0,0,0,1,"equal"
"581111-3027231",0,0,0,0,0,0,0,0,1,1,"equal"
"980213-2062389",0,0,0,0,1,0,1,0,1,0,"equal"
"590702-2829249",0,1,1,1,0,0,0,0,0,1,"equal"
"890603-3365279",1,1,0,1,1,0,0,1,0,1,"equal"
"970224-2592730",1,1,1,1,1,1,0,0,0,0,"equal"
"840911-3262606",0,1,1,1,0,0,0,0,0,1,"equal"
"830818-3737323",0,1,1,1,1,0,1,1,1,0,"equal"
"690401-1009469",1,1,1,1,0,0,0,0,0,0,"equal"
"910224-4728089",1,1,1,1,0,1,1,1,0,0,"equal"
"531206-3185483",1,0,0,1,1,0,1,0,0,0,"equal"
"930308-1345599",1,1,1,1,0,0,0,1,1,0,"equal"
"800517-2456822",0,1,1,1,1,1,1,0,1,1,"equal"
"891014-2286187",0,1,0,1,1,1,0,1,0,0,"equal"
"631015-1692074",1,0,1,0,1,1,0,0,1,0,"equal"
"550903-2382372",1,1,0,0,0,1,1,0,0,1,"equal"
"910706-3914768",0,0,0,1,1,1,0,1,0,1,"equal"
"511207-3719043",0,0,1,1,0,1,1,0,1,1,"equal"
"590306-4304655",1,0,0,0,0,1,0,1,1,0,"equal"
"820323-2813027",0,0,0,1,1,0,0,1,1,0,"equal"
"870422-3613778",1,0,0,1,1,1,1,0,0,1,"equal"
"860219-3388035",1,0,0,1,0,1,0,1,1,1,"equal"
"800221-2022583",1,0,1,0,0,0,1,1,1,1,"equal"
"830418-1114909",0,1,1,1,1,1,1,0,1,0,"equal"
"520811-1063885",1,0,0,0,1,1,1,0,1,0,"equal"
"620914-2266850",1,1,1,1,1,1,0,1,0,1,"equal"
"931112-3170191",1,0,0,0,1,0,1,0,0,1,"equal"
"570605-4995040",0,1,1,1,0,0,1,0,0,1,"equal"
"580416-1778477",1,1,0,0,0,1,1,0,0,0,"equal"
"620510-2733117",1,1,1,1,1,1,0,0,0,0,"equal"
"560906-4664550",1,1,1,0,0,1,1,0,0,0,"equal"
"610428-3094214",1,1,0,0,1,0,0,1,1,0,"equal"
"650314-3070724",0,0,0,0,1,0,0,1,1,1,"equal"
"901125-1381472",0,1,1,0,1,1,0,0,0,0,"equal"
"951002-4052288",1,0,1,1,1,1,1,1,0,0,"equal"
"830222-1672753",1,0,0,0,1,0,0,1,1,0,"equal"
"831211-3503540",1,1,1,0,1,1,1,0,1,1,"equal"
"870216-4612856",0,0,1,0,1,0,1,0,0,1,"equal"
"510810-3881537",0,0,1,1,0,1,1,0,0,1,"equal"
"501014-4829213",0,1,0,1,0,0,0,0,0,1,"equal"
"590220-3667380",0,1,1,1,1,1,1,0,1,0,"equal"
"631206-1693193",0,0,1,1,1,1,0,0,1,0,"equal"
"650120-4684043",1,0,0,1,0,1,1,0,0,1,"equal"
"770503-4171614",0,1,1,1,1,0,1,1,0,1,"equal"
"610905-2904203",0,0,0,1,0,1,0,1,1,0,"equal"
"570218-3697641",0,0,0,0,0,1,1,0,0,1,"equal"
"821122-3548838",1,1,1,1,0,0,0,1,1,0,"equal"
"520616-2512731",1,1,1,0,0,1,1,0,1,0,"equal"
"870305-4899845",1,1,0,0,0,1,0,1,0,1,"equal"
"990810-4905932",1,1,0,1,1,0,0,0,0,0,"equal"
"560822-3260878",1,0,0,0,0,1,0,0,0,0,"equal"
"940604-3938305",0,1,0,1,0,1,1,1,0,0,"equal"
"860306-4883971",0,0,1,0,0,1,1,1,1,0,"equal"
"690105-2300629",0,1,1,0,0,1,1,0,0,0,"equal"
"931007-1430075",1,1,0,0,1,0,1,0,0,1,"equal"
"990924-4445075",0,0,1,0,1,0,0,1,1,0,"equal"
"980208-3853038",1,1,1,0,1,1,1,1,1,1,"equal"
"931126-1461791",1,1,0,1,0,1,0,1,1,1,"equal"
"990713-3672299",0,1,0,0,0,1,0,0,1,1,"equal"
"890719-4938097",1,0,0,1,0,1,1,1,0,1,"equal"
"661213-2016984",1,1,1,1,1,1,0,0,1,0,"equal"
"690924-3816246",1,0,1,1,0,1,1,0,1,0,"equal"
"550710-2192738",1,1,1,1,0,1,1,0,1,0,"equal"
"720522-2468255",0,1,1,1,0,1,0,1,1,0,"equal"
"630502-3029465",1,0,0,1,0,1,0,1,1,1,"equal"
"680616-4115582",1,0,0,0,0,1,1,1,0,1,"equal"
"530320-4920924",1,1,0,1,1,0,1,1,1,0,"equal"
"730902-2113933",1,0,1,1,1,1,1,0,1,1,"equal"
"940606-4684203",0,1,1,1,1,1,0,0,0,0,"equal"
"650713-4400541",1,1,0,1,1,1,1,1,1,0,"equal"
"680405-4530652",1,1,0,1,0,1,0,0,1,1,"equal"
"500923-3370881",1,1,0,0,0,1,1,0,0,0,"equal"
"550221-3365764",0,0,0,1,1,0,0,1,0,0,"equal"
"780104-3129696",0,1,0,1,0,1,1,1,1,0,"equal"
"530517-4576451",1,1,0,0,0,0,1,1,1,1,"equal"
"920426-3186487",1,0,1,1,1,0,0,1,1,1,"equal"
"741211-4624164",1,1,1,1,1,1,1,0,0,1,"equal"
"721122-4384182",0,1,0,0,0,1,1,0,1,0,"equal"
"530721-1556838",0,0,1,0,1,0,0,1,0,1,"equal"
"950119-2042479",0,1,0,0,0,1,1,0,0,1,"equal"
"901109-1266907",1,1,1,1,1,0,0,0,1,1,"equal"
"871107-1984000",0,1,1,1,0,0,0,0,1,0,"equal"
"750906-3156442",0,0,0,1,0,0,0,1,0,1,"equal"
"870704-1158194",0,1,0,0,0,1,0,0,1,1,"equal"
"610919-2660498",0,1,1,0,0,1,1,1,0,0,"equal"
"940212-4185827",1,1,1,0,0,1,0,0,1,0,"equal"
"721119-2164329",1,0,0,0,1,1,1,0,1,0,"equal"
"801020-3407057",0,1,0,1,0,0,0,0,0,1,"equal"
"951205-2686604",1,0,1,0,1,0,0,1,0,0,"equal"
"960905-2793784",0,0,1,1,1,0,0,0,1,0,"equal"
"510501-1026422",0,1,1,0,1,0,0,0,0,0,"equal"
"760123-1512078",1,0,1,1,0,1,0,0,0,0,"equal"
"730319-3711945",1,0,0,0,0,1,0,0,1,0,"equal"
"770621-2137280",1,0,1,0,1,1,1,1,0,1,"equal"
"570506-1771435",1,1,0,0,1,0,1,1,1,0,"equal"
"511005-2651297",0,1,0,1,0,1,0,1,0,0,"equal"
"550417-1633002",0,1,1,0,1,1,1,1,1,1,"equal"
"871113-4884402",1,1,1,1,0,1,1,1,0,1,"equal"
"730928-1158838",0,0,0,1,0,1,0,1,1,1,"equal"
"790921-2121495",1,0,0,0,1,0,0,1,0,0,"equal"
"950304-1437750",1,1,1,1,1,0,1,1,0,1,"equal"
"520927-2929405",0,1,1,1,0,1,1,1,0,1,"equal"
"710613-1237482",0,0,1,1,1,0,1,1,0,0,"equal"
"550712-4546783",0,1,1,0,1,1,1,0,0,0,"equal"
"900616-2294279",0,0,1,1,0,1,0,1,0,0,"equal"
"811119-2592864",0,1,0,0,0,1,0,1,0,1,"equal"
"861004-2508800",0,0,0,1,1,0,1,0,1,0,"equal"
"780504-3300182",1,1,0,0,1,1,1,0,1,0,"equal"
"870208-4445953",1,1,0,1,0,1,0,1,1,1,"equal"
"830326-4110744",0,1,1,0,1,1,0,1,0,1,"equal"
"791006-3069995",0,0,1,1,0,1,0,0,1,0,"equal"
"860816-1680922",0,1,1,0,1,1,1,0,0,1,"equal"
"830810-3572801",1,0,0,1,1,0,0,0,0,0,"equal"
"890815-4058250",1,0,0,1,1,0,0,0,1,0,"equal"
"720808-3036661",1,0,1,0,1,0,0,1,1,1,"equal"
"750528-2293069",1,0,1,0,1,0,1,1,0,1,"equal"
"560212-1272797",1,1,0,0,1,1,1,0,0,1,"equal"
"880820-1386778",0,0,0,0,1,1,1,0,0,1,"equal"
"700627-2481381",0,0,1,1,1,0,0,0,0,1,"equal"
"740402-1875758",1,1,0,1,0,1,1,0,0,0,"equal"
"571005-2887167",0,1,0,0,0,1,1,1,0,1,"equal"
"590326-2620459",0,0,1,1,0,1,0,0,0,1,"equal"
"750405-2157112",1,1,0,0,0,0,0,1,0,0,"equal"
"880302-2741046",1,0,0,1,0,1,0,0,1,0,"equal"
"931228-4856726",1,0,0,1,0,1,0,0,0,1,"equal"
"521224-4617273",0,0,1,0,1,0,1,0,1,1,"equal"
"841103-4315740",0,1,1,0,0,0,1,1,1,0,"equal"
"700904-3524216",1,0,1,1,1,0,0,1,0,0,"equal"
"740211-1201314",1,1,1,0,0,0,0,0,1,0,"equal"
"600427-4566424",1,1,0,0,1,0,1,0,0,0,"equal"
"630912-4247269",0,0,0,1,1,0,0,0,0,0,"equal"
"810118-1068698",1,1,1,1,1,1,1,0,1,0,"equal"
"700504-2647540",0,1,0,0,1,0,0,1,0,1,"equal"
"900920-4992721",0,1,0,1,1,1,0,1,1,1,"equal"
"960911-1333830",0,0,1,1,0,0,0,0,0,1,"equal"
"820801-3486637",0,1,1,0,0,0,0,0,0,1,"equal"
"560114-1367694",0,0,1,0,0,0,1,1,1,0,"equal"
"660104-3226197",0,0,0,0,1,1,1,0,0,0,"equal"
"610310-2368455",1,0,0,1,1,0,1,0,1,0,"equal"
"520406-2290687",0,1,0,0,1,0,1,0,0,1,"equal"
"610126-1437721",0,0,0,1,1,1,0,1,1,1,"equal"
"810124-1284927",1,0,0,0,0,1,0,1,1,1,"equal"
"781222-4088419",1,1,1,1,0,0,0,1,1,1,"equal"
"570401-1648756",0,1,0,0,0,1,1,1,1,1,"equal"
"771209-2002774",0,1,0,1,0,1,1,1,1,0,"equal"
"510404-2021120",0,1,1,1,1,1,0,0,0,0,"equal"
"830607-1670909",1,1,0,1,1,0,1,0,0,1,"equal"
"520626-3437564",1,1,0,1,0,0,1,1,1,1,"equal"
"550328-3128609",1,0,1,1,1,1,1,0,1,1,"equal"
"780116-4163662",1,1,1,0,0,1,1,1,0,0,"equal"
"880828-1864191",0,1,1,0,0,0,1,0,1,0,"equal"
"990209-3665423",0,0,0,1,1,0,0,0,1,1,"equal"
"540224-1353683",0,1,0,1,0,1,0,0,0,1,"equal"
"810110-2403217",1,0,0,0,1,0,0,1,1,1,"equal"
"600121-4471061",0,0,1,0,0,0,0,1,0,0,"equal"
"800727-1746177",1,1,0,0,1,1,0,0,0,1,"equal"
"960307-4725195",1,1,0,0,1,1,1,1,0,0,"equal"
"640816-3378976",0,1,1,1,0,1,1,1,1,1,"equal"
"770525-3664194",0,1,0,0,1,0,1,1,0,0,"equal"
"680318-3425944",0,1,0,1,0,1,1,0,0,0,"equal"
"521107-1429173",1,1,0,0,1,1,0,0,0,1,"equal"
"740908-4866478",0,0,0,1,1,0,1,0,0,0,"equal"
"880728-3030221",0,1,0,0,1,0,1,0,1,1,"equal"
"620711-3966412",1,1,1,1,0,0,0,1,1,0,"equal"
"600616-3909807",0,0,0,0,1,1,0,0,1,0,"equal"
"940913-3436595",1,0,1,0,1,0,0,1,0,0,"equal"
"710517-4904282",0,1,1,0,0,0,0,0,1,0,"equal"
"550714-2626139",1,1,1,1,1,1,0,1,1,0,"equal"
"920919-3128549",1,1,1,0,0,1,1,0,0,0,"equal"
"770806-3627053",0,1,1,1,0,0,0,1,0,1,"equal"
"970718-2135667",0,1,1,1,0,1,0,1,0,1,"equal"
"750614-1589119",1,1,0,0,1,0,1,1,1,1,"equal"
"691204-2545581",1,0,1,0,0,0,0,1,0,1,"equal"
"510924-4629269",1,1,0,0,0,1,0,1,1,1,"equal"
"550106-2236568",0,1,1,0,1,0,0,1,0,0,"equal"
"550204-3850964",0,0,1,1,1,1,1,1,1,1,"equal"
"880126-1538517",0,0,1,1,1,0,0,1,1,0,"equal"
"980723-3227618",0,1,1,0,1,0,1,0,0,1,"equal"
"580704-3891415",0,1,1,1,1,1,1,0,0,0,"equal"
"920326-3662254",0,0,1,0,0,0,0,0,0,0,"equal"
"520501-3588351",1,1,1,1,1,0,0,1,0,0,"equal"
"921220-4903116",0,1,1,1,1,0,1,1,0,0,"equal"
"890508-4787002",1,0,0,1,1,1,1,1,1,1,"equal"
"681022-1759984",0,1,0,1,1,1,0,1,0,1,"equal"
"600927-2193546",0,1,0,0,1,1,0,1,1,1,"equal"
"730617-1682994",0,1,1,0,0,0,1,0,0,0,"equal"
"740911-3137514",0,1,0,0,1,1,1,0,0,0,"equal"
"890902-3672983",0,1,0,1,1,1,1,0,0,1,"equal"
"620206-4963122",0,0,0,1,1,1,1,0,1,1,"equal"
"870528-4725601",0,0,1,0,0,0,1,0,1,0,"equal"
"770411-1330601",1,1,1,1,0,1,1,1,0,0,"equal"
"950912-4549516",0,0,0,1,1,0,1,0,1,1,"equal"
"601209-2292097",1,1,1,0,1,0,1,0,1,0,"equal"
"880407-3174609",1,0,0,0,1,0,1,1,0,0,"equal"
"790426-3789445",0,1,1,0,1,0,1,1,0,0,"equal"
"881010-4137562",1,1,1,0,0,1,0,1,1,1,"equal"
"970506-1888957",0,0,0,1,1,0,1,0,0,1,"equal"
"721123-4805456",0,0,0,1,0,0,1,0,1,0,"equal"
"970105-1746522",0,0,1,1,0,1,0,1,0,1,"equal"
"930111-4267755",1,1,1,1,0,0,1,1,1,0,"equal"
"680307-3498180",1,1,0,0,0,1,0,1,0,0,"equal"
"861114-2630427",0,0,0,1,0,0,0,1,1,0,"equal"
"521017-3971648",1,0,0,1,1,1,1,1,1,1,"equal"
"590308-2080768",0,0,0,1,1,0,0,0,0,0,"equal"
"600203-3998461",1,0,0,0,0,1,0,1,0,0,"equal"
"561112-4701914",1,0,0,1,0,0,1,1,0,1,"equal"
"980427-1997408",0,0,1,0,1,1,1,1,0,0,"equal"
"870918-1836087",1,1,0,0,1,0,0,0,0,1,"equal"
"820106-3546803",0,1,1,0,0,0,1,0,1,1,"equal"
"840724-3614831",0,1,0,0,0,0,0,0,1,1,"equal"
"810820-4252077",0,1,0,0,1,1,1,0,0,0,"equal"
"700625-3507034",0,1,1,1,1,0,0,0,0,1,"equal"
"571103-1029769",1,1,0,1,0,0,0,0,0,0,"equal"
"770722-4902251",1,0,1,0,0,1,0,1,0,0,"equal"
"941011-3255307",0,0,1,1,0,1,0,0,0,1,"equal"
"580116-1631851",1,1,0,0,0,1,1,1,0,0,"equal"
"830711-4052102",0,0,0,1,0,1,1,0,1,0,"equal"
"520207-4543960",1,0,0,0,1,0,1,1,0,0,"equal"
"911202-3539159",1,1,1,1,1,0,0,0,1,0,"equal"
"740520-4813641",1,1,1,1,1,0,1,0,1,0,"equal"
"570204-1410189",1,1,0,0,1,1,1,0,0,0,"equal"
"600117-4635611",1,0,0,0,1,0,1,1,1,1,"equal"
"851114-2201809",0,0,0,1,1,1,0,0,0,0,"equal"
"520306-3728745",1,0,1,1,1,0,0,0,0,0,"equal"
"530225-4512545",0,0,1,0,0,0,0,0,0,1,"equal"
"711004-1928915",1,0,1,1,1,0,0,0,1,1,"equal"
"560802-2257079",0,1,0,1,0,1,1,1,1,0,"equal"
"931024-2121693",0,0,1,1,0,1,1,1,1,1,"equal"
"930321-1674935",0,1,1,0,0,1,0,0,0,1,"equal"
"920122-2454482",0,0,0,1,1,1,1,0,0,1,"equal"
"770413-3002148",0,0,1,1,1,1,0,0,0,0,"equal"
"910506-2326453",1,0,0,1,1,0,0,1,1,0,"equal"
"940410-4066309",1,1,0,0,1,1,1,0,0,1,"equal"
"760424-4308751",1,1,1,1,1,1,0,1,1,1,"equal"
"641215-2581954",1,0,0,0,1,1,0,1,1,0,"equal"
"750703-1042363",1,1,0,1,1,0,1,0,0,1,"equal"
"630127-4172707",1,0,1,0,1,0,0,1,0,1,"equal"
"990606-1157001",0,1,1,0,1,1,0,1,0,0,"equal"
"830319-1791236",0,0,0,1,0,1,0,1,1,0,"equal"
"890706-1340852",1,0,1,0,0,0,0,0,0,1,"equal"
"710503-2058866",1,1,0,0,1,1,1,1,1,1,"equal"
"701113-1958551",0,0,0,0,0,1,1,1,0,0,"equal"
"871103-1220007",0,0,0,0,1,0,1,0,1,1,"equal"
"780702-3752214",1,1,1,1,1,1,0,1,1,1,"equal"
"940208-1127685",0,1,0,1,0,0,0,0,0,1,"equal"
"801107-3980009",0,1,0,0,0,1,1,0,0,0,"equal"
"840125-3776007",1,1,1,1,1,1,0,1,0,0,"equal"
"770717-4414619",1,1,0,1,0,1,0,1,0,0,"equal"
"910302-4208579",1,1,1,1,1,1,0,0,1,0,"equal"
"740923-2076888",1,0,1,1,0,1,1,0,1,1,"equal"
"560306-3281086",0,1,0,1,1,1,0,0,0,1,"equal"
"700419-4174852",1,1,1,1,1,0,1,0,0,1,"equal"
"680810-4129230",1,0,0,1,1,1,1,1,1,0,"equal"
"900720-4526068",1,1,1,1,0,1,0,1,1,0,"equal"
"970428-3404788",1,0,0,1,1,0,0,0,0,0,"equal"
"540511-3616396",1,1,0,1,1,1,0,0,0,0,"equal"
"820623-2226095",1,1,1,1,0,1,0,0,1,1,"equal"
"961219-3813998",0,0,0,0,0,0,0,1,0,1,"equal"
"880526-1567789",1,1,0,1,0,0,1,1,0,1,"equal"
"580828-3209491",0,0,0,0,1,0,0,1,0,1,"equal"
"540623-1753538",1,0,0,0,1,1,1,1,0,1,"equal"
"681227-3622112",1,1,0,1,1,1,1,0,0,1,"equal"
"800708-2235236",0,1,1,0,0,0,1,0,1,1,"equal"
"850106-2743159",0,1,1,1,0,0,1,1,0,1,"equal"
"660103-4103796",1,1,0,0,1,0,1,0,1,0,"equal"
"930417-3896228",1,0,0,1,1,1,0,0,1,1,"equal"
"831115-2662863",1,0,0,1,0,0,0,1,0,0,"equal"
"520903-4262510",0,1,0,1,0,0,1,1,0,0,"equal"
"830414-4221127",1,1,0,0,1,0,1,1,0,0,"equal"
"800707-1627683",1,1,1,0,1,0,1,0,1,0,"equal"
"960702-2791538",0,1,1,0,1,1,1,0,1,0,"equal"
"970125-3716821",0,0,0,0,1,0,0,0,1,1,"equal"
"560725-3691407",1,0,0,1,0,1,0,1,1,1,"equal"
"581101-2208244",0,0,1,1,0,0,1,0,0,1,"equal"
"560318-1165306",0,1,1,0,1,1,0,1,1,0,"equal"
"660306-1303397",1,0,1,0,0,1,1,0,0,0,"equal"
"661117-1885202",0,1,1,1,0,0,0,1,0,0,"equal"
"971018-4439329",0,0,0,1,0,0,1,0,0,0,"equal"
"870423-2107272",1,1,1,0,0,1,1,1,0,0,"equal"
"660314-2905318",1,1,0,0,0,1,1,0,1,1,"equal"
"660303-1780575",0,1,0,0,0,0,0,1,0,0,"equal"
"810124-4501619",1,1,0,0,1,1,0,0,1,0,"equal"
"980219-1110143",1,0,0,1,1,1,1,1,1,0,"equal"
"520415-1564323",1,0,0,0,1,0,0,1,1,0,"equal"
"821108-3672636",1,0,0,1,1,0,1,1,1,1,"equal"
"580415-4517936",1,1,0,1,1,1,1,0,1,0,"equal"
"630621-1817352",1,1,0,0,0,0,0,0,0,1,"equal"
"940103-3854438",0,0,1,1,0,1,0,1,1,1,"equal"
"760510-4891899",1,1,0,1,0,1,1,0,0,1,"equal"
"710508-1032700",0,0,0,1,0,0,1,1,1,0,"equal"
"850707-1664848",1,1,0,1,0,1,0,1,0,0,"equal"
"910905-4232651",1,1,1,0,1,1,0,1,0,1,"equal"
"640726-3305239",0,1,1,0,0,0,1,0,0,0,"equal"
"771203-1479999",1,0,0,1,0,0,1,1,1,1,"equal"
"510216-2022223",0,0,0,0,1,1,1,0,0,1,"equal"
"970325-2837285",0,0,1,1,0,1,1,0,1,0,"equal"
"580711-4003900",1,0,0,1,0,0,1,0,1,1,"equal"
"940810-1803252",1,0,0,1,1,0,0,1,0,1,"equal"
"590724-4789012",1,1,0,1,0,0,0,0,0,0,"equal"
"790114-4350450",1,1,0,0,0,1,1,1,1,1,"equal"
"921024-2344926",1,1,0,0,1,1,1,0,1,1,"equal"
"540428-1697685",1,1,0,1,1,1,1,0,0,0,"equal"
"850427-3437411",0,0,1,0,1,0,0,0,1,1,"equal"
"581120-3507871",0,0,0,1,0,1,0,1,1,0,"equal"
"841218-2849353",1,0,1,0,1,0,1,1,1,0,"equal"
"520728-2727584",0,0,0,1,0,1,1,0,1,1,"equal"
"521215-1687473",1,1,1,0,0,0,0,1,0,1,"equal"
"901007-4364312",1,0,0,0,1,0,0,1,1,1,"equal"
"990108-2224767",1,1,0,0,1,0,0,1,1,1,"equal"
"550418-1706993",1,0,0,0,1,1,1,0,1,1,"equal"
"630916-3895120",1,0,0,0,0,1,1,1,0,0,"equal"
"700906-4346359",1,0,0,0,1,0,0,0,0,1,"equal"
"940117-4178271",1,1,0,1,0,1,0,1,1,0,"equal"
"501211-1541283",0,0,0,1,1,0,0,0,1,1,"equal"
"890206-4960028",1,1,1,1,0,0,0,1,0,0,"equal"
"590609-2196844",1,1,1,0,1,0,1,0,1,1,"equal"
"850714-4611463",0,0,1,0,1,1,1,0,0,0,"equal"
"510520-1501123",1,0,0,0,0,0,0,0,0,0,"equal"
"950807-4576253",1,0,0,1,0,0,1,0,1,0,"equal"
"570717-4206070",1,0,0,0,0,1,0,0,0,1,"equal"
"900120-1567687",1,0,1,0,0,0,0,0,0,0,"equal"
"910727-1900575",1,0,0,1,1,1,1,1,0,0,"equal"
"940811-4062652",1,1,1,1,1,1,1,0,1,1,"equal"
"810203-3153839",1,1,0,0,1,0,0,1,1,1,"equal"
"980621-4727025",0,1,0,1,0,1,1,0,0,1,"equal"
"751225-1001143",1,0,1,1,0,1,1,0,0,1,"equal"
"630711-2829065",1,0,1,0,0,0,0,1,0,0,"equal"
"961116-3610166",0,0,1,0,1,0,0,1,1,1,"equal"
"871102-1880654",1,0,1,0,1,1,1,1,1,0,"equal"
"690115-4542595",0,1,0,1,0,1,1,1,1,0,"equal"
"670715-4495927",0,0,0,0,1,1,1,1,0,0,"equal"
"790216-3681348",1,1,0,1,1,0,0,1,1,0,"equal"
"560616-4929964",1,0,0,1,0,1,1,1,0,1,"equal"
"780418-3053920",1,0,0,1,0,0,0,1,1,1,"equal"
"910501-2631981",0,1,1,1,0,0,0,1,1,1,"equal"
"651117-1583653",1,0,1,0,1,1,1,1,0,1,"equal"
"880521-1350045",0,1,1,1,0,0,0,0,0,1,"equal"
"860223-1989726",1,0,0,1,0,1,0,0,1,0,"equal"
"751202-1701628",1,1,1,0,1,1,1,1,1,1,"equal"
"580704-4161181",0,0,0,1,0,1,0,1,0,0,"equal"
"540216-1320098",0,0,1,0,1,0,0,1,1,0,"equal"
"880404-1214585",0,1,1,0,0,0,0,0,1,0,"equal"
"611219-3785662",0,0,0,1,0,1,1,0,0,1,"equal"
"850514-1625250",1,0,1,0,0,1,0,1,0,1,"equal"
"980924-1720352",1,1,0,0,1,0,0,1,0,1,"equal"
"770524-2557777",0,1,1,0,1,1,1,0,0,0,"equal"
"970913-1204525",0,1,1,0,0,0,0,1,1,0,"equal"
"721115-2263686",1,1,0,0,0,1,1,0,0,0,"equal"
"890826-1249263",0,1,1,1,0,1,0,1,1,1,"equal"
"660421-4569779",1,0,1,0,0,0,0,0,1,0,"equal"
"670608-2059943",1,1,1,1,0,1,0,1,1,0,"equal"
"900215-1803631",0,0,1,0,1,0,1,0,1,1,"equal"
"530610-3353552",0,1,1,1,1,0,0,0,1,1,"equal"
"930924-4595398",0,1,1,1,0,1,1,1,0,1,"equal"
"711120-4265111",0,0,1,0,1,1,1,0,0,0,"equal"
"851013-4230000",0,0,1,0,0,1,0,0,1,1,"equal"
"800804-1758865",1,1,0,0,1,1,0,1,1,1,"equal"
"860220-2998384",1,0,1,1,0,1,0,1,0,1,"equal"
"500606-3785585",0,1,0,0,1,1,1,1,1,1,"equal"
"590114-1268983",1,0,0,1,0,1,0,1,0,1,"equal"
"910111-4473001",1,1,1,0,0,0,1,0,1,0,"equal"
"730925-3326030",0,1,1,0,1,1,0,1,0,0,"equal"
"670114-1471724",0,1,0,1,1,1,1,1,0,0,"equal"
"681104-1453977",1,0,1,1,0,0,0,0,1,1,"equal"
"861215-4310629",1,0,0,1,1,0,0,1,1,1,"equal"
"510914-1293145",0,1,0,0,1,0,1,0,0,1,"equal"
"871001-1481158",0,0,1,1,1,1,1,1,1,1,"equal"
"931003-1104681",0,1,1,0,0,1,0,1,0,0,"equal"
"690924-4641022",0,0,1,1,0,1,0,0,1,0,"equal"
"610527-1352943",1,1,0,1,0,0,1,1,1,1,"equal"
"710422-3000861",0,0,0,0,1,0,0,1,0,0,"equal"
"550710-1502068",1,0,1,1,0,0,1,1,0,0,"equal"
"750308-1723380",0,0,1,1,1,0,0,1,1,0,"equal"
"610422-2833127",1,1,1,0,0,0,1,0,0,0,"equal"
"630325-4687874",0,1,1,0,0,0,1,1,0,0,"equal"
"711106-2927636",1,0,0,0,1,0,0,1,0,0,"equal"
"540626-1617133",0,0,1,1,1,1,0,1,0,0,"equal"
"960518-3441284",1,0,0,1,0,1,0,1,0,0,"equal"
"800703-2445306",1,1,1,1,1,0,1,0,1,1,"equal"
"831017-3418488",0,0,1,1,0,0,0,0,0,0,"equal"
"600803-4160370",1,1,1,1,0,0,1,0,0,1,"equal"
"560810-4877952",0,0,0,1,1,0,0,1,0,1,"equal"
"760223-2724049",1,0,1,1,1,0,0,1,0,1,"equal"
"500807-3422308",1,0,0,0,0,0,0,0,1,0,"equal"
"530311-1313674",0,0,1,0,1,0,0,1,1,0,"equal"
"820621-1374343",1,1,1,1,1,0,1,0,1,1,"equal"
"970123-4879964",1,1,0,1,1,0,1,1,0,1,"equal"
"720405-2149077",0,1,0,0,1,1,0,0,1,1,"equal"
"940121-1472343",1,1,0,0,1,1,1,0,1,1,"equal"
"590224-4438929",1,1,0,0,1,1,0,1,1,0,"equal"
"780314-4081060",1,0,0,0,0,1,0,1,0,0,"equal"
"640910-2548479",0,0,0,0,1,0,1,1,0,1,"equal"
"861111-3533413",1,1,0,1,1,1,1,0,1,1,"equal"
"920611-4444440",0,0,1,0,1,0,0,0,0,0,"equal"
"820512-2173307",1,0,1,0,0,0,1,0,1,0,"equal"
"710401-3240013",0,1,0,1,1,1,1,1,1,0,"equal"
"530406-2104590",0,0,0,0,0,1,0,0,1,0,"equal"
"580704-4461083",1,0,1,1,0,1,0,1,1,0,"equal"
"721112-2422482",1,1,0,1,0,1,1,1,1,1,"equal"
"640714-1153524",1,1,1,0,0,1,0,1,0,0,"equal"
"650914-4393208",1,1,1,1,0,0,1,0,0,1,"equal"
"680609-4917758",1,1,1,0,1,1,1,1,1,0,"equal"
"970802-2258090",1,1,1,0,1,0,1,0,1,1,"equal"
"840101-2608506",1,0,0,1,1,1,1,1,0,1,"equal"
"690119-1935094",0,0,1,0,0,1,1,0,0,1,"equal"
"520928-3142443",1,0,0,0,0,0,0,1,1,1,"equal"
"691222-1498037",1,0,0,1,1,0,0,0,1,1,"equal"
"611208-4777800",0,0,0,0,1,0,0,0,0,0,"equal"
"530112-2147705",1,0,0,1,0,0,0,0,0,1,"equal"
"890520-1465030",1,0,0,1,1,0,1,0,0,0,"equal"
"631124-4987523",1,1,0,0,1,1,1,0,1,1,"equal"
"870310-4503220",1,0,0,0,1,0,0,1,1,1,"equal"
"980921-4357801",0,0,0,0,0,1,0,1,1,1,"equal"
"970110-2510723",0,1,0,1,0,0,0,1,1,0,"equal"
"560103-3034740",0,0,1,1,1,1,0,1,0,1,"equal"
"910826-2050453",0,0,0,0,0,0,0,0,1,1,"equal"
"941116-1515573",0,0,0,1,0,0,1,0,0,1,"equal"
"621225-2735276",0,0,1,1,0,0,0,0,0,0,"equal"
"631103-3303436",0,0,1,0,1,0,1,0,1,1,"equal"
"660801-4157438",0,1,1,1,1,0,1,1,0,1,"equal"
"860107-1128064",0,1,0,0,0,1,0,1,1,0,"equal"
"710111-3319361",0,0,0,1,1,0,1,1,0,1,"equal"
"660114-2317592",1,0,0,0,0,1,1,0,0,0,"equal"
"970526-3932720",1,1,1,1,0,0,0,0,1,0,"equal"
"531125-1830535",1,0,1,0,1,1,1,0,1,0,"equal"
"691125-4648524",1,0,0,1,1,1,1,0,0,0,"equal"
"830814-1881084",1,1,1,0,0,1,0,0,1,0,"equal"
"831107-1509773",1,0,0,0,1,1,1,1,1,0,"equal"
"970816-2129596",0,0,1,1,1,1,0,1,1,1,"equal"
"900727-3907885",0,0,1,0,1,0,1,1,1,1,"equal"
"950926-2520931",0,1,1,1,0,1,1,1,1,1,"equal"
"630710-3809694",0,0,1,1,1,1,0,1,1,1,"equal"
"950425-3115896",1,0,1,1,0,1,1,0,1,0,"equal"
"801213-3098765",1,0,1,0,0,0,1,0,0,1,"equal"
"841020-4756415",0,1,1,0,0,1,1,1,1,0,"equal"
"530314-1499161",0,0,0,1,1,1,1,0,1,1,"equal"
"570209-3659226",1,0,0,0,1,1,0,0,1,0,"equal"
"891222-1473115",1,1,0,0,0,0,1,1,0,1,"equal"
"520811-1777117",1,0,0,1,1,0,1,0,0,1,"equal"
"590211-4084508",1,0,0,1,1,1,0,1,1,1,"equal"
"860428-2784393",0,0,0,0,1,0,0,1,1,0,"equal"
"881112-4091721",0,1,1,0,1,0,1,1,0,0,"equal"
"571103-4547424",1,0,1,0,1,1,0,0,1,1,"equal"
"930611-3327235",1,1,1,1,0,1,0,1,0,1,"equal"
"601127-4797097",0,0,0,1,1,0,0,1,0,1,"equal"
"990510-3485632",1,0,1,0,0,0,1,0,1,1,"equal"
"710823-3615266",0,1,1,1,0,1,1,1,0,1,"equal"
"930822-1639895",1,0,1,1,1,1,0,0,1,1,"equal"
"500111-4123697",0,0,0,0,1,1,1,1,1,0,"equal"
"680622-4298533",0,1,0,1,1,0,1,1,0,0,"equal"
"910404-3632008",1,0,0,0,0,0,1,0,1,1,"equal"
"681010-2841163",0,1,1,0,0,1,1,0,1,1,"equal"
"941111-2440540",0,1,1,1,1,1,1,1,0,0,"equal"
"770608-3850943",0,0,0,0,0,0,1,1,0,1,"equal"
"920327-1893351",1,1,0,1,0,0,1,0,1,1,"equal"
"881025-1191821",0,0,0,1,0,0,1,1,0,0,"equal"
"641006-1205887",0,1,1,0,1,0,1,0,1,1,"equal"
"500813-2542895",1,0,0,0,1,0,0,0,1,1,"equal"
"900613-2286524",1,1,1,1,1,1,0,1,1,0,"equal"
"550309-4862233",1,1,0,1,1,0,0,0,0,1,"equal"
"750405-4200997",1,0,1,1,1,0,0,0,1,0,"equal"
"620520-4037392",1,0,1,0,0,1,1,1,1,1,"equal"
"531203-4541316",0,0,0,1,0,1,0,1,0,1,"equal"
"790304-4753475",0,0,1,1,0,1,0,0,1,0,"equal"
"641024-2158237",0,1,1,1,1,1,0,1,1,0,"equal"
"971104-2397253",1,0,1,1,1,0,1,1,1,1,"equal"
"590908-3674070",0,0,1,0,0,1,0,0,0,1,"equal"
"510427-2799384",1,1,1,0,0,0,0,0,0,1,"equal"
"630208-2785955",0,1,1,1,1,0,0,1,1,0,"equal"
"780822-1323954",1,1,0,0,1,0,1,1,1,1,"equal"
"841208-2474887",0,0,1,1,0,0,1,1,1,1,"equal"
"720321-3577834",1,0,1,0,1,0,1,1,0,0,"equal"
"670410-1802464",0,1,1,1,1,1,1,1,0,0,"equal"
"780520-4114547",1,1,1,1,0,1,0,1,0,0,"equal"
"520404-2234921",0,0,0,1,0,0,1,0,1,0,"equal"
"791025-3865349",0,0,1,0,1,0,0,0,0,1,"equal"
"820208-1692971",1,0,0,0,1,1,1,0,1,0,"equal"
"530403-1192506",0,1,1,0,0,0,1,0,0,0,"equal"
"781119-1911714",0,1,0,1,1,0,1,1,0,0,"equal"
"680627-1463376",0,1,1,0,0,1,0,1,0,0,"equal"
"840715-1933725",0,1,0,0,1,0,0,1,1,0,"equal"
"620404-4424125",1,1,1,1,1,0,1,1,1,0,"equal"
"750221-1928930",1,0,0,1,0,0,0,0,1,0,"equal"
"561003-1939013",1,0,1,1,1,0,1,1,0,1,"equal"
"660220-1546529",1,1,0,1,1,0,0,1,0,0,"equal"
"600410-3523811",1,1,1,0,0,0,0,0,1,0,"equal"
"851210-1253440",1,1,0,0,1,0,1,0,0,1,"equal"
"700514-1704975",1,0,1,1,1,0,0,0,0,0,"equal"
"601116-1668930",0,0,1,1,0,1,0,0,0,0,"equal"
"930927-1690819",0,0,1,0,1,1,0,0,1,1,"equal"
"780605-3433961",0,1,1,1,1,1,0,0,1,0,"equal"
"730128-2871451",1,0,1,0,1,1,0,0,1,0,"equal"
"821112-2917343",0,0,0,1,0,0,1,1,1,1,"equal"
"651026-1855410",1,1,0,0,1,1,0,0,0,1,"equal"
"570706-1912596",1,1,0,0,0,0,1,0,1,1,"equal"
"711208-4808932",1,0,1,0,0,1,1,0,1,1,"equal"
"661003-3401507",0,1,0,0,0,0,1,1,1,0,"equal"
"970911-1019929",0,1,1,1,1,0,0,1,1,1,"equal"
"710526-2472421",1,0,1,1,0,0,0,0,1,0,"equal"
"850726-4678652",1,1,0,1,0,0,1,0,1,0,"equal"
"500813-2284203",0,1,0,1,1,0,1,0,0,1,"equal"
"700805-3030187",1,0,0,0,0,1,0,1,0,1,"equal"
"950513-4607489",0,1,0,0,0,0,0,0,0,1,"equal"
"880306-4713670",1,1,0,1,1,0,0,0,1,1,"equal"
"941015-1001738",0,0,0,1,0,0,1,0,0,1,"equal"
"770912-3006728",0,1,0,1,1,1,1,1,0,1,"equal"
"780413-3371643",1,1,1,1,1,0,0,0,1,1,"equal"
"821123-2619661",1,0,0,1,1,0,0,1,0,1,"equal"
"531021-4466180",1,0,0,0,0,0,0,1,1,0,"equal"
"860903-3370583",0,1,0,1,1,0,1,1,0,0,"equal"
"951202-1103265",1,0,1,1,1,0,1,0,1,1,"equal"
"981009-3968673",0,0,1,1,0,0,0,0,0,1,"equal"
"881209-1750886",0,1,1,0,1,1,0,0,1,0,"equal"
"800817-2698666",1,0,1,0,1,1,1,0,1,0,"equal"
"570604-2033288",1,1,0,1,1,1,0,0,1,1,"equal"
"501215-4502543",1,1,1,1,1,0,1,0,1,1,"equal"
"520813-3967176",1,1,1,1,0,1,1,1,1,0,"equal"
"660524-3084933",1,1,0,0,0,0,0,0,1,1,"equal"
"690311-3376763",0,1,1,1,0,1,0,1,0,0,"equal"
"691016-1061811",0,1,0,0,0,1,0,0,1,0,"equal"
"791003-2654225",1,0,0,1,0,1,0,1,1,0,"equal"
"950123-2829239",0,0,1,1,1,1,1,0,1,1,"equal"
"631110-1364236",0,0,1,1,1,1,0,0,1,0,"equal"
"540508-3594856",0,1,0,1,0,0,1,1,0,0,"equal"
"631101-3065397",0,0,1,1,1,1,0,0,0,0,"equal"
"871125-3899667",1,1,1,1,1,0,1,1,0,1,"equal"
"641202-4601474",0,0,0,0,0,1,1,0,1,0,"equal"
"660414-1953935",1,0,1,0,0,1,0,0,0,1,"equal"
"661227-3208471",1,1,1,0,1,1,0,0,1,0,"equal"
"990127-3189048",1,1,0,1,0,0,1,1,1,0,"equal"
"770608-4496290",0,1,0,1,1,1,0,0,0,1,"equal"
"630227-1863579",1,0,1,0,1,1,0,1,1,0,"equal"
"890204-4223114",1,0,1,1,1,1,1,1,0,1,"equal"
"890519-1132698",1,0,1,0,1,1,0,0,0,0,"equal"
"651222-1381055",0,0,1,0,0,1,1,0,0,0,"equal"
"791012-3759089",0,0,1,0,0,0,1,1,1,0,"equal"
"791201-4713817",1,1,0,0,0,1,1,1,0,0,"equal"
"800808-1495064",1,0,1,1,1,0,1,0,0,1,"equal"
"661025-2960693",0,0,1,0,0,1,1,1,0,0,"equal"
"680211-4942512",0,1,1,1,0,1,0,1,0,0,"equal"
"910423-4222208",0,0,0,0,1,0,0,1,1,1,"equal"
"760425-3408538",1,0,0,1,0,1,0,1,0,0,"equal"
"760410-2927456",1,0,0,1,0,0,1,1,1,0,"equal"
"900819-1710955",1,0,0,1,1,1,1,1,0,1,"equal"
"630513-4797760",0,0,1,1,0,0,1,0,0,1,"equal"
"920517-2740076",0,0,0,1,0,1,1,0,1,1,"equal"
"590319-4660033",1,0,1,0,1,0,1,1,1,1,"equal"
"980725-3855058",1,1,1,0,0,1,0,0,1,1,"equal"
"810816-4867109",0,1,1,1,1,1,1,0,0,1,"equal"
"910426-4441297",1,1,0,0,1,0,1,1,0,1,"equal"
"890326-1883109",1,1,0,0,0,0,1,0,0,0,"equal"
"500309-4016869",0,0,0,0,0,0,1,1,0,1,"equal"
"661114-2281596",0,0,0,1,0,0,1,0,0,1,"equal"
"841217-4324708",1,1,0,0,1,0,0,0,0,0,"equal"
"620718-3544558",0,0,1,0,0,1,0,1,0,1,"equal"
"831227-1747537",0,1,0,0,0,1,1,0,1,1,"equal"
"770911-3768264",0,1,0,0,1,1,1,0,1,0,"equal"
"660907-3792472",1,1,1,0,1,0,1,1,0,1,"equal"
"890925-2884593",1,0,0,1,0,0,1,0,0,1,"equal"
"690310-4448707",0,0,1,0,1,1,0,0,1,1,"equal"
"960422-4164112",1,1,0,1,1,0,1,0,1,0,"equal"
"990801-4536199",0,0,1,0,1,0,0,0,0,1,"equal"
"890819-2623364",0,0,0,0,1,0,1,0,1,1,"equal"
"810520-3728793",0,0,1,0,0,1,1,0,1,0,"equal"
"700809-1492188",1,0,0,0,1,1,0,1,1,0,"equal"
"581204-1594662",0,1,0,1,0,1,0,0,0,0,"equal"
"741128-3922942",1,0,1,1,0,1,1,0,1,0,"equal"
"910415-2300623",0,1,1,0,0,0,0,0,1,1,"equal"
"730727-3328685",0,0,1,1,1,0,0,1,1,0,"equal"
"510711-2765151",1,0,1,0,1,1,1,0,0,1,"equal"
"960123-1552800",0,0,0,0,0,1,1,1,1,0,"equal"
"880808-1311688",1,1,0,0,1,0,0,0,0,0,"equal"
"561228-3149779",1,1,1,0,0,0,0,0,0,1,"equal"
"590709-4766678",0,1,0,0,0,1,0,0,1,0,"equal"
"520318-4910393",0,0,0,1,0,0,0,0,1,1,"equal"
"630905-4490336",0,0,0,1,0,0,0,0,1,1,"equal"
"670927-1490321",1,1,1,1,1,1,0,1,0,1,"equal"
"980718-3049620",1,0,0,0,0,1,1,0,0,0,"equal"
"780213-3487098",1,0,1,1,0,0,0,0,0,0,"equal"
"840415-4571182",1,1,1,0,1,0,1,1,0,1,"equal"
"510410-4007014",0,0,1,1,0,1,1,0,0,1,"equal"
"821123-1737562",0,1,0,0,1,0,1,0,1,1,"equal"
"680607-1511982",1,1,0,0,0,0,0,1,0,1,"equal"
"931010-3092062",0,0,0,1,1,1,1,0,1,0,"equal"
"700402-1147775",0,1,1,1,1,0,1,0,0,0,"equal"
"960907-1261801",0,1,1,0,0,0,1,1,0,1,"equal"
"920227-2816586",1,0,0,1,0,0,0,1,0,0,"equal"
"930516-4355630",0,0,1,1,1,0,0,0,0,0,"equal"
"660502-1357271",1,0,0,1,1,1,0,1,1,1,"equal"
"710122-4811991",1,0,0,1,1,1,1,0,0,0,"equal"
"840214-4941606",0,0,0,0,1,1,1,0,1,1,"equal"
"991106-3400407",1,0,0,0,1,1,1,0,1,0,"equal"
"660528-4499444",0,0,0,1,1,0,1,1,0,1,"equal"
"690201-4540592",0,1,0,0,0,0,1,1,1,0,"equal"
"750901-4075425",1,1,1,0,0,1,0,0,1,0,"equal"
"721205-4427066",0,0,0,1,1,0,0,1,0,1,"equal"
"790305-1703286",1,1,1,1,0,1,0,0,0,0,"equal"
"771106-4113114",0,1,0,0,1,0,0,0,1,0,"equal"
"560825-4577222",0,0,0,1,0,0,1,0,0,1,"equal"
"770221-2766089",1,1,1,0,1,0,1,1,1,1,"equal"
"570405-2389322",1,1,0,0,0,0,0,0,0,0,"equal"
"670722-2901554",1,1,0,0,0,1,0,0,0,0,"equal"
"790616-2913460",0,1,1,1,0,1,1,0,0,0,"equal"
"720926-1791507",0,1,1,0,0,1,0,0,1,1,"equal"
"520707-3470361",1,1,0,0,1,0,1,1,1,0,"equal"
"741222-2864813",0,0,1,0,1,0,1,0,0,1,"equal"
"971104-3025162",0,0,0,1,1,0,0,0,1,0,"equal"
"580612-3937753",1,1,1,1,0,0,0,0,0,1,"equal"
"931104-1183436",0,0,0,1,0,0,0,0,1,1,"equal"
"770720-3553168",0,0,1,0,0,1,0,0,1,0,"equal"
"700916-1473520",1,1,0,1,1,0,1,0,1,1,"equal"
"950726-1300125",1,1,1,1,1,0,1,0,1,0,"equal"
"831003-4204493",0,1,1,0,0,0,0,0,1,1,"equal"
"890215-3968741",1,1,1,1,0,1,1,0,0,1,"equal"
"660903-4614970",0,0,0,1,0,1,0,1,0,0,"equal"
"520118-4673188",1,0,0,0,1,0,1,0,1,1,"equal"
"660706-1419148",1,1,0,0,0,0,1,1,0,0,"equal"
"890607-2309020",0,0,0,0,1,0,0,0,1,0,"equal"
"690328-2504143",1,1,1,1,0,0,0,1,1,0,"equal"
"910524-2724024",0,0,0,1,0,1,0,0,0,0,"equal"
"920121-2736589",0,1,1,1,1,0,1,1,0,1,"equal"
"640104-1728999",0,1,0,1,0,0,0,0,0,1,"equal"
"681019-1232015",1,1,0,0,0,0,0,1,0,1,"equal"
"831007-1445693",0,1,1,1,0,1,1,0,1,1,"equal"
"660807-4972470",1,0,1,1,0,1,0,0,0,1,"equal"
"731206-2864403",1,1,1,1,1,0,1,1,1,1,"equal"
"861202-3647854",1,0,1,1,1,1,0,1,1,1,"equal"
"950417-4364030",0,0,0,1,1,0,0,0,0,1,"equal"
"721206-1708838",1,0,1,1,0,0,0,0,1,0,"equal"
"680612-3572647",1,1,0,0,0,1,0,0,0,0,"equal"
"751125-2177404",0,1,0,1,1,1,1,0,0,0,"equal"
"590818-1306991",0,1,0,1,1,1,1,1,1,0,"equal"
"640603-2223585",1,1,0,1,1,1,1,1,0,0,"equal"
"761216-2217321",1,1,0,1,1,1,0,0,0,0,"equal"
"770624-4931190",0,1,0,1,0,1,0,0,1,1,"equal"
"931009-2080255",0,0,0,1,0,1,0,0,1,1,"equal"
"821209-2101851",0,0,1,0,1,1,1,0,0,1,"equal"
"500304-4784332",1,1,0,1,0,0,1,0,0,0,"equal"
"501012-3772734",0,0,0,0,0,0,1,1,0,0,"equal"
"680505-1067916",0,1,0,1,0,1,1,1,0,1,"equal"
"610318-3890001",0,0,0,1,0,0,0,0,1,1,"equal"
"700112-2477906",1,1,1,1,0,1,0,1,1,0,"equal"
"840105-1791129",0,0,1,0,1,0,1,0,1,1,"equal"
"630917-3682110",0,1,1,0,1,1,0,1,1,1,"equal"
"941214-1156655",0,0,1,0,1,0,1,0,1,1,"equal"
"530415-1038737",0,1,1,0,1,1,0,1,1,0,"equal"
"620814-2286419",1,1,1,0,1,1,1,1,1,0,"equal"
"951013-3451281",1,0,1,0,1,0,0,1,0,1,"equal"
"920504-3015245",1,0,1,0,1,1,1,0,1,1,"equal"
"600412-3263557",0,0,1,0,0,0,0,0,0,1,"equal"
"921128-1003186",1,0,1,0,1,1,0,1,0,1,"equal"
"991113-3648201",1,0,1,1,1,0,0,0,1,0,"equal"
"890708-2729323",1,1,0,1,1,0,1,0,0,1,"equal"
"960906-3571476",1,1,1,0,0,0,0,0,0,0,"equal"
"730624-1243814",0,0,1,1,0,0,1,0,1,0,"equal"
"610820-4711057",1,1,0,1,1,0,1,0,1,1,"equal"
"930912-3372482",0,0,1,0,0,0,1,0,1,1,"equal"
"960805-3646430",1,0,1,0,0,1,1,0,0,0,"equal"
"790615-3141510",1,0,1,0,0,0,1,1,0,1,"equal"
"750918-1331216",0,0,1,1,0,1,0,0,0,1,"equal"
"581113-4879776",0,1,1,1,0,1,1,0,0,1,"equal"
"541116-4233213",1,0,0,0,0,1,1,0,1,1,"equal"
"850604-1381663",0,0,0,1,1,0,1,1,0,1,"equal"
"611013-4660847",1,1,1,1,1,0,1,0,0,0,"equal"
"571021-2790460",0,0,1,1,0,1,1,0,0,0,"equal"
"550312-1697456",0,0,1,1,1,0,1,1,0,1,"equal"
"690603-1955423",0,0,0,0,0,0,0,0,0,1,"equal"
"630815-2164277",1,0,1,0,1,1,0,0,1,0,"equal"
"740212-3729098",0,1,1,1,1,1,1,0,0,1,"equal"
"980612-4348323",0,1,0,0,1,1,1,1,0,0,"equal"
"610425-4060982",1,1,1,0,0,1,1,0,0,1,"equal"
"841209-2184833",0,0,1,1,1,0,1,0,0,1,"equal"
"760306-3358209",0,1,0,1,0,1,1,0,0,1,"equal"
"640214-2664567",0,0,0,1,0,0,1,1,1,0,"equal"
"620926-4080577",0,0,0,1,0,0,0,0,1,0,"equal"
"650203-1797689",0,1,0,1,0,1,1,0,0,1,"equal"
"820308-2910860",1,0,0,0,0,1,1,1,1,0,"equal"
"600702-4890414",1,0,0,0,0,0,0,0,0,1,"equal"
"650111-1496137",0,1,0,0,0,0,0,0,1,1,"equal"
"651227-3854953",1,1,1,1,1,0,0,0,1,1,"equal"
"860510-1401785",0,0,1,0,1,1,1,0,0,1,"equal"
"690715-1505272",1,1,1,1,0,0,1,0,1,0,"equal"
"760104-3668507",1,1,1,0,1,1,1,0,0,1,"equal"
"780217-2547337",1,1,1,1,0,0,1,0,1,1,"equal"
"841206-1130602",0,1,1,1,0,1,0,0,0,1,"equal"
"601226-4897472",0,1,0,0,0,0,0,1,1,1,"equal"
"500818-4153706",0,0,0,1,1,0,1,0,0,0,"equal"
"610615-1496723",0,1,0,0,0,1,0,1,1,1,"equal"
"890609-1041177",0,0,0,0,1,0,0,1,1,0,"equal"
"940801-3766707",1,0,0,0,0,1,1,0,1,0,"equal"
"880412-2369403",0,0,1,0,0,1,0,1,1,0,"equal"
"700801-3565709",0,1,0,0,0,1,0,0,0,1,"equal"
"870903-1609804",0,1,1,1,1,1,1,0,1,1,"equal"
"560119-2909180",1,0,0,0,1,0,0,0,1,1,"equal"
"961210-2379213",0,0,0,1,0,0,0,1,0,0,"equal"
"560404-3704703",0,1,0,1,0,0,0,1,0,0,"equal"
"811212-4794452",0,0,0,0,0,1,0,0,1,1,"equal"
"830821-4758950",0,0,1,1,0,0,1,0,0,0,"equal"
"890224-2031933",1,1,0,1,1,0,0,1,1,0,"equal"
"950305-4647990",0,1,0,0,1,1,1,1,1,1,"equal"
"801213-2328475",0,1,1,0,0,0,1,1,1,0,"equal"
"730420-1818349",1,1,0,1,1,1,0,1,0,1,"equal"
"960719-3527780",1,0,1,1,1,0,0,1,0,1,"equal"
"550327-1273312",1,0,0,0,0,0,0,1,0,0,"equal"
"600522-3268684",1,0,1,0,0,0,0,1,0,0,"equal"
"740703-3546404",1,1,1,0,1,0,1,1,1,1,"equal"
"691014-2483212",1,1,1,1,1,1,1,1,1,1,"equal"
"880922-2810421",1,1,1,0,0,0,1,0,1,0,"equal"
"540504-1193241",1,0,0,1,1,1,1,0,1,0,"equal"
"730803-4605544",0,1,0,1,1,1,0,0,1,1,"equal"
"571201-4520772",0,1,1,1,1,1,1,0,0,0,"equal"
"980214-2801646",1,1,0,0,1,1,0,0,0,1,"equal"
"851008-2632233",1,1,0,0,1,0,0,0,1,1,"equal"
"650815-1996169",0,0,0,1,1,0,1,0,0,0,"equal"
"880119-1363580",0,1,0,1,1,0,0,1,1,0,"equal"
"881215-1642436",0,0,0,0,1,0,0,0,0,0,"equal"
"990522-2387410",1,1,1,1,1,0,1,1,0,0,"equal"
"781117-3161903",0,1,0,1,1,1,0,0,0,0,"equal"
"741102-1188318",0,1,1,1,0,1,0,1,0,0,"equal"
"870404-3718386",1,1,0,1,0,1,1,0,0,1,"equal"
"640802-3495318",0,1,0,1,1,0,1,0,0,1,"equal"
"600928-3411542",0,0,0,0,1,0,1,0,1,1,"equal"
"900419-4171051",0,1,1,1,1,0,1,0,1,1,"equal"
"520823-1959867",0,1,1,0,1,1,1,1,1,1,"equal"
"530512-3717924",0,1,1,1,1,0,0,1,1,1,"equal"
"981003-2734940",0,0,1,1,1,1,1,1,0,0,"equal"
"770321-3956510",0,0,1,0,1,1,0,1,0,0,"equal"
"690704-4952975",0,1,1,1,1,1,0,0,0,0,"equal"
"651123-2976699",1,0,1,0,0,1,1,1,1,0,"equal"
"540524-4482334",1,1,1,0,1,0,1,0,0,0,"equal"
"691121-2283875",0,1,1,1,1,0,1,1,1,1,"equal"
"820407-4755506",0,1,0,1,0,0,0,0,1,1,"equal"
"520209-2855040",1,1,0,0,0,0,1,0,0,0,"equal"
"650328-4621429",0,0,1,1,0,0,0,1,1,1,"equal"
"850719-3596112",1,0,0,1,0,1,1,1,1,1,"equal"
"780711-1013348",1,0,1,1,1,1,0,0,0,1,"equal"
"670301-1392095",1,1,1,0,0,0,0,0,1,1,"equal"
"661022-2791102",1,1,0,1,1,1,0,0,0,1,"equal"
"800617-1258993",1,0,1,0,1,1,0,0,0,0,"equal"
"871210-1298394",1,0,0,1,1,0,0,0,1,1,"equal"
"611001-4677156",1,0,0,1,1,1,1,1,1,1,"equal"
"840224-3032881",1,0,0,0,1,1,1,0,1,0,"equal"
"760917-4316568",1,0,0,1,1,1,1,1,1,1,"equal"
"540309-1328225",1,1,1,1,0,0,1,0,0,0,"equal"
"720105-3636973",1,1,1,0,1,1,1,0,1,0,"equal"
"660303-3436428",0,1,1,0,0,0,1,0,1,1,"equal"
"531007-4992866",0,0,0,1,1,1,1,1,0,0,"equal"
"791114-3676888",1,1,0,1,0,0,0,0,0,1,"equal"
"821210-4458635",1,1,1,0,0,1,1,0,0,0,"equal"
"660518-1158247",1,1,1,1,1,1,1,0,1,1,"equal"
"710324-1405722",1,0,1,1,0,1,0,0,0,0,"equal"
"570614-2271159",0,1,1,1,1,0,0,1,0,1,"equal"
"800506-1140106",1,1,1,1,1,0,0,1,1,0,"equal"
"530425-1387966",1,0,1,0,1,0,0,0,0,0,"equal"
"710916-4476369",0,0,1,1,1,0,0,0,1,0,"equal"
"731016-4997471",0,1,1,1,0,0,0,1,1,0,"equal"
"780217-4289224",0,0,1,0,0,0,0,0,0,1,"equal"
"810510-4125251",1,1,0,1,0,1,1,1,1,1,"equal"
"920712-1544103",1,1,1,0,1,0,0,1,0,1,"equal"
"530710-1373847",1,0,0,0,1,1,1,1,0,0,"equal"
"560523-2759342",0,0,1,0,0,1,1,0,0,0,"equal"
"580804-2686760",1,1,0,0,0,1,0,0,0,1,"equal"
"720425-2417025",0,0,0,0,1,0,0,0,1,0,"equal"
"871017-2722326",1,0,1,0,0,1,1,1,1,0,"equal"
"980525-1425861",1,1,0,1,0,0,0,1,1,1,"equal"
"650507-2042503",0,0,1,0,0,1,0,1,0,0,"equal"
"711113-1000528",1,0,1,1,0,0,0,1,1,0,"equal"
"740103-1454529",1,0,0,0,0,0,1,0,0,1,"equal"
"720806-2900636",1,0,1,1,1,1,1,0,1,1,"equal"
"831026-2299607",0,1,1,0,1,1,0,1,1,1,"equal"
"571103-2962550",1,0,1,1,1,1,1,1,0,0,"equal"
"740402-4535382",0,0,1,0,0,0,0,0,0,1,"equal"
"910615-3580987",1,1,0,0,0,0,0,0,0,0,"equal"
"980105-3655713",0,1,1,0,1,0,0,1,0,0,"equal"
"801120-3423295",1,0,0,1,0,1,0,1,0,0,"equal"
"830317-1256470",1,1,0,1,0,1,1,1,0,1,"equal"
"960428-1966594",1,1,1,0,1,0,0,0,1,0,"equal"
"841125-4041552",0,1,1,0,1,1,0,1,1,1,"equal"
"740910-2940780",1,1,0,1,1,1,1,0,1,1,"equal"
"740302-4341502",0,0,0,0,0,0,0,1,0,0,"equal"
"630915-4530976",1,1,1,0,1,0,0,0,0,0,"equal"
"960509-2198072",0,1,0,0,0,0,1,0,1,0,"equal"
"910221-1529945",0,1,1,0,0,0,1,1,0,1,"equal"
"950520-3553674",0,0,1,0,1,0,1,0,0,1,"equal"
"941022-2980888",0,0,0,0,0,0,0,1,0,1,"equal"
"661216-3096873",0,0,1,1,1,1,0,0,1,0,"equal"
"691112-2370566",1,0,0,1,0,0,1,0,1,0,"equal"
"611227-3836474",1,0,1,1,0,1,1,0,0,1,"equal"
"931128-3993637",0,0,0,0,1,1,1,1,0,0,"equal"
"840518-4116868",1,0,1,0,1,1,1,0,0,1,"equal"
"910902-1272299",0,1,0,0,1,0,0,1,0,1,"equal"
"510817-4249313",1,1,0,1,0,1,1,1,0,0,"equal"
"560716-1747853",1,0,1,0,0,0,1,1,1,0,"equal"
"670627-1258196",0,0,1,1,0,1,1,1,0,0,"equal"
"831012-4189830",1,1,1,0,0,1,0,1,1,1,"equal"
"911017-3140797",0,1,0,1,1,0,1,0,1,1,"equal"
"900707-1573251",0,0,0,1,0,0,1,0,1,0,"equal"
"850507-1044731",1,0,1,0,0,0,1,1,1,0,"equal"
"650418-4480453",1,1,0,1,1,1,0,0,0,0,"equal"
"680407-4401733",0,0,1,1,1,0,0,0,1,1,"equal"
"930805-3259065",1,0,1,0,1,1,1,0,1,1,"equal"
"620307-2566737",1,0,1,1,0,1,0,0,0,1,"equal"
"800308-2699162",1,1,0,1,0,1,1,1,0,0,"equal"
"650408-3499442",1,1,0,1,0,1,0,1,1,1,"equal"
"981216-1386898",0,0,0,1,1,1,0,0,0,0,"equal"
"771106-3776518",1,0,1,1,0,0,0,1,1,0,"equal"
"720127-1808998",1,1,0,1,0,0,0,0,1,1,"equal"
"690811-2912748",1,1,0,1,1,1,1,0,1,1,"equal"
"840116-3952292",1,1,0,0,1,0,1,1,1,1,"equal"
"640402-4291515",1,1,1,0,1,1,1,1,1,0,"equal"
"510905-3151596",1,1,0,1,1,0,0,0,1,0,"equal"
"550505-2241871",0,0,0,1,0,0,0,1,1,0,"equal"
"830802-3397100",1,1,0,1,0,1,1,0,0,1,"equal"
"510206-4521662",1,0,0,0,0,0,0,0,0,1,"equal"
"901112-4844259",1,0,0,1,0,1,1,0,0,0,"equal"
"980514-2469868",1,0,1,0,0,0,1,1,1,1,"equal"
"700220-3449166",1,1,1,1,1,0,1,1,0,1,"equal"
"640513-2024843",1,1,1,0,1,1,1,1,0,1,"equal"
"720601-3640777",0,0,0,1,1,1,0,1,0,0,"equal"
"880624-2579688",0,0,0,0,1,0,0,1,1,0,"equal"
"990112-4671009",0,0,1,0,1,1,1,0,1,1,"equal"
"530605-1120349",0,0,0,1,1,0,1,1,0,1,"equal"
"680921-2990115",1,1,1,1,1,0,1,0,1,1,"equal"
"800807-3796112",0,1,0,1,1,1,0,0,1,1,"equal"
"861002-4528758",0,0,1,1,1,1,0,1,1,0,"equal"
"920601-2659581",1,0,0,0,1,0,1,0,1,0,"equal"
"880408-3511154",1,0,1,0,0,0,1,1,0,0,"equal"
"651220-2081537",1,0,1,0,1,1,0,1,0,1,"equal"
"771213-1047464",1,1,1,1,0,0,0,1,1,0,"equal"
"580225-3034695",0,1,0,1,1,1,0,1,1,0,"equal"
"640208-4159972",1,0,1,0,1,0,0,0,0,0,"equal"
"520624-3107924",1,0,1,0,1,1,1,0,1,1,"equal"
"501124-3015768",0,1,1,1,0,1,0,0,0,0,"equal"
"660507-2648250",1,0,0,0,1,1,0,1,1,1,"equal"
"700813-1102323",0,1,1,0,1,0,1,1,0,0,"equal"
"671204-2977239",0,1,0,1,1,0,1,0,0,1,"equal"
"611115-1232393",1,0,0,0,0,1,0,0,1,0,"equal"
"551205-4276431",0,1,0,1,1,0,0,0,1,0,"equal"
"951011-4843108",1,1,0,1,1,1,1,0,0,1,"equal"
"560113-3065140",0,1,1,0,1,0,0,0,0,1,"equal"
"540127-4281980",1,1,1,1,0,0,0,0,1,0,"equal"
"750906-3254782",1,0,0,1,1,1,0,0,0,1,"equal"
"540804-2976483",1,1,0,1,1,1,0,1,0,0,"equal"
"920112-4493450",0,0,0,1,1,0,1,1,0,0,"equal"
"900413-1485577",0,0,1,1,1,1,0,0,1,1,"equal"
"530903-1874739",1,1,1,0,1,0,0,1,0,1,"equal"
"911117-1269794",1,1,1,0,1,0,1,1,0,1,"equal"
"610828-1637238",1,1,0,1,1,1,1,0,0,0,"equal"
"950608-4572690",1,0,0,0,1,0,0,0,0,1,"equal"
"980611-1670289",1,1,1,0,0,1,1,0,0,1,"equal"
"670117-3633500",1,1,1,1,1,1,1,1,0,0,"equal"
"551104-1125904",0,1,0,0,1,0,0,1,0,1,"equal"
"690106-2673384",0,0,0,1,0,0,1,1,0,1,"equal"
"990321-1948754",0,0,1,1,0,0,0,0,1,1,"equal"
"881020-3269020",0,0,1,1,0,0,0,0,1,1,"equal"
"930401-4466352",1,0,0,1,1,0,1,0,0,1,"equal"
"840313-4459958",0,1,0,0,0,0,1,1,0,1,"equal"
"821009-2038758",1,1,0,0,0,0,0,0,0,1,"equal"
"980219-1588310",0,1,1,1,0,0,0,1,0,1,"equal"
"590208-1258541",0,1,1,1,1,1,0,1,1,1,"equal"
"600302-2546480",0,1,0,0,1,0,1,0,1,0,"equal"
"851117-2975154",1,0,0,0,0,1,0,1,0,1,"equal"
"591020-3553387",1,0,1,1,1,0,1,1,0,0,"equal"
"941021-4428838",0,1,0,1,0,1,1,1,0,1,"equal"
"740523-4231805",1,1,1,1,0,0,0,0,1,1,"equal"
"980209-2003352",0,0,0,1,0,0,1,1,0,0,"equal"
"850628-1815619",1,1,1,1,1,0,0,0,0,0,"equal"
"730619-3664761",1,0,0,0,0,1,1,1,1,0,"equal"
"911112-4893803",0,1,0,0,0,1,1,0,1,0,"equal"
"791114-1757283",1,0,1,0,1,0,1,0,1,0,"equal"
"501228-2149113",1,0,1,1,1,1,1,0,0,0,"equal"
"770321-1010773",0,1,1,1,0,1,0,1,1,1,"equal"
"760919-1806797",1,1,0,0,1,0,1,1,1,0,"equal"
"730112-4219839",1,0,0,0,1,0,1,0,0,1,"equal"
"750222-3911831",0,1,1,1,0,0,0,0,1,0,"equal"
"600812-2374093",0,1,0,1,0,0,1,1,1,1,"equal"
"801225-1213749",1,0,1,1,0,1,0,1,1,1,"equal"
"720619-2501251",0,0,1,0,0,0,0,0,0,1,"equal"
"650614-3609131",1,1,1,0,1,1,0,1,0,0,"equal"
"820912-1247103",1,1,1,0,0,1,1,1,0,0,"equal"
"861102-1613792",1,0,0,1,0,1,0,0,0,0,"equal"
"680518-1151332",0,0,1,1,1,0,1,0,0,1,"equal"
"620401-2801073",0,0,0,1,0,0,1,0,1,0,"equal"
"670728-1330528",1,1,1,0,1,1,0,1,0,1,"equal"
"700812-4167678",1,1,1,0,1,1,1,0,1,1,"equal"
"680414-4673366",1,0,1,0,0,1,1,1,1,1,"equal"
"840112-3804603",1,0,0,0,1,1,0,1,0,0,"equal"
"950402-4093425",1,0,0,0,0,0,1,0,1,1,"equal"
"631127-3831030",1,1,1,0,1,1,1,0,1,1,"equal"
"810326-3516670",0,0,0,0,0,0,0,1,0,0,"equal"
"770710-4721119",1,1,1,0,1,1,0,0,1,0,"equal"
"901210-3092039",1,1,1,1,0,1,0,0,0,0,"equal"
"810215-1394749",0,1,0,1,0,1,0,1,0,1,"equal"
"620607-2013373",1,0,1,1,0,1,1,1,1,1,"equal"
"900316-1294393",1,0,1,1,0,1,0,1,0,0,"equal"
"780113-1332547",1,0,0,0,0,1,0,0,1,1,"equal"
"901026-2581370",1,0,1,0,0,0,0,1,0,1,"equal"
"551116-1869532",1,1,0,0,0,0,0,1,1,1,"equal"
"550824-3131954",1,1,1,0,1,1,1,0,0,0,"equal"
"940310-2230112",0,1,0,0,1,1,1,0,1,0,"equal"
"510925-2657985",0,0,1,1,1,0,0,1,0,0,"equal"
"710917-4571763",1,0,1,1,0,0,0,1,1,0,"equal"
"811201-3301874",0,0,0,1,1,1,0,1,1,0,"equal"
"980928-1619772",0,0,1,1,0,1,1,1,1,1,"equal"
"600616-2425999",1,1,1,0,0,0,0,0,1,0,"equal"
"691001-2684619",1,0,0,1,0,1,1,1,1,1,"equal"
"650620-1695605",1,0,1,1,0,1,1,0,1,1,"equal"
"930417-4572435",0,0,0,0,1,0,0,0,1,1,"equal"
"730111-3718551",0,1,0,0,1,0,0,0,0,0,"equal"
"660101-1010786",0,0,1,0,0,1,1,0,1,1,"equal"
"980212-3221384",0,0,0,0,1,1,0,1,0,1,"equal"
"911213-4130327",0,0,0,1,1,1,0,1,1,1,"equal"
"830715-2812365",1,0,0,1,0,0,0,1,1,1,"equal"
"761118-4723785",1,0,1,0,0,1,1,1,1,1,"equal"
"890507-4300380",0,0,1,1,0,1,0,0,1,1,"equal"
"881102-4641525",1,1,1,1,0,0,1,1,0,0,"equal"
"620519-2887249",1,1,1,1,0,0,0,0,1,1,"equal"
"760711-1225651",0,1,1,0,1,1,1,0,1,0,"equal"
"570705-4046728",0,0,0,1,1,0,0,1,1,0,"equal"
"551117-1317085",1,0,0,1,1,1,1,0,1,0,"equal"
"870510-4534471",1,0,1,0,1,1,1,1,0,1,"equal"
"800221-3396897",1,1,1,1,0,1,1,1,1,0,"equal"
"670918-2263754",1,1,1,1,0,0,0,1,0,1,"equal"
"750715-3298647",1,1,0,0,0,0,1,1,1,1,"equal"
"550918-4282680",1,0,0,1,0,0,1,1,1,1,"equal"
"650128-1079841",0,1,0,0,1,0,1,0,0,1,"equal"
"830817-3876295",0,0,0,0,1,0,0,0,1,0,"equal"
"890514-3586921",0,1,0,1,0,1,1,1,0,1,"equal"
"500106-4722120",1,0,1,1,0,1,1,0,1,0,"equal"
"771118-3927807",0,1,1,0,0,0,1,0,1,0,"equal"
"730904-4932682",0,0,0,0,1,1,0,1,0,0,"equal"
"830714-3131373",0,0,0,0,0,1,1,0,1,0,"equal"
"850402-3493323",1,1,1,1,0,1,1,0,0,0,"equal"
"631201-3180546",1,0,1,1,0,1,0,0,0,1,"equal"
"810926-3684831",1,1,1,0,0,0,1,1,1,0,"equal"
"760907-2415898",0,1,1,0,0,1,1,1,0,1,"equal"
"600710-2220351",1,0,0,0,0,0,1,0,0,1,"equal"
"661014-2067433",1,1,1,0,0,0,1,0,0,1,"equal"
"650620-2741160",1,0,0,0,1,1,1,1,1,0,"equal"
"720111-4310349",0,0,1,1,1,0,0,0,1,1,"equal"
"790201-4952878",0,1,1,1,0,0,0,1,1,1,"equal"
"910714-1852699",0,1,1,1,0,1,0,0,1,0,"equal"
"840309-3978621",1,1,1,1,1,0,0,0,0,1,"equal"
"611203-3721369",1,0,0,1,0,1,0,1,0,0,"equal"
"940506-4941558",1,0,0,1,0,0,0,0,0,1,"equal"
"580220-1885021",0,1,1,1,1,1,0,0,1,1,"equal"
"890304-1349707",1,0,1,1,1,1,0,1,1,0,"equal"
"570907-2176561",1,1,1,0,0,1,0,1,1,1,"equal"
"940112-2859322",0,0,0,0,0,0,0,0,0,0,"equal"
"900128-2839813",1,0,0,0,0,0,1,0,1,1,"equal"
"660410-1793587",1,0,1,0,0,1,1,0,1,0,"equal"
"530902-1363600",0,0,1,1,0,0,1,0,1,1,"equal"
"690826-4739207",1,0,0,1,0,0,0,1,1,1,"equal"
"580818-4255079",1,0,0,0,1,0,1,1,0,1,"equal"
"751125-4347728",1,0,0,0,1,1,1,0,0,1,"equal"
"640317-3831901",0,0,0,1,0,1,0,0,1,0,"equal"
"671019-2377223",1,0,0,0,1,0,0,1,1,0,"equal"
"961110-1685267",1,0,1,1,1,1,1,1,0,0,"equal"
"500417-3849536",1,0,1,0,0,1,1,0,1,0,"equal"
"540507-4339224",0,0,1,1,0,0,0,1,0,1,"equal"
"561113-2953084",0,1,1,1,0,0,0,0,0,0,"equal"
"510527-4626057",1,1,0,1,1,0,1,1,1,1,"equal"
"670210-4574177",0,1,0,0,0,1,0,0,0,0,"equal"
"910921-1135844",1,0,0,0,0,1,1,0,0,1,"equal"
"990516-1853348",1,1,1,1,0,0,1,0,1,1,"equal"
"550213-1269625",1,1,0,0,1,1,1,0,0,0,"equal"
"840117-2380889",0,0,1,1,1,0,0,0,1,1,"equal"
"841005-1541099",1,0,1,0,1,1,0,1,1,1,"equal"
"670326-2783471",1,1,1,1,1,1,1,0,1,0,"equal"
"850319-4474111",1,0,1,0,0,0,1,0,0,1,"equal"
"671210-2719275",1,0,1,1,0,1,0,0,1,1,"equal"
"710717-3698141",0,0,0,0,0,1,0,0,1,1,"equal"
"691002-4737936",1,1,1,1,1,1,1,0,1,1,"equal"
"640202-1520089",1,0,1,1,1,1,1,1,0,1,"equal"
"760614-1919936",1,0,1,0,1,0,1,1,1,1,"equal"
"720521-3883958",0,0,0,1,1,1,0,0,1,0,"equal"
"710821-1996847",0,0,1,1,1,1,1,1,0,0,"equal"
"700805-1011182",1,1,1,0,1,1,0,0,1,1,"equal"
"810905-1239250",0,0,0,0,1,0,1,1,0,1,"equal"
"650710-2011091",1,0,0,1,1,0,0,0,1,0,"equal"
"820509-1786399",0,0,0,1,0,1,0,1,0,0,"equal"
"570606-3548297",0,0,1,0,1,0,0,0,0,0,"equal"
"740723-1865090",0,0,1,1,1,0,1,1,1,1,"equal"
"970828-4152096",1,1,0,1,1,1,0,1,0,1,"equal"
"520112-2993779",1,1,0,1,0,0,0,0,1,0,"equal"
"940909-4560372",0,1,0,0,1,0,0,0,0,1,"equal"
"990104-4709429",0,0,0,1,0,1,0,0,1,0,"equal"
"610518-2657244",0,1,0,0,1,0,1,1,0,0,"equal"
"581103-2106979",1,0,0,1,0,0,1,1,1,1,"equal"
"541222-3314624",0,1,1,1,1,1,1,1,1,0,"equal"
"530422-3351544",1,1,0,1,0,0,1,1,1,0,"equal"
"651208-4611795",1,0,1,1,1,1,1,0,0,0,"equal"
"971118-1439096",0,1,1,1,1,0,0,1,0,0,"equal"
"580521-1452040",1,1,0,1,1,0,1,1,1,0,"equal"
"510922-2623173",0,1,1,0,0,0,1,1,1,0,"equal"
"810502-3489113",0,0,0,1,0,0,1,0,0,0,"equal"
"530806-2580090",0,1,0,0,0,0,0,1,0,1,"equal"
"661103-3687327",1,0,1,0,0,0,0,0,0,1,"equal"
"500106-3341199",0,1,1,0,1,1,1,1,1,0,"equal"
"980308-3400922",1,0,0,0,1,1,0,1,1,1,"equal"
"630403-1596042",1,1,0,1,1,1,0,1,0,0,"equal"
"501007-2949655",0,1,0,1,0,0,0,0,1,1,"equal"
"980627-4882403",0,1,0,1,0,0,0,0,0,0,"equal"
"520109-2674016",0,1,1,1,0,0,1,1,1,0,"equal"
"760126-4484345",0,0,1,1,0,0,0,1,0,1,"equal"
"910125-3704590",1,1,0,0,0,0,0,0,1,0,"equal"
"870307-2872267",0,1,1,0,0,0,1,1,1,1,"equal"
"520513-4764452",1,0,0,1,0,1,1,1,0,1,"equal"
"620327-4467324",0,0,1,1,0,0,1,1,1,0,"equal"
"700925-3663003",1,1,0,1,1,0,1,0,1,0,"equal"
"511202-1660723",1,1,0,1,1,0,1,1,0,0,"equal"
"931206-2213772",1,0,1,0,1,0,1,1,1,0,"equal"
"980703-2788292",0,1,1,0,0,0,0,0,0,0,"equal"
"890311-4296868",1,0,1,1,1,1,0,1,0,1,"equal"
"940905-4100157",1,0,0,1,0,0,0,1,1,0,"equal"
"930902-2110243",0,0,0,0,0,0,1,1,1,0,"equal"
"790225-4827417",0,1,1,0,1,1,0,1,1,1,"equal"
"530121-2295721",1,1,0,0,1,1,0,0,1,0,"equal"
"541211-3116552",1,0,1,0,0,0,1,1,0,0,"equal"
"680117-4647529",1,1,0,1,1,1,0,0,0,1,"equal"
"851204-4650285",0,1,0,0,0,1,1,1,1,0,"equal"
"500624-1228770",0,1,0,1,1,1,1,1,1,1,"equal"
"701227-3017926",0,1,1,0,1,1,1,0,1,0,"equal"
"541014-2936367",0,0,0,0,0,1,0,0,1,1,"equal"
"870604-2383971",1,0,1,1,1,0,1,1,0,1,"equal"
"590828-1878217",0,1,1,0,1,0,1,0,0,0,"equal"
"990626-1746805",0,0,0,0,1,1,0,0,0,0,"equal"
"711215-4778486",1,1,1,1,0,1,1,0,1,1,"equal"
"560804-2818556",1,0,1,1,0,0,1,1,1,0,"equal"
"880319-2186854",0,1,1,0,0,0,0,1,1,0,"equal"
"881015-4812287",1,0,0,0,0,0,1,1,1,1,"equal"
"971019-4704446",1,0,1,1,1,1,1,0,1,0,"equal"
"700515-3669804",1,0,1,0,1,1,0,0,1,1,"equal"
"690108-1782359",1,0,0,1,0,0,1,1,1,1,"equal"
"891003-1090459",1,1,1,1,0,1,0,1,0,1,"equal"
"720628-1201904",1,1,0,0,0,1,1,1,1,1,"equal"
"781208-4539014",1,1,0,0,0,0,1,0,0,0,"equal"
"861028-3238605",1,0,0,1,0,1,1,0,1,1,"equal"
"850727-2904483",1,1,1,0,0,0,0,0,1,1,"equal"
"780914-2680848",1,1,1,0,1,1,0,0,0,1,"equal"
"670120-1673417",1,1,0,0,1,0,1,0,1,1,"equal"
"590206-3132002",1,0,0,0,1,1,0,1,1,0,"equal"
"961121-4692770",0,0,1,0,0,0,0,0,1,1,"equal"
"671108-1107691",0,0,0,1,0,0,1,0,1,0,"equal"
"960504-3854949",0,0,0,1,0,0,1,1,1,0,"equal"
"600926-1058965",0,0,0,0,1,1,0,0,1,1,"equal"
"630313-4386994",1,0,1,1,0,1,0,0,1,0,"equal"
"680622-2116831",0,0,0,0,1,0,0,1,1,1,"equal"
"700821-3799651",1,1,1,0,0,1,0,0,0,1,"equal"
"721112-4835421",1,0,1,0,0,1,0,0,1,1,"equal"
"560209-3023742",0,0,1,1,0,1,1,0,0,1,"equal"
"650907-2795429",0,0,1,1,0,1,0,1,0,1,"equal"
"771224-1522851",0,1,1,0,1,1,0,0,0,0,"equal"
"800704-1097796",1,0,1,0,1,0,1,0,0,0,"equal"
"760114-3740286",1,0,0,1,0,1,0,1,0,1,"equal"
"700725-1970588",1,1,1,0,1,0,1,0,1,1,"equal"
"901002-1255913",0,1,0,1,0,1,1,0,1,0,"equal"
"670909-2914015",0,0,0,1,1,0,0,0,1,0,"equal"
"520306-2744549",0,0,0,0,1,1,0,0,1,0,"equal"
"700403-1377248",0,0,1,0,1,0,0,0,1,0,"equal"
"870519-2656191",0,1,1,1,1,1,0,1,1,1,"equal"
"601014-2274576",1,1,1,1,0,1,1,0,0,1,"equal"
"791109-3750983",0,1,1,0,1,1,1,0,0,1,"equal"
"700704-3583358",0,1,1,0,1,0,0,0,1,0,"equal"
"800305-1075113",1,1,0,1,1,0,0,0,0,0,"equal"
"640210-3660841",0,1,1,0,1,0,1,0,1,1,"equal"
"720702-1579763",0,1,0,0,0,1,1,1,0,0,"equal"
"610218-1658784",0,1,0,0,1,0,1,0,0,1,"equal"
"761221-1223688",0,1,0,0,0,1,1,0,1,1,"equal"
"800619-1734333",1,1,1,0,1,0,0,1,0,0,"equal"
"730225-2884087",0,0,0,0,1,1,0,1,0,1,"equal"
"711004-4410491",1,1,0,1,0,1,0,0,1,1,"equal"
"990208-2686052",0,1,0,1,1,0,0,1,1,1,"equal"
"681006-4801798",1,1,1,1,0,0,0,0,0,0,"equal"
"561111-2163028",1,1,0,1,0,1,1,0,1,0,"equal"
"911218-4957916",0,0,1,0,1,0,1,0,0,1,"equal"
"730119-2818346",1,1,0,1,1,0,0,0,0,1,"equal"
"750305-3898938",1,1,0,0,0,0,0,1,0,1,"equal"
"581007-4623686",1,0,1,1,0,0,1,1,1,0,"equal"
"870321-1051129",0,0,0,0,1,1,0,0,1,1,"equal"
"961211-1180199",1,0,0,1,1,0,0,0,1,0,"equal"
"661128-2407503",1,1,0,0,1,1,1,1,1,1,"equal"
"990906-1060048",0,0,1,0,0,0,0,1,1,0,"equal"
"750220-4321705",1,0,1,0,0,1,0,1,1,1,"equal"
"740827-2657261",1,1,0,1,0,0,0,1,1,0,"equal"
"590217-4221903",0,1,1,1,0,1,0,0,0,1,"equal"
"891127-3854021",0,1,1,0,0,0,0,0,0,0,"equal"
"761208-4604952",1,1,0,1,0,0,0,1,0,1,"equal"
"640326-4290751",0,1,0,1,1,0,0,1,1,1,"equal"
"960403-3097715",1,1,0,0,1,1,1,0,1,1,"equal"
"911011-3750025",0,1,1,1,1,0,1,0,1,0,"equal"
"850109-4114872",0,0,1,0,1,1,1,1,1,1,"equal"
"731006-3283412",0,0,0,1,1,0,1,0,1,0,"equal"
"820623-1269858",0,1,1,0,1,1,1,1,0,0,"equal"
"860214-3749705",0,1,1,1,1,0,0,0,1,1,"equal"
"850609-4797595",1,1,1,0,1,0,0,1,0,0,"equal"
"921026-2978928",1,1,0,0,0,0,1,0,1,0,"equal"
"661002-3162701",1,1,1,1,1,0,0,1,1,1,"equal"
"640812-4177633",0,1,0,1,1,1,1,0,0,0,"equal"
"890506-2315642",0,0,0,1,1,0,1,1,1,0,"equal"
"951205-4165718",0,1,0,0,0,0,0,1,1,0,"equal"
"510801-2284624",0,0,1,0,0,1,0,0,1,0,"equal"
"510210-2660420",0,0,0,1,0,0,0,0,0,0,"equal"
"840306-4006444",0,0,0,1,1,0,1,0,0,1,"equal"
"680906-3210693",0,1,1,1,1,0,0,1,0,0,"equal"
"540715-4600562",0,0,1,0,1,0,1,0,0,1,"equal"
"980211-2482374",0,0,0,0,0,0,0,1,0,1,"equal"
"611113-2732624",0,1,0,1,0,1,1,1,1,0,"equal"
"551213-2447774",0,1,1,1,1,0,0,0,1,1,"equal"
"920318-2579743",0,0,0,0,0,0,1,0,0,0,"equal"
"820116-1071990",1,0,1,1,1,0,0,1,1,1,"equal"
"701204-2767459",0,1,1,0,1,0,0,0,0,1,"equal"
"901217-2334673",0,0,1,0,1,1,0,1,1,0,"equal"
"920813-2472390",1,1,1,0,0,1,1,0,1,0,"equal"
"800719-1247461",1,0,0,1,0,1,0,1,1,1,"equal"
"540311-2683049",0,0,1,0,1,0,0,0,1,0,"equal"
"631122-3922868",1,0,0,1,1,0,1,1,0,1,"equal"
"950104-3472425",1,0,1,0,1,1,1,1,1,0,"equal"
"510911-4358307",1,0,1,0,1,1,0,1,0,0,"equal"
"800925-4735892",1,1,0,1,1,1,0,1,1,0,"equal"
"610919-3060107",1,0,0,0,0,1,0,1,1,1,"equal"
"951005-4333878",0,1,1,1,0,1,1,1,0,0,"equal"
"870522-4858352",1,0,0,1,0,1,0,0,1,0,"equal"
"730714-2562294",0,1,1,1,1,1,1,0,0,1,"equal"
"920701-2450167",0,1,0,1,0,0,1,1,0,1,"equal"
"541216-2843008",0,1,0,0,0,1,1,0,1,1,"equal"
"650817-2153846",1,0,1,1,1,1,1,1,1,1,"equal"
"570201-3317083",1,0,1,0,0,0,0,1,0,1,"equal"
"620127-1830872",0,0,0,0,1,0,1,0,1,1,"equal"
"570512-2226625",0,1,0,0,1,1,1,1,1,0,"equal"
"830709-2655708",1,1,0,0,1,0,0,1,0,1,"equal"
"630210-4819561",0,1,0,0,0,1,1,0,1,1,"equal"
"900606-2659709",1,1,0,1,0,1,1,1,1,1,"equal"
"751016-1211066",1,0,0,0,0,1,0,1,1,1,"equal"
"991123-1214373",0,1,1,0,1,1,0,1,1,1,"equal"
"590307-4850567",0,0,0,0,1,0,0,1,1,0,"equal"
"911015-1271132",0,0,1,1,1,0,0,1,0,0,"equal"
"900303-1394756",0,0,1,1,0,1,1,0,1,1,"equal"
"810323-4223514",0,1,1,1,0,1,1,1,1,0,"equal"
"521123-4947191",0,0,0,1,1,1,0,0,0,0,"equal"
"740210-4859115",1,1,1,0,0,0,1,1,1,0,"equal"
"660125-3683486",1,1,0,1,1,0,1,1,0,0,"equal"
"650518-1309522",1,0,1,1,1,0,1,0,0,1,"equal"
"860417-3152145",1,0,1,1,1,1,0,0,0,0,"equal"
"800822-1357638",1,1,0,0,1,0,1,1,1,0,"equal"
"630323-3078632",1,0,0,0,1,0,1,1,1,0,"equal"
"620620-3370342",1,1,1,0,1,0,0,1,0,1,"equal"
"580807-1015101",1,1,1,0,1,1,0,0,0,1,"equal"
"631103-1303449",1,0,1,1,1,1,0,0,0,1,"equal"
"551103-3696916",1,1,0,1,1,1,0,0,0,1,"equal"
"741116-4332050",1,0,1,1,1,1,1,0,0,1,"equal"
"790309-1886145",0,0,1,0,1,0,1,1,1,0,"equal"
"921022-3267445",1,0,1,1,0,1,0,1,1,1,"equal"
"510228-3006200",1,1,1,0,1,1,1,0,1,1,"equal"
"540127-1240094",0,0,1,1,1,0,0,0,1,1,"equal"
"940722-2334976",1,1,0,1,0,0,0,0,1,1,"equal"
"680503-3986395",0,0,0,0,0,1,1,1,0,1,"equal"
"501214-4775219",0,1,1,0,0,1,0,0,0,1,"equal"
"550526-4389131",1,0,1,1,1,0,0,0,1,1,"equal"
"981208-3297862",0,0,1,0,0,0,0,1,1,1,"equal"
"860110-4884124",1,0,0,1,1,0,1,0,1,0,"equal"
"521125-2639382",0,0,1,1,1,0,0,0,0,1,"equal"
"941220-4318593",0,1,1,1,0,1,0,1,1,1,"equal"
"721122-2131366",0,1,0,1,0,1,0,0,1,0,"equal"
"600804-1346479",1,0,1,1,0,0,0,1,1,1,"equal"
"530717-2113981",1,1,0,0,0,0,0,1,0,0,"equal"
"680609-3703390",1,1,1,0,1,0,0,1,1,0,"equal"
"810406-4227715",1,0,0,0,0,1,0,0,0,0,"equal"
"510224-3542633",0,1,1,0,0,1,0,1,0,0,"equal"
"781005-3135132",1,1,0,0,0,0,0,0,0,1,"equal"
"990513-2220792",0,1,0,0,1,1,1,0,0,0,"equal"
"520526-1300000",0,1,1,1,1,1,0,0,1,1,"equal"
"980928-1884564",1,1,0,0,1,1,0,1,1,1,"equal"
"730206-4148997",0,1,1,0,0,0,0,1,0,0,"equal"
"890318-2474286",1,1,1,1,0,1,1,0,1,1,"equal"
"920827-3772770",0,0,0,1,1,0,1,0,0,0,"equal"
"870827-1642548",0,0,0,0,0,1,1,0,0,1,"equal"
"731108-2771529",1,1,1,1,0,1,0,0,1,1,"equal"
"720511-1235643",0,0,0,1,1,1,1,1,0,1,"equal"
"670806-4099059",1,1,1,0,0,1,1,0,0,1,"equal"
"850312-4952164",0,0,0,0,0,1,1,1,1,1,"equal"
"780204-1993102",1,1,1,1,0,0,0,0,0,0,"equal"
"571017-1792667",0,0,1,0,1,1,0,1,1,1,"equal"
"571204-3842921",1,0,1,0,1,1,1,0,0,1,"equal"
"880517-3615251",1,0,1,1,0,1,0,1,0,0,"equal"
"570628-2128516",0,1,0,1,1,0,1,0,0,0,"equal"
"651202-4308955",0,1,1,1,0,0,0,1,0,0,"equal"
"970806-4188770",1,1,0,1,0,1,1,1,1,1,"equal"
"620501-1771999",0,0,0,0,1,1,1,1,1,0,"equal"
"630803-4134925",1,1,0,0,0,0,1,1,0,0,"equal"
"640520-3112112",0,0,1,1,0,0,1,0,1,0,"equal"
"570821-4405225",1,0,1,0,0,1,0,1,1,0,"equal"
"581127-1290727",1,1,0,1,0,1,1,0,1,0,"equal"
"931105-2795229",0,0,1,0,1,0,0,0,0,1,"equal"
"540613-1581948",1,0,0,1,1,0,1,0,0,1,"equal"
"500906-3742205",0,1,0,1,1,1,0,0,1,0,"equal"
"521023-4100195",0,1,1,0,0,0,1,0,1,0,"equal"
"751204-4334828",1,0,1,1,0,1,0,1,0,1,"equal"
"680106-4146853",0,1,0,0,0,0,1,1,1,1,"equal"
"800906-4952602",1,0,1,1,0,1,0,0,1,0,"equal"
"820611-2097978",1,1,0,1,1,0,1,1,0,1,"equal"
"690820-4400911",1,1,1,1,0,0,1,1,1,1,"equal"
"730922-3739808",0,1,0,1,0,1,1,0,0,0,"equal"
"970101-1212526",0,0,0,0,0,1,1,0,1,1,"equal"
"611227-2131341",1,1,1,0,0,1,1,1,0,0,"equal"
"870527-3431116",1,0,0,1,0,1,1,1,1,0,"equal"
"841109-1854095",0,1,0,1,1,0,1,1,0,1,"equal"
"900716-3167186",0,1,0,1,1,0,0,1,1,1,"equal"
"820106-3412646",1,1,0,1,0,1,1,0,1,1,"equal"
"830515-2964712",1,1,1,1,1,1,0,0,0,0,"equal"
"780905-4572154",1,0,1,1,0,0,1,0,0,0,"equal"
"920911-2564305",0,1,1,0,0,1,1,0,1,0,"equal"
"830508-2558987",0,1,0,0,0,0,0,1,0,1,"equal"
"520712-4247050",1,1,1,1,1,0,0,0,1,1,"equal"
"690810-2080967",0,0,0,1,0,1,1,0,0,0,"equal"
"670105-1723882",0,0,1,1,1,0,0,1,1,0,"equal"
"980526-2062756",0,0,1,1,0,1,0,0,0,0,"equal"
"720925-2203918",0,0,0,0,0,1,1,0,1,1,"equal"
"970425-2952038",1,0,0,0,0,0,0,0,0,1,"equal"
"611113-4589721",0,1,1,1,0,0,1,0,0,0,"equal"
"651014-2697705",0,1,1,0,1,1,1,0,0,1,"equal"
"740114-3463923",0,1,0,1,1,0,0,0,0,0,"equal"
"770604-2769736",0,1,1,1,1,0,0,1,1,0,"equal"
"790314-3982278",1,1,0,0,0,0,0,0,0,0,"equal"
"781228-2806449",1,0,1,1,1,1,1,0,0,0,"equal"
"760616-4472438",1,0,0,1,1,1,0,1,1,0,"equal"
"570228-1198401",0,0,1,0,1,1,1,0,1,1,"equal"
"520218-3849292",1,0,0,1,0,0,1,0,0,0,"equal"
"561025-4798187",0,1,0,1,0,1,0,0,0,1,"equal"
"900214-1370126",0,1,1,0,0,1,1,0,1,0,"equal"
"880420-1442765",0,0,1,1,0,0,1,1,1,1,"equal"
"720923-2118283",1,0,0,0,0,1,1,0,1,1,"equal"
"991115-2985538",0,0,1,1,1,1,1,1,0,0,"equal"
"980903-1905122",0,1,0,0,1,1,0,0,0,0,"equal"
"670522-2492082",1,1,0,1,1,1,1,1,1,1,"equal"
"730222-2198830",1,1,1,1,0,1,1,0,1,1,"equal"
"500518-1716740",0,0,1,0,0,0,0,1,1,1,"equal"
"920208-2105022",0,1,0,0,1,1,1,1,1,1,"equal"
"870924-3907930",0,0,0,1,0,0,1,1,0,0,"equal"
"780628-3089021",0,0,0,1,0,1,0,0,1,0,"equal"
"500924-2403529",1,0,0,0,0,0,0,1,0,0,"equal"
"591220-3679670",0,1,0,1,0,1,1,0,0,1,"equal"
"550826-2618303",0,0,1,1,1,1,0,0,1,1,"equal"
"760825-3349143",1,0,1,1,1,0,1,0,1,1,"equal"
"620317-3943473",1,1,0,1,1,0,0,0,1,1,"equal"
"560410-4832962",1,1,1,0,0,0,1,1,1,0,"equal"
"550402-2408951",0,0,1,1,0,1,1,1,1,1,"equal"
"820414-1643691",0,0,1,0,0,0,0,1,1,0,"equal"
"581001-2858586",0,0,1,1,0,0,1,1,0,1,"equal"
"691109-3379697",0,1,0,0,0,1,1,0,1,1,"equal"
"980810-2792724",0,0,1,1,0,0,1,0,1,1,"equal"
"500403-3158789",0,1,1,0,1,0,0,1,1,1,"equal"
"500203-3378140",0,0,0,1,1,1,0,1,1,1,"equal"
"810706-1406382",0,1,0,1,0,1,0,1,1,0,"equal"
"600921-4756506",1,0,0,1,0,0,1,0,0,0,"equal"
"740402-2729154",1,1,1,1,1,1,1,0,1,0,"equal"
"970616-3759596",0,0,1,1,0,0,0,0,0,0,"equal"
"941201-2472238",1,0,1,1,1,0,1,1,0,1,"equal"
"981119-3920353",0,1,0,1,1,0,0,0,1,0,"equal"
"850615-2054314",0,0,0,0,1,1,1,1,0,1,"equal"
"790403-2799059",0,1,0,0,1,1,1,0,1,0,"equal"
"850427-4947892",0,1,1,1,0,1,1,0,0,0,"equal"
"761112-4811857",1,0,0,0,1,0,1,1,1,0,"equal"
"790514-2186479",0,0,1,0,0,0,0,1,1,1,"equal"
"540126-1505798",0,0,0,0,1,1,0,1,1,1,"equal"
"810113-2416898",1,0,1,0,1,1,1,1,1,1,"equal"
"680708-4462879",1,0,0,1,0,1,0,1,1,0,"equal"
"640227-4555639",0,0,0,0,0,0,1,0,1,1,"equal"
"561128-2578667",1,0,0,0,0,0,0,0,1,1,"equal"
"710105-1036100",0,0,0,0,1,1,1,1,0,1,"equal"
"851120-2849194",0,1,0,0,1,0,0,1,1,0,"equal"
"920308-4861086",1,0,0,0,1,1,1,1,0,1,"equal"
"970914-3172185",0,1,1,1,0,0,1,1,0,0,"equal"
"610828-3989697",1,0,0,1,1,0,0,0,1,0,"equal"
"641010-1647973",0,1,0,0,0,1,1,1,0,0,"equal"
"980109-2691733",0,1,0,0,1,1,0,0,1,0,"equal"
"810410-2961920",0,0,0,1,1,1,1,1,1,1,"equal"
"970108-4662700",0,1,1,0,0,1,1,0,1,0,"equal"
"600518-2290740",1,1,0,1,1,1,1,0,1,0,"equal"
"921026-4749630",1,0,1,0,0,1,1,1,1,1,"equal"
"581211-3234897",1,1,0,0,1,1,1,0,1,1,"equal"
"760120-3814432",0,1,1,0,1,0,1,1,1,1,"equal"
"911116-3962236",0,1,0,0,1,1,1,0,1,0,"equal"
"931205-4783689",0,0,0,0,0,0,1,1,0,0,"equal"
"700828-2848536",1,0,0,0,1,0,1,0,1,1,"equal"
"590426-3488940",1,1,0,1,1,0,1,1,1,1,"equal"
"720522-2256345",0,0,0,1,0,1,1,0,0,0,"equal"
"820916-3624143",0,1,1,1,0,0,1,1,0,1,"equal"
"741003-4169348",1,1,0,1,1,1,1,1,1,1,"equal"
"520116-4482361",1,0,0,0,0,1,0,0,0,1,"equal"
"630527-4860446",0,0,1,1,0,0,0,0,1,1,"equal"
"880811-3784025",0,1,1,0,1,1,1,1,1,1,"equal"
"690203-3655480",0,0,0,0,1,1,1,1,0,1,"equal"
"740321-1330450",0,1,0,0,0,0,1,1,1,1,"equal"
"900515-2604207",1,1,1,1,1,1,0,0,0,1,"equal"
"600801-3686038",1,0,0,1,1,0,0,1,1,1,"equal"
"860609-1219660",1,0,1,0,0,1,1,1,1,1,"equal"
"800326-4055393",1,1,1,0,1,0,1,0,1,0,"equal"
"670108-4844206",0,1,0,0,1,0,1,0,0,0,"equal"
"841120-1998362",1,1,1,1,0,0,1,1,0,1,"equal"
"990718-4828774",1,0,1,0,0,1,0,1,0,0,"equal"
"690321-4132122",0,1,0,1,0,1,1,0,1,1,"equal"
"830201-4561847",0,1,0,1,0,0,0,1,0,1,"equal"
"740516-4318457",0,1,1,0,1,0,1,1,0,1,"equal"
"530711-3842123",0,0,1,1,0,1,0,1,1,1,"equal"
"760619-1716777",1,1,1,1,0,1,0,0,0,0,"equal"
"770708-1940026",1,1,0,0,1,0,0,0,0,0,"equal"
"730205-2163258",0,0,1,0,1,1,0,1,1,1,"equal"
"821215-2313732",1,0,1,1,0,0,0,0,0,0,"equal"
"700309-1844626",0,0,1,0,1,0,0,1,1,1,"equal"
"890626-1211199",0,0,0,1,0,1,0,1,0,0,"equal"
"701209-3375287",0,0,0,0,1,1,0,1,0,1,"equal"
"850521-3529446",1,0,1,0,1,0,0,0,1,1,"equal"
"820619-1335400",1,0,0,1,0,1,0,1,0,1,"equal"
"720523-2556771",1,0,0,1,1,1,1,1,1,0,"equal"
"611205-1705042",0,0,0,0,0,1,0,1,0,0,"equal"
"901004-3307606",1,1,0,0,1,0,1,1,0,0,"equal"
"890225-1812421",0,1,1,1,1,1,1,1,0,1,"equal"
"920709-1757785",0,0,0,1,0,1,1,1,1,0,"equal"
"510827-4676277",0,1,0,1,1,1,0,1,1,0,"equal"
"711107-1202993",1,0,1,1,0,0,1,1,0,1,"equal"
"510702-4800996",1,0,0,0,1,1,1,0,0,0,"equal"
"500827-2016946",0,1,0,0,0,1,1,0,1,0,"equal"
"691019-2963863",1,1,1,0,0,0,1,1,1,1,"equal"
"780109-1977669",0,0,1,1,0,0,1,1,1,1,"equal"
"551021-4466896",0,1,0,1,0,0,0,1,1,1,"equal"
"581028-1416664",0,0,0,0,0,1,1,0,0,0,"equal"
"590913-3103525",1,0,1,1,1,1,1,0,0,1,"equal"
"541118-4922672",0,0,1,0,0,0,0,1,0,0,"equal"
"920603-3031657",1,0,0,1,0,1,1,0,1,1,"equal"
"750807-1963639",0,1,1,1,1,1,0,0,1,1,"equal"
"800304-1814445",0,0,1,0,0,0,1,0,0,0,"equal"
"511204-3977647",1,1,1,1,0,1,0,1,1,0,"equal"
"590606-3621019",0,1,1,0,0,1,1,0,1,0,"equal"
"621105-1331274",0,1,1,0,1,1,0,0,0,0,"equal"
"690301-2625978",0,1,1,1,1,0,0,0,0,1,"equal"
"880409-3375824",1,0,1,1,0,0,1,0,0,1,"equal"
"520122-3447809",1,1,1,1,0,1,1,0,0,1,"equal"
"781203-2850382",0,0,0,1,0,0,0,1,1,1,"equal"
"841126-1261315",1,0,1,1,1,1,1,0,1,0,"equal"
"940624-3995714",1,0,0,0,0,0,0,0,1,0,"equal"
"510325-2882914",1,1,1,1,0,1,1,0,1,1,"equal"
"930103-1179080",0,1,0,1,1,1,0,1,0,0,"equal"
"821014-1691643",0,1,1,1,1,0,0,1,1,0,"equal"
"560624-3991159",0,1,0,1,0,1,1,1,0,1,"equal"
"850221-3862810",0,0,1,1,0,1,0,1,0,1,"equal"
"820419-3215994",0,0,1,0,0,1,1,1,0,0,"equal"
"800521-1316105",0,1,0,0,0,1,0,1,0,0,"equal"
"871127-1846989",1,0,1,1,1,1,1,0,0,1,"equal"
"680519-2417018",1,1,1,1,1,1,1,1,0,0,"equal"
"610926-2374024",0,0,0,0,0,0,1,1,1,1,"equal"
"970326-2465847",1,0,1,1,1,1,0,0,1,1,"equal"
"520907-4698096",1,1,0,0,1,0,0,0,0,1,"equal"
"771224-1596337",1,0,0,1,0,1,1,1,0,1,"equal"
"950916-2813855",1,1,0,1,1,1,1,0,0,0,"equal"
"941103-1841893",1,0,1,0,0,0,1,0,1,0,"equal"
"630528-3732987",0,1,1,0,0,0,0,1,1,1,"equal"
"790705-3031136",1,0,1,1,1,1,1,0,0,0,"equal"
"770928-3293370",1,1,0,1,0,1,0,1,1,0,"equal"
"620916-2318771",0,1,0,1,0,0,0,0,1,1,"equal"
"501213-1141913",1,1,0,0,1,1,0,0,1,0,"equal"
"710707-3253015",1,1,0,1,1,0,1,0,1,0,"equal"
"820924-4903473",1,1,0,1,1,1,0,1,0,1,"equal"
"791119-4968674",1,0,0,1,1,0,0,1,0,1,"equal"
"971224-4669688",0,0,1,0,0,0,1,0,1,0,"equal"
"611105-4948951",0,0,0,0,0,0,1,0,0,0,"equal"
"880523-2111371",0,0,1,1,0,1,1,0,1,0,"equal"
"610728-3020299",1,0,1,1,0,1,1,1,1,0,"equal"
"950117-1573592",0,1,1,1,1,1,1,1,0,0,"equal"
"890328-3799710",0,0,1,0,0,0,0,0,0,0,"equal"
"541022-1930798",1,0,0,0,0,1,1,1,1,1,"equal"
"641225-3918484",1,0,1,0,1,0,0,1,0,0,"equal"
"541213-2639204",0,1,0,0,1,1,1,1,0,1,"equal"
"711015-2788676",1,1,1,1,0,1,1,0,0,0,"equal"
"570128-2863901",1,0,0,1,1,0,1,1,0,0,"equal"
"700503-2654116",0,0,0,0,1,1,1,0,0,0,"equal"
"760618-4060395",1,0,1,1,0,1,0,1,0,1,"equal"
"980716-2303841",0,0,1,1,0,1,1,0,0,0,"equal"
"770414-4555079",0,1,1,0,0,1,0,0,1,1,"equal"
"640620-2626474",0,1,0,0,0,1,0,1,0,0,"equal"
"851020-2148798",0,1,1,0,1,1,1,0,0,1,"equal"
"650412-2420323",1,0,1,1,0,0,0,1,0,1,"equal"
"851019-2358355",1,0,1,1,0,1,1,1,1,0,"equal"
"640122-2121510",1,1,1,0,0,1,0,1,0,1,"equal"
"900409-1457892",0,0,0,1,1,0,0,1,0,1,"equal"
"500713-3388907",0,1,1,1,1,1,0,0,1,0,"equal"
"560224-1130746",1,1,0,0,0,1,0,0,0,0,"equal"
"690313-4241964",0,1,1,0,0,1,0,0,1,1,"equal"
"521019-4004652",1,1,0,1,0,0,1,0,1,1,"equal"
"980828-2171222",1,1,0,0,0,1,1,0,1,0,"equal"
"760401-4293924",0,1,0,0,1,0,0,1,0,1,"equal"
"990206-3752993",1,0,1,0,0,0,1,0,1,1,"equal"
"730922-1323288",1,1,1,1,1,0,1,1,0,1,"equal"
"871212-4554238",0,0,0,0,1,1,0,0,1,0,"equal"
"970720-3641242",0,1,1,0,0,1,0,1,1,1,"equal"
"850518-1995495",1,1,1,1,1,1,0,1,1,0,"equal"
"951217-1092835",1,1,0,0,1,1,0,1,0,0,"equal"
"780123-3469777",1,0,0,1,1,1,1,0,1,1,"equal"
"820206-4293846",0,1,0,1,1,0,0,0,0,1,"equal"
"501114-2329454",0,1,1,1,0,0,1,0,1,0,"equal"
"561215-3815500",0,0,0,1,1,0,0,1,0,0,"equal"
"500706-4703058",1,1,1,1,1,1,0,1,1,0,"equal"
"840606-2827127",1,1,1,0,1,0,0,1,0,0,"equal"
"820701-1293107",0,1,0,1,1,1,0,0,0,0,"equal"
"981018-1421594",0,1,1,1,0,1,1,1,1,1,"equal"
"991003-4579552",1,1,0,0,1,1,0,0,1,1,"equal"
"540628-1982014",1,0,0,0,1,0,0,0,1,0,"equal"
"690125-3449531",1,0,0,1,1,1,1,0,1,0,"equal"
"600607-4553791",0,1,1,0,0,1,1,0,1,1,"equal"
"700118-2679646",1,1,0,0,0,1,0,1,0,0,"equal"
"780118-3762145",1,0,0,0,0,1,0,0,1,0,"equal"
"760423-4173938",0,0,1,0,1,1,1,0,1,0,"equal"
"500426-1946965",0,0,1,0,1,0,0,1,0,1,"equal"
"820610-1215186",1,1,0,0,0,0,1,1,0,0,"equal"
"751025-2552219",1,0,0,1,0,0,0,0,0,1,"equal"
"680513-4520756",1,1,1,0,1,0,1,1,1,0,"equal"
"560607-3706435",0,0,0,1,0,0,1,0,0,1,"equal"
"521206-3219746",1,1,0,1,1,1,1,0,0,1,"equal"
"820414-2463193",1,0,1,1,1,1,1,0,0,0,"equal"
"640512-2498128",0,0,1,0,1,1,1,0,0,0,"equal"
"500508-2251705",0,1,1,0,0,0,1,1,1,1,"equal"
"981127-1355362",1,0,1,1,1,0,1,1,0,1,"equal"
"890422-2245197",0,1,1,1,1,1,0,1,0,0,"equal"
"960514-4731067",0,0,0,0,1,0,1,0,0,0,"equal"
"760327-3981180",1,1,1,1,1,0,1,1,1,0,"equal"
"510318-1938176",1,1,0,1,1,1,1,1,0,0,"equal"
"980505-2669281",0,1,0,0,0,0,0,1,0,1,"equal"
"701124-4147035",0,0,0,1,0,1,0,0,1,1,"equal"
"710526-3192268",1,1,0,1,0,0,0,1,1,0,"equal"
"511018-4262726",0,1,1,1,1,0,0,1,1,1,"equal"
"810920-2854127",0,1,1,1,0,0,1,0,1,0,"equal"
"890312-4404072",0,1,1,0,1,1,0,1,1,0,"equal"
"500417-4983691",0,0,0,0,0,0,1,0,0,1,"equal"
"801013-2582004",1,0,1,1,1,1,0,0,1,1,"equal"
"730725-3086465",1,0,0,1,0,0,0,1,1,0,"equal"
"660412-3594709",0,1,0,0,1,0,0,1,0,0,"equal"
"921022-2002583",0,0,1,1,1,0,1,1,0,1,"equal"
"880127-2371822",0,1,0,0,1,0,1,0,0,1,"equal"
"630314-1050550",1,0,1,0,0,1,1,1,1,1,"equal"
"720505-2611000",1,1,0,1,1,0,0,1,0,0,"equal"
"831223-4007172",1,0,0,0,1,0,1,0,0,0,"equal"
"650611-3507834",0,0,1,0,1,0,0,1,0,1,"equal"
"930305-1417069",0,0,0,0,0,0,0,1,0,0,"equal"
"930215-2758612",1,1,1,0,0,0,0,0,1,1,"equal"
"540214-4191347",0,1,0,1,0,0,0,1,1,0,"equal"
"691120-3921215",1,0,1,0,0,1,1,1,1,1,"equal"
"690103-3677566",1,0,1,0,0,0,0,1,1,1,"equal"
"811213-4134159",1,1,0,0,0,0,1,0,0,0,"equal"
"980105-2075508",0,0,1,0,0,1,1,0,0,0,"equal"
"670827-1920844",0,1,0,0,0,1,0,0,0,0,"equal"
"981207-4787260",1,1,0,0,0,0,0,1,1,1,"equal"
"630817-3184181",1,1,1,1,0,0,0,0,1,0,"equal"
"760803-1162004",1,0,0,1,0,0,1,0,0,1,"equal"
"601126-4456420",0,0,0,1,1,1,0,0,1,1,"equal"
"570622-4906682",1,0,0,1,0,0,0,1,1,1,"equal"
"690714-3848629",1,1,0,0,1,0,0,0,1,1,"equal"
"510114-2491396",0,0,1,1,0,0,1,0,1,1,"equal"
"941125-2604023",1,1,0,1,1,0,1,1,0,1,"equal"
"550409-3979729",1,1,1,0,1,1,1,1,1,1,"equal"
"761019-2543485",0,0,1,0,1,1,1,0,1,1,"equal"
"930823-1111348",0,1,0,1,0,0,0,1,0,1,"equal"
"970909-1364770",0,0,1,1,0,0,0,1,1,1,"equal"
"820823-2895542",1,0,0,1,1,0,0,0,1,1,"equal"
"950313-3484974",0,1,0,1,1,0,1,1,0,0,"equal"
"730828-3996426",0,1,0,0,0,0,1,0,0,1,"equal"
"851013-4535936",1,0,0,1,1,1,1,0,1,0,"equal"
"640923-2535182",1,0,1,0,1,0,1,1,1,0,"equal"
"730417-2918325",0,0,1,1,0,0,0,1,1,0,"equal"
"731228-2601879",1,1,0,0,0,0,1,1,0,1,"equal"
"581018-3996811",0,1,0,1,1,0,1,1,1,1,"equal"
"840815-4447310",1,0,1,1,1,1,1,0,1,1,"equal"
"620412-2710273",0,0,1,0,1,1,0,1,1,1,"equal"
"760119-3420313",1,0,1,0,0,1,0,1,0,0,"equal"
"730724-2043244",1,1,0,0,0,0,0,0,1,1,"equal"
"841225-2342592",1,1,0,1,0,1,1,0,1,1,"equal"
"501211-3490217",1,1,1,0,0,1,1,1,0,1,"equal"
"820422-1507218",0,0,0,1,1,0,0,0,1,0,"equal"
"611223-3145649",0,1,0,1,1,0,0,0,1,0,"equal"
"981002-1168615",0,0,1,1,0,1,1,1,0,0,"equal"
"500608-1289508",0,1,1,0,1,0,0,1,1,1,"equal"
"940410-2672374",1,1,1,0,0,1,0,1,0,1,"equal"
"890103-2920138",0,0,1,0,1,0,1,1,1,1,"equal"
"750506-4252060",0,1,0,0,0,0,1,1,1,1,"equal"
"970424-2511069",0,0,0,0,1,0,1,0,0,0,"equal"
"711008-2099185",0,0,0,0,0,1,1,0,1,1,"equal"
"600621-4026768",1,0,1,0,1,0,1,0,0,0,"equal"
"880220-2305253",0,0,0,0,0,1,1,1,0,1,"equal"
"521222-2548379",0,1,0,1,1,1,0,0,1,1,"equal"
"500716-1659950",1,1,1,0,1,1,1,1,0,1,"equal"
"600627-3387778",1,1,0,0,1,1,1,0,1,1,"equal"
"500120-1490501",0,0,0,0,1,1,0,0,1,0,"equal"
"891124-3262292",1,0,0,1,1,0,1,0,1,0,"equal"
"710621-3014118",0,0,1,1,1,1,1,1,1,0,"equal"
"730123-1638863",0,0,1,1,1,0,1,0,1,1,"equal"
"770114-3297883",1,1,0,0,1,1,1,1,1,0,"equal"
"820819-1081553",0,1,0,1,1,0,0,1,1,0,"equal"
"880727-1177208",0,0,1,0,0,1,1,1,1,1,"equal"
"620812-4381449",1,0,1,1,1,0,0,0,0,1,"equal"
"600220-2112590",0,0,1,0,1,1,0,1,1,1,"equal"
"500210-2418907",1,0,1,0,1,1,0,1,1,0,"equal"
"881213-4616696",0,0,1,0,0,0,1,0,1,0,"equal"
"631008-3776347",1,0,0,0,0,1,1,0,0,1,"equal"
"651203-2991728",0,1,1,1,0,0,1,1,1,0,"equal"
"641210-4504312",1,1,0,1,1,1,1,1,0,1,"equal"
"990422-2062794",1,1,1,0,0,0,1,1,1,0,"equal"
"610705-2143057",0,0,0,1,0,0,0,1,0,1,"equal"
"890215-4925982",1,1,1,1,0,0,1,1,1,1,"equal"
"790104-2351384",1,0,0,1,0,0,0,1,0,1,"equal"
"821020-2398161",0,1,0,1,1,1,0,1,0,0,"equal"
"950710-3063486",1,0,0,1,0,0,1,1,0,0,"equal"
"801223-1139443",0,0,1,0,0,1,1,1,0,1,"equal"
"840820-3275627",0,1,1,1,0,0,1,1,1,0,"equal"
"961202-3321873",0,0,0,1,0,1,1,0,0,0,"equal"
"720827-2445633",1,0,0,1,0,1,1,1,0,0,"equal"
"650215-2318803",0,0,0,1,0,1,0,1,1,1,"equal"
"661116-2162849",1,0,0,0,0,1,1,0,0,0,"equal"
"710220-3928727",0,1,0,1,0,0,0,0,0,1,"equal"
"560523-3296819",1,1,1,0,0,0,1,0,1,1,"equal"
"751201-2134536",1,1,0,0,0,1,1,0,1,1,"equal"
"750415-1561541",0,0,0,0,0,1,0,1,0,0,"equal"
"650518-1829702",1,1,0,1,1,0,0,0,0,1,"equal"
"620909-1664034",0,1,1,0,0,1,0,0,1,1,"equal"
"520427-1064045",1,1,1,0,0,1,1,0,1,1,"equal"
"560125-1466987",0,1,1,1,1,0,0,1,0,0,"equal"
"971210-1729229",0,1,0,0,0,0,0,0,0,0,"equal"
"580605-2336743",1,1,1,1,0,0,1,1,0,0,"equal"
"550820-1563393",1,1,0,1,1,0,0,1,0,0,"equal"
"710924-2049915",0,1,0,1,1,1,0,1,1,0,"equal"
"981122-4658616",0,0,1,0,1,1,0,0,0,1,"equal"
"510817-3937244",0,0,0,0,1,0,0,1,1,0,"equal"
"520926-3338855",0,0,1,0,0,1,0,0,1,0,"equal"
"750123-2380891",1,1,1,1,1,1,1,0,0,1,"equal"
"861223-4979948",0,1,1,1,0,0,1,1,0,1,"equal"
"820421-1955564",1,1,0,1,0,0,1,0,1,1,"equal"
"770720-4784528",0,0,0,1,0,1,0,0,0,0,"equal"
"810720-2598883",1,1,1,1,0,0,0,1,1,1,"equal"
"640223-1194386",0,1,1,0,0,1,1,0,1,1,"equal"
"741006-1610436",0,0,1,0,0,0,0,1,1,1,"equal"
"780702-4173364",1,1,1,1,1,0,0,0,0,1,"equal"
"500406-2863049",0,1,1,1,0,1,1,1,1,1,"equal"
"840113-1653215",0,1,1,1,1,0,1,1,0,1,"equal"
"500522-2727684",1,0,0,1,1,0,0,1,1,1,"equal"
"681207-2245674",1,1,0,0,0,0,0,1,1,0,"equal"
"890818-3215178",1,0,0,0,0,0,0,0,1,0,"equal"
"671002-4135268",1,1,1,1,1,0,1,1,0,1,"equal"
"960809-4572913",0,0,1,1,0,0,1,0,1,1,"equal"
"991013-1032536",0,1,0,1,1,1,1,1,0,0,"equal"
"910506-3303131",1,1,1,1,1,0,1,1,1,0,"equal"
"600523-4184653",1,0,0,0,1,0,1,1,1,0,"equal"
"950827-2636223",0,1,0,1,1,0,0,0,0,1,"equal"
"650601-2211665",0,1,0,1,1,0,0,1,0,0,"equal"
"770405-1388657",1,0,0,0,1,0,0,1,1,1,"equal"
"680410-4886008",1,1,0,1,1,0,0,0,0,1,"equal"
"540814-2496940",0,0,1,0,1,0,1,0,1,1,"equal"
"760916-4241505",0,0,1,0,1,0,1,1,1,1,"equal"
"890324-3723986",1,1,0,0,1,0,0,1,1,1,"equal"
"620811-2732656",0,1,0,1,1,0,0,1,1,0,"equal"
"950422-4269030",1,0,0,0,1,1,0,0,0,0,"equal"
"660721-1919494",1,0,0,0,0,0,1,0,0,0,"equal"
"650725-1410715",1,1,0,0,1,1,0,1,1,1,"equal"
"970416-1146057",1,1,0,0,1,0,1,1,0,0,"equal"
"670509-3261717",0,0,0,0,0,0,0,1,0,0,"equal"
"840524-2846011",1,1,1,0,0,0,1,1,0,1,"equal"
"880817-2046087",1,0,1,0,0,1,0,0,1,1,"equal"
"600201-4549734",0,0,0,0,0,0,0,0,1,0,"equal"
"760516-3163610",0,0,1,0,1,0,0,0,1,1,"equal"
"890806-3011345",0,1,1,0,1,1,0,1,1,0,"equal"
"500501-2022109",1,1,1,1,0,0,1,1,1,0,"equal"
"520614-4692183",0,1,1,1,0,0,0,1,0,0,"equal"
"890719-3985024",1,0,1,1,0,1,0,0,0,1,"equal"
"520325-2880349",1,1,1,0,0,1,0,0,1,0,"equal"
"830824-4478277",0,0,0,0,1,1,0,0,1,1,"equal"
"530612-1199344",0,1,0,0,1,0,0,1,1,0,"equal"
"631019-3322561",1,0,1,1,0,1,1,1,0,1,"equal"
"691121-3310445",1,1,1,0,0,0,0,1,1,1,"equal"
"610322-2272295",0,0,1,1,1,1,0,1,1,0,"equal"
"650720-4608515",0,1,0,0,1,0,0,1,1,0,"equal"
"820324-3855816",0,0,1,1,1,1,1,1,1,0,"equal"
"990306-4857274",1,1,0,1,0,0,0,0,0,1,"equal"
"800819-2393867",1,1,1,1,1,1,1,0,0,1,"equal"
"550405-4687831",1,1,0,1,0,0,0,1,1,1,"equal"
"661110-1918765",0,1,1,1,0,1,0,1,1,0,"equal"
"771113-4068223",1,0,1,0,1,0,0,1,1,1,"equal"
"740208-2354953",0,1,0,0,1,1,1,1,0,1,"equal"
"740718-2044281",1,0,1,1,0,0,1,1,1,0,"equal"
"600306-3160405",0,0,1,0,0,0,0,0,0,0,"equal"
"690823-2742979",0,1,0,1,0,1,1,1,1,0,"equal"
"590809-3103524",1,1,1,1,0,0,1,0,1,1,"equal"
"761107-3533009",1,0,0,1,0,0,1,1,1,1,"equal"
"600608-4333594",1,1,0,0,1,1,0,1,0,0,"equal"
"990917-3558874",0,1,0,1,0,0,1,1,1,0,"equal"
"501006-1264223",0,1,1,0,0,1,1,0,0,0,"equal"
"960116-1690339",1,0,0,0,1,0,1,1,0,0,"equal"
"840923-3139972",0,1,0,0,1,0,0,1,0,0,"equal"
"870901-4296376",1,0,1,1,0,1,1,1,0,1,"equal"
"980209-2579237",1,0,1,1,0,1,1,1,0,1,"equal"
"930717-2667468",0,0,0,1,1,1,0,0,0,0,"equal"
"560902-2901625",0,0,0,0,1,1,1,1,0,1,"equal"
"681026-3346768",0,1,0,0,1,0,1,1,1,0,"equal"
"890920-3879254",0,1,1,0,0,1,1,1,0,0,"equal"
"871202-2501257",0,0,0,1,0,0,0,0,1,1,"equal"
"800302-1204853",1,1,0,0,0,1,0,0,1,1,"equal"
"690223-1868740",0,1,0,0,1,0,0,1,0,0,"equal"
"730207-4132998",1,1,1,0,1,1,0,1,1,1,"equal"
"991016-3641191",1,0,0,0,1,1,1,1,1,0,"equal"
"780805-1268007",1,1,1,1,0,0,1,0,1,0,"equal"
"551209-1058635",1,1,0,0,0,0,0,0,0,0,"equal"
"990117-4722988",1,0,1,1,1,0,0,0,1,0,"equal"
"680619-4432617",1,1,0,1,0,0,1,1,1,0,"equal"
"930720-4869962",1,0,1,1,1,1,1,1,0,0,"equal"
"840418-3643890",1,1,0,1,0,1,0,1,0,1,"equal"
"920728-3892789",1,1,1,0,0,0,0,0,1,1,"equal"
"940822-1360186",0,0,1,1,1,0,0,1,0,0,"equal"
"611122-4092136",1,0,1,1,0,1,0,0,1,1,"equal"
"610404-1562997",0,1,0,1,0,0,0,1,1,0,"equal"
"740827-3274348",0,0,0,1,1,1,1,0,1,1,"equal"
"910620-2094677",1,0,1,0,0,0,1,1,0,1,"equal"
"981201-3642065",0,1,0,0,1,0,1,1,1,1,"equal"
"580210-1906809",1,0,0,0,0,0,1,0,1,1,"equal"
"711017-3406490",0,0,1,1,0,1,0,0,1,1,"equal"
"740708-4943424",1,1,1,1,1,1,0,0,1,0,"equal"
"690906-4283596",1,0,0,0,0,1,1,0,1,0,"equal"
"840814-1624414",0,1,1,1,1,0,0,0,1,1,"equal"
"760610-3416990",0,1,0,0,1,1,1,1,0,0,"equal"
"850604-4251952",1,1,0,1,0,0,0,0,1,1,"equal"
"520907-1278339",1,0,1,0,1,0,1,1,0,1,"equal"
"791010-4155049",1,1,0,1,0,0,0,1,1,1,"equal"
"820924-2919816",0,0,0,1,0,1,1,0,1,1,"equal"
"790626-4067579",0,0,1,1,1,0,0,0,0,1,"equal"
"610212-3376746",0,1,0,0,0,0,1,1,0,1,"equal"
"500606-1913793",1,1,0,0,0,1,0,1,0,0,"equal"
"791209-4744496",1,1,0,1,0,1,0,1,1,0,"equal"
"540501-4977665",0,1,1,0,1,1,0,1,1,1,"equal"
"570507-3113283",1,0,0,0,1,1,0,0,1,1,"equal"
"810319-3116018",0,0,1,1,0,0,1,0,0,1,"equal"
"810120-1980271",0,0,0,0,0,0,1,1,1,0,"equal"
"740917-1170741",0,1,1,1,1,0,0,1,1,1,"equal"
"560324-4630578",1,1,0,0,1,0,1,1,1,1,"equal"
"631102-2815272",1,1,1,1,1,1,0,0,1,1,"equal"
"560320-1760942",1,0,1,1,1,0,0,0,0,0,"equal"
"590905-1639318",0,1,0,0,1,0,0,1,1,1,"equal"
"570806-1204676",0,1,1,1,1,1,1,1,0,1,"equal"
"721125-2620636",1,0,1,0,0,0,1,0,0,0,"equal"
"700215-2159052",1,1,1,0,1,1,1,1,1,1,"equal"
"561015-1084838",0,1,0,1,1,1,1,1,1,0,"equal"
"820216-3464610",1,0,1,1,0,1,1,0,0,1,"equal"
"940201-3711283",1,0,0,0,1,1,1,1,1,1,"equal"
"501121-4766776",0,1,1,0,0,0,0,1,0,0,"equal"
"610604-2643018",1,1,0,0,1,0,1,0,0,1,"equal"
"590125-3346997",1,1,0,1,1,1,1,1,1,0,"equal"
"800128-3095197",1,0,0,0,1,1,1,1,0,0,"equal"
"580219-2911310",1,1,1,1,0,1,0,0,0,1,"equal"
"630617-1766982",0,1,0,1,0,0,1,0,0,1,"equal"
"670911-1605032",1,0,0,1,1,0,1,1,1,1,"equal"
"591209-4051104",0,1,0,1,1,0,1,1,1,1,"equal"
"641020-4272516",1,0,1,1,0,0,0,1,0,1,"equal"
"710109-3688568",1,0,0,1,0,1,0,0,0,0,"equal"
"780317-4877188",1,1,0,1,0,0,1,0,1,0,"equal"
"701201-2853951",0,1,0,0,0,1,0,0,1,0,"equal"
"621222-2939060",1,1,1,0,1,0,0,1,0,0,"equal"
"621106-1247468",0,0,0,1,0,1,0,0,0,1,"equal"
"930208-3709229",0,1,1,1,1,1,0,0,1,0,"equal"
"730704-1004126",0,0,0,1,1,0,0,0,0,1,"equal"
"830926-3773163",0,0,1,0,1,1,0,1,0,1,"equal"
"790127-3420367",1,0,0,0,1,0,0,1,0,0,"equal"
"740413-2003958",0,1,1,1,1,0,1,0,1,1,"equal"
"900705-4013660",0,0,1,0,0,0,0,0,0,0,"equal"
"920426-3933011",0,0,0,1,1,1,0,0,1,0,"equal"
"920903-1398705",1,1,0,1,1,1,0,1,0,0,"equal"
"920710-4453688",0,1,0,1,1,1,1,1,0,1,"equal"
"601018-1857869",0,0,0,1,0,1,1,0,1,0,"equal"
"790620-4077656",1,1,1,1,1,0,0,1,1,1,"equal"
"740316-3869255",1,1,1,1,1,0,0,1,0,1,"equal"
"650726-3528532",0,1,1,1,0,0,0,1,1,1,"equal"
"850110-2277477",1,0,0,1,1,1,0,1,1,0,"equal"
"980120-2141464",1,1,0,1,0,1,0,1,1,0,"equal"
"951114-2812413",1,0,0,0,1,0,1,1,0,0,"equal"
"640714-4848588",1,0,1,1,1,1,0,0,0,1,"equal"
"790509-3832124",1,0,0,1,0,1,0,1,0,0,"equal"
"800206-3655186",1,0,1,0,1,1,0,1,1,0,"equal"
"660112-4859408",0,1,0,1,1,1,0,1,1,1,"equal"
"561215-2048645",1,1,0,1,0,1,0,1,1,0,"equal"
"720903-4656806",0,0,0,1,1,1,0,0,0,0,"equal"
"510818-3990003",0,1,1,1,0,0,1,1,1,0,"equal"
"870917-1214401",1,0,0,1,0,0,1,0,1,1,"equal"
"590110-1856845",1,1,1,1,0,1,1,1,0,0,"equal"
"930702-3929878",0,0,1,1,1,0,1,1,1,0,"equal"
"530414-1149200",1,0,1,0,1,0,1,0,0,0,"equal"
"500908-3861708",0,1,1,0,0,0,1,1,1,1,"equal"
"651202-3330495",0,0,1,1,0,1,1,1,1,1,"equal"
"680311-4960109",0,1,1,0,1,0,0,1,1,0,"equal"
"950126-1045166",1,0,1,0,0,1,1,1,0,0,"equal"
"820708-2620091",0,1,0,1,1,1,1,0,1,0,"equal"
"640511-2690636",1,0,0,0,1,1,0,0,0,0,"equal"
"980423-4376364",1,1,1,1,1,1,0,1,1,1,"equal"
"800616-3121912",1,1,0,0,1,1,1,0,1,0,"equal"
"970518-2297388",1,1,1,0,0,1,1,0,1,1,"equal"
"720624-4130160",1,0,0,1,0,0,0,1,1,1,"equal"
"580107-1873267",0,0,0,1,0,1,0,1,1,0,"equal"
"530604-4693745",1,0,0,1,0,1,1,1,1,0,"equal"
"670601-3665689",0,1,0,1,1,0,1,1,1,0,"equal"
"730203-4757460",0,0,0,1,0,0,1,0,0,1,"equal"
"600801-1714273",1,0,1,0,1,0,1,0,0,1,"equal"
"891117-1205946",1,0,1,0,0,0,1,0,0,1,"equal"
"700812-3579373",0,0,1,1,0,0,1,0,0,1,"equal"
"680916-4470361",1,1,1,1,0,1,1,0,0,0,"equal"
"560114-4329936",1,1,1,0,1,0,1,1,1,1,"equal"
"580418-1758695",0,0,0,0,1,0,1,1,1,1,"equal"
"531204-1012630",0,0,1,1,0,1,0,1,1,0,"equal"
"930714-1557617",1,1,0,0,1,0,1,0,1,0,"equal"
"980710-4950907",0,1,1,1,1,0,0,0,1,0,"equal"
"710920-1613428",1,1,1,0,0,0,0,0,0,1,"equal"
"640523-4718703",1,0,0,0,0,0,0,1,0,1,"equal"
"570403-3259716",1,0,1,0,0,0,1,1,0,0,"equal"
"800506-2145037",1,1,1,1,1,0,1,0,1,1,"equal"
"760324-3811249",1,0,1,1,1,0,1,0,1,1,"equal"
"770403-3511254",0,0,1,0,0,0,1,1,1,1,"equal"
"621020-3193064",1,0,1,1,1,1,0,1,1,1,"equal"
"940224-3135154",1,0,0,1,0,1,1,0,1,0,"equal"
"670311-1437924",0,0,0,1,1,0,1,0,1,1,"equal"
"551112-3984451",1,0,0,1,1,0,0,1,0,1,"equal"
"820610-4425166",1,1,0,1,0,0,1,1,0,0,"equal"
"971218-4012847",1,1,0,1,0,1,1,0,1,1,"equal"
"900725-1163635",0,0,0,0,0,1,0,1,0,0,"equal"
"900821-2597513",0,0,0,0,1,0,0,1,1,1,"equal"
"991015-4708048",1,1,1,1,0,0,0,0,0,1,"equal"
"640606-3537363",1,1,1,1,0,0,0,0,1,1,"equal"
"861114-2572737",0,0,0,0,1,1,0,1,1,0,"equal"
"630921-2917188",0,1,1,1,0,0,1,1,1,0,"equal"
"990208-1785028",1,0,1,1,0,1,1,1,0,0,"equal"
"650518-3782677",1,1,1,0,1,1,1,0,1,1,"equal"
"800626-2229190",0,1,0,0,0,0,1,0,1,1,"equal"
"760227-4770265",1,0,1,0,1,1,1,1,0,0,"equal"
"771106-4443278",1,0,0,1,1,0,1,1,1,1,"equal"
"550905-1505252",1,0,1,0,1,1,1,1,0,1,"equal"
"751120-1093784",1,0,1,1,1,1,0,0,0,1,"equal"
"960204-2157379",1,0,1,0,1,1,1,1,0,0,"equal"
"590711-4027677",1,0,1,1,1,1,0,1,0,0,"equal"
"500518-4510754",0,1,0,1,0,0,1,0,0,1,"equal"
"811226-3138061",0,0,1,1,0,1,0,1,0,1,"equal"
"640902-2999442",0,0,0,0,0,1,0,0,0,1,"equal"
"791016-2915631",0,0,0,1,0,0,1,0,0,1,"equal"
"540615-1462617",1,0,1,1,1,0,0,0,1,1,"equal"
"590520-2968458",1,0,0,0,1,0,1,1,1,1,"equal"
"970204-3967296",0,1,1,0,0,0,1,0,1,0,"equal"
"600128-1826261",0,1,1,1,1,0,1,1,1,0,"equal"
"830415-4086414",0,1,0,1,1,0,0,1,0,0,"equal"
"940925-1434023",1,1,1,1,1,0,1,0,1,1,"equal"
"500815-2750193",0,0,1,0,0,0,0,1,1,1,"equal"
"990822-1516076",0,0,0,1,0,0,0,1,0,1,"equal"
"860606-3933461",0,1,1,0,1,0,0,0,1,0,"equal"
"750618-1561064",0,1,1,0,0,1,1,1,1,1,"equal"
"660808-3436349",0,1,0,1,0,1,1,0,0,1,"equal"
"551010-1852025",0,1,0,1,0,1,0,0,0,0,"equal"
"820906-2919720",0,1,1,1,0,0,1,1,0,0,"equal"
"660224-1206019",0,0,0,0,0,0,1,0,0,1,"equal"
"870908-2694360",1,1,1,1,0,0,0,1,0,0,"equal"
"640927-1981479",1,1,0,1,0,0,0,1,1,0,"equal"
"680320-1848114",1,1,0,1,1,1,1,1,1,1,"equal"
"740104-4401927",0,0,0,1,0,0,1,1,0,1,"equal"
"881104-1312857",0,0,1,1,1,0,1,0,1,0,"equal"
"921110-4043676",0,1,1,0,0,0,0,1,0,1,"equal"
"670821-4849807",0,0,0,1,0,0,1,1,1,0,"equal"
"861122-3054206",1,1,0,0,0,0,0,1,0,0,"equal"
"601011-3700549",1,1,0,0,0,1,1,1,0,1,"equal"
"630802-4011853",0,0,1,1,0,0,1,1,0,0,"equal"
"560314-4251660",1,0,1,1,0,1,0,0,1,1,"equal"
"940210-4517889",0,1,0,1,1,0,1,0,0,1,"equal"
"980825-1785413",1,0,1,0,0,0,0,0,1,0,"equal"
"550316-3179939",0,0,1,0,1,0,1,1,0,1,"equal"
"790308-1292460",1,0,0,0,1,0,0,0,1,1,"equal"
"841016-2192627",0,1,0,0,1,1,1,0,0,0,"equal"
"841217-2301788",1,1,1,1,0,1,1,0,0,1,"equal"
"630607-3411448",1,1,0,1,0,1,1,0,0,0,"equal"
"700623-2788778",1,0,0,0,1,1,1,0,1,0,"equal"
"590125-2093945",0,0,0,0,1,1,1,0,1,1,"equal"
"560324-4466600",0,1,1,0,1,0,1,0,1,1,"equal"
"671025-4466090",0,1,1,1,0,0,1,0,1,0,"equal"
"770405-3102695",1,0,0,0,1,0,0,0,0,0,"equal"
"590527-3547651",0,1,0,1,0,1,1,0,1,1,"equal"
"590804-2526083",1,1,1,0,0,1,0,0,1,1,"equal"
"890720-1670538",1,1,0,1,0,1,0,1,1,1,"equal"
"500208-3057274",1,1,1,0,1,1,1,1,1,1,"equal"
"820214-4676700",0,0,0,0,0,0,1,1,0,0,"equal"
"620124-3938508",0,0,1,0,0,0,1,1,0,0,"equal"
"841006-4602087",0,1,0,0,0,1,1,0,1,1,"equal"
"760326-2611867",0,1,1,1,0,0,1,0,1,0,"equal"
"510318-4264851",1,1,1,1,1,1,1,0,0,1,"equal"
"930709-4875384",1,1,0,1,1,1,0,0,1,1,"equal"
"870808-4966818",1,0,0,1,1,0,0,1,0,1,"equal"
"810614-3824810",0,1,1,1,1,0,0,1,0,0,"equal"
"820617-4473245",0,0,0,0,1,1,1,1,1,0,"equal"
"511121-2705467",0,0,0,0,0,0,0,1,1,1,"equal"
"930722-2133242",1,1,0,1,1,0,1,0,1,0,"equal"
"990723-4724921",0,1,0,0,0,0,1,0,0,1,"equal"
"521104-1720676",0,1,1,0,0,0,1,0,1,0,"equal"
"821110-3155006",0,1,0,1,1,0,1,1,0,1,"equal"
"970324-2430994",0,0,1,0,1,1,1,0,1,1,"equal"
"601124-2688635",0,0,1,1,1,0,1,0,0,1,"equal"
"900222-1271763",1,0,0,0,1,0,1,1,1,0,"equal"
"740115-1176580",0,0,0,0,1,1,1,0,0,0,"equal"
"561007-1854074",0,0,0,1,0,1,1,0,1,0,"equal"
"700303-4896175",0,0,1,0,1,0,0,1,1,1,"equal"
"940227-3960697",1,1,1,0,0,0,0,1,1,0,"equal"
"740122-3462181",1,1,0,1,0,1,1,0,1,1,"equal"
"921222-1982095",0,1,0,1,0,1,1,0,0,0,"equal"
"730728-4396552",0,0,0,1,1,1,0,0,0,0,"equal"
"520402-4254299",0,1,0,0,0,1,1,0,0,0,"equal"
"521113-1708365",0,0,0,0,0,0,0,0,0,1,"equal"
"881002-3300585",1,0,1,1,0,1,0,1,0,1,"equal"
"860820-4116826",1,0,1,1,1,1,0,0,0,1,"equal"
"661009-2029075",1,0,0,0,1,0,0,1,1,0,"equal"
"551104-3825836",1,1,0,1,0,1,0,1,0,1,"equal"
"540210-3652242",1,0,0,0,0,1,0,0,0,0,"equal"
"650719-3836413",1,1,1,1,0,0,1,0,0,1,"equal"
"940712-3399187",0,0,1,0,0,0,1,0,1,1,"equal"
"860805-1237933",0,0,0,1,0,1,1,0,1,0,"equal"
"620625-3902981",0,1,1,0,0,0,1,1,0,0,"equal"
"911007-3812590",1,1,0,1,1,1,1,0,0,0,"equal"
"570807-3901569",1,0,0,0,0,0,0,0,1,1,"equal"
"700908-2041459",0,0,0,1,1,0,0,0,1,0,"equal"
"520109-4483859",0,0,0,0,1,0,1,0,0,1,"equal"
"980408-3665712",0,1,1,0,1,1,1,0,0,1,"equal"
"570904-2554283",1,1,1,0,1,0,1,1,1,1,"equal"
"540413-2058658",0,1,1,0,0,0,1,0,0,1,"equal"
"881003-1540824",1,1,1,0,1,0,1,0,0,1,"equal"
"530227-3083246",0,0,0,0,1,0,1,1,0,1,"equal"
"910123-2643074",1,1,1,1,0,1,1,0,1,1,"equal"
"840827-1081297",1,0,1,0,0,1,0,0,1,1,"equal"
"890610-1352468",0,0,1,1,1,1,0,1,0,0,"equal"
"770516-4142141",1,0,1,0,0,0,1,1,1,1,"equal"
"850821-1179218",0,0,0,1,0,0,1,1,0,0,"equal"
"570324-2617168",0,0,1,0,0,1,0,0,0,0,"equal"
"580813-2851899",1,0,0,1,0,1,0,1,1,1,"equal"
"970413-3057979",0,0,0,0,0,1,0,0,1,0,"equal"
"720216-4000065",0,0,0,1,0,0,1,0,1,1,"equal"
"780112-4734904",0,0,0,1,1,0,1,1,0,1,"equal"
"751208-2465096",0,1,1,1,1,0,0,1,1,1,"equal"
"540523-1125453",0,0,1,1,0,0,1,0,0,1,"equal"
"860404-2623893",1,1,1,1,1,1,0,1,1,1,"equal"
"640125-2711018",1,0,0,0,0,0,1,1,1,1,"equal"
"890910-1290655",1,1,0,1,1,0,1,1,1,0,"equal"
"720807-3551889",1,0,0,0,1,0,0,0,0,0,"equal"
"600912-1969018",0,1,0,0,0,1,1,0,0,1,"equal"
"510904-3842218",0,0,1,1,1,1,0,0,0,0,"equal"
"701211-2967356",1,1,0,1,1,1,0,1,0,0,"equal"
"900517-4992096",0,1,0,1,1,1,1,1,1,0,"equal"
"610408-3335176",0,1,0,0,0,0,0,1,0,1,"equal"
"530301-2296875",0,0,1,1,1,1,1,0,0,1,"equal"
"901019-1272114",1,0,0,1,1,0,1,1,1,0,"equal"
"700525-3220431",1,1,1,0,1,0,1,0,1,1,"equal"
"650407-2292505",0,1,0,0,0,1,0,1,0,0,"equal"
"880722-4682918",0,0,0,0,1,1,1,0,1,0,"equal"
"590912-1239765",1,1,1,0,0,1,0,1,0,0,"equal"
"880622-3255213",1,1,1,1,1,0,1,0,1,1,"equal"
"591123-3459640",1,1,0,1,0,1,0,1,0,1,"equal"
"850912-2863692",1,0,1,0,0,1,1,0,0,1,"equal"
"760410-4901204",1,1,1,1,0,0,1,0,0,0,"equal"
"540525-3309030",0,1,0,0,1,1,0,1,1,0,"equal"
"770304-4269138",0,0,1,0,0,0,0,0,0,1,"equal"
"950208-4505797",1,0,1,1,0,0,1,0,0,1,"equal"
"991104-1629799",0,1,1,0,0,0,0,1,0,0,"equal"
"680624-2712952",0,0,0,0,0,0,1,0,0,1,"equal"
"790527-1881581",0,0,0,1,0,1,1,1,1,0,"equal"
"500820-2772700",0,1,0,1,0,0,1,1,1,0,"equal"
"540802-2949124",0,1,0,1,1,0,1,0,1,1,"equal"
"671009-1383276",1,0,1,0,0,1,1,0,1,0,"equal"
"510602-3562254",0,1,0,0,0,0,0,1,0,0,"equal"
"771203-1657193",1,1,1,1,1,0,1,1,0,0,"equal"
"860320-4454901",0,0,1,1,0,0,0,1,1,0,"equal"
"500719-1324939",0,0,0,1,0,0,0,0,1,1,"equal"
"800723-3217770",1,1,0,0,1,0,1,1,0,0,"equal"
"980824-4986187",1,1,0,1,1,1,0,0,1,1,"equal"
"651220-3171072",0,0,0,1,1,0,0,1,0,0,"equal"
"830320-2278747",1,0,1,1,1,0,1,0,1,0,"equal"
"600710-1041625",0,0,1,1,0,0,1,0,1,0,"equal"
"941123-2651335",1,1,1,0,1,1,1,1,0,1,"equal"
"700910-4400303",0,0,0,1,1,0,1,1,0,1,"equal"
"650703-4803452",1,1,0,1,1,1,1,1,1,1,"equal"
"960623-4498843",0,1,0,1,1,0,0,1,1,0,"equal"
"800223-3027689",1,1,1,0,0,0,1,1,1,1,"equal"
"980527-2683935",1,1,1,1,0,0,1,1,0,1,"equal"
"901216-4066432",1,0,0,1,0,0,1,1,1,0,"equal"
"760625-1983630",0,0,0,0,1,1,0,0,1,0,"equal"
"751222-3109186",0,0,1,1,1,1,1,0,1,0,"equal"
"521002-1389228",0,1,0,1,1,1,0,1,1,1,"equal"
"900503-1005670",0,1,1,1,0,1,0,0,0,0,"equal"
"600105-1380525",0,0,1,1,1,0,0,0,0,0,"equal"
"810313-4536737",1,1,0,0,1,1,1,1,1,1,"equal"
"790522-2126014",0,0,1,1,0,1,0,0,1,0,"equal"
"501112-3413678",1,0,1,1,0,1,1,0,1,0,"equal"
"830721-1184464",0,1,0,0,1,1,1,1,1,0,"equal"
"781021-1171169",1,0,1,1,0,0,0,1,1,1,"equal"
"900907-1471409",0,1,0,0,0,1,0,0,1,0,"equal"
"970814-1293534",0,1,0,0,0,0,0,1,1,0,"equal"
"620616-3669835",1,1,1,1,1,0,0,0,0,0,"equal"
"611212-4533458",1,1,0,1,0,1,0,1,1,1,"equal"
"820419-1449148",1,0,0,1,0,0,0,0,1,0,"equal"
"580816-4301043",1,1,0,0,0,0,1,1,0,0,"equal"
"940810-3524850",0,0,1,1,1,1,1,1,0,0,"equal"
"990414-2597863",1,1,1,0,0,0,0,1,1,1,"equal"
"880916-3920614",0,1,1,1,1,1,1,0,0,0,"equal"
"950124-3406950",1,1,0,1,0,1,1,1,1,1,"equal"
"641104-4065957",1,1,1,1,1,0,1,1,0,1,"equal"
"550317-4657853",1,1,1,0,0,0,1,1,1,1,"equal"
"940827-4953433",1,1,0,0,0,1,1,0,1,0,"equal"
"720508-1500261",0,0,1,1,0,1,1,1,0,1,"equal"
"750928-4080700",0,0,0,0,0,1,0,1,1,1,"equal"
"990221-2289260",1,1,0,1,1,1,1,1,1,1,"equal"
"640102-1596073",0,0,1,1,1,1,0,1,1,1,"equal"
"890126-2443529",1,1,0,1,1,1,1,0,0,1,"equal"
"700610-4923700",1,0,0,1,0,0,0,0,1,0,"equal"
"870320-1897768",1,1,1,1,0,0,0,0,1,0,"equal"
"980915-4688071",0,0,0,1,0,1,0,0,0,0,"equal"
"591101-4875288",1,0,0,1,0,1,0,0,1,0,"equal"
"660815-3439920",1,0,1,1,0,0,0,1,0,0,"equal"
"650302-3173966",1,1,1,1,0,0,1,1,1,1,"equal"
"850718-1840620",0,0,1,1,1,1,1,1,1,1,"equal"
"890326-1440208",0,1,1,0,0,1,1,1,1,1,"equal"
"680723-3873723",1,0,0,1,1,1,0,0,1,1,"equal"
"651104-2440160",0,0,1,0,0,1,0,0,1,0,"equal"
"670506-3459141",1,0,1,1,0,0,1,0,1,1,"equal"
"550124-3861274",0,1,0,0,0,0,1,1,1,1,"equal"
"840823-2238118",0,1,1,0,0,1,0,1,1,1,"equal"
"601218-1808829",0,0,1,0,0,0,0,1,0,1,"equal"
"870627-1589431",1,1,1,1,0,1,1,0,0,0,"equal"
"630513-4821162",0,0,0,0,1,0,0,1,0,1,"equal"
"601119-4877842",1,1,1,1,1,1,1,1,0,0,"equal"
"870714-3801190",0,0,0,0,1,1,0,0,0,1,"equal"
"611122-4544658",0,0,0,0,0,1,1,0,0,0,"equal"
"930315-1060429",1,1,0,1,1,0,1,0,1,0,"equal"
"730106-4271930",1,0,0,0,1,0,0,1,0,1,"equal"
"820906-3041408",1,1,0,1,0,1,1,0,0,0,"equal"
"940826-2475492",1,0,0,0,0,1,0,0,1,1,"equal"
"520727-1216838",0,1,1,1,1,1,1,0,1,0,"equal"
"660812-2707225",1,1,0,1,1,1,0,1,0,1,"equal"
"750228-2702024",1,1,1,0,1,1,0,1,0,1,"equal"
"561024-3277344",0,0,1,0,1,1,1,1,1,0,"equal"
"940702-1776560",1,1,1,0,0,0,0,0,1,1,"equal"
"671106-1184435",1,1,1,1,0,0,1,0,1,0,"equal"
"600609-3899139",0,1,0,1,0,0,1,1,0,0,"equal"
"650415-3029624",0,0,1,1,1,0,1,1,0,0,"equal"
"610711-2484593",1,0,0,0,0,0,1,0,1,0,"equal"
"970611-1019835",0,0,0,1,0,0,0,1,1,1,"equal"
"991008-4316978",0,1,0,1,1,0,1,1,0,1,"equal"
"700522-1249179",0,0,0,1,1,1,0,1,1,0,"equal"
"771107-1406781",1,0,0,0,0,0,0,1,0,1,"equal"
"930508-4230719",0,1,0,1,1,1,1,0,1,1,"equal"
"871024-4671547",1,0,0,0,1,1,0,0,1,1,"equal"
"690823-4767202",1,0,1,1,1,1,0,1,1,0,"equal"
"790701-3059830",0,0,0,1,0,0,0,1,1,0,"equal"
"541216-3679378",1,1,0,0,0,1,1,1,0,1,"equal"
"750527-4971386",0,0,0,1,0,0,0,0,0,1,"equal"
"550502-4830908",0,1,0,0,0,1,0,0,0,1,"equal"
"950514-1218897",0,0,0,1,0,1,0,0,1,1,"equal"
"790515-2550017",0,1,1,1,0,0,0,0,1,1,"equal"
"650608-2109966",1,0,1,1,0,0,1,1,1,0,"equal"
"760627-3161978",1,0,1,0,1,1,0,1,0,1,"equal"
"630516-1704149",1,0,0,0,1,0,1,0,0,1,"equal"
"550903-4661821",0,1,1,0,0,1,1,1,1,0,"equal"
"740416-3212800",1,1,1,0,0,1,1,1,1,1,"equal"
"570728-2122363",1,0,1,1,0,1,0,0,0,0,"equal"
"701010-2442446",1,0,1,0,0,1,1,0,1,1,"equal"
"961010-4896551",0,0,1,0,1,0,1,0,1,0,"equal"
"550608-4197870",1,0,1,1,1,0,1,1,0,1,"equal"
"640601-1251396",1,1,1,1,0,1,1,1,0,1,"equal"
"600116-2949840",0,1,0,1,1,1,0,0,0,1,"equal"
"681005-3990079",1,1,1,1,0,1,0,0,1,0,"equal"
"660518-1043208",0,1,1,1,1,1,1,1,0,1,"equal"
"910807-4301497",0,1,1,1,0,0,1,1,1,0,"equal"
"660914-2036488",0,0,0,1,0,1,0,0,0,1,"equal"
"781221-4390581",0,1,0,1,1,1,1,1,1,1,"equal"
"710513-4317573",0,0,0,1,0,1,1,0,0,1,"equal"
"570817-1112251",0,0,0,0,1,1,1,0,1,1,"equal"
"790608-4687714",1,1,0,0,1,1,1,0,1,1,"equal"
"950628-1483960",0,1,0,1,0,1,0,0,0,0,"equal"
"640624-4238702",1,1,1,1,0,0,1,0,1,0,"equal"
"870109-4076121",0,0,0,1,1,0,0,0,0,0,"equal"
"991003-2455238",1,0,1,0,0,1,1,1,0,1,"equal"
"590113-1613566",1,1,1,0,1,0,0,1,1,1,"equal"
"510325-4436339",1,1,1,1,1,0,1,0,1,1,"equal"
"620225-2312157",0,1,0,1,0,0,0,1,0,0,"equal"
"690718-3413430",1,0,1,1,1,0,0,1,0,1,"equal"
"680625-3389375",0,0,0,0,0,1,1,1,0,1,"equal"
"660521-4913625",0,1,1,1,1,0,0,1,0,1,"equal"
"570323-4410522",0,0,0,0,1,0,1,0,0,0,"equal"
"590706-1015260",0,1,1,1,1,0,0,1,0,1,"equal"
"721025-4266972",1,0,0,1,1,1,0,0,0,1,"equal"
"711217-3686005",0,1,1,1,1,1,0,1,1,1,"equal"
"950119-2067564",0,0,0,1,0,0,1,0,0,1,"equal"
"540801-4776856",1,1,1,0,0,1,1,0,0,1,"equal"
"591218-2192348",0,0,0,1,0,1,1,1,1,1,"equal"
"860312-4345181",1,1,1,0,1,0,0,0,1,1,"equal"
"900608-1294529",0,1,0,0,0,1,0,1,1,1,"equal"
"600922-4119378",0,0,0,1,1,0,0,0,0,1,"equal"
"651113-4355388",1,0,1,0,0,0,1,1,1,1,"equal"
"570301-2641807",1,0,1,0,0,0,0,1,0,1,"equal"
"720218-2017187",1,1,1,0,0,1,1,1,0,0,"equal"
"930726-1301726",0,1,0,0,0,0,1,1,1,1,"equal"
"990227-2769363",1,0,0,1,1,0,1,0,1,1,"equal"
"880714-2436833",1,1,1,1,1,0,1,0,1,0,"equal"
"560406-1625236",0,0,1,1,1,0,1,1,1,1,"equal"
"501217-3636179",1,1,0,0,1,1,1,1,1,1,"equal"
"971204-4703604",1,0,0,0,1,1,1,0,0,1,"equal"
"560303-2438638",0,1,1,0,1,0,1,1,1,0,"equal"
"560114-1081513",0,1,0,0,1,1,1,0,0,1,"equal"
"680721-2431316",0,1,1,1,0,0,1,0,1,0,"equal"
"600621-1973351",1,1,1,0,0,1,1,0,1,0,"equal"
"951203-1867538",0,1,1,1,0,1,0,0,1,0,"equal"
"570902-1604519",1,0,1,1,1,1,0,1,1,0,"equal"
"630622-2395936",0,0,0,1,0,1,0,1,1,0,"equal"
"900609-4909194",0,0,0,0,1,1,0,1,0,1,"equal"
"810706-4236615",1,0,0,0,0,0,0,0,0,1,"equal"
"840414-4275536",1,1,1,0,1,1,0,0,1,0,"equal"
"510915-3457491",1,0,1,1,0,0,1,0,0,1,"equal"
"940617-1836728",1,1,1,0,0,0,1,0,1,0,"equal"
"820515-3407999",0,0,1,0,0,1,0,0,1,1,"equal"
"900808-2914875",0,1,1,1,0,0,0,1,1,0,"equal"
"631023-3888330",1,1,1,0,1,0,1,0,1,0,"equal"
"940910-4319048",0,0,1,1,0,1,0,0,1,0,"equal"
"961220-4011219",1,1,1,0,0,0,1,0,1,1,"equal"
"901101-3038637",1,0,1,1,1,1,0,0,0,0,"equal"
"720511-2164753",1,1,0,1,0,0,0,0,1,1,"equal"
"770718-2986855",1,0,0,0,0,0,1,1,1,0,"equal"
"951213-2998887",0,0,1,1,0,1,0,0,0,1,"equal"
"710524-1987859",0,1,1,1,0,1,0,0,1,1,"equal"
"670721-3163336",1,1,0,0,0,0,0,0,0,1,"equal"
"531026-4372551",0,0,0,1,0,0,1,0,0,0,"equal"
"960301-3492647",0,1,1,1,0,1,1,0,0,0,"equal"
"690110-1603610",0,0,0,0,1,0,1,1,0,1,"equal"
"560413-2436396",0,0,1,0,1,0,1,1,0,0,"equal"
"670425-4861130",0,0,1,0,1,1,1,1,1,1,"equal"
"530522-4307736",0,1,1,1,0,0,1,1,0,1,"equal"
"870603-1687517",1,0,0,0,0,0,0,0,0,0,"equal"
"930920-2281708",1,1,0,1,0,1,1,0,1,1,"equal"
"500913-4796770",1,1,0,0,1,1,0,0,1,1,"equal"
"690416-1086531",1,0,0,1,0,1,0,1,1,0,"equal"
"890314-4799126",1,0,1,1,0,0,1,0,1,0,"equal"
"570318-1018497",0,0,0,1,1,1,1,0,1,0,"equal"
"801222-4467045",0,1,1,0,1,1,1,1,0,0,"equal"
"750326-3894950",1,1,1,1,1,0,0,1,1,0,"equal"
"620906-1949007",0,1,0,0,0,1,0,1,1,0,"equal"
"500302-3625421",0,0,0,1,0,1,0,1,0,1,"equal"
"621025-2433990",1,0,1,0,1,1,0,0,0,0,"equal"
"850106-1989890",0,0,1,0,0,1,1,1,0,0,"equal"
"790922-2811079",0,0,0,0,0,0,0,0,1,0,"equal"
"570805-4706704",0,0,1,0,1,1,1,1,1,1,"equal"
"870111-2538099",1,1,1,0,1,0,0,0,1,0,"equal"
"940413-1130426",1,1,1,1,0,1,1,1,1,0,"equal"
"630515-1609616",1,1,0,0,0,1,0,1,0,0,"equal"
"550903-2620914",1,1,1,1,1,1,0,1,0,1,"equal"
"570714-1363349",0,1,0,0,1,0,1,1,1,1,"equal"
"941228-4185963",1,0,1,1,0,0,0,0,1,1,"equal"
"910202-4146250",0,0,1,1,1,1,0,0,1,0,"equal"
"871110-2049293",0,1,0,1,1,1,1,0,0,0,"equal"
"800525-3968005",0,0,1,1,0,0,1,0,1,1,"equal"
"950914-4238231",0,1,1,1,0,1,1,0,1,0,"equal"
"710319-3388575",1,0,0,1,1,0,0,1,0,0,"equal"
"751009-4505206",1,0,0,0,1,1,1,0,1,0,"equal"
"890617-3974483",1,1,0,1,0,0,0,0,1,0,"equal"
"940225-1392423",1,1,1,0,0,0,1,1,0,1,"equal"
"730118-3058296",0,0,0,1,1,1,0,0,0,0,"equal"
"830517-1816768",0,1,1,0,1,1,1,0,0,0,"equal"
"951020-3579696",1,1,1,1,1,1,0,0,0,1,"equal"
"890823-3439686",0,0,1,0,0,1,0,0,0,1,"equal"
"970515-4944746",0,1,1,1,1,0,1,1,0,0,"equal"
"610227-4480936",1,1,1,1,1,0,0,0,0,0,"equal"
"601015-2121593",1,1,1,0,1,0,0,0,1,1,"equal"
"580508-4520065",1,1,0,0,0,0,1,1,0,1,"equal"
"711219-3071857",1,1,0,1,1,0,0,0,0,0,"equal"
"670915-2063758",1,0,1,0,1,0,0,1,1,0,"equal"
"720122-1037312",0,1,0,1,0,0,0,0,0,1,"equal"
"610428-3076450",0,0,0,0,0,1,0,1,1,1,"equal"
"501207-2764737",1,0,1,1,0,1,1,0,1,0,"equal"
"790517-1599086",0,0,1,1,1,0,0,1,0,1,"equal"
"960919-4228236",1,0,0,1,1,1,0,0,0,0,"equal"
"870727-4814815",0,1,1,1,1,1,0,0,1,1,"equal"
"740312-2587304",1,0,0,1,1,1,1,0,0,0,"equal"
"610809-3701077",1,0,1,0,0,0,0,1,0,1,"equal"
"521208-1945805",1,1,1,1,0,1,0,1,1,0,"equal"
"690127-3574677",1,0,1,0,1,1,0,0,0,0,"equal"
"890204-3673783",1,0,1,1,1,0,1,1,0,1,"equal"
"830723-3103308",1,1,0,0,1,1,1,1,0,0,"equal"
"991002-4248527",1,1,0,1,0,1,0,1,1,0,"equal"
"910503-3348299",1,0,0,1,0,0,0,0,0,0,"equal"
"720523-2699036",1,0,1,0,1,0,1,0,1,0,"equal"
"580117-2516437",0,1,0,0,0,1,0,1,1,1,"equal"
"600327-1053507",0,1,1,0,0,0,0,1,0,1,"equal"
"921128-1666058",0,1,1,0,0,0,0,0,0,0,"equal"
"520809-1032340",1,1,0,1,0,0,0,0,0,1,"equal"
"910225-2473587",1,0,1,1,0,0,1,1,1,1,"equal"
"530816-4127011",0,0,1,1,0,0,1,1,1,1,"equal"
"630604-3271898",1,0,1,1,1,0,1,1,1,0,"equal"
"530802-4465153",1,0,0,0,0,0,1,0,1,1,"equal"
"850122-1595019",0,0,1,1,1,0,0,1,0,1,"equal"
"520718-2590703",0,0,0,1,0,0,0,0,0,0,"equal"
"660428-4488000",1,1,0,1,0,1,0,1,0,0,"equal"
"800712-4607414",0,0,1,0,0,1,1,0,1,0,"equal"
"910914-4709525",0,1,0,1,0,1,0,0,1,1,"equal"
"680903-1279335",1,1,1,1,0,0,1,1,1,0,"equal"
"960813-3925357",0,1,0,1,1,1,0,0,0,1,"equal"
"970617-1383093",1,0,1,0,0,0,1,0,1,0,"equal"
"710312-1146023",1,1,0,0,0,0,1,0,0,0,"equal"
"620201-1145549",1,1,0,1,0,0,1,1,1,0,"equal"
"610322-4239288",0,1,0,1,0,1,0,0,1,0,"equal"
"730413-3550537",1,1,1,0,1,0,0,1,0,1,"equal"
"810210-1471023",1,1,1,1,1,0,1,0,0,1,"equal"
"861019-2414278",0,0,0,0,1,0,0,1,1,1,"equal"
"720321-4832039",1,0,1,1,0,1,0,1,0,1,"equal"
"600724-1550577",1,1,1,1,1,0,1,1,1,1,"equal"
"660405-2733568",0,1,0,1,1,0,1,1,1,1,"equal"
"890208-2647380",0,0,1,0,0,0,0,1,1,0,"equal"
"720720-3595514",0,1,0,1,1,1,1,0,1,1,"equal"
"880420-2230766",1,1,0,1,0,1,0,1,1,0,"equal"
"770326-4262597",1,1,0,0,1,1,0,0,0,1,"equal"
"510712-2223097",1,0,0,1,0,1,0,1,1,1,"equal"
"950925-3725700",1,0,1,0,1,0,1,1,1,0,"equal"
"790122-4014993",0,1,1,1,1,0,0,1,0,0,"equal"
"750112-1369252",1,0,1,0,0,1,0,0,1,1,"equal"
"800116-2822956",0,0,1,0,1,1,0,0,0,1,"equal"
"660612-3690424",0,0,1,0,1,0,0,1,0,1,"equal"
"970428-3456939",1,1,1,0,1,0,0,1,0,1,"equal"
"550806-4641873",1,1,1,1,1,1,0,1,0,1,"equal"
"640418-2072161",0,0,1,0,0,0,1,1,1,0,"equal"
"610326-2160356",1,1,0,1,1,0,0,0,0,1,"equal"
"520308-3409773",1,0,1,0,0,1,0,1,0,0,"equal"
"880502-1181189",0,1,0,0,1,1,0,0,1,0,"equal"
"550601-2211504",1,0,1,1,1,1,1,1,0,1,"equal"
"930801-2783452",0,1,1,0,1,0,1,1,0,1,"equal"
"951017-2184669",1,1,0,0,1,1,0,1,0,1,"equal"
"880717-3613981",0,1,0,1,1,0,1,0,1,1,"equal"
"870908-1063069",1,1,1,0,0,1,0,0,0,1,"equal"
"750805-1577920",1,1,0,1,1,0,0,1,1,0,"equal"
"661204-1585967",1,0,0,0,1,0,1,0,1,0,"equal"
"771018-1664801",1,0,1,1,0,1,0,0,0,0,"equal"
"871205-4509175",1,1,0,1,1,1,0,0,1,1,"equal"
"671107-3202451",1,1,0,1,1,1,1,0,1,0,"equal"
"810210-4352179",0,1,0,0,1,0,1,1,0,1,"equal"
"730921-3607239",0,1,1,1,0,1,1,1,1,1,"equal"
"611016-2713251",1,0,0,1,1,1,1,0,0,0,"equal"
"940310-1697640",1,0,0,1,0,0,1,1,1,0,"equal"
"651112-4343367",1,0,1,1,1,1,1,0,0,0,"equal"
"790520-2397646",0,1,0,0,1,1,1,1,0,1,"equal"
"780101-4159042",1,0,1,0,1,1,1,1,1,1,"equal"
"960711-2632469",1,0,0,1,1,1,0,1,1,0,"equal"
"960219-3221655",0,0,0,1,1,1,1,1,1,1,"equal"
"690415-4718593",0,1,0,1,0,1,1,1,0,0,"equal"
"980423-3102361",1,0,0,0,1,0,1,0,0,0,"equal"
"721011-1419805",1,1,1,0,0,1,1,0,0,1,"equal"
"610806-2477755",1,0,0,1,1,0,1,0,0,0,"equal"
"780814-4749500",1,0,0,1,1,0,1,0,1,1,"equal"
"561211-3431776",1,1,0,0,1,1,1,1,0,1,"equal"
"550203-2812033",0,1,0,0,1,0,1,1,1,0,"equal"
"921123-1299422",0,1,0,0,1,0,1,1,0,0,"equal"
"890311-3903928",0,0,0,0,0,0,0,1,0,1,"equal"
"830616-2900219",0,0,0,0,1,0,0,0,1,1,"equal"
"630628-2553467",0,1,1,0,0,1,1,0,0,0,"equal"
"591123-2101219",1,1,0,0,1,0,0,1,1,1,"equal"
"720524-4940001",0,1,1,1,1,0,1,0,0,0,"equal"
"830228-3454275",1,1,1,1,1,1,0,0,0,1,"equal"
"510122-1863640",0,1,0,0,0,1,1,1,1,0,"equal"
"521213-1352316",1,0,1,0,1,1,1,1,1,1,"equal"
"690312-3305117",1,0,1,0,0,1,1,1,1,1,"equal"
"790810-1873160",0,1,0,1,1,0,0,1,0,1,"equal"
"550601-4395936",1,0,0,0,1,1,0,1,0,1,"equal"
"530121-3460337",0,1,0,0,1,1,0,0,1,0,"equal"
"941004-4966782",0,1,0,1,0,0,0,1,1,1,"equal"
"940717-1349126",0,0,0,0,1,0,1,1,0,1,"equal"
"541015-2073089",1,0,1,1,0,0,1,1,0,1,"equal"
"741226-3959244",0,0,0,1,1,1,1,0,0,0,"equal"
"940108-1826190",0,0,0,1,0,0,0,0,1,0,"equal"
"710821-3172673",1,0,1,1,0,0,1,0,0,1,"equal"
"660918-1620485",0,0,0,1,1,0,1,0,0,0,"equal"
"600403-4933158",0,1,0,1,1,1,1,0,0,0,"equal"
"920423-2332922",1,0,1,0,0,1,1,1,1,1,"equal"
"640728-4022191",0,1,1,1,1,1,1,0,0,0,"equal"
"920909-4156912",1,0,1,0,1,0,1,0,1,0,"equal"
"620520-3761631",0,0,0,0,1,1,0,0,0,0,"equal"
"841226-2312527",1,0,0,1,0,0,0,0,1,0,"equal"
"880620-3054793",0,0,1,0,1,1,0,0,1,1,"equal"
"801009-3644465",0,0,0,0,1,1,0,1,0,0,"equal"
"980625-2973828",0,0,1,0,0,1,1,1,1,0,"equal"
"521018-4007874",1,0,0,1,1,0,0,1,1,0,"equal"
"971218-1127825",0,0,1,0,1,0,0,1,0,0,"equal"
"560427-2721945",0,0,0,1,0,0,0,0,0,1,"equal"
"970705-3771211",1,1,1,1,1,1,1,0,0,1,"equal"
"510506-1217163",0,0,1,1,0,0,1,1,1,1,"equal"
"910215-1902826",1,1,0,0,0,1,0,1,1,1,"equal"
"781101-3863436",1,1,1,0,1,0,1,1,0,1,"equal"
"570227-3555724",0,0,0,1,0,0,1,0,0,0,"equal"
"950701-3969339",0,0,1,0,1,1,1,1,0,1,"equal"
"680808-1876198",1,0,0,0,0,0,0,1,1,0,"equal"
"731021-4132667",1,0,0,1,1,0,0,0,0,0,"equal"
"750827-3940965",1,0,0,0,1,0,1,0,1,1,"equal"
"530912-1912514",0,0,0,1,0,0,0,1,0,0,"equal"
"680602-4344730",1,0,1,1,0,1,1,1,0,0,"equal"
"830219-2912647",0,1,0,0,0,1,1,0,0,0,"equal"
"640906-4605904",1,1,1,1,1,1,0,1,1,1,"equal"
"610619-1207870",1,1,0,0,1,1,1,1,0,1,"equal"
"840111-4764224",0,0,1,1,0,0,1,1,1,1,"equal"
"670208-3899134",1,0,0,1,1,0,1,0,0,0,"equal"
"810919-4264215",1,1,1,0,1,1,1,0,0,1,"equal"
"800716-2608230",1,0,0,1,0,1,1,1,0,0,"equal"
"901220-3175797",1,1,1,0,0,0,0,0,0,0,"equal"
"910607-4628972",1,0,1,1,1,0,1,0,1,1,"equal"
"691118-4279801",1,1,1,1,0,1,0,0,1,1,"equal"
"721209-3432354",1,0,1,0,1,0,1,0,0,0,"equal"
"850727-2470210",0,1,0,1,1,0,0,0,0,0,"equal"
"950317-3246167",0,0,0,1,0,0,0,1,0,1,"equal"
"601201-1743437",0,1,1,1,1,0,0,0,1,0,"equal"
"940717-2647860",0,0,0,0,0,0,1,1,1,0,"equal"
"730921-2030590",0,0,1,0,1,0,1,0,1,1,"equal"
"940911-4572316",0,0,1,0,0,1,1,1,1,1,"equal"
"610524-1130725",1,1,1,0,0,0,1,0,1,0,"equal"
"840208-4943392",1,0,1,1,1,1,0,1,1,1,"equal"
"720417-1806243",1,1,1,1,0,1,0,0,1,0,"equal"
"861112-4213956",0,1,0,0,1,0,0,0,1,0,"equal"
"580815-1882334",1,1,0,0,1,1,0,1,1,0,"equal"
"600224-2790691",0,1,0,0,1,0,1,1,0,1,"equal"
"870818-3680235",1,1,1,0,0,0,1,0,0,1,"equal"
"890702-2896068",1,1,1,0,0,1,0,1,0,1,"equal"
"721212-4647792",1,0,1,0,1,0,0,1,1,0,"equal"
"570710-2753808",1,0,0,0,0,1,1,0,1,1,"equal"
"500619-4109196",0,0,1,0,1,1,1,1,1,0,"equal"
"731016-3908786",0,0,1,0,1,0,1,0,0,0,"equal"
"741001-3703763",1,1,1,1,1,1,1,1,0,1,"equal"
"850303-2449510",1,0,0,1,0,0,1,0,1,0,"equal"
"880621-2501628",0,0,0,1,0,1,1,1,1,0,"equal"
"611024-2248772",0,0,0,1,0,1,0,1,1,1,"equal"
"900707-4671739",1,1,0,0,1,1,0,1,1,0,"equal"
"891121-2373026",0,1,1,0,0,0,1,0,1,1,"equal"
"680124-4605334",0,1,1,0,1,1,1,0,0,1,"equal"
"910717-3401942",0,1,1,1,1,0,1,1,0,0,"equal"
"521027-2140075",1,1,1,1,1,1,0,0,1,1,"equal"
"960623-3999016",0,1,1,1,1,0,0,0,1,1,"equal"
"811227-2176253",1,0,1,1,1,1,0,1,0,1,"equal"
"790411-2804595",0,0,0,1,0,0,0,1,1,0,"equal"
"820706-3521761",1,1,1,1,1,1,0,1,1,0,"equal"
"920428-3817553",1,0,0,1,0,0,1,1,0,0,"equal"
"540324-3854235",0,0,1,0,0,0,1,1,1,0,"equal"
"500521-4041674",0,0,0,1,0,0,1,0,0,1,"equal"
"590723-3781504",1,1,1,0,1,1,1,1,0,0,"equal"
"621218-4240800",0,1,0,1,1,0,0,0,1,0,"equal"
"781224-2863592",1,0,0,0,0,0,0,1,0,1,"equal"
"890219-1201360",0,1,0,1,0,1,1,0,1,1,"equal"
"770423-2188141",1,0,0,1,1,0,0,0,0,0,"equal"
"920301-2025489",1,0,1,1,0,1,1,1,1,1,"equal"
"730727-1634163",0,1,1,1,0,0,0,1,0,0,"equal"
"920114-3483578",0,0,1,1,1,1,1,1,0,1,"equal"
"671216-1075751",1,1,1,1,0,1,1,0,1,1,"equal"
"981021-2972490",1,0,1,1,0,1,0,1,0,1,"equal"
"580820-1521030",0,1,1,1,0,0,0,1,1,1,"equal"
"961211-1305681",0,1,1,0,1,1,1,1,1,1,"equal"
"660914-2171540",0,1,1,1,1,1,1,0,0,1,"equal"
"900826-2643214",0,1,0,0,0,1,0,0,1,1,"equal"
"520704-1125832",1,1,0,1,0,0,0,1,1,1,"equal"
"820205-1555288",0,1,0,1,1,0,1,1,0,1,"equal"
"570623-1567115",1,0,0,1,1,1,1,0,1,0,"equal"
"751115-2016802",0,1,1,1,0,0,1,0,1,0,"equal"
"810826-4658609",0,0,0,1,1,0,0,0,1,1,"equal"
"890917-3879855",1,1,0,1,1,1,1,0,0,0,"equal"
"510521-2987750",1,1,1,0,0,0,0,1,1,1,"equal"
"700918-3106346",1,0,1,1,1,0,1,0,0,1,"equal"
"510523-3126986",0,1,1,0,0,0,0,0,1,0,"equal"
"810725-4265102",0,1,1,1,0,1,1,0,0,0,"equal"
"651125-2213350",0,0,1,0,1,0,1,1,0,0,"equal"
"820605-1150900",0,0,0,1,1,1,0,0,0,1,"equal"
"701003-3968067",1,0,0,0,1,0,1,1,0,1,"equal"
"580602-1268210",1,0,0,0,1,1,0,1,0,0,"equal"
"521123-4977717",0,1,1,0,1,1,1,0,1,1,"equal"
"890811-3306094",1,0,1,1,1,0,0,0,1,1,"equal"
"680625-3197201",1,0,1,0,1,0,1,1,1,1,"equal"
"920112-3527278",1,0,1,1,1,0,0,0,1,0,"equal"
"981128-2652683",1,1,0,1,0,1,1,1,0,1,"equal"
"580821-4203292",0,1,1,0,1,1,0,1,1,0,"equal"
"520824-4351345",1,0,0,0,1,1,0,1,1,1,"equal"
"590226-2812155",1,0,0,1,1,1,1,1,0,0,"equal"
"770103-1344195",1,0,1,0,0,0,0,0,1,1,"equal"
"790310-4091039",0,1,0,0,1,1,1,0,0,0,"equal"
"640413-2772863",1,1,0,1,1,0,1,1,1,0,"equal"
"641211-4002988",0,0,0,1,1,1,0,0,1,1,"equal"
"950220-2198523",0,0,0,0,0,1,0,0,0,0,"equal"
"580904-3135069",0,1,1,0,0,0,0,0,1,1,"equal"
"710816-4042879",0,1,0,0,1,0,0,1,0,1,"equal"
"770719-4785442",0,1,1,1,0,1,1,0,0,1,"equal"
"641108-1645131",1,0,1,1,1,1,1,1,1,0,"equal"
"640425-3823116",1,0,0,1,0,0,0,0,0,0,"equal"
"540104-1064451",0,0,1,0,0,0,1,1,1,1,"equal"
"790517-4304630",1,1,0,0,1,1,1,1,1,1,"equal"
"950915-2205759",1,0,1,1,1,1,1,0,1,0,"equal"
"610827-3503200",1,0,1,0,0,0,0,0,1,1,"equal"
"560802-3041064",0,1,0,0,0,1,1,1,0,0,"equal"
"660524-2102837",0,0,1,0,0,0,1,0,1,0,"equal"
"750711-4598692",1,0,0,1,0,0,1,0,1,1,"equal"
"961218-4560646",1,0,0,1,1,1,1,0,0,1,"equal"
"580918-2022352",0,0,0,1,1,0,1,0,1,1,"equal"
"700526-3001600",1,1,0,0,0,0,0,0,1,1,"equal"
"500303-2305049",1,0,0,0,0,1,0,0,1,1,"equal"
"750509-1172131",0,0,0,1,1,0,1,1,0,1,"equal"
"711226-4285976",1,1,0,1,0,0,1,1,1,1,"equal"
"750306-1244219",1,1,0,1,0,0,0,0,1,1,"equal"
"781226-3827349",1,0,1,1,0,1,1,0,0,0,"equal"
"691227-2522186",1,0,0,0,0,1,1,1,1,1,"equal"
"960719-2863378",0,0,0,1,1,0,1,1,0,1,"equal"
"740419-3181401",1,0,1,0,1,0,1,0,0,0,"equal"
"700923-4622948",1,1,0,0,0,1,1,1,1,1,"equal"
"520408-4244123",1,1,1,0,0,0,0,1,1,0,"equal"
"730405-1427449",0,1,1,0,0,1,1,1,0,1,"equal"
"620605-3246910",0,1,0,0,0,1,0,0,1,1,"equal"
"790612-3597006",0,0,0,0,0,0,1,1,1,0,"equal"
"731114-4481530",0,1,0,0,0,0,0,1,0,1,"equal"
"560610-4810490",0,0,0,1,1,0,1,0,1,0,"equal"
"990617-1098577",1,1,1,1,1,1,1,0,0,1,"equal"
"830614-3483407",0,0,1,0,0,1,0,1,1,0,"equal"
"680302-1126364",0,0,1,0,1,1,0,0,1,0,"equal"
"971026-1604937",0,1,0,0,1,1,1,1,0,0,"equal"
"560515-1050794",1,0,1,1,1,1,1,0,1,0,"equal"
"780405-3574557",0,1,1,0,1,0,0,1,0,1,"equal"
"521224-1751778",1,0,0,0,0,0,0,0,0,1,"equal"
"990214-1620665",0,1,0,0,0,1,0,1,0,0,"equal"
"631106-2246212",1,0,0,1,0,1,0,1,0,0,"equal"
"550119-4856063",1,0,0,1,0,1,1,1,1,0,"equal"
"810421-2580555",0,1,0,1,1,0,0,0,1,1,"equal"
"720514-2761658",1,1,1,1,0,0,1,0,0,1,"equal"
"690512-3491425",1,1,1,1,0,0,1,0,1,0,"equal"
"690503-4982061",0,1,1,0,1,0,1,1,0,0,"equal"
"880715-4404466",1,0,1,0,0,1,0,0,1,0,"equal"
"971022-1216758",1,0,0,0,0,0,0,0,1,1,"equal"
"550321-4953032",1,0,1,1,1,0,1,1,1,0,"equal"
"541011-3102868",0,1,0,0,1,0,1,1,0,0,"equal"
"810803-3989417",0,0,1,0,0,1,1,0,1,1,"equal"
"560926-4068836",1,0,1,0,1,0,0,1,1,0,"equal"
"691114-4711567",0,0,1,1,0,0,1,1,1,0,"equal"
"620218-2472725",1,1,0,1,0,0,1,1,1,0,"equal"
"950828-3676249",1,0,1,1,1,0,0,1,1,0,"equal"
"670813-2572714",1,0,0,1,0,1,0,1,1,1,"equal"
"850813-4679116",1,0,1,0,1,1,1,1,1,1,"equal"
"780503-3341209",1,0,0,1,1,0,0,1,0,0,"equal"
"651106-2027750",1,0,0,1,0,0,1,1,1,1,"equal"
"720708-3654859",1,1,1,1,1,1,0,1,1,1,"equal"
"860612-2747417",1,0,0,1,0,0,1,0,1,1,"equal"
"881004-2426116",1,0,0,1,1,1,0,0,0,0,"equal"
"700302-4137219",0,0,0,0,0,0,0,0,1,1,"equal"
"660922-3226463",1,0,1,0,0,1,0,1,1,1,"equal"
"650819-4258630",0,0,0,1,0,0,1,1,1,1,"equal"
"810506-2903797",0,0,1,0,1,0,0,1,0,1,"equal"
"620101-1980957",1,1,0,0,1,1,0,0,0,1,"equal"
"570116-1305282",0,1,1,0,1,0,1,0,1,1,"equal"
"700608-3175164",1,1,0,0,0,1,1,0,0,0,"equal"
"670402-3673586",1,1,1,1,0,0,0,0,0,0,"equal"
"620124-2917864",0,0,0,0,1,1,0,0,1,0,"equal"
"530105-3780098",1,1,0,1,0,1,1,1,1,1,"equal"
"610102-1676934",1,0,1,1,0,1,0,1,1,1,"equal"
"860111-2481938",1,0,0,1,0,0,0,1,0,0,"equal"
"860324-4007784",1,0,1,1,1,0,1,0,1,0,"equal"
"810627-1554142",1,1,0,0,1,0,1,0,1,0,"equal"
"660927-1131703",1,1,1,1,0,1,0,1,0,1,"equal"
"550323-4410904",1,0,0,1,1,1,1,1,1,1,"equal"
"700307-4889050",0,0,1,1,0,1,0,0,0,0,"equal"
"630820-3892342",0,0,1,1,1,0,0,1,1,0,"equal"
"750621-3783196",1,1,0,0,0,0,1,0,1,1,"equal"
"700314-3796988",1,1,0,0,0,0,1,1,0,1,"equal"
"540417-2918552",0,0,0,0,1,1,1,0,1,0,"equal"
"850720-2458907",1,0,0,1,1,1,1,1,0,0,"equal"
"660421-4597995",1,1,0,0,1,0,0,1,0,1,"equal"
"560804-2953812",0,1,0,1,0,1,0,0,0,1,"equal"
"670920-4228670",1,0,0,0,0,0,1,1,1,1,"equal"
"950309-4312494",0,1,1,0,0,1,0,1,0,1,"equal"
"790821-2651846",1,0,0,0,0,1,1,0,1,0,"equal"
"930619-1524349",0,1,0,1,0,1,0,0,0,1,"equal"
"940926-2859470",1,1,0,0,1,1,0,1,0,0,"equal"
"560622-3426082",0,0,0,1,1,1,1,1,0,1,"equal"
"510910-3766645",0,0,0,0,1,1,0,0,1,1,"equal"
"760808-4506520",1,0,0,0,1,1,0,0,1,0,"equal"
"660728-1712007",0,0,1,1,0,0,1,1,0,1,"equal"
"920309-1603689",0,1,0,0,0,0,1,0,0,0,"equal"
"580316-3949794",0,1,0,1,0,0,0,0,0,1,"equal"
"870304-3345343",1,0,1,0,1,0,0,1,0,0,"equal"
"830326-1145542",1,0,0,1,0,1,0,0,0,1,"equal"
"850827-4839833",0,1,0,0,1,0,0,1,0,0,"equal"
"760906-3048932",0,0,0,0,1,0,0,0,1,1,"equal"
"950102-2895095",0,1,1,1,1,0,0,0,0,1,"equal"
"530321-2988628",1,0,1,0,1,1,1,0,0,0,"equal"
"550501-1860210",0,0,1,0,0,1,1,0,1,1,"equal"
"940203-3325004",0,1,1,1,0,0,0,0,1,1,"equal"
"780704-1640747",0,0,1,1,1,1,1,0,0,0,"equal"
"570821-4606153",0,0,0,1,1,0,0,0,0,0,"equal"
"860806-1501067",1,1,0,0,1,0,0,1,1,1,"equal"
"991019-2852364",1,1,0,0,1,1,0,0,1,0,"equal"
"630404-1096900",0,1,1,0,1,0,1,1,1,1,"equal"
"731026-1615910",0,1,1,1,0,1,0,0,1,0,"equal"
"550901-4137071",1,0,0,1,1,0,1,1,0,1,"equal"
"580921-4375131",1,0,1,1,1,1,1,1,1,1,"equal"
"700526-1730096",0,1,0,1,0,0,0,1,0,1,"equal"
"560525-1702689",1,1,0,0,1,0,0,0,0,1,"equal"
"810120-3036282",0,0,0,1,0,1,0,0,1,1,"equal"
"790201-4479285",1,1,0,1,0,0,0,1,0,0,"equal"
"610926-4101355",1,0,0,0,0,0,1,1,0,0,"equal"
"740309-1704548",0,0,0,0,1,0,1,1,1,1,"equal"
"520823-2665967",1,0,1,0,0,1,0,1,0,1,"equal"
"960904-2949147",1,0,0,1,1,0,1,0,1,1,"equal"
"631015-3015177",1,0,1,1,0,0,0,1,1,1,"equal"
"700620-2989269",1,0,1,0,1,0,1,1,0,0,"equal"
"960819-4101999",0,0,0,1,0,1,1,1,1,0,"equal"
"540327-3552569",1,1,1,0,1,1,0,1,1,1,"equal"
"820211-3553628",0,0,1,1,0,1,0,1,1,1,"equal"
"650628-2489779",1,1,0,1,0,1,0,0,1,0,"equal"
"720917-2108600",1,0,1,1,1,0,0,1,0,0,"equal"
"710315-4099192",1,0,1,0,0,1,0,1,1,0,"equal"
"730106-4690955",1,0,1,1,0,1,1,1,1,0,"equal"
"761227-2153645",0,1,0,0,0,0,1,0,1,0,"equal"
"631019-1948422",0,0,0,0,0,1,0,1,1,0,"equal"
"941220-4312131",0,0,1,0,0,1,0,1,0,0,"equal"
"951226-3568322",0,1,0,0,0,1,1,1,1,1,"equal"
"560305-4900555",1,0,0,0,0,0,0,1,0,1,"equal"
"520226-2123263",0,0,0,0,0,1,1,1,0,1,"equal"
"571114-3048445",1,1,1,0,0,1,1,1,0,1,"equal"
"831228-4026870",0,1,1,0,1,0,1,0,0,0,"equal"
"760804-2269981",0,0,1,0,0,1,1,0,1,0,"equal"
"690406-4526148",0,0,0,0,1,0,0,1,0,1,"equal"
"910520-3960723",0,1,1,1,1,1,0,0,0,1,"equal"
"860621-1254724",1,1,0,1,1,1,1,1,0,1,"equal"
"590404-1329168",0,1,1,1,1,0,0,1,1,1,"equal"
"770828-3395568",1,1,0,0,0,0,1,0,0,0,"equal"
"551122-3036610",0,1,1,1,1,1,1,0,0,0,"equal"
"650306-4963737",0,1,1,0,1,1,0,0,1,1,"equal"
"930402-3883579",1,0,1,0,0,0,1,1,1,0,"equal"
"611117-4905768",1,1,0,0,0,0,0,1,1,1,"equal"
"660921-3697199",0,1,1,1,0,0,1,1,0,0,"equal"
"880923-4312862",1,0,0,1,0,0,0,1,1,1,"equal"
"600213-2641466",1,0,0,0,0,1,1,1,1,1,"equal"
"610427-3482872",1,1,1,1,0,0,1,1,1,1,"equal"
"960709-2140857",0,1,0,1,0,1,0,0,1,1,"equal"
"750805-2130887",1,1,1,1,1,1,0,0,1,0,"equal"
"790410-3892890",0,1,0,1,1,0,1,1,0,0,"equal"
"710612-3815427",0,0,1,0,0,1,1,0,1,1,"equal"
"890621-2858276",1,0,0,1,1,1,0,0,1,0,"equal"
"620822-4307654",1,1,0,0,0,1,0,1,0,1,"equal"
"760916-1311401",0,1,0,0,1,1,0,1,1,1,"equal"
"670324-3843235",0,0,0,0,1,0,0,0,1,0,"equal"
"800722-4228080",1,0,0,1,0,0,1,0,0,0,"equal"
"680611-3063272",1,1,0,0,0,0,1,0,1,1,"equal"
"991207-3753098",1,0,1,1,1,0,1,0,1,0,"equal"
"570921-3741589",1,1,0,1,0,1,1,0,1,1,"equal"
"811014-2531006",0,1,1,0,0,0,1,1,1,0,"equal"
"501024-2566366",1,0,0,1,0,1,0,0,0,0,"equal"
"570409-1402983",1,0,1,0,1,1,0,1,1,1,"equal"
"910314-4997218",0,1,0,0,1,1,1,0,1,0,"equal"
"660910-3264096",1,0,0,0,0,0,0,0,1,1,"equal"
"610718-4401197",0,0,1,0,0,0,0,0,1,1,"equal"
"861017-4054907",1,1,0,1,1,1,1,1,1,1,"equal"
"591028-3739752",0,1,0,0,1,1,1,0,0,0,"equal"
"860207-3129730",1,0,0,0,0,0,0,1,0,0,"equal"
"730518-3982795",0,0,1,0,0,1,0,0,1,0,"equal"
"540204-2439366",0,0,1,1,0,0,0,1,1,1,"equal"
"780703-2480514",1,0,1,1,1,1,0,1,1,0,"equal"
"550714-4584715",0,0,1,0,1,0,0,1,1,0,"equal"
"760214-2093974",1,1,0,1,1,0,1,1,1,1,"equal"
"670919-2315870",0,0,1,0,0,1,1,0,1,1,"equal"
"721010-3785593",0,0,0,1,1,0,0,0,0,0,"equal"
"840227-3431273",1,1,0,0,1,1,1,1,1,1,"equal"
"680125-3066115",0,0,1,1,1,1,0,1,1,1,"equal"
"750110-4539847",1,0,0,0,0,0,1,1,1,0,"equal"
"510704-3683006",0,1,0,1,0,1,0,1,1,1,"equal"
"530905-3159627",1,1,1,0,1,0,1,0,0,1,"equal"
"641123-3792360",1,0,0,1,1,0,1,1,0,0,"equal"
"920922-4714220",1,0,0,1,1,0,1,0,0,1,"equal"
"911217-3087108",1,0,1,0,1,0,0,0,0,0,"equal"
"720107-3784619",0,0,1,0,1,1,0,1,1,1,"equal"
"901016-1273921",1,0,1,1,1,1,0,1,1,1,"equal"
"950812-2003525",1,1,1,1,1,1,1,1,0,0,"equal"
"921018-4683596",0,1,1,1,0,0,0,1,0,0,"equal"
"720324-2479579",1,0,1,1,1,0,1,0,1,1,"equal"
"891023-3435216",1,0,0,1,1,0,0,1,1,0,"equal"
"530719-3090681",0,1,1,0,0,0,0,1,1,0,"equal"
"720704-1748284",0,0,0,1,0,1,0,0,0,0,"equal"
"730801-2548311",1,0,0,0,0,1,0,1,1,0,"equal"
"520711-3481784",0,0,1,1,1,1,0,0,0,0,"equal"
"720920-4306514",0,1,0,1,0,0,0,0,0,0,"equal"
"510926-4787279",0,0,0,1,1,0,1,1,0,0,"equal"
"620915-3565406",0,0,0,0,1,0,0,0,1,0,"equal"
"860425-4060479",1,0,0,1,0,0,1,0,1,0,"equal"
"531226-1345691",0,1,0,0,1,1,1,0,1,0,"equal"
"800512-4206866",1,0,0,1,1,1,0,0,1,0,"equal"
"831127-1763267",1,0,1,1,0,1,1,1,0,0,"equal"
"780522-2926070",0,0,1,1,0,1,0,1,1,1,"equal"
"781218-4819387",1,0,0,0,1,1,0,0,1,1,"equal"
"530922-4895264",1,1,1,0,1,1,0,0,0,0,"equal"
"940203-1659196",0,0,1,1,1,0,1,0,1,0,"equal"
"621011-1609958",1,1,1,0,0,0,0,1,0,1,"equal"
"970920-3227774",1,0,0,1,1,1,1,0,1,0,"equal"
"540220-4216455",0,1,1,0,0,0,0,1,0,0,"equal"
"941219-4169936",0,1,1,0,0,1,0,1,0,0,"equal"
"740321-1512452",1,1,1,1,1,1,1,0,0,1,"equal"
"540913-1160690",0,1,1,1,0,1,1,1,0,0,"equal"
"530214-4882933",0,1,1,1,0,0,1,0,1,0,"equal"
"880725-4768951",0,0,0,1,1,0,0,1,1,1,"equal"
"730124-1495922",0,1,0,1,1,0,1,0,0,1,"equal"
"931227-2920497",1,0,1,1,0,1,1,1,0,0,"equal"
"791108-2991813",1,0,1,0,1,1,1,1,0,0,"equal"
"580203-3965981",0,0,0,0,0,0,0,0,0,0,"equal"
"560111-2691842",0,1,1,0,1,0,0,1,0,0,"equal"
"680215-4547369",0,1,0,1,0,1,1,1,0,0,"equal"
"570505-4841521",1,0,0,0,1,0,1,0,1,0,"equal"
"510401-2266463",0,0,0,1,0,0,0,0,0,1,"equal"
"970425-1569657",0,1,0,0,1,1,0,0,1,0,"equal"
"670419-2568249",1,0,1,1,0,0,0,0,1,1,"equal"
"570220-1354028",1,1,0,1,0,1,0,1,1,0,"equal"
"850125-3999747",1,0,0,0,1,1,1,0,1,0,"equal"
"620104-4790012",0,1,1,0,1,0,0,0,1,1,"equal"
"910611-3140576",1,0,1,1,0,0,0,0,1,0,"equal"
"640818-4773885",0,1,0,0,0,1,1,1,0,1,"equal"
"680805-2090181",0,0,1,0,1,1,1,1,1,0,"equal"
"881116-1130065",1,0,1,0,1,0,0,1,1,0,"equal"
"820308-4046852",0,0,1,1,0,0,0,1,1,1,"equal"
"860723-2356131",0,0,1,1,1,1,1,1,0,0,"equal"
"651002-1011990",1,1,1,0,1,0,1,0,1,1,"equal"
"610303-4719054",0,1,1,0,0,0,1,1,0,1,"equal"
"980916-2584392",0,0,1,0,1,1,0,0,0,1,"equal"
"830914-1593564",0,0,1,0,1,0,0,1,1,0,"equal"
"540410-3840611",0,0,0,1,0,0,0,1,1,1,"equal"
"821209-3353803",0,0,0,1,0,1,0,1,1,1,"equal"
"910825-4537669",1,0,1,1,0,1,1,1,0,0,"equal"
"800911-2302314",1,0,0,0,1,0,0,1,0,1,"equal"
"571206-2084591",0,0,1,1,0,1,1,1,1,0,"equal"
"840303-2880427",0,0,0,0,0,0,0,1,1,0,"equal"
"770814-3085576",0,0,0,1,1,1,1,1,0,0,"equal"
"601025-4044210",1,0,1,0,0,0,0,1,0,0,"equal"
"761217-1056821",1,1,0,0,1,1,1,0,0,1,"equal"
"841201-4485810",0,1,1,0,0,1,1,0,1,1,"equal"
"840313-2413064",0,1,1,0,1,1,0,1,0,0,"equal"
"551210-4844776",1,0,1,0,1,0,0,1,1,1,"equal"
"680511-2479882",1,1,0,1,0,0,1,1,0,0,"equal"
"830218-3354601",0,1,1,0,1,0,1,0,1,0,"equal"
"740321-4737903",1,1,1,1,0,0,1,0,1,0,"equal"
"600519-4524061",1,1,1,0,1,1,0,1,1,0,"equal"
"731216-1249465",1,1,0,0,0,0,1,1,1,1,"equal"
"700203-1274007",0,1,1,1,0,0,0,1,0,1,"equal"
"900717-3954385",0,1,1,1,1,1,0,0,0,0,"equal"
"560724-4965375",1,0,0,0,0,1,0,0,0,0,"equal"
"561023-4021050",0,1,1,1,1,0,0,0,0,0,"equal"
"921224-4135436",1,0,0,0,0,1,0,0,1,1,"equal"
"840110-1671099",1,0,0,1,1,0,0,0,0,0,"equal"
"730118-4004783",1,1,0,1,0,1,0,1,0,0,"equal"
"920923-4875601",0,0,1,1,1,1,0,1,0,1,"equal"
"950314-1736661",1,1,0,1,0,0,1,1,0,0,"equal"
"520910-4167133",0,1,1,0,0,0,0,1,0,0,"equal"
"570424-1171735",1,0,1,0,1,0,0,0,0,1,"equal"
"850704-1302964",1,1,0,1,0,0,0,1,0,1,"equal"
"570608-4829840",1,1,0,0,0,1,0,0,0,0,"equal"
"610327-1105727",0,1,1,1,0,1,1,0,1,1,"equal"
"990819-2248558",1,0,1,0,1,0,1,1,1,1,"equal"
"940115-2133005",0,0,0,1,0,0,0,0,0,1,"equal"
"950110-4148340",0,0,1,0,1,0,0,0,0,1,"equal"
"980119-3055333",1,1,1,0,1,0,0,0,0,0,"equal"
"760410-1116929",0,0,0,0,0,1,0,0,1,1,"equal"
"611227-1867541",0,1,1,0,1,0,1,1,0,1,"equal"
"650524-2362790",1,0,1,1,1,0,1,0,0,1,"equal"
"570411-4877803",0,1,0,0,0,0,0,0,0,1,"equal"
"571125-1070327",1,1,1,0,0,0,0,1,1,1,"equal"
"840424-2980896",1,1,0,1,1,0,1,1,0,1,"equal"
"771207-2931900",1,1,1,0,0,1,1,0,1,1,"equal"
"900319-1123087",0,1,1,1,1,1,0,1,0,1,"equal"
"510314-3756377",0,1,0,0,0,0,1,1,1,0,"equal"
"530608-3763631",1,0,0,0,1,1,0,1,0,1,"equal"
"890123-1835547",0,1,1,0,0,1,1,1,0,0,"equal"
"861128-1813367",1,1,0,1,1,1,1,1,1,1,"equal"
"701021-2980293",1,1,1,1,1,0,1,1,1,1,"equal"
"810823-4508047",0,0,1,0,1,0,0,1,0,1,"equal"
"580804-1752913",0,0,0,1,0,0,1,0,1,1,"equal"
"950216-1799673",0,1,0,0,1,1,0,0,1,0,"equal"
"870907-2986185",0,1,1,0,0,1,0,1,0,0,"equal"
"730811-3774042",1,0,1,0,1,0,1,0,1,1,"equal"
"891111-2220500",1,0,1,0,1,1,0,1,1,0,"equal"
"530609-3389360",0,0,1,0,0,0,1,1,0,0,"equal"
"620623-4582234",1,1,1,0,1,0,0,0,1,0,"equal"
"620624-2140456",0,0,1,1,0,1,0,0,0,1,"equal"
"730109-1094465",0,0,1,0,1,1,0,1,1,1,"equal"
"900125-1038184",1,0,0,0,1,0,1,0,1,0,"equal"
"670213-3795111",0,0,0,0,1,1,0,1,0,1,"equal"
"700217-1754880",0,0,1,0,0,0,0,1,0,0,"equal"
"640317-4132399",0,0,0,0,1,0,1,0,1,0,"equal"
"750525-1186056",0,0,1,1,0,1,0,0,0,0,"equal"
"810122-1627556",1,0,0,0,0,0,1,1,1,0,"equal"
"640819-3074327",0,1,0,1,1,1,1,1,1,0,"equal"
"771016-2203550",1,1,0,1,1,0,0,0,1,1,"equal"
"510408-2083859",0,1,1,0,0,0,0,1,0,0,"equal"
"750517-1682404",0,1,1,0,1,0,0,0,1,0,"equal"
"871024-1566618",1,0,0,1,1,1,0,0,1,0,"equal"
"580125-1988938",1,1,1,0,0,1,0,1,0,1,"equal"
"570201-3691501",0,1,0,0,0,0,1,1,0,1,"equal"
"800324-4854887",1,1,0,1,1,0,0,1,1,1,"equal"
"971011-3034584",1,0,0,0,0,1,0,1,1,0,"equal"
"521207-3542945",0,0,0,0,1,0,0,0,0,1,"equal"
"521114-1881334",1,1,0,1,0,1,0,1,1,1,"equal"
"900926-4371156",0,1,0,1,0,0,0,0,0,0,"equal"
"650210-1022472",1,1,1,1,0,0,1,0,1,1,"equal"
"631202-1035990",0,0,1,1,0,1,1,1,1,0,"equal"
"671204-4597699",0,1,1,0,0,1,1,0,1,0,"equal"
"690422-3729799",1,1,1,1,1,0,0,1,0,1,"equal"
"880623-1540911",0,0,1,1,1,0,1,1,1,1,"equal"
"941202-1800854",0,0,1,1,0,0,1,0,1,0,"equal"
"720705-1515043",0,1,0,1,0,0,0,0,0,0,"equal"
"920318-3539788",0,1,1,1,0,1,0,1,1,0,"equal"
"540815-2845380",1,1,1,1,1,0,0,1,1,0,"equal"
"571010-4745442",0,1,0,1,1,1,1,1,1,1,"equal"
"990610-1167486",1,1,1,1,1,1,1,1,1,1,"equal"
"860519-2962013",0,1,1,1,1,1,1,0,0,1,"equal"
"980511-1032619",0,1,0,1,1,1,1,1,1,0,"equal"
"511103-2910229",1,1,0,1,0,1,1,0,0,0,"equal"
"540910-1600396",1,0,1,0,1,0,1,0,1,0,"equal"
"901126-2869549",0,1,0,1,1,0,0,0,1,1,"equal"
"980122-2186451",1,1,0,0,0,0,0,1,0,1,"equal"
"631028-4208281",1,0,0,1,1,0,0,1,1,0,"equal"
"980803-3945647",0,1,0,0,1,0,1,0,1,1,"equal"
"710617-3888520",1,0,0,1,1,0,0,0,0,0,"equal"
"950716-2120377",1,0,0,0,0,0,0,0,0,0,"equal"
"780217-2814929",0,1,1,1,1,1,1,0,1,0,"equal"
"940925-3312525",0,1,0,1,1,1,1,1,1,0,"equal"
"971125-4420473",1,1,0,1,0,1,1,0,0,1,"equal"
"500711-4970872",1,1,0,0,1,1,0,1,0,0,"equal"
"950211-3627220",0,0,0,0,1,0,1,0,1,1,"equal"
"550815-4211609",1,1,1,1,0,1,0,1,1,1,"equal"
"790625-3101301",0,1,1,1,0,0,1,0,0,0,"equal"
"760624-1633221",0,0,0,1,1,1,1,1,1,0,"equal"
"530528-4173240",1,1,1,0,0,0,0,0,1,0,"equal"
"530922-1145477",0,0,1,0,0,0,0,1,1,1,"equal"
"810723-4002327",1,1,1,0,1,1,1,0,0,0,"equal"
"910720-1668446",1,0,0,0,0,0,1,0,1,1,"equal"
"911016-3263572",0,1,1,1,1,0,0,0,0,1,"equal"
"920302-3727972",1,1,0,1,0,1,0,0,1,1,"equal"
"800822-3299663",1,1,0,0,1,0,1,1,1,0,"equal"
"590524-3117711",1,1,1,0,0,1,0,1,0,1,"equal"
"650312-2409807",0,1,1,1,1,1,1,1,1,0,"equal"
"770720-4999420",1,0,1,1,1,0,0,0,0,0,"equal"
"590321-4095783",0,1,1,0,1,0,0,0,1,0,"equal"
"910426-4490562",0,1,0,0,0,1,0,0,0,0,"equal"
"720803-3495804",1,1,0,0,0,1,1,0,1,1,"equal"
"690503-4158781",1,1,0,0,1,1,1,1,1,1,"equal"
"871101-1445792",1,0,1,0,0,1,0,1,0,0,"equal"
"910925-2336346",1,0,0,0,1,1,0,0,1,1,"equal"
"880717-1833444",1,1,0,1,1,0,0,0,0,0,"equal"
"990205-4774249",0,1,1,0,1,1,0,0,1,0,"equal"
"940503-2265072",1,1,1,0,1,0,1,1,1,1,"equal"
"901225-3207419",1,1,1,0,1,1,1,0,1,0,"equal"
"530809-4102317",1,0,1,0,1,1,0,0,1,1,"equal"
"940207-2710434",1,0,1,0,0,1,0,0,0,0,"equal"
"700714-1223755",1,1,0,1,0,0,1,1,0,1,"equal"
"790202-1556574",0,0,1,1,1,1,1,1,0,0,"equal"
"950328-3297992",1,0,0,0,0,1,1,0,0,1,"equal"
"760612-1370795",0,1,0,1,1,1,1,0,0,0,"equal"
"760111-2227069",1,0,1,1,0,0,0,1,1,1,"equal"
"890122-3507584",0,0,1,0,0,1,0,1,1,1,"equal"
"840714-1607434",1,1,0,1,1,0,1,0,0,0,"equal"
"701216-2674932",1,0,0,1,1,1,1,0,1,0,"equal"
"500218-4512009",0,0,1,0,1,1,0,1,1,0,"equal"
"620113-3603825",1,0,0,0,0,1,1,0,1,1,"equal"
"690622-3457824",1,0,1,1,1,1,1,1,1,0,"equal"
"770923-4484664",1,0,1,1,0,0,1,0,1,1,"equal"
"910221-4889950",1,1,1,0,0,1,0,1,0,1,"equal"
"900623-3899151",0,0,0,1,0,0,0,0,1,0,"equal"
"901203-2476119",0,0,1,0,0,0,1,0,1,1,"equal"
"850312-2042497",0,0,0,1,1,1,0,1,1,1,"equal"
"890304-4927330",1,0,0,1,0,1,1,0,0,0,"equal"
"660310-1251695",0,0,1,0,1,1,0,0,1,1,"equal"
"630514-2483255",0,0,1,0,1,0,1,0,1,0,"equal"
"850527-2538976",1,0,1,1,1,0,1,0,0,1,"equal"
"880104-3128680",0,1,0,0,1,1,0,0,1,1,"equal"
"841217-4279418",1,0,1,1,0,0,0,0,0,0,"equal"
"621101-3368136",0,0,1,0,0,0,1,0,0,1,"equal"
"541008-3693174",0,0,0,0,1,1,0,0,0,1,"equal"
"950722-3215536",1,1,1,1,0,0,1,0,0,0,"equal"
"740802-2659042",1,0,0,1,1,0,0,1,0,0,"equal"
"640620-3059156",0,0,1,0,1,1,1,1,0,0,"equal"
"510819-3435893",1,1,1,1,0,0,1,0,1,1,"equal"
"870726-3404280",1,1,0,0,1,1,1,1,1,1,"equal"
"570521-2700976",1,0,0,0,1,0,0,0,0,1,"equal"
"580226-3647169",1,0,0,0,1,1,1,0,0,0,"equal"
"760205-4085597",1,0,1,1,1,0,1,1,1,0,"equal"
"670826-3915529",0,1,0,1,0,0,1,1,0,1,"equal"
"590914-3995400",0,1,1,0,0,0,0,0,1,0,"equal"
"850326-3373685",1,0,1,1,0,0,0,0,1,1,"equal"
"930413-2246631",1,0,1,0,0,0,1,1,0,1,"equal"
"850527-1343625",0,1,1,0,1,1,0,1,1,1,"equal"
"730424-3422608",0,0,1,0,1,1,0,0,1,1,"equal"
"631111-2470271",0,0,1,1,1,1,0,1,0,0,"equal"
"740209-3191302",1,0,1,0,0,1,1,0,1,1,"equal"
"700312-2022913",1,1,1,0,0,1,1,0,0,0,"equal"
"531122-3918814",1,0,0,0,0,1,1,0,0,1,"equal"
"700314-4593233",0,0,0,1,0,0,1,1,1,0,"equal"
"540915-3356539",1,1,1,0,1,1,0,0,0,1,"equal"
"941021-1442076",0,0,1,0,0,0,0,1,0,0,"equal"
"860714-2006636",1,0,1,0,1,1,1,0,0,1,"equal"
"900325-4245273",1,0,0,0,1,1,0,1,0,0,"equal"
"720204-3689654",0,1,1,1,0,1,0,1,1,0,"equal"
"680918-1044677",1,1,0,1,1,1,0,0,0,0,"equal"
"610420-4106495",1,1,0,0,0,0,0,1,1,0,"equal"
"740616-3187587",0,0,1,1,1,0,0,0,1,0,"equal"
"581109-1934024",1,0,1,0,0,1,0,0,0,1,"equal"
"650521-3687958",1,0,0,1,0,1,0,1,0,0,"equal"
"970113-3557060",0,0,0,0,1,0,1,0,1,0,"equal"
"580120-2327383",0,1,0,1,0,1,0,1,0,0,"equal"
"550522-2128293",1,0,1,0,0,0,0,0,0,0,"equal"
"980716-3187860",1,1,0,0,1,1,0,1,1,0,"equal"
"550307-3527329",0,1,0,0,1,0,0,0,0,1,"equal"
"591207-2537733",1,1,0,0,0,0,0,0,1,0,"equal"
"541122-2349420",1,1,1,0,0,0,0,1,1,0,"equal"
"951008-3829663",0,1,0,1,0,1,1,0,0,1,"equal"
"700615-4614590",0,0,0,1,0,0,1,0,0,1,"equal"
"870710-4934214",0,1,1,0,0,1,1,0,0,0,"equal"
"770715-4184836",0,1,1,0,0,1,1,1,1,0,"equal"
"601217-1943022",1,0,1,0,1,0,0,1,1,1,"equal"
"750202-3220968",1,1,0,0,0,1,1,1,1,1,"equal"
"910520-2408402",1,0,0,1,0,1,0,0,1,0,"equal"
"900907-3911159",0,0,0,0,1,1,1,1,0,1,"equal"
"700506-3337420",0,0,0,1,1,0,1,0,1,1,"equal"
"710604-1312504",0,0,1,1,0,1,1,1,1,1,"equal"
"930804-4756918",0,1,0,0,0,1,1,1,0,0,"equal"
"951013-1532196",0,0,0,1,1,1,1,0,1,1,"equal"
"980814-3277051",1,0,0,0,0,0,1,0,1,0,"equal"
"850312-3221078",1,0,0,0,1,0,0,0,1,1,"equal"
"720307-3490966",1,1,1,1,0,1,1,0,1,0,"equal"
"620904-1946693",1,0,1,0,0,1,0,1,0,1,"equal"
"861123-2089509",1,1,1,1,1,0,1,0,0,0,"equal"
"970716-4166586",1,0,1,0,0,0,1,1,0,1,"equal"
"610518-1732896",1,1,1,1,0,1,1,0,0,1,"equal"
"930311-1264062",0,0,1,0,0,1,0,0,0,1,"equal"
"680314-3817267",1,0,0,0,0,0,1,1,1,1,"equal"
"970411-3369614",1,0,0,1,0,1,0,0,1,1,"equal"
"520408-4277099",1,1,1,1,1,1,0,0,0,1,"equal"
"570614-4776083",1,1,1,1,0,0,1,1,1,0,"equal"
"521220-4568106",0,1,0,0,1,0,0,0,0,0,"equal"
"941222-4153589",1,1,1,0,0,1,0,1,1,0,"equal"
"950610-3910063",0,1,1,0,0,0,1,1,0,0,"equal"
"860814-3097881",1,1,0,1,1,0,0,0,0,1,"equal"
"610518-3620798",1,1,0,0,1,0,1,1,1,0,"equal"
"731125-3020771",0,0,0,0,0,0,0,0,1,1,"equal"
"600915-2190018",0,0,0,1,1,1,1,0,0,1,"equal"
"590315-2639863",0,0,0,1,0,0,0,1,0,0,"equal"
"700309-4530381",1,1,1,0,1,1,0,1,1,1,"equal"
"700124-4316126",1,1,1,0,1,1,1,0,1,1,"equal"
"740823-1829840",1,0,1,0,0,1,0,1,1,1,"equal"
"800820-4744949",1,0,1,0,1,0,1,1,0,0,"equal"
"541215-1673883",0,1,0,0,1,0,1,0,1,1,"equal"
"650513-1636594",1,1,1,0,0,0,0,0,1,1,"equal"
"650704-4353446",0,1,0,1,0,1,1,0,1,1,"equal"
"520602-2048965",1,1,1,1,1,0,0,0,1,0,"equal"
"840315-1767139",0,0,0,0,1,0,0,0,0,1,"equal"
"620106-2545108",1,1,0,1,0,1,0,0,0,1,"equal"
"540916-2800237",0,1,1,1,0,0,1,1,0,0,"equal"
"901206-3979020",1,1,0,0,1,1,0,1,0,0,"equal"
"920128-4163201",0,1,0,0,0,1,0,1,1,1,"equal"
"960225-1932048",0,1,1,0,1,1,0,1,0,1,"equal"
"840207-2631653",1,0,1,0,1,1,0,0,0,1,"equal"
"630714-2501402",1,1,1,0,1,0,0,0,1,1,"equal"
"770914-4018329",0,0,1,1,0,1,1,0,1,1,"equal"
"510416-4203611",0,1,0,1,1,0,0,0,0,0,"equal"
"971214-2100221",0,0,0,0,0,1,1,1,1,0,"equal"
"570419-1161738",0,1,1,1,1,0,0,1,1,1,"equal"
"730927-4655082",0,0,0,1,1,0,1,0,1,0,"equal"
"841218-2135734",0,1,1,0,0,0,1,0,1,1,"equal"
"680818-2561211",0,0,0,1,0,0,1,0,0,0,"equal"
"931012-4855596",1,0,0,0,1,0,0,1,0,1,"equal"
"890608-3527256",0,1,0,0,0,0,0,1,1,1,"equal"
"761212-4962500",0,0,0,0,1,0,0,1,0,0,"equal"
"710518-1359331",1,0,1,1,0,0,0,0,0,0,"equal"
"770223-2707063",0,0,1,1,1,1,1,0,1,0,"equal"
"651220-3989436",1,1,0,1,0,1,0,1,1,1,"equal"
"590518-4765930",1,1,0,1,1,1,0,0,0,0,"equal"
"960202-2967249",0,0,0,0,0,1,1,1,1,1,"equal"
"960514-3402743",0,1,1,0,1,0,1,0,1,0,"equal"
"590412-4467229",0,0,1,1,1,1,0,1,1,1,"equal"
"771226-4528869",0,1,1,0,1,1,0,0,1,0,"equal"
"851210-2753066",1,0,0,1,1,0,1,1,1,1,"equal"
"681012-4974611",1,1,0,0,0,0,1,0,1,0,"equal"
"990918-2891919",0,0,1,0,0,0,0,0,0,0,"equal"
"551114-1801370",0,1,0,1,1,0,1,0,0,1,"equal"
"590215-4744868",1,0,1,1,1,0,1,0,1,1,"equal"
"830524-2327954",1,0,1,0,0,1,1,0,1,0,"equal"
"570702-1224071",1,1,1,0,0,1,1,0,1,0,"equal"
"580526-4397015",1,1,1,0,1,0,1,1,1,0,"equal"
"971205-2381503",1,0,1,0,0,0,0,0,1,0,"equal"
"701205-2981882",1,1,1,0,1,1,0,0,0,0,"equal"
"800815-4695562",1,0,0,1,0,1,1,1,1,1,"equal"
"740502-2812220",0,1,1,1,1,1,0,1,1,1,"equal"
"630323-4418787",1,1,1,1,1,0,0,0,0,1,"equal"
"740113-2583883",0,0,0,1,0,0,1,1,1,0,"equal"
"890406-4091825",1,1,0,1,0,0,0,1,0,1,"equal"
"731110-2836878",1,0,1,0,0,0,0,0,1,1,"equal"
"500827-1456766",0,1,0,1,1,0,0,0,0,1,"equal"
"530511-4719343",0,1,1,1,1,0,1,0,0,0,"equal"
"711215-3156376",1,0,0,0,0,0,1,0,0,1,"equal"
"750711-3297760",1,1,1,1,0,0,0,1,0,0,"equal"
"970828-2702763",1,1,1,0,1,1,0,0,0,0,"equal"
"951218-3325319",1,1,0,1,0,1,1,1,0,1,"equal"
"551219-3097575",1,0,0,0,1,1,0,1,1,0,"equal"
"950618-1619627",0,0,1,1,1,1,1,0,0,0,"equal"
"830526-3462157",1,0,0,0,0,0,1,1,1,0,"equal"
"860305-2479815",0,0,0,0,1,1,0,1,0,0,"equal"
"741105-1238158",1,0,1,0,0,1,1,1,0,1,"equal"
"810919-1320151",1,0,1,0,1,1,1,1,1,0,"equal"
"670212-2076313",1,0,0,0,1,1,0,1,0,1,"equal"
"951113-4821737",1,0,0,1,0,1,1,1,0,0,"equal"
"751028-2678808",0,0,1,1,1,0,0,0,1,0,"equal"
"921225-2196075",0,1,1,0,0,1,0,0,0,0,"equal"
"980422-1417160",1,0,1,0,0,1,0,1,1,0,"equal"
"930410-1194168",0,0,0,0,1,0,1,0,1,0,"equal"
"620109-4002930",0,0,0,1,0,0,0,0,1,1,"equal"
"930602-3112827",1,0,1,1,0,1,1,0,1,0,"equal"
"800515-4131855",0,0,0,0,1,1,1,1,1,0,"equal"
"900924-1383038",1,0,0,0,0,0,0,1,0,0,"equal"
"500626-2848874",0,0,0,1,0,0,0,0,1,1,"equal"
"730524-4951216",0,1,0,0,1,1,0,1,1,1,"equal"
"980205-2690440",1,0,1,1,1,1,1,0,0,0,"equal"
"900702-1567258",0,1,1,0,1,1,1,0,1,1,"equal"
"540617-2079699",1,0,1,0,1,0,0,1,1,0,"equal"
"501001-3829087",1,0,0,0,1,0,0,1,1,1,"equal"
"641024-1621545",1,1,0,1,0,0,1,0,0,1,"equal"
"680908-3638845",1,0,0,0,0,1,0,1,1,0,"equal"
"710103-4473057",0,1,0,0,0,0,0,1,1,1,"equal"
"950906-3878659",1,0,0,0,0,1,1,0,0,1,"equal"
"851203-4947481",1,0,0,0,1,1,1,1,1,0,"equal"
"610821-1571847",0,0,0,0,0,0,0,1,0,0,"equal"
"550213-3484626",1,0,0,1,1,1,1,1,0,0,"equal"
"890724-4839185",1,1,1,0,0,0,0,1,0,0,"equal"
"990822-1656083",1,0,1,1,1,0,1,1,0,1,"equal"
"561011-4941724",1,0,1,1,1,0,0,1,1,1,"equal"
"650626-4408190",0,1,0,1,1,1,1,1,1,0,"equal"
"800304-4883899",1,0,0,0,0,1,0,1,0,0,"equal"
"890716-1489983",0,1,1,1,0,0,0,1,1,0,"equal"
"970822-3644076",1,0,1,0,1,1,0,1,0,0,"equal"
"710411-1166397",0,1,0,1,1,0,1,0,0,0,"equal"
"790522-1281683",0,0,1,1,0,1,0,0,1,0,"equal"
"610419-1732827",0,0,0,1,1,0,0,0,1,1,"equal"
"990227-3921841",0,1,0,1,0,1,0,0,0,0,"equal"
"840305-4677373",0,1,1,1,0,0,0,1,1,0,"equal"
"711127-4213895",1,1,0,1,1,1,0,1,1,0,"equal"
"770817-4698230",1,1,0,0,0,1,0,0,0,0,"equal"
"701214-1732128",0,1,1,1,0,0,1,0,1,0,"equal"
"810902-4506421",0,0,0,1,1,0,0,1,0,1,"equal"
"600412-2196839",1,0,1,0,1,0,0,0,0,0,"equal"
"790817-1318447",1,0,1,0,1,0,1,0,1,0,"equal"
"990915-2215619",0,0,0,0,0,0,1,1,0,0,"equal"
"841019-3240244",0,1,0,0,1,1,1,0,1,0,"equal"
"530418-4582590",0,1,0,1,0,0,1,1,1,0,"equal"
"520104-1484238",0,0,1,1,1,1,0,1,1,0,"equal"
"881103-3139652",0,1,1,0,0,0,0,1,1,1,"equal"
"670908-1975098",0,0,0,0,0,1,1,1,0,0,"equal"
"610804-4277846",1,1,0,0,1,0,1,1,1,0,"equal"
"510211-1274938",1,0,1,1,1,0,1,1,1,1,"equal"
"990724-4129387",1,1,1,0,0,0,0,0,1,1,"equal"
"940403-2519610",0,1,1,1,0,1,1,0,1,0,"equal"
"831001-4532492",0,1,0,1,0,0,1,1,0,1,"equal"
"510709-3970286",1,0,1,1,1,1,0,0,0,1,"equal"
"640218-1808748",0,1,1,1,1,0,0,1,1,0,"equal"
"900703-1948526",0,1,0,1,1,1,1,0,0,0,"equal"
"901106-4924218",1,0,1,0,1,1,0,1,1,0,"equal"
"590923-4877201",0,0,1,1,0,0,1,1,1,0,"equal"
"570528-1202932",1,1,1,1,1,0,0,1,0,1,"equal"
"750528-4829851",1,1,0,0,1,0,0,1,0,0,"equal"
"590712-4710896",1,0,0,0,1,0,0,1,1,1,"equal"
"640210-3635405",0,0,0,1,1,0,0,0,1,1,"equal"
"541128-4300839",0,0,0,1,1,1,1,1,0,1,"equal"
"910928-1998761",1,0,1,0,1,0,1,1,0,1,"equal"
"560914-3804049",0,0,0,1,0,0,0,1,1,0,"equal"
"840109-3468871",0,1,1,0,0,0,1,0,0,1,"equal"
"520721-4323260",0,1,0,1,0,0,0,1,1,1,"equal"
"911203-4686619",0,1,0,1,1,1,0,0,0,0,"equal"
"841012-3135033",1,1,0,1,0,1,1,1,0,1,"equal"
"601212-1194834",1,1,0,1,0,1,0,0,0,0,"equal"
"731225-3785264",0,1,1,1,0,0,0,0,0,1,"equal"
"650109-2169497",1,0,0,1,1,1,0,0,1,0,"equal"
"520707-4770561",1,1,1,0,0,1,0,0,0,1,"equal"
"930808-2728935",1,1,1,1,1,1,0,0,0,1,"equal"
"560407-3833484",0,1,0,1,1,1,1,1,1,1,"equal"
"840224-4279467",0,0,1,0,0,1,1,0,1,1,"equal"
"860702-1135215",0,0,1,1,0,0,1,0,0,0,"equal"
"750104-4712692",1,1,1,0,1,0,1,0,1,0,"equal"
"830419-4889089",0,1,0,0,1,0,0,1,0,0,"equal"
"711111-3163087",0,0,0,0,1,1,1,0,0,1,"equal"
"890825-4573947",1,0,0,0,1,0,0,0,0,0,"equal"
"670703-2501120",1,0,1,1,0,1,1,1,0,0,"equal"
"920110-4197047",1,1,1,0,1,1,1,0,1,1,"equal"
"890921-3403066",1,0,0,0,1,0,1,1,1,0,"equal"
"851225-1309780",1,0,0,1,1,0,1,1,0,0,"equal"
"660411-3735524",0,0,0,1,0,1,1,1,1,0,"equal"
"721210-4761704",0,0,1,1,0,0,1,0,1,0,"equal"
"710407-3426685",0,0,1,0,1,0,1,0,1,1,"equal"
"780122-4927448",0,0,1,0,0,0,1,1,0,0,"equal"
"980718-1371813",1,1,0,1,1,0,0,0,0,0,"equal"
"900319-2563627",0,1,0,1,1,0,0,1,0,1,"equal"
"980908-1387726",1,0,0,0,0,0,1,1,1,1,"equal"
"930522-1759951",1,0,1,0,0,0,0,1,0,1,"equal"
"870223-4533631",1,1,0,1,1,0,0,1,0,1,"equal"
"630223-4785361",0,1,0,1,1,1,0,1,0,1,"equal"
"531007-1712600",0,0,1,1,1,0,0,1,1,1,"equal"
"560602-3950232",0,1,0,1,0,1,1,0,0,0,"equal"
"601027-2766138",0,1,0,1,1,1,0,0,0,1,"equal"
"621122-1846693",0,1,0,1,0,0,1,1,0,0,"equal"
"870415-3760724",0,1,0,0,0,0,1,1,1,1,"equal"
"820712-1156367",1,1,1,1,0,1,1,0,1,0,"equal"
"700221-2545367",0,1,0,0,1,1,1,0,1,0,"equal"
"861007-2858390",0,1,1,1,1,0,1,1,0,0,"equal"
"951126-1324065",0,1,1,1,0,0,1,1,0,0,"equal"
"510326-4927169",1,1,0,1,0,0,1,0,0,0,"equal"
"560608-1085509",0,1,0,0,1,1,0,1,0,0,"equal"
"921210-3694034",1,0,0,1,0,0,1,0,0,0,"equal"
"641220-1757195",1,1,1,1,1,1,1,0,0,0,"equal"
"780110-2236426",0,0,1,0,0,0,0,0,0,1,"equal"
"960913-3984195",1,1,1,0,0,1,1,1,1,0,"equal"
"830425-2600325",1,0,1,0,1,1,1,1,0,0,"equal"
"520512-2187159",0,0,0,0,1,0,0,1,1,1,"equal"
"790420-3009696",0,0,1,0,1,0,1,0,1,0,"equal"
"510122-4215041",0,0,1,1,1,0,1,0,1,0,"equal"
"610727-4656811",0,0,1,1,1,1,1,1,0,0,"equal"
"790420-2506394",0,1,1,1,0,0,1,1,0,1,"equal"
"890617-3438860",1,0,1,0,0,0,1,0,1,0,"equal"
"610111-2752069",0,0,1,1,0,0,1,0,1,0,"equal"
"761014-3096093",0,0,0,0,0,0,0,1,1,0,"equal"
"840117-1794722",0,0,0,1,1,0,0,0,0,1,"equal"
"730809-1527890",0,0,0,0,0,0,0,1,1,0,"equal"
"730408-3681487",1,0,1,0,1,0,1,1,1,1,"equal"
"640211-4384517",1,0,0,0,1,1,1,0,1,0,"equal"
"850626-4844916",1,1,1,1,1,1,0,0,0,0,"equal"
"880222-2471884",1,0,0,1,0,1,1,0,1,1,"equal"
"581007-1900815",1,0,0,0,1,1,0,0,0,0,"equal"
"570405-2452781",0,1,0,0,1,1,1,1,1,0,"equal"
"680325-1543286",1,1,0,0,1,0,0,0,1,0,"equal"
"900912-2783167",1,1,0,0,1,0,1,0,1,1,"equal"
"980801-1437053",0,0,1,0,0,0,1,1,1,0,"equal"
"590305-4814405",0,1,1,0,1,1,0,0,0,1,"equal"
"840803-2889101",0,1,0,0,1,0,0,0,1,1,"equal"
"961004-1896722",1,1,0,1,1,0,0,1,1,1,"equal"
"731208-1778151",0,0,0,1,1,1,1,1,1,0,"equal"
"750612-4177804",1,1,1,0,0,0,1,0,0,1,"equal"
"970626-1547708",0,1,0,1,0,1,1,1,1,0,"equal"
"530915-3238588",0,1,0,1,0,0,0,1,1,0,"equal"
"740602-3037314",0,0,0,1,1,1,0,0,0,0,"equal"
"731219-2247671",1,0,1,1,1,0,0,0,1,1,"equal"
"720713-1004473",1,0,1,1,1,1,1,0,1,0,"equal"
"730118-3331019",0,0,0,1,0,1,1,1,0,1,"equal"
"690822-1998363",0,1,1,1,0,0,0,1,1,0,"equal"
"560411-1098082",1,1,1,0,0,0,0,0,1,0,"equal"
"931115-3808587",1,1,1,0,1,1,0,0,1,1,"equal"
"810802-2041459",1,1,0,1,0,1,0,1,0,1,"equal"
"830802-4050265",1,1,0,1,1,1,0,1,0,1,"equal"
"830907-2745424",0,0,1,1,0,0,0,0,0,1,"equal"
"751026-4092398",1,0,0,0,1,0,1,1,0,1,"equal"
"910308-1437588",0,0,0,0,0,1,1,1,0,1,"equal"
"541120-1735597",1,1,1,0,1,1,0,1,0,0,"equal"
"560824-1883433",0,0,1,0,1,0,0,1,1,0,"equal"
"500505-2965420",1,1,0,1,1,0,0,0,1,1,"equal"
"670318-3563973",0,0,1,0,1,0,0,1,0,1,"equal"
"560610-4061191",0,0,0,0,1,1,1,0,1,0,"equal"
"551227-1168516",1,1,1,0,1,1,1,0,1,1,"equal"
"530602-4495133",0,1,0,1,1,0,1,1,1,1,"equal"
"930311-3188494",1,1,1,1,0,1,0,1,0,0,"equal"
"880724-4552577",1,1,1,0,1,0,0,1,1,1,"equal"
"800411-3212395",0,1,0,0,1,1,1,0,1,1,"equal"
"610801-1886818",1,0,1,1,0,1,0,1,1,0,"equal"
"591126-3481853",0,1,0,1,1,1,0,0,1,1,"equal"
"590913-3056432",0,0,0,1,1,0,0,0,0,0,"equal"
"811221-4827003",1,0,0,1,1,1,0,1,0,1,"equal"
"631203-3941853",1,0,1,1,1,1,0,1,0,1,"equal"
"940222-1255230",0,1,1,1,1,0,0,0,0,0,"equal"
"741102-2832179",1,1,0,1,1,1,0,1,0,0,"equal"
"560702-2596862",1,0,0,1,0,1,1,0,1,1,"equal"
"980628-3057384",1,0,1,1,1,0,0,1,0,1,"equal"
"650418-1012377",1,0,1,1,0,0,1,1,1,0,"equal"
"980408-1133061",1,1,0,1,1,1,0,1,0,1,"equal"
"770610-3100262",0,0,1,0,1,0,0,0,0,1,"equal"
"610812-3666963",1,0,0,1,0,1,1,0,0,0,"equal"
"520102-1540085",0,0,0,1,0,0,0,0,0,1,"equal"
"930604-3559494",0,0,1,0,1,1,1,0,0,1,"equal"
"740324-4085152",0,0,1,0,1,0,0,1,0,0,"equal"
"820421-1374416",0,1,0,0,1,0,1,1,0,0,"equal"
"620108-1194418",0,1,1,0,1,0,1,1,1,1,"equal"
"780501-1344695",0,0,1,1,1,1,1,0,0,0,"equal"
"780418-2979482",0,0,0,1,0,0,1,0,0,1,"equal"
"501022-3086806",0,1,0,0,0,1,0,0,0,0,"equal"
"571002-1624990",1,0,1,0,1,0,1,1,0,0,"equal"
"830626-2459166",0,1,1,0,1,1,0,0,1,0,"equal"
"610216-3662248",1,1,0,1,0,0,0,0,0,1,"equal"
"540213-3067659",1,1,1,0,0,1,1,0,1,1,"equal"
"980925-2826913",0,0,1,1,1,1,0,0,1,0,"equal"
"520520-4428280",1,1,0,1,0,1,0,1,1,0,"equal"
"920525-2156781",1,0,0,0,0,1,1,0,0,0,"equal"
"831221-2262915",1,0,0,1,0,0,0,1,1,0,"equal"
"771015-4411498",0,0,0,0,0,1,1,1,0,1,"equal"
"770903-1542366",0,1,0,1,1,1,0,0,0,1,"equal"
"780313-2848653",1,1,0,1,1,0,1,0,1,0,"equal"
"830306-2902713",1,0,0,1,0,0,0,1,0,1,"equal"
"810820-3135539",0,0,0,0,1,0,1,1,0,0,"equal"
"891110-4666238",1,1,1,0,1,1,0,0,1,0,"equal"
"700916-3523705",0,0,0,0,1,1,0,1,1,1,"equal"
"801023-4447311",1,0,0,1,0,1,1,1,0,0,"equal"
"510603-1679438",1,1,1,0,1,1,0,1,1,1,"equal"
"651213-2606020",0,1,0,1,0,1,1,0,1,0,"equal"
"800118-3445458",0,1,0,0,0,1,0,0,0,1,"equal"
"790321-1475723",0,0,1,0,1,0,0,1,1,1,"equal"
"780214-4288825",0,0,0,1,0,0,1,0,1,1,"equal"
"521115-2586636",0,1,0,1,1,0,1,0,1,0,"equal"
"820911-2100793",0,0,1,1,0,1,0,0,1,0,"equal"
"761017-3013063",1,0,1,0,1,0,0,1,0,1,"equal"
"730806-4175436",1,1,1,1,1,1,0,0,0,1,"equal"
"860213-2721923",1,0,0,1,1,1,0,0,0,1,"equal"
"690325-3165396",1,0,1,1,1,0,1,0,1,0,"equal"
"980125-3370625",0,0,0,0,1,0,1,1,1,1,"equal"
"620811-1772246",1,0,0,0,1,0,1,0,0,0,"equal"
"791214-3251379",1,1,0,1,1,0,1,1,1,0,"equal"
"691107-1179755",0,0,1,0,0,1,0,1,1,0,"equal"
"801024-3810063",1,0,1,1,0,1,1,0,1,0,"equal"
"950710-4108166",0,0,0,1,1,1,0,0,1,1,"equal"
"590122-4590449",1,0,0,0,0,0,1,1,0,0,"equal"
"990123-4751184",1,1,1,1,0,0,1,0,1,0,"equal"
"550215-1928952",1,1,1,0,0,0,1,0,1,0,"equal"
"750216-2889349",1,0,1,1,1,1,1,0,1,0,"equal"
"750610-3171956",0,1,1,1,0,0,0,0,1,0,"equal"
"500124-3909975",0,0,1,0,0,0,0,1,0,0,"equal"
"870827-2179428",0,1,0,0,1,1,1,1,0,1,"equal"
"501124-4304184",0,0,0,1,0,0,1,1,1,0,"equal"
"660719-1191262",0,1,1,1,1,1,1,1,0,1,"equal"
"570411-1798760",1,1,0,1,0,1,0,0,1,1,"equal"
"961221-3252683",0,0,0,1,1,0,0,0,1,1,"equal"
"961112-2653398",0,1,0,0,0,0,0,0,0,0,"equal"
"671221-3341433",1,1,1,1,0,0,0,1,0,0,"equal"
"761225-4885241",0,0,0,0,1,1,1,1,1,0,"equal"
"960924-3446481",1,1,1,0,0,1,0,1,1,1,"equal"
"850706-1288393",0,0,1,1,0,0,1,0,1,0,"equal"
"770221-1308206",1,0,0,1,1,1,1,0,0,1,"equal"
"790428-2855264",0,0,1,1,0,0,1,1,0,0,"equal"
"891014-4705484",0,1,0,0,1,0,1,1,1,0,"equal"
"931124-3927675",1,0,1,0,1,1,1,1,0,0,"equal"
"510117-1956301",1,0,1,0,1,0,1,0,1,1,"equal"
"860325-1964475",1,0,1,0,1,1,0,1,0,0,"equal"
"791207-3926310",1,1,1,0,1,0,1,1,1,1,"equal"
"990917-1075965",1,1,1,0,1,1,0,0,0,0,"equal"
"620910-2694572",1,0,1,0,1,0,1,0,1,0,"equal"
"710915-2994114",1,1,0,0,1,1,0,0,1,0,"equal"
"830227-3763899",1,0,1,0,0,1,0,1,1,0,"equal"
"610807-3447268",0,1,1,0,1,1,0,0,1,1,"equal"
"881110-3684043",1,0,1,1,0,1,1,0,0,0,"equal"
"660923-2982353",1,1,0,0,1,1,0,1,0,1,"equal"
"690916-3599806",1,1,1,0,0,0,0,1,0,0,"equal"
"830912-3833846",1,1,0,1,1,1,1,0,0,1,"equal"
"560821-3824234",0,0,1,1,1,0,1,0,1,1,"equal"
"680615-1598878",1,1,0,1,0,1,1,1,0,0,"equal"
"891109-3809802",1,0,0,1,0,0,1,0,0,0,"equal"
"950125-2616477",0,1,0,1,0,1,0,1,1,0,"equal"
"570509-3357240",1,0,0,1,0,0,0,0,1,1,"equal"
"740524-2163050",1,1,1,1,1,1,0,1,1,1,"equal"
"760915-3701000",0,1,0,0,0,1,1,0,1,1,"equal"
"520215-4503514",1,1,1,1,0,1,0,0,1,0,"equal"
"961221-3958564",0,1,0,1,0,1,1,1,0,0,"equal"
"950927-2376313",0,0,1,0,1,1,0,0,0,0,"equal"
"730408-4515282",1,1,0,1,1,0,1,1,1,0,"equal"
"920622-2210006",0,0,0,0,1,0,1,0,1,0,"equal"
"580510-2980991",0,1,1,1,1,1,1,1,1,0,"equal"
"870912-4333455",1,0,1,0,1,0,1,0,0,1,"equal"
"781021-2955514",1,0,0,0,0,1,1,1,1,0,"equal"
"840509-1665561",1,0,1,0,0,1,1,1,1,0,"equal"
"600720-1564409",1,1,0,1,0,0,1,1,1,1,"equal"
"620901-4707773",1,1,1,1,0,1,1,1,1,0,"equal"
"750826-4534908",1,0,0,0,0,1,1,1,1,0,"equal"
"711121-3029708",0,0,0,1,0,1,0,1,0,0,"equal"
"600727-1653501",0,0,1,0,1,0,0,0,1,1,"equal"
"541124-1603248",0,1,0,1,1,0,0,1,1,0,"equal"
"680701-3734976",1,0,1,0,1,0,1,1,1,0,"equal"
"711103-4966847",0,1,1,1,1,1,1,0,0,1,"equal"
"530321-1542834",1,0,1,0,0,1,0,1,0,0,"equal"
"621118-2780391",1,0,0,1,1,1,0,1,1,1,"equal"
"551227-1962658",1,1,1,1,1,1,1,1,0,0,"equal"
"880711-1258243",1,1,0,0,0,1,1,0,0,0,"equal"
"881123-1514611",0,0,0,1,1,0,1,1,1,1,"equal"
"950101-4308029",1,0,1,0,1,1,0,0,0,1,"equal"
"530303-3429360",1,0,0,0,0,0,1,0,0,0,"equal"
"590128-1203775",1,1,0,1,1,0,0,1,0,0,"equal"
"981013-3348571",0,1,0,1,1,1,1,0,1,0,"equal"
"631028-3388149",0,1,1,1,0,1,0,0,0,0,"equal"
"951206-2715915",1,1,0,0,1,1,1,1,0,1,"equal"
"521118-3305208",1,1,0,1,1,1,0,0,1,1,"equal"
"981123-2669575",0,0,0,1,1,1,0,1,1,1,"equal"
"860620-2310228",0,1,1,0,1,1,1,0,1,1,"equal"
"920522-2214003",0,0,0,1,1,0,1,1,1,0,"equal"
"580624-1457749",1,1,0,0,0,0,1,1,0,0,"equal"
"520927-3672540",1,0,0,0,1,1,1,0,0,1,"equal"
"740410-3222217",1,0,1,1,0,0,1,0,0,1,"equal"
"660609-2114165",1,0,1,1,1,0,0,1,0,1,"equal"
"591103-1673035",0,1,1,1,0,1,0,0,0,1,"equal"
"781002-4471806",0,0,1,1,0,0,1,1,0,0,"equal"
"990509-2355569",1,1,1,1,1,1,0,1,1,0,"equal"
"811021-1624378",1,0,0,0,0,0,1,1,1,1,"equal"
"541119-1516141",0,1,0,1,0,0,1,1,1,0,"equal"
"871223-4075627",0,0,0,1,1,0,1,0,1,0,"equal"
"621204-4309188",0,1,1,0,0,1,0,0,1,0,"equal"
"790328-1954238",0,0,0,0,0,1,1,0,1,1,"equal"
"860126-4760646",0,1,1,1,1,1,1,1,0,1,"equal"
"781001-4996048",1,1,0,1,1,0,0,0,0,1,"equal"
"760519-1248046",1,1,1,1,0,0,1,1,0,0,"equal"
"861204-4326946",0,1,1,0,1,0,0,0,1,1,"equal"
"980520-1852551",1,1,1,1,0,1,1,0,1,0,"equal"
"680418-1721442",0,0,0,0,0,1,1,0,0,1,"equal"
"640126-4895392",0,1,1,0,1,1,0,0,0,0,"equal"
"940318-3327305",0,0,0,1,0,1,0,1,0,0,"equal"
"520226-1036867",0,0,0,1,0,1,1,1,0,1,"equal"
"781006-1042438",0,0,1,1,1,1,1,1,0,1,"equal"
"520425-2007791",1,1,0,0,0,1,1,1,1,1,"equal"
"631220-1436054",0,1,1,1,0,1,0,1,0,1,"disease_code_miss"
"701205-3024271",1,0,0,0,0,0,0,0,0,1,"disease_code_miss"
"700913-1579048",1,1,1,1,1,0,0,1,0,0,"disease_code_miss"
"580822-2822220",1,1,0,1,1,0,1,0,0,0,"disease_code_miss"
"560710-3163219",0,0,1,0,0,1,1,0,0,0,"disease_code_miss"
"590324-2138440",0,1,1,1,0,1,0,0,0,1,"disease_code_miss"
"900315-3189719",0,0,0,1,0,1,1,1,0,0,"disease_code_miss"
"791206-2895911",1,1,0,0,1,1,1,0,1,0,"disease_code_miss"
"740413-2092647",1,1,0,0,0,0,1,1,0,0,"disease_code_miss"
"570227-4833878",1,1,0,1,1,0,1,1,1,1,"disease_code_miss"
"801011-1409056",0,0,1,1,0,1,1,0,0,1,"disease_code_miss"
"730211-1026052",1,1,1,0,1,1,1,1,0,0,"disease_code_miss"
"601117-1414323",0,1,1,0,1,0,0,1,1,0,"disease_code_miss"
"910308-1003129",1,0,0,0,0,0,1,0,0,1,"disease_code_miss"
"620918-2174390",0,1,0,0,0,0,0,1,1,0,"disease_code_miss"
"860307-1682537",1,1,0,0,1,1,1,1,0,1,"disease_code_miss"
"690924-3906397",0,1,0,1,0,1,1,0,1,0,"disease_code_miss"
"700911-4862067",0,0,1,1,1,1,0,1,0,0,"disease_code_miss"
"771202-1766600",1,0,0,0,1,1,1,0,1,1,"disease_code_miss"
"660215-3166559",1,1,1,1,0,1,0,1,1,0,"disease_code_miss"
"580612-4496034",0,1,1,1,1,0,1,1,0,1,"disease_code_miss"
"550518-1609847",0,1,1,0,1,1,1,1,1,1,"disease_code_miss"
"971101-3617706",1,1,0,1,0,0,1,1,0,1,"disease_code_miss"
"760920-3042328",1,1,1,0,1,0,0,0,0,0,"disease_code_miss"
"711208-4525994",0,1,1,0,1,0,0,0,0,1,"disease_code_miss"
"820915-1366164",1,1,1,0,0,1,1,0,1,1,"disease_code_miss"
"940907-1880359",0,0,0,0,1,1,0,0,1,1,"disease_code_miss"
"920926-2884031",1,0,0,1,0,1,0,0,0,0,"disease_code_miss"
"500109-4295667",1,0,0,0,0,0,1,1,1,1,"disease_code_miss"
"740104-2468859",1,0,0,1,0,0,0,1,1,1,"disease_code_miss"
"540701-3048466",0,1,0,0,1,1,1,0,1,0,"disease_code_miss"
"950906-2764325",1,1,0,1,1,1,0,1,1,0,"disease_code_miss"
"950909-2375894",1,1,0,1,0,0,0,1,0,0,"disease_code_miss"
"571118-3925667",0,0,1,0,0,0,0,1,1,1,"disease_code_miss"
"910502-4689941",1,1,0,1,0,0,0,0,0,1,"disease_code_miss"
"910916-1470288",0,0,0,1,0,1,1,1,0,1,"disease_code_miss"
"511008-4094299",0,0,1,0,1,1,0,1,1,1,"disease_code_miss"
"870618-3895486",0,0,0,1,1,1,1,1,0,1,"disease_code_miss"
"521118-4892478",1,0,1,1,1,0,0,1,0,0,"disease_code_miss"
"500913-1987798",0,0,0,1,1,1,1,0,1,1,"disease_code_miss"
"840309-3001040",1,0,0,1,1,0,1,0,1,0,"disease_code_miss"
"810303-4241565",0,1,1,1,0,1,0,1,1,0,"disease_code_miss"
"910303-4346191",1,1,1,1,1,0,1,1,1,0,"disease_code_miss"
"600624-2892799",0,0,0,1,1,0,1,0,0,0,"disease_code_miss"
"751215-3955771",0,0,0,0,1,1,0,0,0,0,"disease_code_miss"
"840305-2202201",0,0,0,0,1,0,0,0,1,0,"disease_code_miss"
"720627-4157617",0,0,1,0,0,0,1,1,0,1,"disease_code_miss"
"700514-2150435",0,1,1,1,0,0,1,0,0,1,"disease_code_miss"
"820518-4504997",1,0,1,1,1,1,0,0,0,1,"disease_code_miss"
"661004-2956290",1,0,1,0,0,0,0,1,0,0,"disease_code_miss"
"880901-2944764",0,1,0,0,1,0,0,1,0,1,"disease_code_miss"
"570505-3829234",1,1,1,1,1,1,1,0,1,0,"disease_code_miss"
"840420-1256610",1,0,0,0,0,1,1,0,1,1,"disease_code_miss"
"961015-3381309",0,1,1,1,1,0,1,1,0,0,"disease_code_miss"
"780411-2670064",1,1,1,1,0,0,1,1,0,1,"disease_code_miss"
"630512-1174286",0,1,0,0,1,0,0,1,1,0,"disease_code_miss"
"691217-4077280",0,1,1,0,1,0,0,0,1,1,"disease_code_miss"
"540615-4065233",0,1,1,0,0,1,0,1,1,0,"disease_code_miss"
"540908-4805494",1,1,1,1,0,1,1,1,0,0,"disease_code_miss"
"640118-4961155",1,1,0,0,0,1,1,1,0,1,"disease_code_miss"
"760115-2674506",0,0,0,1,0,1,0,0,0,0,"disease_code_miss"
"521114-4343796",1,1,0,0,1,0,0,0,0,1,"disease_code_miss"
"530525-4575339",0,1,1,0,1,0,0,1,1,1,"disease_code_miss"
"710724-4356640",1,0,1,0,1,1,1,1,0,0,"disease_code_miss"
"661112-2555811",0,0,0,1,0,1,0,1,0,1,"disease_code_miss"
"531227-2438210",1,0,1,1,0,0,0,1,1,1,"disease_code_miss"
"940510-1138592",1,1,0,0,1,0,0,1,1,0,"disease_code_miss"
"561125-2047790",0,0,1,0,1,0,0,1,1,0,"disease_code_miss"
"880626-1264759",0,0,1,0,0,1,1,0,1,0,"disease_code_miss"
"860802-1088541",0,0,0,1,0,1,0,0,1,0,"disease_code_miss"
"920813-1634531",1,0,0,1,1,0,1,1,0,1,"disease_code_miss"
"881110-4222595",1,0,0,1,1,1,0,0,0,1,"disease_code_miss"
"810219-4286373",0,0,1,1,1,1,0,1,0,1,"disease_code_miss"
"800319-4528329",1,1,0,1,1,0,1,0,1,1,"disease_code_miss"
"531101-1475324",1,0,0,0,1,0,0,1,0,1,"disease_code_miss"
"860201-2929888",0,1,1,0,0,0,1,0,0,1,"disease_code_miss"
"620806-1613522",1,1,1,1,0,1,0,1,0,1,"disease_code_miss"
"590110-2029102",0,1,0,1,1,0,0,1,1,0,"disease_code_miss"
"841110-2339633",1,1,0,1,1,0,1,1,0,0,"disease_code_miss"
"851213-4376543",1,1,0,1,0,0,0,1,0,0,"disease_code_miss"
"681023-3110796",0,1,0,0,0,0,0,1,1,1,"disease_code_miss"
"900411-1926424",1,1,0,1,0,0,0,1,0,0,"disease_code_miss"
"710313-3006806",1,1,0,1,1,1,0,1,0,0,"disease_code_miss"
"520518-4965697",1,0,0,0,1,1,1,1,0,0,"disease_code_miss"
"621128-3401305",1,0,0,1,1,0,0,1,0,1,"disease_code_miss"
"950101-4179710",1,1,0,0,0,0,1,0,0,1,"disease_code_miss"
"910405-1566095",0,0,1,1,0,1,1,0,0,0,"disease_code_miss"
"760713-1886397",1,0,1,0,1,0,1,1,1,0,"disease_code_miss"
"680428-4570937",0,1,0,0,1,1,0,1,0,1,"disease_code_miss"
"500310-3573100",1,1,1,1,1,0,0,0,1,1,"disease_code_miss"
"500716-1582352",1,0,0,0,1,0,1,0,1,0,"disease_code_miss"
"550228-2211228",0,1,0,1,1,0,0,0,0,1,"disease_code_miss"
"770701-1504942",0,1,0,0,0,1,1,0,1,0,"disease_code_miss"
"760913-4130485",0,0,0,0,0,0,1,1,0,1,"disease_code_miss"
"551115-4694636",0,1,1,1,1,0,0,1,0,0,"disease_code_miss"
"560916-3709665",0,1,0,1,1,1,1,1,1,1,"disease_code_miss"
"710701-4185571",1,0,0,1,0,1,1,0,0,0,"disease_code_miss"
"710101-1613094",1,0,1,0,1,1,1,1,1,1,"disease_code_miss"
"871203-2409619",0,1,0,0,1,1,0,1,0,0,"disease_code_miss"
"950804-4308132",1,1,0,1,0,0,1,1,1,0,"disease_code_miss"
"740308-4750570",0,0,1,1,0,1,0,0,0,0,"disease_code_miss"
"731017-3037739",0,1,1,0,1,0,1,0,0,1,"disease_code_miss"
"550128-3083597",1,0,0,1,0,0,0,1,0,0,"disease_code_miss"
"670419-4976720",1,1,0,0,0,1,1,0,0,1,"disease_code_miss"
"670412-1239062",0,1,0,0,1,1,0,0,1,1,"disease_code_miss"
"700528-1946240",0,1,1,0,0,0,1,1,0,1,"disease_code_miss"
"700303-4763371",1,1,0,1,1,1,1,1,0,0,"disease_code_miss"
"511207-1846792",0,0,1,1,0,0,0,0,1,0,"disease_code_miss"
"710422-3321227",1,1,1,1,1,0,0,1,1,1,"disease_code_miss"
"530108-3444458",0,0,1,1,1,0,0,1,0,0,"disease_code_miss"
"671013-4819491",0,0,0,1,1,0,0,0,0,0,"person_id_miss"
"970619-3782786",1,1,0,0,1,0,1,0,0,1,"person_id_miss"
"730425-4183277",1,1,0,1,1,1,1,0,0,1,"person_id_miss"
"730307-4064376",0,1,1,1,1,0,1,0,1,0,"person_id_miss"
"540403-4985471",1,0,0,0,1,0,0,1,0,1,"person_id_miss"
"510706-3561487",0,1,1,0,0,0,0,1,1,1,"person_id_miss"
"930502-3923882",1,0,1,1,0,0,0,0,0,1,"person_id_miss"
"790211-3313275",0,1,0,1,0,0,1,0,0,0,"person_id_miss"
"720522-1007485",1,1,0,0,1,1,0,1,1,0,"person_id_miss"
"700616-3756660",1,0,1,0,0,1,0,0,0,1,"person_id_miss"
"691119-3864125",1,1,1,1,1,0,1,0,1,1,"person_id_miss"
"840102-2954318",1,1,0,1,0,0,0,0,1,0,"person_id_miss"
"890726-2392053",0,1,0,1,1,0,0,1,1,0,"person_id_miss"
"570225-4590875",0,1,0,1,1,1,1,1,1,1,"person_id_miss"
"511213-2859243",1,1,1,1,1,0,0,0,1,0,"person_id_miss"
"620813-1915417",0,1,0,1,1,0,0,0,1,1,"person_id_miss"
"621114-1168281",0,0,1,1,1,1,1,1,1,0,"person_id_miss"
"500322-4861539",0,0,1,0,0,1,0,1,1,1,"person_id_miss"
"790706-1928843",1,0,0,1,1,1,0,0,1,0,"person_id_miss"
"780727-1376659",0,0,1,1,1,0,0,1,0,0,"person_id_miss"
"740201-3042454",1,0,0,0,0,0,0,1,1,1,"person_id_miss"
"931118-1473657",1,1,0,1,0,1,0,0,0,0,"person_id_miss"
"840414-3443138",0,1,0,0,0,1,0,1,0,1,"person_id_miss"
"631227-4895948",1,1,1,1,0,0,0,1,1,1,"person_id_miss"
"930513-4812780",0,1,0,0,0,1,0,1,1,0,"person_id_miss"
"740506-3236048",1,1,1,0,1,0,0,0,1,1,"person_id_miss"
"530918-1069854",0,0,1,0,0,0,1,0,1,1,"person_id_miss"
"610208-1452431",0,0,0,1,1,1,0,1,0,1,"person_id_miss"
"650628-1941551",0,1,0,1,0,1,0,0,0,0,"person_id_miss"
"971008-2179879",0,1,0,0,1,1,1,1,0,0,"person_id_miss"
"830205-4519439",1,0,0,0,1,1,1,1,0,1,"person_id_miss"
"961115-3630601",1,1,0,1,0,1,0,0,0,0,"person_id_miss"
"681113-2864525",0,1,0,0,1,0,0,0,0,0,"person_id_miss"
"531003-3271674",1,1,1,1,1,1,1,1,0,0,"person_id_miss"
"620826-3734196",0,1,0,1,0,1,0,1,0,1,"person_id_miss"
"790316-1075880",1,1,0,0,0,1,1,0,0,1,"person_id_miss"
"870216-4356037",0,0,1,1,0,0,1,1,1,0,"person_id_miss"
"681228-2140356",1,0,1,1,0,1,0,1,0,1,"person_id_miss"
"560704-4429400",0,0,1,0,0,1,1,1,0,1,"person_id_miss"
"781202-3715218",0,1,0,1,1,1,0,1,1,1,"person_id_miss"
"700823-2294217",0,0,0,0,1,1,1,0,1,1,"person_id_miss"
"511218-1970447",1,1,1,0,1,0,0,1,0,0,"person_id_miss"
"980828-2392872",1,0,1,1,0,0,1,0,0,0,"person_id_miss"
"991101-2346038",1,0,0,0,0,0,0,1,0,1,"person_id_miss"
"700814-2496769",1,0,1,1,0,0,0,0,0,1,"person_id_miss"
"700404-3867386",0,1,0,0,0,1,1,0,0,1,"person_id_miss"
"890820-3630095",1,1,0,0,1,1,0,0,1,1,"person_id_miss"
"970502-1849249",1,1,1,1,0,0,0,0,0,1,"person_id_miss"
"560826-3601722",0,0,0,0,0,0,1,1,1,1,"person_id_miss"
"560527-2333272",0,0,1,1,1,0,0,0,1,0,"person_id_miss"
"740222-4203340",1,0,0,0,0,1,0,1,0,1,"person_id_miss"
"550312-1523939",0,0,0,1,1,1,1,0,0,0,"person_id_miss"
"990808-4541688",0,1,0,1,0,1,0,1,1,1,"person_id_miss"
"860416-1600509",1,1,0,1,1,0,0,1,1,0,"person_id_miss"
"960118-1001625",1,0,1,0,0,1,1,1,0,0,"person_id_miss"
"660711-2490044",1,0,0,0,1,0,0,0,0,0,"person_id_miss"
"690822-3310980",0,1,0,1,0,0,1,1,0,0,"person_id_miss"
"770305-1504994",1,1,1,1,1,1,0,1,1,0,"person_id_miss"
"630619-2919051",0,1,0,0,1,0,0,0,0,1,"person_id_miss"
"790526-2323256",1,0,1,1,0,0,0,0,1,0,"person_id_miss"
"720806-1717729",0,1,0,1,0,1,1,0,1,1,"person_id_miss"
"990324-2062329",0,1,1,0,1,1,1,0,1,0,"person_id_miss"
"911020-2240515",0,1,0,1,1,0,1,1,0,0,"person_id_miss"
"580221-4798067",1,1,1,0,0,0,1,0,0,0,"person_id_miss"
"600820-2730615",0,0,1,0,0,0,1,1,1,0,"person_id_miss"
"680515-2179858",1,0,0,1,0,1,0,1,0,1,"person_id_miss"
"960726-4788707",1,0,0,0,1,0,0,0,1,0,"person_id_miss"
"800427-2913078",0,0,0,1,1,1,1,0,1,1,"person_id_miss"
"760426-1448109",0,0,1,0,0,1,0,0,0,1,"person_id_miss"
"680406-1881909",1,1,1,1,0,1,0,0,1,1,"person_id_miss"
"641202-4266591",1,0,0,1,0,0,0,1,0,0,"person_id_miss"
"530227-4820054",1,1,0,0,1,1,1,0,1,0,"person_id_miss"
"920901-2573862",0,1,0,1,1,1,0,0,1,1,"person_id_miss"
"620123-1198699",1,0,0,0,0,1,0,1,1,1,"person_id_miss"
"620502-2441792",1,0,1,1,1,0,0,0,1,1,"person_id_miss"
"530906-4504959",1,1,1,0,0,1,1,0,1,1,"person_id_miss"
"711209-3644060",1,0,0,1,1,1,1,1,0,0,"person_id_miss"
"531207-3462000",1,1,0,0,0,1,1,0,0,1,"person_id_miss"
"941211-1280792",1,0,1,1,0,1,1,0,0,0,"person_id_miss"
"870515-4326706",0,1,0,0,1,1,1,0,1,1,"person_id_miss"
"621223-3962636",1,0,1,1,1,1,0,0,0,1,"person_id_miss"
"770220-2037419",0,0,0,0,1,1,1,0,0,0,"person_id_miss"
"990424-1193856",1,1,0,1,0,0,1,0,1,0,"person_id_miss"
"620921-3393785",0,1,1,0,1,0,1,1,1,0,"person_id_miss"
"660521-4645463",0,1,1,0,1,0,1,1,0,1,"person_id_miss"
"630702-4785019",0,0,1,0,0,1,0,0,0,0,"person_id_miss"
"960723-2615694",0,1,0,1,1,1,1,1,0,0,"person_id_miss"
"881114-2101009",1,1,1,0,0,0,0,0,0,0,"person_id_miss"
"500611-2429548",0,1,0,0,0,0,0,1,1,1,"person_id_miss"
"670203-4261877",1,0,1,1,1,0,1,0,0,0,"person_id_miss"
"800801-3345276",1,1,1,1,1,0,1,0,1,0,"person_id_miss"
"870804-4206630",1,1,1,0,1,0,1,1,0,1,"person_id_miss"
"970314-1641575",1,0,1,1,1,1,1,1,0,1,"person_id_miss"
"740904-4905035",0,0,0,0,1,1,1,0,1,1,"person_id_miss"
"980505-2551742",1,0,0,0,0,0,1,0,1,1,"person_id_miss"
"640118-4699047",1,0,1,0,0,1,0,0,1,0,"person_id_miss"
"661214-4807322",0,0,0,1,0,0,0,1,0,0,"person_id_miss"
"740626-1733487",1,1,0,0,0,1,1,0,1,0,"person_id_miss"
"750418-3098966",0,0,0,0,1,1,1,0,0,0,"person_id_miss"
"971205-4413940",1,1,0,1,1,1,1,1,0,1,"person_id_miss"
"611008-3295486",0,0,0,0,0,0,0,0,1,1,"person_id_miss"
"681213-4645059",0,0,1,1,0,1,1,1,0,0,"person_id_miss"
"731124-3075013",0,0,0,0,1,0,0,0,1,1,"person_id_miss"
"910411-2845293",0,1,1,0,1,0,0,1,0,1,"person_id_miss"
"620605-3981527",1,1,0,0,0,0,0,1,0,1,"person_id_miss"
"880422-2460045",0,0,0,1,1,0,0,0,0,0,"person_id_miss"
"900420-4587220",1,0,1,1,0,1,0,1,1,0,"person_id_miss"
"810118-3663427",0,1,1,0,1,1,1,0,0,0,"person_id_miss"
"910516-4652288",1,1,0,0,1,1,0,1,0,1,"person_id_miss"
"810523-2021940",0,1,0,1,0,1,0,0,1,1,"person_id_miss"
"920915-1011020",1,1,0,1,0,1,1,1,1,0,"person_id_miss"
