"personal_id","Disease_1","Disease_2","Disease_3","Disease_4","Disease_5","Disease_6","Disease_7","Disease_8","Disease_9","Disease_10","Status"
"920624-2447527",1,0,0,0,1,1,0,0,0,1,"equal"
"971018-2067548",0,1,0,0,0,1,1,1,1,0,"equal"
"960706-4863155",1,0,0,1,1,1,0,0,0,0,"equal"
"671119-2904658",1,0,0,0,0,1,0,0,0,1,"equal"
"880513-1816585",0,1,1,0,1,1,1,1,0,0,"equal"
"580415-4035238",1,0,0,1,1,0,0,0,0,0,"equal"
"700123-4815672",1,1,0,1,0,0,0,0,0,1,"equal"
"740105-1990285",1,1,1,1,1,0,0,1,1,0,"equal"
"520808-3374073",1,0,0,1,0,1,0,0,0,1,"equal"
"561006-2666385",0,1,1,0,0,1,0,1,1,0,"equal"
"761104-3807226",0,0,0,1,0,0,0,0,1,0,"equal"
"761119-2786181",1,0,0,1,1,0,0,0,0,1,"equal"
"921126-1741860",0,0,1,1,1,1,0,1,0,1,"equal"
"850821-3270020",0,1,1,0,1,0,1,0,1,1,"equal"
"560522-1173941",0,1,0,0,1,1,0,1,0,1,"equal"
"660613-4889741",1,1,1,0,1,1,1,1,0,0,"equal"
"610506-4953554",1,1,0,1,0,0,0,0,0,1,"equal"
"931128-1014603",0,1,1,1,0,0,1,1,0,0,"equal"
"970713-3159492",0,0,1,0,1,1,1,1,0,0,"equal"
"651218-3708880",1,1,1,1,0,1,0,1,0,1,"equal"
"841205-3496715",1,0,1,0,1,1,1,0,0,1,"equal"
"550911-3238661",1,0,0,0,1,1,1,0,1,1,"equal"
"720807-1405747",0,1,1,0,0,0,0,0,1,1,"equal"
"680809-2767587",0,1,1,1,1,0,0,0,0,1,"equal"
"640901-3760971",0,0,0,1,1,1,1,0,0,0,"equal"
"900520-3677161",1,1,1,0,0,0,1,1,0,1,"equal"
"941214-1944719",0,1,0,0,0,0,1,0,0,0,"equal"
"840226-1088659",1,1,0,1,0,1,0,1,1,0,"equal"
"980823-3606892",1,1,0,0,0,0,0,1,0,1,"equal"
"561215-2544835",0,0,1,1,0,1,1,0,0,0,"equal"
"670917-4197222",0,1,1,0,1,0,0,0,0,0,"equal"
"991203-2658909",0,1,0,1,1,1,0,0,0,1,"equal"
"640721-4480831",0,1,0,0,1,1,0,1,0,0,"equal"
"850220-2149188",0,0,0,0,1,1,0,0,0,1,"equal"
"910326-1436132",1,0,1,0,1,0,0,1,0,1,"equal"
"801115-4463347",0,0,1,1,0,0,0,1,0,1,"equal"
"720919-1247953",0,0,1,0,1,0,1,1,1,1,"equal"
"880613-1066522",0,0,0,0,0,0,0,0,0,1,"equal"
"970222-2893033",0,0,0,1,1,1,1,0,0,0,"equal"
"910220-1596536",1,1,1,0,0,1,0,0,0,0,"equal"
"951026-2730101",0,0,1,1,1,0,1,1,0,1,"equal"
"990608-2644192",1,0,0,1,1,1,0,0,1,1,"equal"
"981013-3870504",0,0,1,1,1,0,1,0,0,1,"equal"
"960503-2911903",1,0,0,0,0,1,0,0,0,1,"equal"
"911015-4178144",0,1,1,1,1,1,1,1,1,1,"equal"
"590610-3125523",1,1,1,0,1,0,1,0,0,1,"equal"
"730717-2321870",1,0,0,0,1,1,0,0,1,1,"equal"
"860318-3474321",1,0,1,0,1,0,0,1,0,1,"equal"
"890121-4379123",0,0,1,0,0,0,1,1,1,0,"equal"
"640619-1653806",1,1,0,1,0,1,1,0,1,1,"equal"
"611107-3220881",0,0,1,1,0,0,0,1,1,1,"equal"
"850810-2445819",1,1,0,0,1,0,0,0,1,1,"equal"
"920509-1850101",1,0,0,1,0,0,0,1,0,0,"equal"
"900625-2388113",1,1,0,0,1,1,0,0,0,1,"equal"
"980926-4111340",0,1,0,1,1,1,0,0,0,0,"equal"
"570914-1491637",1,0,1,0,0,1,0,0,0,1,"equal"
"610421-1043475",1,0,0,1,1,0,0,1,1,1,"equal"
"860222-2369960",0,0,1,1,1,0,0,0,1,1,"equal"
"951102-2846746",0,1,1,1,0,0,1,0,0,1,"equal"
"830803-1443664",1,1,0,1,0,1,1,1,1,0,"equal"
"560604-2740752",0,0,1,0,0,1,1,1,1,0,"equal"
"530905-2077666",0,1,1,1,1,0,0,1,1,0,"equal"
"721025-2167141",0,0,1,0,0,1,0,1,1,0,"equal"
"820117-2868498",1,0,1,0,0,1,0,1,1,0,"equal"
"910712-1017552",0,0,1,1,1,1,0,1,1,1,"equal"
"800425-2707375",0,0,0,1,1,1,1,1,0,1,"equal"
"600128-1133490",1,0,1,0,1,0,0,1,1,0,"equal"
"930508-4854939",1,0,0,1,1,0,1,0,1,1,"equal"
"941012-1071761",1,0,0,0,1,1,0,0,1,1,"equal"
"801101-4892811",0,0,1,0,0,1,1,0,1,0,"equal"
"780815-1540785",1,1,1,1,0,1,0,1,1,0,"equal"
"511104-2206584",0,0,0,0,0,1,0,0,1,1,"equal"
"820805-3801723",0,1,1,0,1,0,0,1,1,1,"equal"
"560310-4665249",1,1,1,1,0,0,1,1,0,1,"equal"
"590114-4322201",0,0,0,1,0,1,0,1,0,1,"equal"
"831221-4416856",0,1,0,0,0,0,0,0,0,0,"equal"
"660626-1008871",0,1,0,1,0,0,1,0,1,0,"equal"
"800701-3124919",1,0,1,1,1,0,1,1,0,1,"equal"
"521115-1918962",1,1,1,0,1,0,1,1,1,1,"equal"
"541022-1498204",0,0,1,0,1,1,0,1,0,0,"equal"
"550621-4960659",0,1,1,1,0,0,0,0,1,1,"equal"
"840514-3728994",0,0,1,1,0,0,0,1,1,0,"equal"
"860628-2376179",0,1,1,1,0,1,1,0,0,1,"equal"
"540623-2181008",0,0,1,1,0,0,0,0,0,1,"equal"
"990302-4375020",0,0,1,0,1,1,1,1,0,0,"equal"
"690927-2639994",1,0,0,0,1,1,0,1,0,1,"equal"
"960717-3265189",1,1,1,1,0,1,0,1,1,1,"equal"
"810828-2916497",1,0,0,1,1,1,1,1,1,0,"equal"
"720509-3064471",1,1,0,1,1,1,1,0,0,0,"equal"
"670823-1504071",1,0,1,0,0,1,0,1,1,1,"equal"
"911019-2182233",1,1,0,0,0,0,1,1,0,1,"equal"
"850408-1250107",1,0,1,1,0,1,1,0,1,1,"equal"
"870509-1365190",0,1,0,1,1,0,0,0,1,1,"equal"
"641027-3275050",0,1,1,0,1,0,0,0,1,1,"equal"
"880306-1887612",0,0,1,1,1,0,1,1,1,1,"equal"
"890310-4499784",0,1,1,1,0,1,1,0,0,1,"equal"
"501110-1856771",1,0,1,1,1,0,1,0,0,1,"equal"
"901126-1758180",1,1,1,1,0,0,0,1,1,0,"equal"
"610815-1295240",1,1,1,0,0,1,1,0,0,1,"equal"
"840712-2799266",0,0,0,0,0,0,1,0,0,0,"equal"
"741005-3672828",0,1,1,0,1,1,1,1,1,1,"equal"
"510508-2015652",1,1,1,1,0,0,0,1,0,0,"equal"
"900703-1561132",0,1,0,0,1,1,0,1,1,1,"equal"
"910705-4292181",0,1,1,1,0,0,1,0,0,1,"equal"
"660409-3106798",1,0,1,0,0,0,1,1,1,1,"equal"
"550408-2122932",1,0,1,1,1,1,1,0,0,0,"equal"
"700927-4245403",0,1,1,1,0,1,1,1,0,0,"equal"
"520518-3780325",0,1,1,0,0,1,0,1,1,1,"equal"
"570202-2350563",0,0,1,1,1,1,1,0,0,1,"equal"
"751023-2588295",1,0,0,1,0,1,0,1,1,1,"equal"
"790510-3169041",1,0,1,0,0,0,1,0,1,0,"equal"
"820720-4996648",0,1,0,0,0,1,0,0,0,1,"equal"
"891112-2052472",0,0,0,1,0,0,1,0,1,0,"equal"
"600716-2364268",0,0,1,1,1,0,1,0,0,0,"equal"
"800115-4427562",1,0,0,1,1,1,1,0,0,1,"equal"
"791224-1853397",1,0,0,0,0,0,0,1,1,0,"equal"
"930303-3182344",0,1,0,0,0,1,1,0,0,0,"equal"
"660506-4716248",1,1,0,0,1,0,1,1,1,1,"equal"
"560701-2158322",0,0,1,0,0,0,1,1,0,0,"equal"
"611213-4419395",1,0,0,1,0,1,0,0,1,1,"equal"
"621213-3789051",0,1,1,1,1,0,1,0,1,1,"equal"
"531221-2400612",1,0,1,1,1,0,0,1,1,0,"equal"
"590311-4781143",1,0,0,1,1,1,0,1,0,0,"equal"
"671019-4427627",1,1,0,1,0,1,1,1,1,1,"equal"
"601219-2444747",0,1,1,0,1,0,1,1,1,0,"equal"
"720725-1776525",1,0,0,1,0,0,0,0,0,1,"equal"
"770806-4169902",0,1,1,0,1,0,1,0,0,0,"equal"
"970522-3332706",1,1,1,1,0,0,0,1,0,1,"equal"
"540225-3067523",0,1,0,1,0,0,1,1,0,0,"equal"
"690128-2698571",1,0,0,0,0,1,0,0,0,0,"equal"
"960514-2817197",0,1,1,0,1,1,0,0,1,1,"equal"
"981204-1182167",0,0,1,0,0,1,0,1,1,1,"equal"
"550224-4083606",0,0,1,1,1,0,1,1,1,1,"equal"
"950404-3993279",1,1,1,1,0,1,1,0,0,1,"equal"
"761018-2529210",1,1,0,0,1,0,1,0,1,0,"equal"
"660322-4279182",1,1,0,0,1,0,1,0,1,1,"equal"
"521006-4626642",0,0,1,1,1,0,0,0,1,0,"equal"
"840524-2091855",1,1,1,0,1,0,0,0,0,1,"equal"
"920619-1995903",1,0,0,0,1,0,1,0,0,0,"equal"
"680717-1274870",0,1,0,0,1,0,1,1,1,1,"equal"
"531105-1947205",0,1,0,1,0,1,1,1,0,1,"equal"
"750824-1599572",0,1,0,0,0,0,1,0,0,1,"equal"
"600709-3674872",1,1,0,1,1,0,0,1,0,1,"equal"
"530116-4403522",0,1,1,0,1,0,0,1,0,1,"equal"
"930101-4628970",1,1,1,1,0,1,1,0,0,1,"equal"
"720504-4205239",0,0,0,0,1,1,0,1,1,0,"equal"
"720527-4927227",1,1,1,1,1,0,1,0,0,0,"equal"
"510428-4010038",0,0,1,1,0,0,0,1,0,0,"equal"
"720801-3914543",0,1,1,0,1,0,1,1,1,0,"equal"
"680414-1337189",0,1,0,0,0,0,0,0,1,0,"equal"
"610112-2296872",0,1,1,0,0,0,1,1,1,1,"equal"
"520717-3411431",1,0,1,1,0,0,0,1,1,0,"equal"
"731219-2147519",1,0,0,1,0,1,1,1,0,0,"equal"
"700427-2396605",1,1,0,1,1,1,1,0,1,0,"equal"
"690407-4570085",1,1,1,1,0,1,0,0,1,1,"equal"
"610106-2766216",1,0,0,0,1,0,1,0,1,0,"equal"
"500903-3031078",1,1,0,0,1,0,1,1,0,0,"equal"
"920513-4179721",1,1,1,1,1,0,0,1,1,1,"equal"
"701108-4367848",1,1,1,1,1,0,0,0,0,0,"equal"
"841220-2139776",1,1,1,1,1,1,0,1,1,1,"equal"
"661023-4929884",1,1,1,1,1,1,0,1,0,0,"equal"
"741005-1564933",1,0,0,0,0,0,0,1,0,0,"equal"
"890609-3267813",1,1,1,1,0,0,1,1,0,0,"equal"
"700628-2167809",1,0,0,0,0,0,0,0,0,0,"equal"
"810420-4928647",0,1,1,0,1,0,0,0,1,0,"equal"
"800113-4873566",1,1,0,1,0,0,0,0,0,1,"equal"
"660324-2322757",1,1,1,0,1,0,0,1,1,0,"equal"
"700714-3063417",0,1,0,1,0,0,0,0,0,0,"equal"
"961008-3020042",0,0,0,1,0,0,1,0,1,1,"equal"
"540327-1387790",0,0,1,0,1,0,1,1,1,0,"equal"
"610827-4863171",1,1,0,0,1,0,1,0,1,0,"equal"
"851127-4063317",0,0,0,0,0,1,1,1,1,0,"equal"
"781110-1636569",1,0,0,1,1,0,1,1,1,0,"equal"
"970328-3708353",1,1,1,0,1,0,0,1,0,1,"equal"
"540402-3692600",1,0,0,0,0,1,0,0,1,0,"equal"
"600716-1839907",0,1,1,0,0,1,1,1,1,0,"equal"
"940524-2585832",0,0,1,1,0,0,0,0,1,1,"equal"
"671224-2097459",1,0,1,1,1,1,1,1,1,1,"equal"
"600923-4571378",0,1,1,0,0,1,1,1,0,0,"equal"
"850111-2758188",1,1,0,0,1,0,1,1,1,0,"equal"
"730612-4062654",0,0,1,1,0,0,0,0,0,1,"equal"
"530317-1032216",0,0,0,0,1,1,0,0,0,0,"equal"
"710815-3995258",1,0,0,1,1,1,1,0,1,0,"equal"
"931128-1886144",1,0,0,0,0,1,1,0,0,0,"equal"
"780524-1372622",1,1,1,0,0,1,0,1,0,0,"equal"
"641025-3852623",0,1,0,0,1,1,1,0,1,1,"equal"
"800822-4046529",0,1,1,1,1,0,1,1,1,1,"equal"
"750205-4437162",0,0,1,0,1,1,1,1,1,0,"equal"
"940609-2266576",0,1,0,1,1,1,1,0,0,1,"equal"
"731217-2572836",0,0,0,1,1,1,1,1,0,1,"equal"
"691013-4743976",0,1,0,1,1,1,1,1,1,1,"equal"
"590909-1624096",0,0,1,0,0,0,0,0,1,0,"equal"
"601025-2515611",0,0,0,1,1,1,0,0,0,0,"equal"
"891026-1101264",0,0,0,1,1,1,0,1,0,0,"equal"
"960823-1219018",0,1,0,1,1,1,0,0,1,0,"equal"
"540513-2252994",1,1,0,1,1,1,0,1,1,0,"equal"
"541117-2698647",0,0,1,1,1,0,0,1,1,0,"equal"
"990802-1351757",1,1,1,1,1,0,1,1,1,1,"equal"
"870113-2019851",0,1,0,1,1,0,0,1,0,1,"equal"
"670904-4822808",1,1,1,1,0,0,0,1,0,1,"equal"
"700221-2743542",0,1,0,1,0,1,0,0,1,0,"equal"
"521226-2820972",0,0,1,1,1,1,0,0,0,0,"equal"
"711106-1517461",0,0,0,0,1,0,0,1,0,0,"equal"
"980722-2581693",0,1,0,1,0,1,1,0,0,1,"equal"
"740825-3061152",1,0,0,0,1,1,0,0,1,1,"equal"
"710723-4536919",1,1,1,0,1,0,0,1,0,1,"equal"
"611021-2466020",1,0,0,1,0,0,1,0,1,0,"equal"
"960907-2050449",0,1,1,0,0,0,0,0,0,1,"equal"
"510618-3934085",1,1,0,0,0,0,0,1,0,0,"equal"
"750625-2011859",0,0,0,0,0,0,1,1,1,0,"equal"
"611217-2439849",0,0,1,1,1,1,0,0,0,0,"equal"
"881117-4052213",1,1,0,1,1,0,0,0,0,0,"equal"
"640503-1211988",0,0,1,1,1,1,1,1,1,0,"equal"
"820517-1868996",1,1,0,0,0,1,0,0,1,0,"equal"
"650206-4366550",1,1,0,1,1,1,0,0,1,0,"equal"
"730819-2205310",0,0,1,0,0,0,0,0,0,0,"equal"
"631114-4015754",0,1,1,1,1,0,0,0,0,1,"equal"
"810618-3229341",0,0,1,0,0,1,1,1,0,1,"equal"
"761104-4297767",1,1,1,0,0,0,1,0,0,0,"equal"
"540519-1012568",0,0,1,1,0,0,0,0,1,0,"equal"
"540422-2643692",1,0,0,0,0,1,1,0,1,0,"equal"
"880525-2654755",1,0,1,0,0,0,1,0,0,1,"equal"
"680128-1217100",1,1,0,0,0,0,0,1,1,0,"equal"
"880112-2078013",0,1,1,0,1,0,0,1,0,1,"equal"
"520906-2200762",1,1,1,1,1,1,0,1,0,1,"equal"
"691105-3519050",1,1,1,1,0,0,1,0,1,0,"equal"
"660407-3505041",0,1,0,0,0,1,0,0,0,0,"equal"
"910622-2296141",0,1,0,0,0,1,1,1,1,0,"equal"
"681207-3708941",1,0,1,0,0,0,0,0,0,1,"equal"
"660423-1997143",1,1,0,1,1,1,0,0,1,0,"equal"
"740617-2344541",1,0,0,1,0,0,1,1,0,1,"equal"
"891024-4704411",0,0,0,1,0,1,1,0,1,1,"equal"
"620310-3083769",0,1,0,0,0,1,0,0,1,1,"equal"
"520408-1779976",1,0,1,1,0,1,1,1,0,1,"equal"
"730424-4281994",0,1,0,0,0,0,1,0,1,1,"equal"
"790514-3939437",1,0,0,1,0,1,1,0,0,1,"equal"
"950910-4555243",1,0,1,1,0,0,0,1,1,1,"equal"
"630906-2117356",1,0,1,1,1,1,0,0,0,1,"equal"
"700512-1994473",0,1,0,1,0,0,0,1,0,1,"equal"
"970409-3814063",1,1,0,1,0,1,1,1,0,1,"equal"
"950622-1822854",1,0,1,1,0,0,1,0,0,0,"equal"
"820509-4944581",0,0,1,0,0,0,0,0,1,0,"equal"
"710210-1528522",1,1,0,0,0,0,0,1,0,0,"equal"
"530628-2779101",1,0,0,1,1,1,1,0,1,1,"equal"
"831015-2828091",0,0,0,1,1,1,1,0,0,0,"equal"
"720925-1035188",0,0,1,0,1,0,0,1,0,1,"equal"
"621116-2084393",0,0,1,0,1,1,1,0,1,1,"equal"
"631123-2467356",1,1,0,1,1,0,0,1,1,0,"equal"
"690104-2519861",0,0,0,1,1,1,1,0,0,1,"equal"
"520906-1911086",0,0,0,0,0,0,0,0,0,0,"equal"
"980712-4280055",0,1,0,1,0,1,0,0,1,0,"equal"
"940815-3984803",0,1,0,1,0,0,1,1,1,1,"equal"
"961010-4838961",1,0,0,0,1,1,0,1,1,0,"equal"
"950212-4485336",1,0,0,0,0,1,1,1,0,1,"equal"
"650526-2253820",0,0,1,1,0,0,0,0,0,1,"equal"
"900204-1768782",1,0,0,0,0,1,1,0,1,0,"equal"
"530426-4756706",1,1,1,0,0,1,1,1,0,0,"equal"
"800526-4329810",1,0,0,0,0,0,1,0,1,0,"equal"
"880527-2942150",1,1,0,0,0,0,1,0,0,1,"equal"
"810508-2960415",0,1,1,1,1,1,0,0,1,0,"equal"
"961016-1959589",1,1,1,1,1,0,1,0,1,1,"equal"
"970919-4284527",1,1,0,1,0,1,1,1,0,1,"equal"
"601207-2025877",1,0,1,1,0,0,1,1,0,0,"equal"
"620314-4483305",0,1,1,0,1,1,1,1,0,1,"equal"
"881201-2158333",1,0,0,0,0,0,0,1,1,0,"equal"
"680101-4750436",1,0,0,0,1,1,1,1,0,0,"equal"
"550703-2453932",0,0,0,0,1,0,1,0,0,1,"equal"
"860714-1925858",1,0,0,0,0,0,1,0,1,1,"equal"
"830512-3182905",1,0,1,0,1,0,1,1,0,0,"equal"
"980302-3588632",1,0,0,0,0,0,0,0,0,0,"equal"
"631014-4866461",1,0,1,0,0,0,1,1,1,1,"equal"
"740306-4254665",0,1,1,0,0,1,1,1,1,1,"equal"
"901211-2582059",1,0,1,1,1,1,1,0,1,0,"equal"
"930509-1827608",0,0,0,0,0,1,1,0,1,1,"equal"
"940126-4837531",1,0,1,1,0,0,0,1,0,1,"equal"
"641123-2782478",0,0,1,1,1,1,0,1,0,1,"equal"
"790310-2634897",0,1,0,0,0,1,0,0,0,1,"equal"
"930524-2264957",1,0,1,1,1,0,0,0,0,0,"equal"
"580209-2489583",1,1,1,1,1,1,0,0,1,0,"equal"
"680520-1095785",0,1,1,0,0,0,1,0,0,1,"equal"
"930613-1626827",1,1,1,0,0,1,1,0,0,1,"equal"
"690607-3247620",0,1,1,0,0,1,0,1,0,1,"equal"
"561210-2066350",0,1,0,0,1,1,1,1,1,0,"equal"
"610217-3829776",1,1,0,0,1,0,1,0,0,1,"equal"
"940312-2217242",1,1,0,1,0,0,0,1,1,0,"equal"
"520708-2785586",0,0,1,1,1,0,1,1,1,1,"equal"
"900116-4768088",1,1,0,0,1,1,1,0,1,0,"equal"
"570202-2192591",0,1,0,1,1,1,1,0,1,1,"equal"
"751116-1149094",1,0,1,0,0,0,0,0,0,0,"equal"
"950118-2640299",1,0,1,1,0,0,1,1,0,0,"equal"
"800912-3795657",1,0,1,0,0,0,1,0,1,1,"equal"
"790620-2585000",1,0,1,0,0,1,1,0,1,0,"equal"
"821107-4641653",0,1,1,0,0,0,0,0,1,1,"equal"
"740311-3839175",1,1,0,0,0,1,0,0,0,0,"equal"
"941020-4234571",1,1,1,0,0,1,1,0,1,0,"equal"
"750626-2356467",1,0,0,0,1,0,0,1,1,0,"equal"
"990817-3933130",0,0,0,1,0,1,0,1,1,0,"equal"
"521019-2007058",0,0,0,1,0,1,0,1,1,0,"equal"
"771107-4933024",0,0,0,1,1,1,1,0,1,0,"equal"
"671102-2439901",1,1,0,1,1,0,0,0,0,1,"equal"
"700804-4460048",1,1,0,0,0,0,1,0,0,1,"equal"
"750224-1616441",1,0,0,1,0,0,1,0,1,0,"equal"
"710411-3045919",1,0,1,0,0,1,1,0,1,1,"equal"
"890914-4524129",1,1,1,0,1,0,1,1,0,0,"equal"
"570403-2315389",0,1,1,0,1,0,1,0,0,1,"equal"
"500919-2886445",0,1,1,1,1,0,1,1,1,0,"equal"
"980425-1913790",0,0,0,1,0,1,0,0,0,0,"equal"
"750914-2525062",1,0,0,1,0,0,0,0,1,0,"equal"
"581003-3843985",1,0,1,0,0,1,1,1,1,0,"equal"
"910220-1355006",0,1,1,1,1,1,0,0,0,1,"equal"
"681102-3147371",0,0,1,1,0,1,1,0,1,0,"equal"
"730321-2457243",1,1,0,0,0,0,0,1,0,1,"equal"
"960814-3940121",1,0,0,1,1,0,1,0,0,1,"equal"
"671219-4933776",1,1,0,0,1,1,1,0,0,1,"equal"
"610203-1735707",1,0,0,0,0,0,1,1,1,1,"equal"
"870117-1252298",0,1,1,0,1,1,0,0,1,0,"equal"
"550428-2424130",0,1,1,0,0,1,1,0,0,1,"equal"
"520304-2712924",1,1,0,1,0,0,0,1,0,1,"equal"
"840102-3214786",1,1,1,0,1,0,1,0,1,0,"equal"
"790828-3548513",0,1,1,0,1,1,0,1,1,0,"equal"
"800916-4250895",1,1,1,1,0,1,1,1,0,0,"equal"
"910510-4263261",1,1,1,0,1,0,1,1,0,0,"equal"
"880710-1129567",0,0,0,0,1,0,0,1,0,1,"equal"
"631223-4743593",1,0,1,0,0,1,0,1,0,1,"equal"
"620221-1327660",1,0,1,0,0,0,1,0,1,0,"equal"
"551115-4466165",0,1,1,1,1,0,0,1,1,1,"equal"
"800216-3604623",0,0,1,1,1,0,0,0,0,0,"equal"
"960427-4562986",1,1,0,1,0,0,1,0,0,0,"equal"
"750304-4144562",0,0,1,1,1,0,0,1,1,0,"equal"
"501217-3668730",1,0,1,0,0,1,0,0,0,1,"equal"
"760211-2280671",1,1,0,0,0,0,1,0,1,0,"equal"
"750401-3418877",1,0,0,1,0,1,1,0,1,1,"equal"
"680816-4722596",1,0,0,1,1,1,0,1,1,0,"equal"
"830610-2607440",0,0,1,1,0,1,1,0,1,0,"equal"
"770422-1268903",1,1,1,1,1,0,1,1,0,0,"equal"
"891026-3058272",1,1,0,0,0,1,1,0,1,1,"equal"
"960204-2416652",0,1,1,1,1,0,0,0,0,1,"equal"
"960812-2608001",1,1,1,0,0,0,0,1,0,1,"equal"
"500227-2011699",0,0,1,0,0,1,0,1,1,1,"equal"
"530114-3448065",1,0,0,0,0,1,1,0,0,0,"equal"
"511123-2123025",0,1,1,0,1,1,0,0,0,0,"equal"
"961203-3535514",1,0,0,1,1,0,0,1,1,1,"equal"
"900501-2836022",0,0,0,1,1,0,0,1,0,1,"equal"
"790419-1981904",1,1,0,1,0,1,1,0,0,0,"equal"
"890427-4176581",1,0,1,1,0,1,1,1,0,0,"equal"
"620814-2839401",1,0,0,1,0,1,0,0,1,1,"equal"
"620307-3868975",0,1,0,1,0,0,0,1,1,1,"equal"
"990820-4387930",1,1,0,0,0,0,1,1,0,0,"equal"
"760408-4525881",1,0,0,0,1,0,0,0,0,0,"equal"
"920426-3334783",0,0,0,1,1,1,1,1,0,0,"equal"
"640114-4919178",0,1,0,0,0,0,0,0,0,1,"equal"
"750222-2843567",0,0,1,1,0,1,0,1,1,1,"equal"
"760813-2318247",0,1,0,0,1,1,0,0,1,0,"equal"
"710210-3637565",0,1,0,0,0,1,1,1,0,1,"equal"
"620208-1137750",1,1,1,1,1,1,0,0,0,0,"equal"
"930919-2219335",1,1,1,1,0,0,0,0,1,1,"equal"
"870828-2575771",1,0,1,0,0,1,0,0,1,0,"equal"
"750923-1189455",0,1,0,1,1,0,1,0,0,1,"equal"
"670411-2368802",1,1,1,1,1,0,1,1,1,0,"equal"
"650709-3376424",1,1,0,1,1,0,0,1,1,1,"equal"
"720516-3656832",0,1,1,0,1,1,0,1,1,1,"equal"
"780117-1623601",0,0,0,1,1,1,0,0,1,1,"equal"
"660205-1937776",1,0,1,1,1,0,0,0,0,0,"equal"
"570709-3045595",0,1,0,0,0,0,0,1,1,1,"equal"
"981008-4796554",1,0,0,0,0,1,1,0,1,0,"equal"
"921024-2989381",0,1,1,1,0,0,0,1,0,0,"equal"
"760203-3582612",1,1,0,0,0,1,0,0,1,1,"equal"
"871019-4081266",1,1,0,1,1,1,1,0,0,0,"equal"
"520927-1884205",0,0,1,1,1,1,1,0,0,0,"equal"
"660918-2074822",1,1,0,0,1,1,1,0,1,1,"equal"
"981107-1759946",1,0,1,0,1,0,1,0,0,0,"equal"
"880623-3824627",0,1,0,1,0,0,0,1,0,1,"equal"
"990801-3121492",1,1,0,1,0,0,1,0,0,1,"equal"
"931206-2087350",1,1,1,1,1,1,0,1,0,1,"equal"
"710311-3661690",1,0,1,0,1,1,0,0,1,0,"equal"
"610207-2766143",1,1,1,0,1,0,0,0,1,0,"equal"
"660922-2505021",1,1,0,0,0,0,1,1,0,0,"equal"
"500403-2833195",0,0,1,1,0,0,1,0,0,0,"equal"
"530126-3675449",0,1,0,1,0,0,1,1,1,1,"equal"
"780227-1758334",1,0,1,1,1,0,1,1,1,0,"equal"
"950801-2545812",0,0,1,0,0,0,1,0,0,1,"equal"
"630202-1944793",0,0,1,0,1,0,0,1,1,0,"equal"
"551115-1559833",1,0,0,0,1,0,0,1,1,0,"equal"
"700601-2929236",1,0,0,1,1,0,1,1,1,0,"equal"
"710916-3201928",0,0,1,0,0,0,0,1,1,0,"equal"
"600612-4180349",1,0,1,0,0,0,1,0,0,0,"equal"
"570126-3366508",1,0,0,1,1,0,0,0,0,0,"equal"
"960922-2952222",0,1,0,0,0,1,0,1,0,0,"equal"
"661023-3973773",1,0,0,0,0,0,0,1,0,0,"equal"
"730309-2253803",0,0,0,1,1,1,0,0,0,1,"equal"
"500320-4670959",0,0,1,0,1,0,1,0,0,1,"equal"
"951222-1691115",0,1,1,0,1,1,1,0,0,1,"equal"
"940709-2661193",0,1,1,0,1,0,1,1,1,1,"equal"
"800221-1577697",1,1,0,0,0,1,1,1,0,0,"equal"
"510707-1080891",0,0,1,0,0,1,1,0,0,1,"equal"
"641121-3283785",0,0,1,1,1,1,0,0,1,1,"equal"
"880927-1858280",0,0,1,1,0,1,1,1,1,0,"equal"
"800919-3164566",0,0,1,1,0,1,1,1,0,1,"equal"
"571208-4795769",1,1,1,0,0,0,0,1,0,0,"equal"
"670508-3740574",1,0,1,1,1,1,0,1,1,1,"equal"
"750122-2493994",0,1,0,0,1,1,1,0,1,0,"equal"
"890716-2624207",1,1,1,0,1,1,0,1,0,0,"equal"
"510720-2331876",1,0,1,1,0,0,0,0,0,1,"equal"
"700721-2273639",1,0,0,1,1,0,0,0,1,0,"equal"
"540307-2083656",1,0,1,1,0,0,1,0,1,1,"equal"
"591016-3435459",1,1,0,1,0,0,1,0,0,0,"equal"
"881019-1050342",1,1,0,0,1,0,0,1,0,1,"equal"
"920415-1290968",1,0,1,1,1,0,0,0,0,1,"equal"
"690713-4113319",1,0,0,1,0,0,0,0,0,1,"equal"
"840309-1042319",0,0,0,1,0,1,1,1,1,1,"equal"
"851022-3386202",0,1,1,0,1,1,0,0,0,0,"equal"
"790414-2376680",0,1,0,1,1,1,0,0,0,1,"equal"
"540810-1443943",0,0,0,1,0,0,1,1,1,1,"equal"
"810306-1111459",0,1,1,1,0,1,1,0,0,0,"equal"
"770403-4097328",1,0,0,0,1,0,1,0,0,1,"equal"
"720119-2484335",0,1,0,1,1,1,1,1,1,1,"equal"
"560212-4203992",0,0,0,0,1,0,1,1,0,1,"equal"
"781005-3246479",1,1,1,0,0,0,1,0,1,1,"equal"
"880717-2120023",0,0,1,1,1,1,1,1,0,1,"equal"
"781106-2131872",0,1,1,0,0,1,1,1,0,1,"equal"
"880201-1014214",0,1,0,0,0,0,0,1,1,1,"equal"
"740826-3799094",1,0,0,0,0,1,0,0,0,1,"equal"
"770721-3398303",0,0,0,0,0,0,0,1,0,1,"equal"
"580101-2432237",0,0,0,1,1,1,1,0,1,1,"equal"
"950826-3324736",0,0,0,0,0,1,1,1,1,1,"equal"
"950106-4647165",1,1,1,0,1,1,0,1,0,0,"equal"
"630619-3216381",0,0,0,1,0,0,0,1,0,1,"equal"
"500411-3071721",1,0,1,1,0,0,1,1,1,1,"equal"
"770218-1860483",0,1,1,0,0,0,1,1,1,1,"equal"
"590527-2646853",1,1,0,1,1,0,1,1,1,1,"equal"
"860813-2742328",1,1,0,0,0,1,1,0,1,1,"equal"
"510309-2379781",1,1,0,0,0,1,0,0,0,0,"equal"
"850708-4092169",0,1,1,0,0,1,1,1,1,0,"equal"
"760110-1149422",0,0,1,0,0,0,1,0,1,0,"equal"
"651121-2859570",0,1,0,1,0,1,1,1,0,1,"equal"
"930211-3392553",1,1,1,0,0,0,1,0,1,1,"equal"
"850703-2340170",0,0,1,0,0,0,0,1,0,1,"equal"
"770403-2423448",0,1,0,0,1,0,1,0,0,1,"equal"
"551212-1563110",1,1,0,0,1,0,1,0,1,0,"equal"
"521215-3222150",0,1,0,1,1,0,0,1,1,1,"equal"
"840108-2583305",0,1,0,0,1,0,0,1,0,1,"equal"
"990724-3116336",1,1,0,1,0,0,0,0,0,0,"equal"
"810709-3907865",1,1,1,0,1,0,0,0,1,1,"equal"
"681214-4914045",1,1,0,1,0,0,1,1,1,1,"equal"
"900924-3582491",1,1,1,0,0,1,0,1,0,1,"equal"
"650413-3702505",1,0,0,1,0,1,0,1,0,0,"equal"
"630601-2360980",0,0,0,1,0,0,0,0,0,0,"equal"
"750203-4747966",0,0,0,1,1,0,1,0,0,1,"equal"
"961006-2798849",0,1,0,1,1,0,1,1,1,1,"equal"
"971223-1064906",1,1,1,0,1,1,0,1,0,0,"equal"
"780424-4678148",1,0,1,0,1,0,1,0,0,0,"equal"
"680523-1578302",1,0,0,1,0,0,0,1,0,1,"equal"
"760711-4652195",1,0,1,1,0,0,1,1,1,1,"equal"
"520602-1717583",1,1,1,0,0,1,1,1,0,0,"equal"
"990620-3460175",1,1,1,1,0,1,1,1,0,1,"equal"
"770323-4761191",0,0,0,0,1,1,1,1,0,1,"equal"
"720508-4120477",0,1,1,1,0,1,1,1,1,0,"equal"
"680927-2760233",1,0,0,1,1,1,0,1,0,0,"equal"
"660122-2117913",1,0,1,1,1,0,1,1,0,0,"equal"
"691121-3372545",1,1,1,1,0,0,1,0,0,1,"equal"
"720603-1233514",0,0,0,0,0,1,0,1,1,0,"equal"
"971118-3431779",1,1,1,0,0,0,0,1,0,1,"equal"
"510128-2657190",1,1,1,0,1,1,0,0,0,1,"equal"
"910416-3968371",0,0,0,1,0,1,1,1,1,0,"equal"
"720505-3962133",0,1,0,1,1,1,0,0,1,0,"equal"
"990226-3611147",1,0,1,1,1,0,0,1,1,1,"equal"
"690505-1506719",0,1,0,1,0,1,0,1,0,0,"equal"
"870519-4081749",0,1,1,1,1,1,1,0,1,1,"equal"
"770903-1149007",0,1,1,1,0,1,0,0,0,1,"equal"
"660503-1676735",1,0,0,1,1,0,0,1,1,1,"equal"
"540601-4612083",1,1,1,1,0,0,0,1,1,1,"equal"
"591226-4974400",0,0,1,0,1,1,1,1,0,1,"equal"
"860504-2810336",1,1,0,1,0,1,1,1,0,1,"equal"
"620802-4394019",1,0,1,0,1,0,1,1,0,0,"equal"
"971223-2197383",1,1,0,1,0,0,0,0,1,0,"equal"
"781227-1064594",0,1,1,1,1,1,1,0,0,1,"equal"
"780918-3603748",0,0,1,1,0,1,0,0,1,1,"equal"
"990912-1570498",0,1,0,0,1,1,1,1,1,0,"equal"
"930114-3465581",0,1,0,0,0,1,1,1,1,1,"equal"
"740507-2873718",1,0,1,0,1,1,1,0,0,0,"equal"
"921118-3607989",1,1,0,0,1,0,1,0,0,0,"equal"
"680401-1018255",0,0,1,1,0,0,0,1,1,0,"equal"
"890214-3131161",0,1,0,0,0,0,0,1,0,1,"equal"
"720320-2510353",0,0,1,1,1,1,1,1,1,0,"equal"
"540613-3449208",0,0,1,0,0,0,1,0,0,0,"equal"
"740301-4014580",0,1,0,0,1,0,0,0,0,1,"equal"
"850503-1576090",1,0,1,1,0,1,1,0,1,0,"equal"
"600204-2935919",0,0,0,1,1,0,0,0,1,0,"equal"
"991103-1914094",0,0,0,0,0,0,0,1,1,1,"equal"
"530127-1746814",1,0,1,0,0,0,1,0,1,1,"equal"
"790702-1653760",1,1,1,1,0,1,1,0,1,1,"equal"
"700804-1378152",1,1,0,0,0,0,0,0,0,0,"equal"
"510112-1375257",1,1,0,1,0,0,0,1,0,0,"equal"
"990818-1327216",1,0,1,0,0,0,0,0,0,1,"equal"
"950903-1434578",1,1,1,1,1,0,1,0,1,0,"equal"
"660312-4347895",1,1,0,0,0,0,1,0,0,0,"equal"
"880916-4207250",0,0,1,0,0,0,1,0,1,1,"equal"
"710403-1057910",1,1,0,0,0,0,0,1,1,1,"equal"
"790406-3623835",1,1,1,1,0,0,0,0,0,0,"equal"
"980818-3962794",1,1,0,0,0,1,1,0,0,0,"equal"
"680607-1243328",0,0,1,1,0,1,0,1,0,0,"equal"
"970102-4445429",1,1,0,0,1,0,0,0,0,1,"equal"
"920216-2058223",1,0,1,0,1,1,1,0,0,1,"equal"
"761224-4367538",1,1,1,0,1,0,1,0,1,1,"equal"
"690726-2584459",1,0,0,1,0,1,0,0,1,1,"equal"
"800422-3838329",0,1,1,0,0,0,0,0,1,1,"equal"
"701112-2165764",1,1,0,0,0,1,1,0,0,1,"equal"
"960218-2780761",1,0,1,0,0,1,0,0,0,0,"equal"
"890115-1117923",1,1,0,0,0,1,1,0,1,0,"equal"
"570413-2493174",0,0,0,1,0,1,0,0,1,1,"equal"
"510713-2405701",1,1,0,0,1,1,0,0,0,1,"equal"
"780825-4664259",1,0,0,1,0,1,1,1,1,0,"equal"
"900724-4052965",0,1,0,1,1,0,1,0,1,0,"equal"
"790124-1646694",0,0,1,0,0,0,0,0,1,0,"equal"
"700608-4293817",0,1,0,0,0,1,0,1,1,1,"equal"
"910128-2663555",1,1,1,0,0,1,1,0,1,1,"equal"
"700220-3650731",1,0,1,0,0,0,1,1,0,1,"equal"
"521207-2714341",0,0,1,1,0,0,0,1,1,1,"equal"
"830721-3840953",0,0,0,1,1,1,1,1,1,1,"equal"
"840106-1668149",0,0,0,0,1,1,0,0,0,0,"equal"
"750313-4249490",1,1,1,1,0,1,0,0,1,1,"equal"
"940524-2327911",0,1,1,0,0,0,1,1,0,1,"equal"
"890102-4033268",1,1,1,1,0,0,0,1,1,0,"equal"
"621217-4252630",0,1,1,1,1,0,1,1,1,0,"equal"
"510403-3681260",1,0,0,0,0,0,0,1,1,1,"equal"
"690124-3553492",1,1,0,1,1,0,0,0,1,0,"equal"
"650327-1889667",1,1,0,1,1,0,0,0,1,0,"equal"
"711113-3391133",0,0,1,0,0,0,1,0,1,1,"equal"
"760823-2880487",0,0,0,1,1,1,1,0,0,1,"equal"
"780513-1452026",0,0,0,0,0,0,0,1,0,1,"equal"
"780123-1762239",0,0,1,1,1,0,0,1,1,1,"equal"
"990410-2357266",1,1,0,1,0,0,0,0,0,1,"equal"
"950702-1924339",1,1,0,1,1,0,1,0,0,1,"equal"
"991209-4754037",1,1,1,1,0,1,1,0,0,0,"equal"
"960913-1863430",1,1,0,1,1,0,1,1,1,0,"equal"
"690206-4642151",0,1,0,0,0,1,0,1,0,0,"equal"
"531014-4844236",1,1,1,0,1,0,0,1,1,1,"equal"
"940326-2843494",0,1,1,1,1,1,1,0,1,1,"equal"
"501118-3928662",1,1,1,1,1,0,0,1,1,0,"equal"
"960811-2439774",0,0,1,0,0,0,0,0,0,1,"equal"
"560508-4975116",1,1,1,0,0,1,1,0,0,0,"equal"
"941014-2901550",1,1,0,1,1,1,0,0,0,1,"equal"
"720111-2797313",0,1,0,0,1,1,0,0,1,0,"equal"
"540207-3634987",0,0,0,1,0,0,1,0,1,1,"equal"
"740316-3573922",1,0,0,1,0,1,1,1,1,1,"equal"
"940318-4367518",1,1,1,0,1,0,0,1,0,1,"equal"
"910526-4317740",1,0,0,0,1,0,0,0,0,1,"equal"
"631105-1251991",1,1,1,0,0,0,0,1,0,1,"equal"
"811011-3121794",1,0,0,0,1,1,0,1,0,0,"equal"
"740202-2028619",1,0,0,1,1,0,0,1,0,0,"equal"
"591010-2986152",0,0,1,0,0,1,1,0,1,1,"equal"
"780809-1288142",1,0,0,1,0,0,0,0,0,1,"equal"
"851015-2581450",1,1,1,0,1,1,0,1,1,1,"equal"
"810707-4706006",0,0,1,1,1,0,0,1,1,1,"equal"
"730307-3436891",1,1,0,0,0,1,0,1,0,0,"equal"
"720927-2688027",0,0,0,1,1,1,1,1,1,1,"equal"
"981215-4936963",1,1,0,0,0,1,0,0,1,1,"equal"
"930518-2455458",1,0,0,1,1,0,0,1,1,0,"equal"
"580628-2720173",1,1,1,0,1,0,1,1,0,1,"equal"
"800724-3462407",0,0,0,1,0,1,0,1,0,0,"equal"
"570527-4919419",0,0,0,0,0,0,1,1,1,0,"equal"
"850716-2086910",0,1,0,1,1,0,0,1,0,1,"equal"
"760821-2609101",0,0,0,0,1,1,1,0,0,1,"equal"
"621225-4767611",0,0,1,1,0,1,1,0,0,1,"equal"
"610509-1588336",1,0,0,1,0,0,0,1,1,0,"equal"
"621025-1023877",0,1,1,1,1,0,1,1,1,0,"equal"
"840319-2066637",1,1,1,0,1,1,1,1,1,1,"equal"
"620101-1686308",1,1,1,0,0,1,1,0,1,1,"equal"
"961113-3425197",0,1,0,1,0,1,0,1,0,0,"equal"
"690702-4774487",1,0,0,1,0,0,0,1,0,1,"equal"
"790325-3272630",1,1,0,0,0,1,0,0,0,1,"equal"
"880919-3258633",1,1,0,0,0,0,1,1,1,1,"equal"
"610607-3722422",1,0,0,0,1,1,1,1,1,0,"equal"
"911116-4573620",1,1,1,0,0,0,1,1,1,0,"equal"
"720710-2715901",0,0,1,1,1,0,1,1,1,1,"equal"
"670719-1235115",0,1,0,1,0,1,0,0,1,1,"equal"
"681213-1041920",0,1,0,0,1,0,0,1,0,0,"equal"
"830724-4497085",0,0,0,0,1,0,0,0,0,0,"equal"
"651004-2898381",1,0,1,0,0,0,1,1,1,1,"equal"
"870627-1253734",0,0,1,1,1,1,1,1,1,1,"equal"
"760726-4371192",1,1,0,1,1,1,1,1,1,0,"equal"
"580701-4989616",1,1,0,1,1,0,0,1,0,0,"equal"
"780502-3986669",0,1,1,0,0,0,0,0,1,0,"equal"
"940703-1931651",1,0,1,0,0,0,1,1,1,0,"equal"
"720222-4839658",0,1,1,0,0,1,0,1,0,0,"equal"
"991107-3187414",0,0,1,1,0,1,0,0,0,0,"equal"
"970709-1833695",0,0,0,0,0,1,0,0,0,0,"equal"
"751013-4343252",1,0,1,0,0,0,1,0,1,0,"equal"
"770210-4815303",0,0,0,1,0,1,1,1,1,0,"equal"
"710917-3882422",0,1,0,1,1,0,1,0,1,0,"equal"
"970911-4027238",1,1,1,0,1,1,1,1,0,1,"equal"
"751102-4295422",0,1,1,0,0,0,0,0,0,1,"equal"
"800513-4266754",1,1,1,1,1,1,1,0,0,1,"equal"
"950324-4940459",0,0,0,1,0,0,0,0,1,0,"equal"
"731203-4751574",1,0,0,1,1,0,0,0,1,0,"equal"
"780423-4859124",1,0,1,1,0,1,0,1,0,0,"equal"
"940401-4539797",1,0,0,1,1,1,1,1,0,1,"equal"
"530605-4900502",0,1,1,0,1,1,0,1,1,1,"equal"
"860220-4579407",0,0,0,0,0,1,1,0,1,1,"equal"
"580418-4034911",1,0,0,1,1,1,0,1,1,0,"equal"
"650124-4442453",1,1,1,0,1,0,1,0,0,1,"equal"
"680702-3240952",1,0,1,0,1,1,1,1,0,1,"equal"
"840204-1838294",1,0,0,1,0,0,0,1,1,0,"equal"
"671102-3345437",0,1,1,0,0,1,0,1,1,1,"equal"
"500712-3218333",0,0,0,1,1,1,1,1,0,1,"equal"
"881210-2313350",0,1,0,0,0,0,0,0,0,1,"equal"
"991012-2755663",1,0,0,1,0,1,0,0,0,0,"equal"
"770203-2253089",0,1,1,0,0,1,0,0,1,0,"equal"
"611213-3463534",1,0,1,1,1,0,0,1,1,0,"equal"
"890224-3454378",0,0,0,1,0,1,0,1,1,1,"equal"
"891218-4421000",1,1,1,0,0,0,0,0,0,1,"equal"
"910701-4188317",1,1,0,1,1,0,0,0,0,1,"equal"
"850209-4523977",1,0,0,1,1,1,0,0,0,0,"equal"
"790709-2346439",0,1,0,1,1,0,1,0,1,1,"equal"
"530914-1328917",0,1,0,1,0,1,1,1,1,0,"equal"
"541116-2723489",0,0,0,0,0,1,1,0,1,0,"equal"
"801211-4088872",0,0,1,0,0,0,1,1,0,0,"equal"
"970725-1613391",0,1,1,1,0,1,0,0,1,0,"equal"
"840603-3134165",0,1,0,1,0,0,1,1,0,1,"equal"
"731211-2966640",0,1,0,0,0,1,1,0,1,1,"equal"
"880427-2346284",1,1,0,1,1,0,0,1,0,1,"equal"
"540802-3531391",1,0,1,0,0,1,0,0,1,1,"equal"
"790511-2958491",0,1,0,0,1,0,1,1,0,1,"equal"
"670418-3537495",0,0,1,1,0,0,0,0,1,0,"equal"
"551219-1233503",0,1,1,0,1,0,1,0,0,1,"equal"
"661212-1611602",1,0,1,1,0,1,0,1,0,0,"equal"
"820228-2666211",0,1,1,0,0,0,0,0,1,0,"equal"
"790514-4953002",1,1,1,0,0,1,1,1,1,1,"equal"
"870708-1556767",1,1,0,1,0,0,1,1,0,0,"equal"
"550712-3789770",0,1,1,0,0,1,1,1,0,0,"equal"
"730825-3858585",0,1,1,1,1,0,1,0,1,1,"equal"
"750302-4815496",0,1,0,0,1,0,0,1,1,0,"equal"
"751215-2363165",1,0,0,1,1,1,0,1,1,0,"equal"
"980822-3644635",0,1,0,1,0,1,1,1,1,0,"equal"
"580928-4414209",0,1,1,0,1,1,0,1,1,0,"equal"
"720824-3707626",1,1,1,1,0,1,1,1,0,0,"equal"
"500827-2072215",1,1,1,1,0,0,1,1,1,1,"equal"
"520819-4820479",0,1,0,1,1,0,0,0,0,0,"equal"
"920804-2524923",1,1,0,1,0,1,0,1,0,1,"equal"
"921025-1763674",1,0,0,0,0,1,1,1,1,1,"equal"
"740618-1110051",1,1,1,1,1,0,0,1,0,1,"equal"
"750317-3644625",1,1,0,1,0,1,1,0,1,1,"equal"
"570801-3994396",1,1,1,0,1,1,0,0,1,1,"equal"
"681215-2147778",0,0,1,1,0,0,1,1,1,0,"equal"
"930927-2232274",1,0,0,0,0,1,1,1,0,1,"equal"
"530613-3254075",1,1,0,0,1,0,0,1,1,0,"equal"
"590428-1524071",1,0,0,1,0,0,0,1,1,0,"equal"
"760508-2303876",1,1,0,1,0,0,0,0,0,0,"equal"
"940208-3372473",1,0,0,1,0,0,1,1,0,0,"equal"
"660611-2851085",1,1,1,1,0,0,0,1,1,1,"equal"
"711210-3483362",1,1,0,1,1,0,1,0,0,0,"equal"
"881119-1923366",0,1,0,0,1,0,1,1,0,0,"equal"
"850717-1181323",1,0,1,1,1,1,0,0,1,1,"equal"
"720928-2387461",1,1,0,1,1,0,1,0,0,0,"equal"
"560318-4538602",0,0,0,1,0,1,1,1,1,0,"equal"
"850304-4743911",1,1,1,0,0,1,0,0,1,1,"equal"
"510803-4606534",0,1,1,0,1,0,1,0,0,1,"equal"
"500721-2846950",1,1,1,0,0,1,1,1,1,1,"equal"
"690324-2896068",0,0,1,1,0,1,0,0,1,0,"equal"
"990901-1805782",1,1,0,1,0,0,0,0,1,1,"equal"
"550121-1707617",1,0,1,0,0,1,0,0,0,1,"equal"
"871021-1044590",0,0,1,0,0,0,1,1,0,1,"equal"
"510204-3459119",1,1,0,1,0,1,0,0,1,0,"equal"
"870227-2279120",1,0,1,1,0,0,0,1,1,1,"equal"
"710201-3869726",0,1,0,0,1,0,0,0,0,1,"equal"
"740425-2287325",0,1,0,1,0,1,1,1,1,1,"equal"
"810412-3613202",1,0,1,1,0,1,1,1,0,0,"equal"
"580609-4653625",1,1,0,0,1,1,0,0,1,0,"equal"
"800602-1723443",0,0,0,0,1,0,1,1,0,0,"equal"
"960118-2242942",0,0,0,0,0,0,0,1,0,0,"equal"
"630218-4995597",1,0,0,0,1,1,1,0,0,0,"equal"
"720526-2954393",1,1,1,1,0,0,0,1,1,0,"equal"
"981108-4393898",1,1,0,1,1,1,0,1,1,1,"equal"
"980312-3725505",0,0,0,1,1,0,0,0,0,0,"equal"
"670311-3477181",0,0,1,0,1,0,0,1,0,0,"equal"
"591021-1775004",0,0,0,0,1,0,0,0,1,0,"equal"
"790918-1138418",1,0,0,0,0,1,0,0,0,1,"equal"
"770227-1884661",1,1,1,0,0,1,0,1,1,1,"equal"
"651120-4649561",1,0,0,1,1,0,1,0,1,0,"equal"
"660423-2010321",0,1,1,0,0,1,1,1,1,0,"equal"
"810121-1478646",1,0,1,1,1,1,0,1,0,0,"equal"
"590310-3762882",0,0,1,1,1,0,0,1,1,1,"equal"
"670724-3671647",1,0,1,1,1,1,0,0,1,1,"equal"
"740625-4130967",1,1,1,1,1,1,1,1,1,0,"equal"
"831109-1654605",0,1,0,0,0,0,0,0,1,0,"equal"
"601124-3136687",0,0,0,0,1,1,0,0,1,0,"equal"
"940117-1004751",0,0,1,0,1,1,1,0,1,0,"equal"
"580411-1731565",0,0,1,0,0,1,1,1,1,0,"equal"
"950321-1708097",1,1,1,1,0,0,0,0,0,0,"equal"
"850916-1242574",1,1,0,0,1,1,1,1,1,1,"equal"
"540622-1799285",0,0,1,1,0,1,0,0,0,1,"equal"
"520821-2846665",1,1,0,0,1,1,1,1,0,0,"equal"
"860802-1876906",0,1,1,1,1,1,0,0,1,1,"equal"
"621013-4702005",0,1,0,0,1,0,0,0,0,0,"equal"
"851106-2874944",1,1,0,0,0,0,0,0,1,1,"equal"
"640415-3191261",0,1,1,0,0,0,1,0,1,1,"equal"
"560803-1527811",0,0,1,1,0,1,1,0,0,1,"equal"
"941007-2706513",0,0,0,0,1,0,1,1,0,0,"equal"
"981210-3518278",0,1,0,1,0,1,1,0,1,1,"equal"
"680926-4915704",0,1,1,1,1,1,0,1,0,1,"equal"
"580626-3018068",1,1,0,0,0,0,1,1,1,1,"equal"
"780313-2121142",1,1,1,1,1,1,1,1,0,1,"equal"
"530909-1933993",1,1,1,1,1,1,0,0,1,0,"equal"
"890828-1703512",1,0,1,1,0,1,0,1,0,0,"equal"
"930122-4524218",0,0,0,1,1,0,0,0,0,1,"equal"
"860604-1573519",1,1,1,0,1,1,1,1,1,1,"equal"
"650809-1919602",0,0,0,1,0,0,1,0,1,0,"equal"
"920307-2224131",1,1,0,1,0,0,1,0,0,1,"equal"
"971221-4226574",1,1,0,1,0,1,0,0,1,1,"equal"
"620227-3437086",1,0,0,0,1,1,1,1,1,0,"equal"
"560906-3307127",0,0,1,1,1,1,1,1,0,1,"equal"
"590108-4739439",0,1,1,0,0,1,1,1,1,1,"equal"
"590725-2940594",0,1,0,0,0,1,1,0,1,1,"equal"
"800321-2140780",1,0,1,1,0,0,1,1,0,1,"equal"
"631117-4245125",1,0,1,1,1,0,1,0,0,1,"equal"
"970818-4984111",1,0,0,0,0,1,1,0,1,1,"equal"
"530805-3221567",1,0,0,0,0,0,0,1,0,1,"equal"
"600213-2683432",0,1,0,1,0,1,1,0,0,1,"equal"
"880409-4229060",0,0,0,1,1,1,0,1,0,0,"equal"
"761211-1656676",0,0,0,0,1,0,1,0,0,1,"equal"
"780901-2858366",0,0,1,1,0,0,0,0,1,1,"equal"
"971002-2638812",1,1,0,0,0,1,1,0,1,0,"equal"
"961109-3883329",1,1,0,1,1,0,1,1,0,1,"equal"
"990722-4964023",1,1,0,0,0,0,1,1,1,1,"equal"
"920815-1843055",1,1,0,0,0,0,0,1,0,0,"equal"
"860904-3640723",0,1,1,1,0,1,0,1,0,1,"equal"
"860509-1840258",1,0,0,1,0,0,1,0,0,0,"equal"
"660417-1228806",1,0,0,0,0,1,0,0,0,0,"equal"
"880608-4906992",0,1,0,1,1,0,0,0,1,0,"equal"
"581206-1072044",0,1,0,1,0,1,1,0,1,1,"equal"
"890705-4214029",1,0,1,0,1,1,1,1,0,0,"equal"
"921109-1545217",1,1,1,1,1,1,1,1,0,1,"equal"
"880704-3236395",1,0,0,1,1,0,1,1,1,0,"equal"
"930618-1421611",1,1,0,1,0,0,0,0,1,0,"equal"
"570522-1181402",0,0,0,1,0,0,1,1,0,0,"equal"
"870902-2705659",0,0,0,1,0,1,1,1,1,1,"equal"
"660611-1140909",0,1,0,1,0,0,1,0,0,0,"equal"
"901012-4050151",0,1,1,0,1,0,0,0,0,1,"equal"
"810106-2689658",1,0,0,1,0,1,1,0,1,1,"equal"
"630603-3559674",1,1,0,0,1,0,1,0,0,0,"equal"
"711118-4894010",1,0,1,0,1,1,0,1,0,0,"equal"
"501202-2188090",0,0,1,0,0,0,0,1,1,0,"equal"
"950212-4166937",1,0,1,0,0,0,1,1,1,1,"equal"
"941108-4799140",1,0,0,1,1,0,1,0,1,1,"equal"
"920507-1172251",0,0,1,1,0,1,0,0,0,0,"equal"
"530702-4694090",0,0,0,0,1,1,0,0,1,1,"equal"
"691101-2750705",0,0,0,1,0,0,1,0,0,1,"equal"
"510923-1030752",0,0,0,1,1,0,1,0,0,0,"equal"
"560711-2037432",0,0,1,0,0,1,0,1,1,1,"equal"
"960104-4837749",0,1,0,0,1,1,1,0,0,1,"equal"
"860921-1558633",0,1,0,0,1,1,1,1,1,1,"equal"
"770119-2344949",0,1,1,0,0,0,1,0,0,1,"equal"
"840127-4816827",0,0,1,0,0,0,0,1,0,1,"equal"
"791226-4235142",0,0,1,0,1,0,1,0,1,1,"equal"
"840827-2489271",0,0,1,1,1,1,1,1,0,1,"equal"
"890717-1095216",1,1,0,0,0,1,0,0,0,1,"equal"
"601226-4748681",0,0,1,1,1,0,0,0,1,0,"equal"
"540325-3942507",1,0,0,0,1,1,0,0,0,1,"equal"
"750302-3668409",0,1,0,1,0,0,0,0,1,1,"equal"
"750112-2027588",0,0,0,1,0,1,0,1,1,0,"equal"
"631003-1311532",1,1,1,1,1,0,0,1,0,1,"equal"
"791112-3123485",1,0,1,1,1,1,1,1,1,0,"equal"
"840624-1696813",1,0,0,1,1,0,0,1,1,1,"equal"
"650923-3475270",0,1,0,1,0,1,0,1,0,1,"equal"
"581211-2377506",0,1,1,0,1,1,0,1,0,1,"equal"
"680204-2936496",0,1,0,1,1,1,1,0,1,0,"equal"
"990226-2750681",0,0,0,0,1,1,0,1,1,0,"equal"
"710412-4107557",1,0,0,1,1,1,1,0,1,0,"equal"
"581020-4175394",0,1,1,0,0,0,1,1,0,0,"equal"
"800624-4796730",1,1,0,1,0,0,0,0,0,1,"equal"
"780216-4085414",1,0,1,1,1,0,1,0,0,0,"equal"
"840401-1132787",0,1,0,1,1,1,1,1,1,1,"equal"
"660105-1525302",0,1,0,0,1,0,1,1,0,1,"equal"
"750302-1115692",0,0,1,1,1,0,1,0,1,0,"equal"
"610907-3379223",1,1,0,1,0,0,0,0,1,0,"equal"
"610925-4633629",1,1,0,1,1,1,0,0,1,0,"equal"
"621211-1768986",0,0,1,1,1,0,1,0,1,1,"equal"
"540920-4781446",0,1,0,1,1,0,0,0,0,1,"equal"
"970919-3276357",0,1,0,0,0,1,0,1,1,1,"equal"
"730212-2955529",0,1,0,0,1,0,1,0,1,0,"equal"
"910304-2343042",1,1,1,1,0,0,1,0,0,1,"equal"
"640902-3719406",1,1,0,1,0,1,0,0,0,1,"equal"
"740917-2878963",0,0,1,1,1,0,0,1,0,0,"equal"
"850827-3354759",1,0,0,1,1,0,0,0,1,1,"equal"
"730606-3658132",1,0,0,0,1,1,1,0,0,0,"equal"
"830901-3691263",1,1,0,1,1,1,1,1,0,0,"equal"
"901223-3357638",0,0,1,1,0,0,0,0,1,1,"equal"
"780604-2282788",0,1,0,0,1,0,1,1,0,0,"equal"
"660413-2726997",0,1,0,1,0,1,0,1,0,0,"equal"
"570311-2431098",0,1,0,0,0,1,0,1,1,0,"equal"
"960228-3771962",1,1,1,0,0,0,1,0,0,0,"equal"
"950808-2682227",0,1,0,1,0,0,0,0,0,1,"equal"
"551128-3647665",1,0,1,0,1,1,0,0,0,0,"equal"
"630407-2140536",1,1,1,1,0,1,1,0,1,0,"equal"
"910913-2582315",0,0,1,0,0,1,1,0,0,0,"equal"
"870701-1996503",0,1,0,1,1,1,0,1,0,1,"equal"
"881024-4486601",1,0,0,0,0,1,1,1,1,1,"equal"
"990818-3587777",1,0,0,0,1,0,0,1,0,0,"equal"
"850925-1133166",1,1,0,0,1,0,1,1,0,0,"equal"
"631202-2616994",0,0,1,0,0,0,1,0,0,0,"equal"
"881123-3253896",0,0,1,1,0,0,0,1,1,1,"equal"
"630203-3980281",1,0,1,1,0,1,0,1,0,0,"equal"
"641026-1297504",1,0,0,1,1,0,1,0,1,0,"equal"
"750616-3370638",1,0,0,1,1,1,1,1,1,0,"equal"
"560728-2116619",1,0,0,1,0,1,1,0,0,1,"equal"
"900223-1730940",1,0,1,1,0,0,0,0,1,1,"equal"
"950512-1767987",0,0,1,0,1,0,1,0,0,0,"equal"
"790120-2567573",0,0,1,0,0,1,1,0,1,1,"equal"
"670320-1744652",1,1,1,1,1,0,0,1,0,0,"equal"
"810306-3631703",1,1,0,1,1,1,1,0,1,1,"equal"
"941011-1774473",0,0,0,1,0,1,1,0,0,0,"equal"
"730718-4830736",1,1,0,0,1,0,0,0,1,0,"equal"
"960723-3886155",0,1,0,0,1,0,0,0,1,0,"equal"
"520512-2998688",0,1,0,0,0,0,1,1,0,1,"equal"
"830309-4219386",1,0,1,0,1,0,0,1,1,1,"equal"
"651001-4320479",0,1,1,0,0,0,0,1,1,1,"equal"
"520623-3270858",1,0,0,0,0,1,1,1,0,1,"equal"
"531101-1575765",1,1,1,0,1,1,0,1,0,1,"equal"
"780801-4333525",0,0,1,1,0,1,1,1,0,1,"equal"
"600820-1441774",0,1,1,1,0,1,1,0,0,1,"equal"
"630305-3428115",1,0,0,1,0,1,1,1,1,0,"equal"
"981007-3209299",1,0,0,1,1,0,0,1,0,1,"equal"
"501120-3134869",1,0,1,1,1,1,0,1,1,0,"equal"
"570724-4303166",1,1,0,0,1,1,1,0,0,1,"equal"
"591120-1839511",0,1,1,1,0,1,0,1,1,0,"equal"
"810517-2269793",0,0,1,1,1,0,0,0,1,0,"equal"
"950806-4551090",0,1,0,0,1,0,0,0,1,1,"equal"
"550618-1127457",0,1,1,1,1,0,0,0,1,1,"equal"
"770921-1345192",1,0,1,1,0,0,1,0,0,1,"equal"
"790512-2013274",1,1,0,1,1,0,1,0,1,0,"equal"
"630408-2030571",1,0,0,0,1,0,0,1,0,0,"equal"
"500509-1340042",0,0,0,0,0,0,1,0,1,0,"equal"
"980302-3333328",1,0,0,1,1,0,0,1,0,1,"equal"
"670206-3976442",1,1,1,1,1,0,0,0,0,1,"equal"
"650203-4281345",1,0,1,1,0,0,1,0,1,0,"equal"
"811023-2600660",0,0,0,0,1,1,1,1,0,0,"equal"
"640409-1707694",0,0,1,1,1,0,0,0,0,0,"equal"
"871024-1700108",1,1,0,1,1,1,0,1,0,1,"equal"
"510201-4887113",0,1,1,0,0,0,0,0,0,0,"equal"
"961002-3939135",0,1,0,1,0,1,1,1,1,1,"equal"
"510513-4847040",1,1,0,1,1,1,0,1,0,1,"equal"
"641213-1356232",1,0,0,1,0,1,1,1,0,0,"equal"
"821221-3326231",1,1,0,0,1,0,1,1,0,1,"equal"
"730227-1868398",1,1,0,0,1,1,1,1,1,1,"equal"
"920416-2233913",1,1,0,0,1,1,1,1,1,0,"equal"
"890516-2885906",0,0,1,0,0,1,0,1,1,0,"equal"
"511108-4309029",1,1,0,1,1,0,0,0,1,1,"equal"
"570607-4803009",0,1,0,1,0,1,0,0,1,1,"equal"
"580618-3905535",0,1,0,0,1,0,0,1,1,0,"equal"
"540521-1901665",0,0,0,0,0,1,1,1,1,1,"equal"
"750319-4654352",1,0,0,1,1,0,0,1,1,1,"equal"
"820616-3180532",0,0,1,0,0,0,0,0,0,1,"equal"
"610902-3382040",0,0,1,1,0,0,0,1,0,1,"equal"
"621110-4749402",0,0,0,0,0,0,0,1,1,1,"equal"
"780519-2107701",1,1,0,0,0,1,0,0,1,0,"equal"
"800404-3087557",0,1,1,1,0,1,0,0,1,0,"equal"
"660304-3233148",0,1,1,1,0,1,1,1,1,1,"equal"
"971107-2603972",1,1,0,1,1,1,0,0,1,1,"equal"
"940801-4576845",0,1,1,1,1,1,1,1,0,0,"equal"
"560517-2404411",1,0,1,0,1,0,0,0,1,0,"equal"
"770402-3885465",1,1,0,1,1,0,1,1,0,0,"equal"
"741102-4079061",0,0,1,0,1,0,0,1,0,0,"equal"
"541103-4494594",1,0,1,1,1,0,0,0,1,0,"equal"
"970723-4878482",0,0,1,0,1,1,0,0,0,0,"equal"
"790401-2859256",0,0,0,1,1,0,0,0,0,1,"equal"
"970722-3503507",1,1,1,1,1,1,0,0,1,1,"equal"
"500427-4930028",1,1,0,0,0,1,0,1,1,0,"equal"
"940608-3987138",1,0,0,0,0,1,0,0,1,0,"equal"
"500618-3043520",0,0,1,0,0,1,1,0,0,1,"equal"
"771017-2318305",0,0,0,0,0,0,1,0,1,0,"equal"
"840917-3375404",0,0,0,1,0,0,0,0,1,0,"equal"
"891112-4472039",0,0,1,0,1,0,1,1,1,0,"equal"
"720109-4542502",0,0,1,0,1,0,0,0,1,1,"equal"
"840213-4355284",1,0,1,1,0,0,0,0,1,1,"equal"
"650320-1562747",0,1,1,0,1,1,1,0,0,0,"equal"
"951212-2006579",1,1,1,1,0,0,0,0,1,1,"equal"
"910813-1006341",0,0,1,0,1,0,1,0,0,0,"equal"
"851106-2471100",0,0,0,0,0,0,0,0,1,1,"equal"
"711111-1746802",1,1,1,0,1,1,0,1,0,0,"equal"
"980624-3408313",1,1,0,1,0,0,1,0,1,1,"equal"
"960320-4600868",0,1,0,0,1,1,1,0,1,1,"equal"
"980716-3109436",1,1,1,0,0,1,1,0,0,0,"equal"
"710326-1266543",1,0,1,1,0,1,1,0,0,1,"equal"
"840906-4740313",0,1,1,1,0,0,0,1,1,1,"equal"
"730603-2504412",1,1,1,1,1,0,0,0,1,0,"equal"
"760219-1989508",1,1,1,1,0,0,0,0,1,0,"equal"
"900821-1280853",0,0,1,1,1,1,0,1,0,0,"equal"
"621118-1875400",1,0,0,1,0,0,1,0,0,0,"equal"
"880722-3641515",0,1,1,1,0,1,1,0,1,1,"equal"
"930111-1945507",1,0,1,0,1,0,1,0,0,0,"equal"
"540119-1578369",1,0,1,1,1,0,0,0,0,0,"equal"
"850817-4888090",0,0,1,0,0,1,1,0,0,0,"equal"
"750326-1120943",0,0,1,0,1,0,0,1,1,1,"equal"
"720321-3248130",1,0,1,1,0,0,0,1,1,1,"equal"
"970724-3647440",1,1,0,0,1,0,0,0,0,1,"equal"
"550121-1738050",1,0,0,1,1,1,1,0,0,1,"equal"
"721003-4804917",0,0,1,0,0,0,1,0,0,1,"equal"
"971010-3246582",0,1,1,1,1,1,1,0,1,1,"equal"
"750504-3922718",0,1,1,0,1,0,0,1,0,0,"equal"
"960323-1806706",1,0,0,0,1,1,1,0,0,0,"equal"
"571020-4695488",0,1,0,0,1,1,0,0,1,1,"equal"
"570527-2476540",0,0,1,0,0,0,1,0,1,1,"equal"
"610705-2001911",0,1,0,0,0,1,0,1,1,1,"equal"
"820315-1850336",1,1,0,1,0,0,1,1,0,0,"equal"
"660112-4607262",1,1,0,0,0,0,1,1,1,0,"equal"
"670118-3619436",1,0,1,1,0,1,0,1,0,0,"equal"
"660924-1212505",0,1,1,1,0,0,0,0,1,1,"equal"
"510305-2787138",1,1,1,0,0,0,0,0,1,0,"equal"
"870216-4494666",0,0,1,1,1,1,0,0,0,1,"equal"
"960408-4001660",1,1,0,0,0,0,1,0,0,0,"equal"
"790314-3042199",0,1,1,0,1,1,0,0,0,0,"equal"
"960623-4686185",1,1,0,1,1,1,0,1,0,1,"equal"
"661120-4031367",1,1,1,0,0,1,1,0,0,1,"equal"
"771119-3773320",0,0,1,1,1,1,0,0,1,0,"equal"
"730123-1339679",0,0,0,1,0,0,0,0,1,0,"equal"
"900801-4517978",0,1,1,0,0,0,1,0,1,0,"equal"
"671102-3966833",1,1,1,0,0,0,0,0,1,0,"equal"
"800610-2955799",0,0,0,0,1,1,0,0,1,1,"equal"
"530617-3905439",0,1,1,1,1,1,1,1,1,0,"equal"
"981023-4818544",1,0,0,0,1,1,1,1,1,1,"equal"
"830327-4173869",0,0,1,1,1,0,1,1,0,1,"equal"
"820822-1702137",0,1,0,1,1,1,0,1,0,1,"equal"
"950408-1415048",1,1,0,0,0,1,1,0,1,1,"equal"
"610302-4110049",0,1,1,0,1,1,1,1,0,1,"equal"
"740715-1525648",1,0,0,0,1,0,0,0,1,1,"equal"
"710407-1187979",1,1,0,0,1,1,0,1,0,1,"equal"
"860716-4007454",0,1,1,0,1,0,1,1,1,1,"equal"
"780628-3672332",1,1,0,0,0,1,1,0,1,0,"equal"
"940504-2873567",0,0,0,0,1,1,1,1,0,0,"equal"
"760925-2497599",0,1,1,1,1,1,0,0,0,0,"equal"
"811008-3438559",1,1,0,0,1,1,1,0,1,0,"equal"
"591221-3489593",0,0,1,0,1,0,1,1,0,0,"equal"
"820324-4213881",1,0,0,1,1,1,1,0,0,0,"equal"
"590209-1005100",1,1,0,1,1,1,0,0,0,1,"equal"
"700510-1380764",0,1,1,1,0,1,0,1,0,0,"equal"
"880314-2480539",0,1,0,0,0,0,0,0,1,0,"equal"
"821116-1151064",1,1,0,0,0,1,1,1,0,1,"equal"
"820916-4367172",1,1,0,0,1,1,1,0,0,0,"equal"
"901117-3183469",1,1,1,0,0,0,1,1,0,0,"equal"
"881001-4166901",1,0,1,0,0,1,1,1,0,0,"equal"
"891024-4125969",1,1,1,1,0,0,1,0,0,1,"equal"
"810718-2398453",1,1,1,0,0,1,1,1,0,0,"equal"
"671113-4926368",1,0,1,0,1,0,0,0,0,1,"equal"
"740224-2670126",1,0,1,1,1,1,1,0,1,0,"equal"
"850315-4467132",0,0,0,1,1,1,0,1,0,0,"equal"
"960618-1777399",0,1,0,1,0,1,0,1,0,1,"equal"
"660625-4338543",0,0,0,1,1,0,1,1,0,1,"equal"
"610621-2759420",1,1,0,0,0,1,1,1,1,1,"equal"
"991116-2868241",1,0,1,0,0,1,1,1,0,1,"equal"
"531228-3092495",0,0,1,1,1,0,1,0,0,1,"equal"
"570511-2085803",0,0,1,0,0,0,0,0,1,0,"equal"
"510218-1229791",0,1,1,1,0,1,1,1,0,0,"equal"
"760517-4836877",1,1,0,0,0,1,1,0,1,0,"equal"
"600427-3654767",1,0,0,1,1,0,0,0,0,1,"equal"
"590509-3609729",1,1,0,0,0,0,0,0,1,0,"equal"
"500702-3244251",1,0,0,0,0,0,0,1,1,1,"equal"
"610714-4896217",0,0,1,0,1,0,1,1,1,1,"equal"
"840712-4459083",0,0,0,0,0,1,0,0,1,1,"equal"
"951027-4469243",0,0,1,0,1,1,1,0,0,1,"equal"
"860119-3002515",0,0,0,1,1,0,0,0,0,0,"equal"
"631016-4969046",0,1,0,1,1,1,0,1,0,1,"equal"
"900125-1503136",1,1,1,0,1,1,0,1,0,1,"equal"
"850405-3398934",1,0,0,0,0,1,0,0,1,0,"equal"
"721202-1648896",1,1,0,1,1,1,0,1,1,1,"equal"
"620807-4112289",0,1,0,0,1,1,0,0,0,0,"equal"
"631222-1184472",0,1,1,0,1,1,0,1,0,1,"equal"
"780623-3537325",1,1,1,0,0,1,0,1,0,0,"equal"
"801126-3393797",0,0,0,1,1,1,0,0,1,0,"equal"
"650812-1103171",1,1,1,1,0,0,0,1,1,1,"equal"
"540702-2394067",1,0,1,1,0,0,0,1,1,0,"equal"
"611004-2091629",1,1,1,1,1,1,1,1,1,1,"equal"
"600414-1474826",1,0,1,0,0,1,0,0,0,1,"equal"
"570317-1573790",1,1,1,0,0,1,0,1,1,0,"equal"
"841223-4367572",1,1,0,1,1,1,0,1,0,1,"equal"
"760507-4325032",1,1,0,0,1,0,1,0,0,0,"equal"
"841226-1732635",1,1,1,1,1,0,0,1,1,0,"equal"
"520115-1536545",0,1,0,0,1,1,0,1,1,1,"equal"
"670217-3404099",0,0,1,0,1,0,1,1,1,1,"equal"
"740712-3192330",1,0,0,0,0,1,1,1,0,0,"equal"
"590325-3053519",1,1,0,1,0,0,0,1,1,0,"equal"
"570226-2451853",1,0,0,1,0,1,1,1,1,0,"equal"
"580709-3188813",1,0,0,1,0,1,1,1,1,1,"equal"
"800301-3504516",0,0,1,1,1,1,0,1,0,1,"equal"
"710414-4773268",1,0,1,1,1,1,1,0,1,1,"equal"
"820418-3976087",0,1,0,0,0,1,0,0,1,1,"equal"
"911027-1904300",0,1,1,1,1,0,1,0,1,0,"equal"
"860210-2801320",0,0,0,1,0,1,0,0,0,0,"equal"
"961016-1813903",1,1,1,1,1,1,0,1,0,0,"equal"
"520411-2140373",1,1,1,0,0,0,1,1,1,1,"equal"
"570523-2877846",0,1,0,0,1,0,0,1,0,0,"equal"
"760618-1557034",0,0,1,0,1,0,1,1,0,1,"equal"
"681220-2306100",0,0,1,0,1,1,1,0,1,0,"equal"
"560922-4139468",0,0,0,1,1,1,1,1,1,0,"equal"
"551128-4177036",1,0,1,0,1,0,0,1,0,1,"equal"
"600323-2550185",1,0,0,0,1,0,1,1,1,1,"equal"
"990108-3164238",1,1,0,0,0,0,1,1,1,0,"equal"
"700625-4935405",0,1,1,1,0,1,1,1,1,1,"equal"
"931117-3377228",0,0,0,0,1,1,1,1,0,1,"equal"
"620418-4509994",0,1,0,0,0,1,1,0,0,1,"equal"
"710908-3795374",0,0,1,1,1,1,0,0,1,0,"equal"
"630518-3551804",0,0,0,1,1,1,0,0,1,0,"equal"
"520209-2989852",0,0,0,0,1,0,1,1,0,0,"equal"
"760302-4212244",0,1,0,0,0,1,1,1,0,1,"equal"
"810818-2495613",0,0,0,0,0,0,0,0,1,1,"equal"
"821119-3561087",0,0,0,0,1,1,1,0,1,1,"equal"
"920905-4726124",0,0,0,0,1,1,1,0,0,0,"equal"
"840423-4524661",1,1,1,0,1,0,0,1,1,1,"equal"
"650710-3183973",0,1,0,0,0,1,1,1,0,1,"equal"
"980921-4788498",1,0,0,1,1,0,0,0,0,1,"equal"
"760412-1170135",1,0,1,0,1,0,1,0,0,0,"equal"
"580121-3878075",0,1,0,1,0,1,0,0,1,1,"equal"
"860621-4377734",0,1,0,0,1,0,0,1,1,1,"equal"
"771009-3736899",1,1,1,1,0,1,0,0,0,1,"equal"
"750411-3073846",1,0,1,1,1,0,0,1,0,0,"equal"
"721205-3573719",1,1,0,1,0,1,0,0,0,1,"equal"
"520428-3245269",1,1,0,1,1,1,1,1,0,0,"equal"
"930516-3788329",0,1,1,1,1,0,1,0,1,1,"equal"
"990406-4801370",1,1,1,0,0,1,0,0,1,1,"equal"
"810528-3306284",1,0,0,0,1,1,0,1,1,1,"equal"
"920807-2901937",1,1,0,0,1,0,1,1,0,1,"equal"
"780419-3533781",0,1,0,0,1,0,1,1,1,1,"equal"
"500912-2512973",1,0,1,0,1,1,1,1,1,1,"equal"
"821210-4349403",0,1,1,1,1,0,0,1,1,1,"equal"
"840323-1979318",0,1,1,1,0,1,0,0,0,0,"equal"
"620323-2259340",0,1,0,1,0,1,1,0,0,1,"equal"
"750325-3856908",0,0,1,1,1,1,1,1,1,1,"equal"
"510702-2251966",0,0,0,0,1,1,0,1,0,1,"equal"
"570723-3878356",0,0,0,0,0,0,1,1,1,1,"equal"
"900706-1018403",1,0,0,0,1,0,1,0,1,1,"equal"
"790503-2699986",0,1,1,1,0,0,0,0,1,1,"equal"
"681102-4831479",1,1,0,0,0,0,1,0,0,1,"equal"
"960418-1484003",1,1,1,0,1,1,0,1,1,0,"equal"
"680115-2773185",1,1,1,1,1,1,1,0,0,0,"equal"
"671117-4248144",1,1,1,0,1,1,0,0,0,0,"equal"
"670606-2788358",0,1,1,1,1,0,0,1,1,0,"equal"
"750220-4353341",0,1,1,1,1,1,0,0,1,0,"equal"
"810613-1710187",0,0,1,1,0,1,1,1,0,1,"equal"
"960427-3329823",1,1,1,1,0,0,0,1,1,0,"equal"
"800720-1084247",0,1,1,1,0,0,1,0,1,0,"equal"
"960108-2094610",0,0,0,0,1,1,1,0,0,1,"equal"
"951226-4766854",0,1,0,0,0,1,1,1,0,0,"equal"
"610524-1715622",1,0,1,0,0,0,0,0,0,0,"equal"
"960615-3829054",1,0,1,0,0,1,1,1,1,1,"equal"
"510420-4195094",1,0,0,1,0,1,0,1,1,1,"equal"
"530528-1165599",0,0,0,0,1,0,1,0,0,1,"equal"
"710708-2696711",1,1,0,1,1,1,0,0,1,1,"equal"
"990328-1268990",1,0,0,1,0,0,1,1,0,1,"equal"
"690311-3317773",1,1,1,1,1,0,1,0,0,1,"equal"
"621207-2797186",1,1,0,0,0,1,0,0,1,1,"equal"
"960512-3976973",0,1,0,1,0,1,0,1,1,1,"equal"
"631224-4073159",1,0,0,0,0,1,0,1,0,1,"equal"
"680824-1187060",1,1,1,1,0,0,1,0,1,0,"equal"
"591105-3098537",0,1,1,0,1,0,0,1,0,0,"equal"
"700103-2185141",0,1,0,1,0,0,0,0,0,0,"equal"
"750109-2763005",1,1,0,0,1,1,1,1,1,0,"equal"
"960304-2935722",0,1,1,1,1,0,0,0,1,1,"equal"
"500320-1299748",0,1,1,1,1,0,1,0,0,1,"equal"
"700123-1089629",0,1,1,1,0,0,1,1,0,1,"equal"
"941210-3791686",1,0,1,1,0,1,1,0,0,1,"equal"
"810706-1167135",1,1,1,0,1,0,1,1,0,0,"equal"
"580221-1785060",1,0,1,0,0,0,1,1,0,1,"equal"
"530415-3327284",0,0,0,1,1,0,1,1,1,1,"equal"
"740405-2085936",0,0,1,1,1,0,0,0,0,1,"equal"
"690724-4372882",1,1,0,1,0,0,1,0,0,0,"equal"
"990728-1569305",0,1,0,1,1,0,1,0,0,0,"equal"
"950210-3169752",1,0,0,1,1,0,1,0,1,0,"equal"
"830413-1353198",1,1,0,1,1,0,1,0,0,0,"equal"
"860726-1656330",1,1,1,0,0,1,0,0,1,0,"equal"
"780820-4401810",0,1,0,0,1,1,0,0,0,1,"equal"
"560416-2349689",1,1,0,1,0,0,1,1,1,1,"equal"
"590121-2840432",1,1,1,0,1,0,1,1,1,0,"equal"
"761206-4907059",0,1,0,1,0,1,1,1,1,1,"equal"
"600522-3428003",0,1,0,1,1,0,0,0,0,1,"equal"
"780408-2202013",1,1,0,1,1,1,0,0,1,0,"equal"
"870927-1697298",1,1,0,1,0,0,0,0,0,0,"equal"
"921005-2869192",0,0,0,1,0,1,0,1,1,0,"equal"
"591108-1300643",1,0,0,0,1,0,1,0,0,0,"equal"
"670606-4824527",1,1,1,1,1,0,0,1,1,0,"equal"
"850313-2122208",0,1,1,0,0,0,1,0,0,0,"equal"
"900512-1132697",1,1,1,1,1,1,1,1,0,1,"equal"
"890519-3666113",0,0,1,1,1,0,0,0,0,1,"equal"
"580222-3084276",0,1,1,1,0,0,0,0,0,0,"equal"
"980712-2192206",1,0,0,0,0,1,1,0,1,0,"equal"
"771120-1479843",1,0,0,0,1,1,0,1,1,0,"equal"
"610527-2520430",0,0,0,1,1,1,0,0,1,0,"equal"
"710401-1334379",0,0,1,0,0,1,1,1,0,0,"equal"
"970703-4570327",0,0,0,0,1,0,1,0,0,0,"equal"
"560111-4466220",1,0,0,0,0,1,0,0,1,1,"equal"
"920304-4709094",1,1,1,0,1,0,1,0,0,0,"equal"
"971217-3939090",0,1,0,0,1,1,1,0,1,0,"equal"
"751206-1005882",0,0,0,0,0,1,0,1,0,1,"equal"
"911025-3732665",0,1,1,0,1,0,0,0,1,0,"equal"
"650519-4168066",1,0,0,0,1,1,0,0,0,1,"equal"
"520918-4219994",0,1,0,0,0,1,1,0,0,1,"equal"
"570525-3577115",0,0,0,1,1,1,0,0,0,1,"equal"
"890525-3368075",1,0,0,0,1,0,0,1,1,1,"equal"
"800318-2342899",1,0,1,0,1,0,1,0,1,0,"equal"
"990319-2847142",1,1,0,0,1,1,1,1,1,0,"equal"
"701028-2686732",0,0,0,1,0,1,0,0,1,0,"equal"
"891202-2697323",1,0,1,1,0,0,0,1,0,0,"equal"
"951113-1752771",0,1,1,1,1,0,0,1,1,1,"equal"
"860916-2976968",1,0,0,1,0,1,1,0,0,1,"equal"
"970123-2546259",0,0,0,0,0,1,1,1,1,0,"equal"
"851215-1993428",0,1,1,0,1,0,0,0,1,1,"equal"
"571025-4231550",0,1,0,1,0,1,1,0,1,1,"equal"
"660921-1784271",0,0,1,0,0,1,1,1,0,1,"equal"
"820322-3269076",0,0,0,1,0,0,0,1,1,1,"equal"
"530707-2845925",0,0,0,0,0,1,1,1,1,0,"equal"
"631111-4903949",0,1,0,0,0,0,0,0,1,1,"equal"
"690127-3153401",1,1,1,1,1,0,1,1,1,1,"equal"
"890318-3804093",0,0,1,0,0,1,1,1,1,1,"equal"
"810506-2724838",1,0,1,1,0,0,0,1,0,0,"equal"
"611113-2878814",1,0,0,1,1,0,0,1,1,0,"equal"
"931228-2937844",0,0,0,1,1,1,1,1,0,0,"equal"
"640907-1636385",1,0,1,0,1,1,1,0,1,1,"equal"
"720807-2805777",1,1,0,0,0,0,0,0,1,0,"equal"
"971112-3836443",0,1,1,1,1,0,1,1,0,0,"equal"
"711202-3091821",1,0,0,0,0,1,0,1,1,1,"equal"
"550603-1529066",0,0,1,1,0,0,1,0,0,1,"equal"
"600503-1805649",0,0,0,1,0,1,0,1,0,0,"equal"
"950705-3319482",0,0,0,1,1,1,1,0,1,0,"equal"
"610825-1487961",0,1,0,0,0,1,1,0,0,0,"equal"
"720103-2672622",1,1,1,1,0,1,0,0,1,1,"equal"
"910514-4306289",1,0,0,0,1,1,1,0,1,0,"equal"
"530628-4941271",1,1,1,0,0,1,0,0,0,1,"equal"
"560325-4621779",1,0,0,0,0,1,0,1,0,0,"equal"
"900701-4843827",0,0,0,1,0,0,0,0,0,0,"equal"
"791128-3696284",0,0,0,0,0,1,0,1,0,1,"equal"
"861019-4709407",1,0,1,0,1,1,1,0,0,1,"equal"
"851117-4328553",0,0,0,1,0,1,0,1,0,1,"equal"
"630817-3546476",0,1,0,0,0,0,1,1,0,0,"equal"
"921028-2743246",0,1,0,0,1,0,1,0,1,1,"equal"
"941021-2480968",0,0,1,0,1,0,0,1,1,1,"equal"
"701003-4799025",0,1,1,1,0,0,0,1,1,0,"equal"
"510525-2294677",0,0,1,0,0,0,0,1,0,1,"equal"
"920628-4123805",1,0,1,1,1,1,1,1,0,0,"equal"
"631120-3193537",0,0,1,0,0,1,1,1,1,0,"equal"
"550214-1372149",0,0,0,0,0,0,1,1,0,0,"equal"
"851221-4321029",0,0,0,0,1,0,0,0,1,1,"equal"
"561003-2133365",1,0,1,1,0,0,0,1,0,1,"equal"
"841001-4685293",1,1,1,1,0,0,0,0,0,1,"equal"
"560715-2454023",0,1,1,0,1,0,1,0,0,0,"equal"
"660813-1543865",0,0,0,1,0,0,0,1,1,1,"equal"
"970222-3966302",1,1,0,0,0,0,0,0,1,1,"equal"
"610127-2533585",0,1,1,1,1,0,0,0,1,0,"equal"
"970809-3732124",1,0,1,1,1,1,0,1,1,1,"equal"
"991210-3944642",1,0,0,0,1,0,1,1,1,0,"equal"
"681212-3660358",1,1,1,1,0,1,1,1,1,0,"equal"
"951206-4893636",1,0,1,1,1,1,0,0,0,1,"equal"
"510515-1806698",1,0,1,0,1,0,0,1,1,1,"equal"
"810424-3916739",1,1,1,1,1,0,0,1,1,0,"equal"
"680518-2172140",1,1,1,1,0,0,1,0,0,0,"equal"
"790115-3815918",0,1,1,1,1,0,1,1,0,1,"equal"
"790524-2621202",0,0,1,1,1,1,0,0,0,0,"equal"
"550628-1793256",0,1,0,0,1,0,1,0,0,0,"equal"
"600608-1576333",1,0,0,1,1,0,1,1,0,1,"equal"
"520317-3704534",0,1,1,0,1,1,0,0,1,1,"equal"
"921101-2396855",0,1,1,0,0,0,1,1,0,1,"equal"
"920928-1653429",0,1,0,0,0,1,1,0,1,1,"equal"
"920908-1904439",1,1,0,0,1,1,1,0,1,0,"equal"
"560806-3636538",0,0,0,1,1,1,1,1,0,0,"equal"
"710426-2476662",1,1,0,1,1,1,1,0,1,0,"equal"
"790223-2091304",1,0,0,1,0,0,1,0,0,1,"equal"
"780419-2974465",0,0,1,1,1,0,0,0,0,1,"equal"
"581009-1021862",1,0,1,1,0,0,0,0,1,1,"equal"
"610215-1040183",1,0,1,0,0,1,1,0,1,1,"equal"
"650816-3308667",1,1,0,0,0,1,1,1,1,1,"equal"
"790105-1784880",1,1,0,0,0,1,0,1,1,1,"equal"
"630721-1638680",0,0,0,1,1,1,0,0,1,0,"equal"
"881103-3706934",0,1,0,0,1,1,1,1,0,0,"equal"
"610713-3089699",0,0,1,1,1,1,1,1,0,1,"equal"
"970627-4796193",0,0,0,1,0,0,0,0,0,1,"equal"
"940928-1364230",0,0,1,1,0,0,1,0,1,0,"equal"
"891003-1142405",0,0,1,1,1,1,1,1,1,0,"equal"
"630525-1649278",1,0,1,1,0,1,1,0,1,1,"equal"
"531027-3485915",1,0,0,0,1,1,0,1,1,0,"equal"
"830216-2319648",0,0,0,1,1,0,0,1,0,1,"equal"
"740716-3841636",1,0,1,1,1,1,0,1,0,0,"equal"
"910706-4216400",1,0,0,1,1,1,1,0,1,1,"equal"
"800617-1623334",0,0,0,0,0,1,0,1,1,1,"equal"
"951011-2639130",0,1,0,0,1,0,0,0,0,0,"equal"
"510227-3219868",1,0,1,0,0,0,0,1,1,1,"equal"
"550522-2718871",0,0,0,1,0,0,1,0,1,0,"equal"
"691011-1244378",0,1,1,0,1,0,0,0,0,1,"equal"
"860919-4533413",0,1,0,1,1,1,1,0,1,0,"equal"
"671128-1951226",0,0,1,0,1,0,1,0,0,0,"equal"
"501213-4727948",1,0,0,1,0,1,1,0,1,0,"equal"
"880717-1627767",0,0,1,1,0,0,1,0,0,1,"equal"
"711019-1044858",1,1,1,0,0,1,1,0,0,0,"equal"
"921209-2679895",1,0,0,0,0,0,0,0,0,0,"equal"
"510827-2662069",0,1,1,1,1,0,0,1,1,1,"equal"
"540924-1894440",0,0,1,1,1,1,0,1,0,1,"equal"
"600218-3994533",0,1,0,1,0,0,1,0,0,1,"equal"
"580701-3851954",0,0,1,0,0,1,1,1,0,1,"equal"
"611201-2709058",1,0,1,0,1,0,1,0,1,1,"equal"
"530924-4696095",1,0,0,0,1,0,0,1,0,1,"equal"
"870503-4162702",0,1,1,0,0,0,1,0,1,0,"equal"
"990616-4719885",1,0,0,0,1,0,1,0,1,0,"equal"
"870110-3264066",1,0,0,1,0,1,1,1,0,1,"equal"
"661228-4473142",0,1,0,0,1,0,1,0,1,1,"equal"
"940314-4156506",1,1,0,1,1,0,0,1,1,0,"equal"
"770718-3347586",1,1,0,0,0,1,0,0,1,1,"equal"
"531209-3885842",1,0,0,1,0,1,0,1,1,1,"equal"
"920408-4457805",1,0,1,1,0,1,0,0,1,1,"equal"
"760723-4420101",1,1,1,0,0,0,1,1,1,1,"equal"
"941128-4479740",0,0,0,1,1,0,1,1,0,1,"equal"
"600920-2153799",1,1,0,1,1,1,0,0,1,0,"equal"
"830106-4223952",1,1,0,1,0,0,1,1,1,1,"equal"
"660117-1638610",0,1,0,1,0,0,1,0,1,0,"equal"
"641012-3484642",0,1,0,0,1,1,1,1,1,1,"equal"
"880401-1720430",0,0,0,0,1,1,0,1,0,1,"equal"
"651010-2830137",0,0,0,0,0,0,0,0,0,1,"equal"
"521024-2515158",0,1,1,0,0,1,1,1,0,0,"equal"
"640101-3350486",0,1,1,0,0,1,0,0,1,0,"equal"
"520715-3924311",1,0,1,0,1,1,1,1,1,1,"equal"
"640605-3810803",0,0,1,0,1,0,1,1,1,0,"equal"
"720704-4654252",0,1,0,0,1,1,0,1,0,1,"equal"
"840607-4907424",0,0,0,0,0,0,1,1,1,1,"equal"
"990320-2859577",1,1,1,0,0,1,0,0,1,0,"equal"
"660811-3337241",1,0,0,1,1,1,0,0,0,1,"equal"
"760111-4316766",0,0,1,1,0,0,1,0,1,1,"equal"
"660317-4213824",1,1,1,0,0,0,0,0,1,0,"equal"
"790424-4370595",1,0,1,1,1,0,0,0,1,0,"equal"
"600902-3696547",0,0,1,0,1,1,0,0,1,1,"equal"
"990425-2806294",1,0,1,0,1,1,1,1,0,1,"equal"
"810606-2293020",1,0,1,1,0,0,1,1,1,1,"equal"
"540911-4459297",0,1,0,0,0,1,0,0,0,0,"equal"
"500513-1188052",1,1,1,1,1,0,1,1,0,1,"equal"
"910212-3359742",0,0,1,1,0,0,1,1,0,0,"equal"
"951222-4107318",1,1,0,0,0,0,0,1,1,1,"equal"
"630504-2166212",0,1,1,1,1,1,1,0,1,1,"equal"
"941022-4312082",1,1,1,1,1,0,1,1,0,1,"equal"
"810911-1197805",0,0,0,0,1,0,1,0,0,1,"equal"
"680109-1448117",0,1,1,0,0,0,1,0,0,1,"equal"
"520428-2450939",1,1,1,1,0,1,0,0,1,1,"equal"
"530607-1730974",0,1,1,0,0,1,0,1,1,1,"equal"
"851105-1061301",0,0,0,0,1,1,0,1,0,0,"equal"
"870311-1813607",1,1,1,1,0,1,0,1,0,1,"equal"
"730816-2335200",1,1,0,1,1,1,1,1,0,0,"equal"
"980724-2955979",0,1,0,0,1,0,1,0,1,1,"equal"
"610422-2174304",0,0,0,0,1,0,0,1,1,1,"equal"
"980206-2186477",0,0,1,0,1,0,1,1,0,1,"equal"
"790622-2871223",0,1,1,0,0,1,1,1,0,0,"equal"
"560424-2916616",0,1,0,0,1,0,0,1,0,0,"equal"
"570405-3798157",1,1,0,1,0,0,1,0,1,0,"equal"
"820816-2990632",0,0,1,1,0,1,0,0,0,1,"equal"
"610107-2793715",1,1,1,0,1,1,0,1,0,0,"equal"
"831006-4944501",1,1,1,0,1,0,0,0,0,1,"equal"
"710825-1723681",1,0,0,1,1,1,0,1,1,0,"equal"
"540716-4293011",1,0,0,1,1,0,0,1,1,1,"equal"
"890110-4673997",0,0,0,0,0,1,0,0,0,0,"equal"
"570822-3671907",1,1,0,1,1,1,0,1,0,0,"equal"
"500910-3391597",0,1,0,0,0,1,0,1,1,1,"equal"
"860323-1770477",1,1,0,1,1,0,0,1,0,1,"equal"
"600225-1896458",1,0,1,1,1,1,0,1,1,1,"equal"
"800905-3404704",1,1,0,0,1,0,0,1,1,1,"equal"
"980324-1168232",0,1,0,0,1,1,0,0,1,1,"equal"
"680620-3617749",0,0,0,0,1,1,1,1,0,1,"equal"
"940728-4840736",0,0,0,0,0,0,1,0,0,0,"equal"
"600509-4017747",1,1,0,0,1,0,0,0,1,0,"equal"
"610725-2663695",1,0,1,0,1,1,0,1,1,1,"equal"
"670118-4527803",1,1,0,0,1,0,1,0,1,1,"equal"
"700506-3368173",1,0,0,0,0,0,1,1,0,1,"equal"
"790815-1375414",0,1,0,1,0,1,0,0,1,1,"equal"
"971006-3952337",0,0,0,0,0,0,1,0,0,1,"equal"
"760528-1156811",1,1,1,0,1,0,1,1,0,1,"equal"
"670213-4717462",1,0,1,0,0,0,0,0,1,1,"equal"
"851015-4341964",1,1,0,0,0,1,1,1,1,0,"equal"
"701127-2804604",1,0,0,0,1,0,1,0,0,1,"equal"
"641222-3215797",1,1,1,0,1,0,1,1,0,0,"equal"
"740923-4855111",1,1,0,1,1,0,0,0,0,1,"equal"
"971226-2071867",0,0,0,1,1,0,1,0,0,1,"equal"
"751207-3609278",1,0,1,0,1,1,0,1,1,1,"equal"
"751124-3336322",0,1,0,1,1,0,1,0,1,0,"equal"
"561217-4760121",0,1,1,0,1,0,0,1,1,1,"equal"
"820907-4144594",1,1,1,0,0,1,0,1,1,0,"equal"
"721222-3967556",0,0,0,0,1,0,0,0,1,0,"equal"
"741013-2886127",0,1,1,1,1,0,0,1,0,1,"equal"
"820405-3700497",1,0,1,0,1,0,1,1,1,1,"equal"
"750224-1856571",1,1,0,0,0,1,1,0,0,0,"equal"
"560522-4626906",0,1,1,1,0,0,1,1,1,1,"equal"
"791219-3491144",0,1,0,0,1,0,1,0,1,0,"equal"
"880612-4276117",1,0,1,0,1,0,0,0,0,0,"equal"
"810122-4149296",1,1,0,1,1,0,0,1,1,0,"equal"
"630902-1294692",1,1,1,1,0,0,1,1,1,1,"equal"
"960824-1529483",1,0,1,1,0,1,0,1,0,1,"equal"
"611103-3568097",0,0,0,1,0,0,1,1,1,1,"equal"
"520123-3896640",1,1,0,0,1,0,1,1,1,0,"equal"
"620225-1073754",1,1,0,1,1,1,0,1,0,1,"equal"
"801219-1836472",0,1,0,1,0,1,1,1,1,1,"equal"
"770319-1141150",1,0,1,1,0,1,1,1,0,0,"equal"
"900421-2553122",1,1,0,0,0,1,1,1,1,0,"equal"
"580613-1947439",0,0,0,0,1,1,1,1,0,1,"equal"
"640404-4585613",1,1,0,0,0,0,1,0,0,0,"equal"
"950407-1761666",0,0,0,1,1,1,0,0,0,0,"equal"
"931215-4555247",0,0,0,1,0,1,1,0,0,1,"equal"
"700602-4005047",1,0,0,1,1,0,0,1,0,1,"equal"
"950825-1217262",1,1,0,0,1,0,1,1,0,0,"equal"
"721015-4486934",0,1,1,0,0,0,0,1,1,1,"equal"
"900418-1825386",1,1,1,1,0,0,1,1,1,1,"equal"
"620724-1417400",0,0,0,1,1,1,1,1,0,1,"equal"
"870708-3205209",1,1,0,0,1,0,1,0,0,1,"equal"
"980324-4140474",0,0,1,1,1,0,0,1,1,1,"equal"
"891012-3919124",0,0,1,1,1,0,0,0,1,1,"equal"
"910518-1677084",1,1,1,1,1,1,1,0,1,1,"equal"
"740209-2680436",1,0,1,0,1,1,1,0,1,0,"equal"
"771109-2676934",1,1,0,1,1,1,1,1,0,1,"equal"
"920104-1672028",0,1,0,0,1,1,0,0,1,0,"equal"
"770625-2078430",0,0,0,0,0,0,1,1,1,1,"equal"
"791006-2274452",0,1,0,1,1,0,0,1,0,0,"equal"
"710127-3255472",1,1,1,0,1,1,1,0,1,1,"equal"
"560910-3562601",1,1,1,1,0,1,0,0,1,0,"equal"
"690416-1685522",1,0,1,1,1,0,1,1,1,1,"equal"
"740315-3032499",0,1,0,0,0,1,0,1,0,1,"equal"
"750821-2750539",0,0,0,1,1,0,0,1,0,1,"equal"
"601216-3232384",0,0,1,0,0,0,1,0,0,0,"equal"
"540113-2837933",1,1,1,1,1,1,0,1,0,1,"equal"
"910825-3191892",0,0,0,1,0,0,0,1,1,0,"equal"
"541228-3755875",1,0,1,0,1,0,1,0,0,0,"equal"
"971106-2830413",0,1,1,1,1,1,0,1,0,1,"equal"
"560425-4963981",0,0,0,1,1,0,1,0,0,1,"equal"
"581116-2675724",1,0,0,1,1,0,0,0,1,0,"equal"
"920704-1936464",0,0,0,1,0,0,0,0,1,0,"equal"
"581016-1835558",1,1,1,1,0,0,0,1,0,1,"equal"
"640225-4494661",1,1,0,1,1,0,0,1,1,1,"equal"
"721101-3903140",1,1,0,0,1,1,0,0,1,0,"equal"
"991017-2315836",1,0,1,1,0,1,0,0,1,0,"equal"
"760202-3674036",0,0,1,1,0,1,1,0,0,1,"equal"
"961017-3392304",0,0,1,1,0,1,1,1,1,1,"equal"
"860109-3616056",0,0,0,0,0,0,1,0,0,0,"equal"
"691121-4128613",0,1,0,1,1,1,0,1,1,0,"equal"
"600314-4880116",1,0,0,0,1,0,1,1,1,0,"equal"
"780320-1783467",1,0,1,0,1,1,1,0,0,0,"equal"
"941117-3766307",0,1,1,0,0,1,0,1,1,0,"equal"
"900809-2817941",1,1,0,1,0,0,1,0,0,1,"equal"
"740310-1620376",1,1,0,0,1,0,1,0,1,1,"equal"
"600307-4680565",1,1,1,1,0,0,1,1,1,1,"equal"
"500725-3748740",0,1,0,1,0,0,1,1,0,0,"equal"
"750218-3354642",0,1,1,0,1,1,1,1,1,0,"equal"
"880907-3172464",0,0,0,0,0,0,1,1,0,0,"equal"
"900217-3175534",0,0,1,1,0,1,0,0,1,1,"equal"
"970304-2665832",0,0,0,0,0,1,1,1,1,1,"equal"
"830503-2522502",1,0,0,1,0,1,0,1,1,1,"equal"
"840826-2308246",0,1,0,1,1,1,0,0,0,0,"equal"
"570819-4185457",0,0,1,0,1,1,0,1,0,1,"equal"
"890903-2901635",0,1,0,0,0,1,1,1,1,0,"equal"
"841211-2168008",1,1,0,1,1,0,0,0,0,1,"equal"
"941102-3363530",1,1,0,0,0,1,1,1,0,1,"equal"
"810303-3146455",1,1,0,1,0,0,1,0,0,1,"equal"
"870917-4028837",1,0,0,1,1,0,0,1,0,1,"equal"
"631022-2978270",0,1,0,0,0,0,1,0,0,0,"equal"
"701003-4200691",0,1,0,1,1,1,1,1,1,1,"equal"
"960714-4209505",1,1,1,0,1,1,1,0,1,1,"equal"
"721212-1333036",1,1,1,1,1,0,0,0,0,1,"equal"
"651023-3799354",0,1,0,0,0,1,0,0,0,0,"equal"
"520223-1744954",0,1,0,0,0,0,1,1,1,0,"equal"
"770222-4106083",0,1,0,1,1,0,0,0,1,1,"equal"
"600221-4799758",0,1,1,0,1,1,0,0,1,1,"equal"
"790607-1123916",1,1,1,1,1,1,1,1,0,1,"equal"
"880510-1870875",1,0,1,1,1,1,1,0,1,1,"equal"
"940609-1668090",1,1,0,0,0,1,0,1,0,1,"equal"
"920513-3466637",1,0,1,0,0,0,1,1,1,0,"equal"
"950407-1525537",1,1,1,0,0,1,0,1,1,1,"equal"
"771115-2178020",1,1,1,0,0,1,0,1,0,0,"equal"
"770221-1913750",0,0,0,0,0,1,0,1,1,1,"equal"
"880101-4508218",0,0,1,0,0,1,0,0,0,1,"equal"
"770706-3576341",0,0,0,0,1,1,1,1,0,0,"equal"
"900807-4277906",0,0,0,0,0,1,1,1,0,0,"equal"
"841208-2593330",1,0,1,1,0,1,1,1,1,0,"equal"
"930627-1708168",1,1,1,1,1,1,1,1,0,1,"equal"
"980605-1588613",0,0,0,0,0,1,0,1,1,0,"equal"
"920206-2299254",0,0,0,0,1,0,1,1,1,1,"equal"
"940510-4393825",1,1,0,1,1,0,0,1,0,1,"equal"
"610705-2952198",1,1,0,1,1,1,1,0,1,0,"equal"
"890605-2438788",1,1,0,1,1,0,1,1,1,1,"equal"
"580326-1601502",0,0,1,0,1,0,0,0,1,0,"equal"
"641004-3078799",1,1,1,1,1,0,1,0,0,0,"equal"
"541024-2929052",1,0,0,0,0,1,1,1,1,1,"equal"
"710620-3471206",0,0,0,0,0,1,1,1,1,1,"equal"
"951026-1207635",1,0,1,1,1,0,0,1,0,1,"equal"
"720203-4961416",1,0,0,0,1,0,1,1,1,1,"equal"
"620317-3522504",1,0,0,1,1,1,1,1,1,0,"equal"
"911104-1754414",0,0,0,1,1,0,1,0,1,1,"equal"
"640511-4397583",1,1,0,1,0,0,1,1,1,0,"equal"
"620202-1345801",0,0,0,1,0,1,0,0,1,1,"equal"
"510402-2765980",0,0,0,0,0,0,1,1,0,1,"equal"
"881202-1856495",0,1,0,0,1,1,1,1,1,1,"equal"
"771006-3591059",1,1,1,0,0,1,0,1,0,1,"equal"
"670711-2261477",0,0,1,0,0,0,0,1,0,0,"equal"
"531007-2106323",0,1,0,0,1,1,1,1,1,1,"equal"
"951014-4229956",1,1,0,1,0,1,0,0,0,1,"equal"
"840203-2753662",1,1,0,0,0,1,0,1,1,1,"equal"
"650803-3296528",0,0,0,1,0,0,1,1,1,1,"equal"
"611211-3273617",1,1,0,0,0,0,0,0,0,0,"equal"
"810808-2900952",0,1,0,0,1,0,1,0,1,1,"equal"
"970124-3871841",1,0,1,1,1,0,1,0,1,1,"equal"
"921226-1357807",1,0,0,0,0,1,0,1,1,0,"equal"
"890604-2261853",0,1,0,1,1,0,0,1,1,0,"equal"
"781004-3255684",1,0,1,0,1,0,1,1,0,0,"equal"
"711204-4333743",0,0,1,1,0,1,1,0,1,1,"equal"
"650816-1619600",0,0,0,1,0,1,0,0,1,1,"equal"
"690601-2786118",0,1,0,0,0,1,1,1,1,0,"equal"
"740320-2392202",1,0,1,0,0,1,1,1,1,0,"equal"
"610512-4589665",0,1,1,0,1,0,0,1,0,1,"equal"
"761108-2543238",0,1,1,0,0,1,0,0,0,1,"equal"
"711210-1028646",1,1,1,1,1,1,1,0,0,0,"equal"
"910408-3540534",0,0,1,1,1,1,0,1,1,0,"equal"
"611108-2906711",1,0,1,0,1,0,0,1,1,1,"equal"
"931118-1306828",0,1,0,1,1,0,1,0,1,1,"equal"
"851115-1680649",0,1,0,0,0,0,0,0,1,0,"equal"
"700505-2446051",1,0,1,0,0,1,1,1,1,0,"equal"
"610326-4645368",0,1,1,1,0,1,1,1,1,1,"equal"
"610204-4495276",0,0,1,0,0,0,0,1,1,1,"equal"
"560807-3372292",1,0,0,1,0,1,1,1,0,1,"equal"
"980309-4086657",0,0,0,0,1,0,0,1,1,1,"equal"
"550311-3419006",1,1,0,1,0,0,0,0,1,0,"equal"
"520816-2537788",0,1,1,0,0,0,1,0,1,1,"equal"
"840622-1894402",1,1,0,1,0,0,1,0,0,1,"equal"
"680104-4347446",0,0,1,0,0,1,0,0,1,0,"equal"
"570810-4772113",0,0,1,1,0,1,0,0,0,0,"equal"
"831125-3057679",0,1,1,1,0,1,0,1,1,0,"equal"
"580113-3337085",0,0,1,0,0,0,0,1,0,0,"equal"
"970323-1208258",0,0,0,1,0,0,1,0,1,0,"equal"
"890709-3255367",0,0,0,1,0,0,0,0,1,1,"equal"
"990205-1094574",0,0,0,0,0,1,0,1,1,1,"equal"
"840315-1224454",0,0,1,1,0,0,1,1,1,0,"equal"
"960621-4185922",1,0,1,0,1,0,0,1,1,0,"equal"
"520110-2841979",0,1,1,0,0,1,0,0,1,1,"equal"
"730617-3090991",1,0,0,0,1,1,0,0,0,0,"equal"
"880527-3550330",1,0,0,1,0,1,0,1,0,0,"equal"
"980113-3428971",0,1,1,0,0,1,0,1,0,0,"equal"
"700713-2381581",0,1,1,0,1,1,1,1,0,0,"equal"
"670803-1873832",0,1,1,1,1,1,0,0,0,0,"equal"
"580914-3497383",0,0,0,1,1,0,0,0,1,0,"equal"
"801118-4156273",0,0,0,0,1,0,1,0,1,1,"equal"
"790411-1863714",1,1,0,0,1,0,1,0,1,0,"equal"
"860225-1723664",1,1,1,1,1,1,1,0,0,1,"equal"
"880616-4298933",0,1,0,0,0,0,0,1,1,0,"equal"
"701122-1908750",1,0,0,0,1,1,1,0,1,1,"equal"
"940921-4718186",1,1,0,0,0,1,1,1,1,1,"equal"
"671003-4002016",0,1,1,0,0,1,0,0,0,1,"equal"
"680311-4921514",0,0,0,1,0,0,1,1,1,1,"equal"
"860423-1016987",0,0,0,0,1,1,0,1,1,0,"equal"
"510502-1129044",1,1,1,0,0,1,1,0,1,0,"equal"
"700503-2772652",1,0,0,0,0,0,0,0,0,1,"equal"
"590817-1403891",0,0,0,1,1,1,1,1,0,1,"equal"
"800620-2802263",1,1,0,1,0,0,0,1,1,1,"equal"
"890809-1814735",1,0,0,1,1,0,0,1,0,0,"equal"
"680601-3872503",1,0,1,0,1,1,1,0,1,1,"equal"
"870914-3537749",0,1,0,0,1,0,0,0,1,1,"equal"
"841015-2226740",1,0,0,1,1,0,0,0,0,0,"equal"
"641022-3800700",1,0,0,1,1,0,0,0,0,0,"equal"
"640912-2397241",1,0,1,0,1,0,1,0,1,0,"equal"
"901213-1722624",0,0,1,0,0,1,1,0,1,1,"equal"
"670726-1311323",1,0,0,1,0,0,0,1,0,0,"equal"
"580205-4514111",1,1,0,1,0,1,0,1,0,0,"equal"
"700927-1549791",1,1,0,0,0,1,1,1,0,1,"equal"
"810102-3487994",0,0,1,1,1,0,0,0,1,0,"equal"
"590526-3631778",1,0,0,0,0,1,0,1,1,0,"equal"
"610919-1271490",0,0,0,1,0,1,1,0,0,1,"equal"
"640103-1056816",1,0,0,1,0,0,0,1,0,1,"equal"
"680413-3555769",0,0,0,0,0,1,1,1,0,1,"equal"
"560928-1311038",1,0,1,0,1,0,1,1,0,1,"equal"
"511127-3516551",1,0,1,0,0,1,1,0,0,1,"equal"
"600324-4990775",0,0,0,1,0,0,0,0,1,0,"equal"
"751028-4667034",1,0,1,0,1,1,1,0,0,1,"equal"
"900820-1467152",1,0,0,1,0,0,0,1,1,1,"equal"
"740227-4986571",1,0,1,1,1,0,0,1,0,0,"equal"
"801121-3651717",0,0,0,0,0,0,0,0,0,0,"equal"
"890415-3444095",1,0,0,0,1,1,1,0,1,0,"equal"
"790228-1155187",0,1,0,1,1,1,0,1,0,0,"equal"
"910611-1611890",1,1,1,1,1,0,0,1,0,0,"equal"
"530817-2380978",1,0,0,0,1,1,1,0,1,1,"equal"
"750121-2289050",1,1,1,0,0,1,0,1,0,1,"equal"
"590105-2609709",0,1,0,0,1,0,0,1,1,1,"equal"
"860403-1591313",0,0,0,1,0,1,0,1,1,0,"equal"
"830710-3858181",1,0,0,0,1,1,0,1,1,0,"equal"
"920417-3274819",0,1,1,0,0,1,0,0,0,1,"equal"
"520905-1011518",0,0,1,0,1,1,0,1,1,1,"equal"
"670705-3898006",1,0,1,0,1,1,1,0,1,0,"equal"
"830126-1002809",1,0,0,0,1,0,1,1,1,1,"equal"
"590912-2951651",1,1,0,0,0,1,1,1,1,1,"equal"
"620808-2104065",1,0,0,1,0,0,0,0,1,1,"equal"
"621215-1991748",0,1,0,1,0,0,1,0,0,1,"equal"
"510518-4952631",0,0,1,0,1,0,1,0,0,0,"equal"
"680409-2356224",0,0,0,0,0,0,0,0,1,1,"equal"
"650502-3722689",0,0,1,0,0,0,1,1,0,0,"equal"
"690403-2636528",1,1,0,0,0,0,0,0,0,1,"equal"
"620804-3666310",0,1,1,1,1,0,0,0,1,1,"equal"
"941222-3994386",1,1,0,0,1,1,0,0,0,0,"equal"
"860919-4595189",0,0,1,1,1,0,1,1,1,0,"equal"
"721215-1973815",0,0,1,1,1,1,0,1,1,1,"equal"
"730123-2896128",0,1,0,0,1,0,1,0,1,1,"equal"
"830904-3415787",0,1,0,1,0,0,1,1,0,1,"equal"
"770713-1322111",0,0,0,1,1,1,1,1,0,1,"equal"
"650608-3965446",0,1,1,0,1,0,1,0,1,0,"equal"
"771108-1379825",1,1,1,0,1,1,0,1,1,1,"equal"
"720722-3194669",0,1,1,1,1,1,1,0,1,1,"equal"
"770928-2992358",0,1,0,0,1,1,0,0,1,1,"equal"
"970122-1682013",1,0,1,0,1,0,0,0,1,0,"equal"
"910901-4954095",1,0,0,1,1,0,0,0,0,1,"equal"
"850310-3384351",0,0,1,1,1,1,0,1,0,1,"equal"
"800113-1836127",1,0,1,1,0,1,0,0,1,0,"equal"
"550815-2119482",0,0,0,0,1,1,0,0,1,1,"equal"
"790921-4696557",0,0,0,1,0,0,1,1,0,1,"equal"
"831121-1683444",0,0,1,0,1,1,1,1,0,0,"equal"
"970305-3846772",0,1,0,1,0,0,1,0,0,0,"equal"
"700622-4339317",1,0,0,1,1,1,1,1,1,1,"equal"
"651208-2555532",0,1,0,0,0,0,1,0,0,0,"equal"
"811106-4687005",0,1,0,1,0,1,1,1,0,1,"equal"
"950108-3452052",0,1,1,0,0,1,1,0,0,0,"equal"
"861223-3707812",0,0,1,0,1,0,0,1,1,1,"equal"
"540415-4780459",1,1,1,1,0,0,1,0,1,1,"equal"
"570727-3935109",0,0,0,0,0,1,0,1,1,0,"equal"
"680121-4177785",1,1,0,0,1,1,1,1,0,0,"equal"
"800726-2191906",0,1,0,0,1,1,0,0,1,0,"equal"
"840724-2113496",0,0,1,0,0,0,0,0,0,0,"equal"
"910711-1721680",1,1,0,1,0,1,1,1,0,1,"equal"
"650521-2486935",1,1,1,1,1,1,0,0,0,1,"equal"
"570218-2280159",0,0,1,0,1,0,0,0,1,1,"equal"
"760610-4992267",0,0,0,0,0,1,1,1,0,1,"equal"
"560214-4357553",1,1,0,0,0,1,1,0,0,0,"equal"
"850113-4273726",1,0,1,1,0,1,1,0,1,1,"equal"
"560524-3361734",1,0,1,1,0,0,1,1,0,0,"equal"
"910112-3971746",1,1,0,0,1,0,1,0,1,0,"equal"
"660605-2898403",0,0,1,1,0,0,0,1,1,1,"equal"
"541222-4216211",1,0,1,0,0,1,1,0,0,0,"equal"
"540504-1406216",0,1,1,0,1,0,0,1,1,1,"equal"
"621128-3930452",0,0,1,0,1,0,0,1,1,1,"equal"
"800716-4030496",1,1,0,0,0,1,1,1,1,1,"equal"
"500106-2872158",1,0,0,1,0,1,0,1,0,0,"equal"
"570801-4761432",0,0,0,1,1,0,1,1,1,0,"equal"
"820918-2875189",0,0,0,1,1,0,0,0,1,1,"equal"
"950214-3351413",0,1,1,1,0,0,1,0,1,1,"equal"
"830325-2355859",0,0,0,0,1,0,0,1,0,1,"equal"
"910723-3309083",1,1,1,0,1,1,0,1,0,1,"equal"
"500702-1858094",0,1,1,0,0,1,1,0,0,0,"equal"
"821107-3224959",1,1,1,1,1,1,0,0,0,1,"equal"
"730115-1147723",1,1,0,0,1,1,1,0,0,1,"equal"
"631219-4146934",0,0,1,1,0,0,1,0,1,1,"equal"
"600709-2725068",1,0,1,1,0,0,0,1,1,1,"equal"
"910718-3038668",1,0,0,1,1,1,0,1,0,1,"equal"
"510323-4064102",1,1,1,1,1,0,1,0,1,1,"equal"
"510603-3311845",1,1,0,0,1,1,1,1,1,1,"equal"
"840716-2945661",0,1,1,1,1,1,0,1,1,1,"equal"
"500814-1216943",0,1,1,1,0,0,0,1,0,0,"equal"
"890421-2885365",1,1,0,0,1,1,0,1,0,1,"equal"
"950825-2823501",0,1,0,0,0,0,0,1,1,0,"equal"
"871018-2833545",1,1,1,0,0,1,0,1,0,1,"equal"
"710928-1306004",1,0,0,0,1,1,1,1,0,1,"equal"
"871214-2753128",0,1,0,0,0,0,0,1,0,0,"equal"
"511027-3832231",1,0,1,1,0,0,1,1,1,1,"equal"
"590710-2772532",0,1,1,1,0,0,0,0,0,0,"equal"
"871217-1958829",1,1,1,1,0,0,0,1,1,0,"equal"
"900211-4929464",1,0,1,1,0,1,1,1,1,0,"equal"
"751217-3893387",1,1,0,1,0,0,0,1,0,0,"equal"
"880404-3061740",0,1,1,1,1,1,1,0,0,1,"equal"
"711123-4295582",1,1,0,1,1,1,0,0,1,1,"equal"
"940114-3537975",0,0,0,1,1,1,0,1,0,1,"equal"
"851009-1470967",0,0,1,1,1,1,1,1,1,0,"equal"
"710828-2763940",0,1,0,0,1,0,0,1,0,0,"equal"
"570701-3307911",1,0,0,1,1,1,0,0,1,0,"equal"
"820802-3355171",0,1,1,1,1,0,1,0,1,0,"equal"
"620923-2413909",0,0,0,1,0,1,1,1,0,0,"equal"
"700822-4889341",0,0,0,1,1,1,1,0,0,1,"equal"
"681108-2699174",1,0,0,0,1,0,0,1,1,1,"equal"
"750509-4432005",0,0,0,1,1,1,1,1,0,0,"equal"
"650403-1237784",1,0,0,0,0,0,1,1,0,1,"equal"
"611223-4026095",0,1,1,0,0,0,0,1,1,0,"equal"
"610626-4872239",0,0,0,1,1,0,0,0,1,0,"equal"
"861128-4613581",0,0,0,1,0,1,1,0,1,1,"equal"
"610110-1746088",0,1,1,1,0,0,1,1,0,0,"equal"
"821102-4848892",0,1,0,1,0,1,1,0,0,0,"equal"
"510303-4359703",0,0,0,0,0,1,1,0,0,0,"equal"
"620312-3884933",0,0,1,0,1,0,1,0,1,0,"equal"
"860820-4683697",0,1,0,1,0,0,0,0,0,0,"equal"
"801126-1118144",0,1,1,1,0,1,1,1,1,1,"equal"
"900308-3960049",1,1,1,1,1,0,0,1,0,1,"equal"
"551219-1227217",0,0,0,0,0,0,1,0,0,1,"equal"
"771221-3428818",1,0,0,1,1,1,0,1,0,0,"equal"
"810222-3939108",1,0,0,0,1,1,0,0,0,0,"equal"
"561109-1012379",1,1,0,1,0,1,0,1,1,0,"equal"
"950313-4901930",1,1,0,1,0,0,0,1,1,0,"equal"
"620221-3114759",1,1,1,0,0,1,1,0,0,1,"equal"
"590616-2748269",1,1,1,1,1,0,0,0,0,0,"equal"
"760304-2807127",0,1,1,0,0,1,0,1,1,1,"equal"
"520812-3367194",0,0,1,1,1,1,0,0,1,0,"equal"
"800509-4092777",1,0,1,1,1,0,0,1,0,0,"equal"
"890123-3616312",0,1,0,0,1,1,1,0,0,0,"equal"
"890802-1260491",0,0,1,0,0,0,0,0,0,1,"equal"
"760705-1719576",1,0,0,1,1,0,0,1,1,1,"equal"
"700717-4097686",0,0,0,1,1,1,0,1,1,1,"equal"
"781018-1291904",1,1,0,0,1,0,1,1,0,1,"equal"
"990328-1402693",1,1,1,0,1,1,1,0,0,1,"equal"
"870504-3258984",1,1,1,1,1,0,0,0,0,1,"equal"
"730301-4391896",1,0,0,0,0,1,1,0,0,0,"equal"
"770622-2708026",1,1,1,0,0,1,1,0,1,0,"equal"
"530318-3579401",0,1,1,0,0,0,0,0,0,0,"equal"
"810703-4014388",0,1,0,0,0,0,0,1,0,1,"equal"
"980419-3557200",1,0,1,1,0,1,0,1,1,0,"equal"
"780116-4878779",0,1,1,1,0,1,0,0,1,0,"equal"
"771210-3187152",0,0,0,1,0,0,0,0,0,1,"equal"
"931007-3503049",0,1,0,0,0,0,0,1,0,0,"equal"
"630722-2422727",0,0,1,1,0,1,1,1,1,1,"equal"
"710410-4642603",1,0,1,1,1,1,1,0,0,0,"equal"
"960803-2848127",1,1,0,0,0,1,0,0,0,0,"equal"
"630725-4234725",0,1,1,0,0,0,1,0,0,0,"equal"
"780113-4069409",0,1,1,0,0,0,0,1,1,0,"equal"
"700827-2264256",0,0,1,0,1,0,1,1,0,0,"equal"
"761028-3635378",1,1,1,1,1,1,0,0,0,0,"equal"
"760522-2594543",1,0,1,0,1,1,0,1,0,1,"equal"
"520316-4100623",0,0,0,0,1,1,1,0,0,0,"equal"
"690616-2491249",0,0,1,1,0,0,0,1,0,1,"equal"
"671107-4705408",1,0,0,1,0,0,1,1,0,1,"equal"
"530226-4207122",1,0,1,1,1,0,0,1,0,1,"equal"
"950211-3264426",0,0,0,0,1,1,0,1,1,0,"equal"
"930922-1139890",1,1,0,1,0,1,0,1,0,1,"equal"
"900425-1393584",1,0,1,0,1,0,0,1,1,0,"equal"
"910317-2305019",1,0,1,1,1,1,0,0,0,0,"equal"
"540118-4061755",0,0,1,1,0,0,1,0,0,0,"equal"
"861120-3572968",1,1,0,1,1,0,0,1,0,0,"equal"
"601213-4427052",1,1,1,1,0,0,1,1,1,1,"equal"
"760313-4063563",0,1,0,1,1,0,0,1,0,0,"equal"
"740402-1433312",1,0,1,1,1,1,1,1,0,1,"equal"
"690501-1473463",0,0,1,1,1,0,0,0,1,1,"equal"
"971105-1261243",1,1,1,0,1,0,0,0,1,1,"equal"
"690122-2122899",1,0,1,0,1,0,1,0,0,0,"equal"
"830102-4756669",1,1,1,1,1,0,1,1,1,1,"equal"
"730406-1719057",1,0,0,0,1,0,0,0,0,0,"equal"
"711124-1267906",0,1,1,1,1,0,1,1,1,1,"equal"
"661216-4219612",0,1,1,0,1,1,1,1,0,0,"equal"
"620719-3939177",1,0,1,1,1,1,1,0,1,1,"equal"
"610818-1066912",0,0,0,1,1,1,1,0,1,0,"equal"
"970328-4949057",1,1,0,1,0,0,0,0,1,1,"equal"
"911026-3902826",1,0,0,1,0,1,0,1,0,1,"equal"
"570204-1199763",0,1,1,1,0,1,1,0,0,1,"equal"
"710718-3527945",0,1,0,0,1,0,0,0,1,0,"equal"
"850927-2759974",0,0,1,1,0,0,1,0,0,1,"equal"
"930526-1985943",1,1,0,0,1,1,0,1,1,1,"equal"
"731223-2871951",0,0,0,1,1,0,1,0,0,1,"equal"
"620405-1565891",1,0,1,1,1,1,0,1,0,1,"equal"
"570714-1335409",1,1,0,1,0,1,0,1,1,1,"equal"
"830408-1031359",1,0,1,1,0,0,1,1,1,0,"equal"
"960814-2001167",1,1,0,0,0,1,1,1,1,0,"equal"
"551102-3031164",1,0,1,0,0,1,1,0,0,0,"equal"
"940825-3043198",0,1,0,0,1,1,1,0,0,0,"equal"
"571219-3815624",1,0,1,0,1,0,1,0,0,0,"equal"
"710927-1991829",1,0,0,1,1,0,1,0,1,0,"equal"
"670421-3661514",0,1,0,1,0,1,1,0,0,0,"equal"
"600309-3847584",1,0,0,1,1,0,1,1,0,0,"equal"
"841205-1982979",1,0,1,1,0,0,1,0,1,1,"equal"
"920516-2921563",0,0,1,0,0,0,0,0,0,1,"equal"
"510827-3918386",0,0,0,1,0,1,0,1,1,1,"equal"
"570901-2012471",1,1,1,0,1,0,1,0,1,1,"equal"
"631206-2212393",1,1,1,0,0,1,1,1,1,1,"equal"
"810408-3768517",1,0,0,1,1,1,1,1,0,1,"equal"
"730425-1738922",1,0,0,1,0,0,0,1,0,1,"equal"
"690609-3980651",0,0,1,0,1,1,1,1,0,0,"equal"
"861002-1229710",0,0,0,0,0,1,0,1,1,1,"equal"
"841007-2263776",0,1,0,1,1,1,1,1,0,0,"equal"
"790528-2106887",1,1,1,0,1,0,0,1,0,1,"equal"
"720703-1135902",0,0,0,0,1,1,0,0,0,1,"equal"
"930506-3394611",0,1,1,1,1,0,0,0,1,1,"equal"
"900521-1842924",1,0,1,1,1,1,1,1,0,1,"equal"
"570110-1062813",1,1,0,0,1,0,0,0,0,0,"equal"
"810709-2179539",1,0,0,1,1,0,1,0,1,1,"equal"
"870825-1533617",0,0,1,1,0,1,1,0,0,0,"equal"
"830403-1067701",1,1,1,1,1,1,0,0,1,0,"equal"
"540306-1743875",0,0,1,1,0,1,0,1,1,1,"equal"
"860527-2978649",1,0,1,1,1,1,0,0,1,0,"equal"
"600710-2129124",1,1,1,1,1,0,1,0,0,0,"equal"
"631014-2047779",1,0,1,1,0,0,0,0,0,1,"equal"
"700406-3405268",0,1,0,0,0,0,0,1,1,1,"equal"
"920409-2931931",1,1,1,1,0,0,1,1,1,0,"equal"
"650128-2846868",0,1,0,0,1,1,1,1,0,0,"equal"
"860127-3161972",0,1,1,1,1,0,0,1,1,0,"equal"
"890320-4429003",1,0,0,0,0,0,0,0,0,1,"equal"
"510604-3687709",1,0,1,1,1,0,0,1,0,0,"equal"
"870827-4966953",1,1,0,1,1,0,1,0,1,0,"equal"
"700117-3295400",1,0,0,0,1,0,0,1,1,1,"equal"
"821022-4348291",1,0,1,1,1,1,1,0,1,0,"equal"
"871005-1968973",0,1,0,0,0,0,1,1,0,0,"equal"
"950615-2014655",0,1,0,0,0,1,1,0,0,1,"equal"
"610828-3991892",0,1,1,1,1,1,0,1,0,0,"equal"
"560401-3009561",0,1,0,0,1,1,0,1,0,0,"equal"
"830801-4441640",0,1,1,0,0,1,1,0,0,1,"equal"
"510321-1139605",0,0,0,1,0,1,1,1,0,0,"equal"
"991023-2620067",1,0,0,0,1,0,0,0,0,1,"equal"
"940911-4070258",1,0,0,0,0,0,1,0,1,0,"equal"
"880308-3929503",0,1,1,1,1,1,0,0,1,1,"equal"
"830322-3600359",1,0,1,0,0,0,1,1,1,0,"equal"
"501202-1623927",1,0,1,0,0,1,0,1,1,1,"equal"
"501119-3880927",1,1,1,1,1,1,0,1,0,0,"equal"
"591222-4849962",1,0,0,0,1,0,0,1,0,1,"equal"
"730625-3993841",1,0,1,0,0,0,0,1,0,1,"equal"
"940408-3745981",0,1,0,0,0,0,1,1,0,1,"equal"
"980413-1996164",1,0,0,1,0,0,0,1,0,1,"equal"
"560904-3205369",0,0,0,0,1,1,0,0,0,1,"equal"
"531024-4080321",0,0,1,1,1,1,1,1,0,0,"equal"
"870817-3951191",1,0,0,0,1,0,1,1,1,0,"equal"
"830610-1567495",0,0,0,1,1,1,1,0,0,1,"equal"
"670808-3625653",0,0,1,0,1,1,0,0,1,0,"equal"
"610915-4770210",0,0,1,1,0,0,1,1,0,0,"equal"
"810416-4685665",0,0,0,1,0,1,1,0,0,0,"equal"
"990623-4559763",1,0,1,1,1,1,0,1,1,1,"equal"
"730405-1218938",1,0,0,0,1,1,1,0,1,1,"equal"
"980217-3502334",1,0,1,1,0,1,1,1,1,0,"equal"
"950122-1546483",0,1,0,1,0,1,0,1,1,0,"equal"
"941228-4144492",0,1,1,1,1,1,1,0,1,1,"equal"
"700128-2010800",1,0,1,1,1,0,1,0,1,0,"equal"
"530107-2054939",0,1,1,0,1,0,1,1,0,0,"equal"
"951220-3854337",0,1,1,0,0,1,1,0,1,0,"equal"
"820612-2466851",1,1,1,0,1,0,0,0,0,0,"equal"
"870423-4890458",0,1,0,0,0,1,1,0,1,1,"equal"
"670114-1514780",1,1,0,1,1,1,0,0,1,0,"equal"
"830311-3567103",0,0,0,1,0,0,1,1,0,0,"equal"
"980813-1740037",0,1,1,0,0,1,0,1,1,0,"equal"
"870311-1930847",1,1,0,0,0,0,0,1,0,1,"equal"
"631024-2660669",1,1,0,0,1,0,1,0,1,1,"equal"
"550615-4417329",0,1,1,1,0,1,0,1,0,1,"equal"
"941227-2082096",1,1,1,1,1,1,0,0,0,1,"equal"
"790616-3611026",1,1,1,0,0,0,1,1,1,1,"equal"
"771104-2071140",0,1,0,1,0,0,1,1,0,1,"equal"
"980617-4854346",1,1,0,0,1,0,0,0,1,1,"equal"
"841014-3483481",1,1,0,1,0,0,1,1,0,0,"equal"
"680506-1325757",0,1,0,0,1,1,1,1,0,0,"equal"
"500422-4389040",1,1,1,0,1,1,1,0,1,1,"equal"
"590817-2376025",0,0,0,0,1,1,1,0,1,0,"equal"
"830316-3685612",1,0,0,0,1,0,0,1,0,1,"equal"
"900703-4779912",1,0,0,1,0,1,0,0,1,0,"equal"
"870616-4933405",0,1,0,0,0,1,0,1,0,0,"equal"
"811006-1674307",1,0,1,0,1,1,0,0,0,0,"equal"
"510417-1439235",1,0,0,1,1,1,1,0,1,1,"equal"
"850414-2455933",1,0,1,1,0,1,0,0,0,0,"equal"
"520728-3596121",1,1,1,0,0,0,1,1,0,1,"equal"
"600911-2847870",0,1,0,1,0,0,0,0,1,0,"equal"
"980215-2923343",0,1,1,1,0,1,1,1,1,1,"equal"
"590708-4050243",0,1,1,0,0,1,1,0,0,1,"equal"
"901002-2560607",0,1,1,1,1,0,1,1,1,1,"equal"
"950625-2736748",0,0,0,0,0,0,1,0,1,0,"equal"
"900823-1154507",0,0,0,0,0,1,1,0,1,0,"equal"
"760102-2649256",0,1,0,0,1,1,1,1,0,1,"equal"
"900310-1256216",0,0,0,0,1,0,1,0,1,1,"equal"
"630920-1769829",0,1,1,1,0,0,1,1,1,0,"equal"
"551019-4017989",0,1,1,0,0,0,1,1,1,0,"equal"
"780401-1821226",1,1,1,1,0,0,0,1,0,0,"equal"
"751216-4777923",0,1,0,1,1,1,0,1,0,1,"equal"
"911128-4007661",1,1,1,0,1,1,1,1,1,1,"equal"
"700412-1412398",0,1,0,0,0,0,1,0,1,1,"equal"
"831222-2452685",1,1,1,1,1,1,0,1,0,0,"equal"
"770228-3792671",1,1,0,0,1,1,0,1,0,0,"equal"
"910208-1402899",0,0,0,0,0,1,0,0,1,0,"equal"
"830317-3537119",0,0,1,1,1,0,1,1,0,0,"equal"
"810415-2983473",1,0,1,1,0,0,1,0,0,0,"equal"
"821201-1999096",1,0,0,1,1,0,1,0,1,0,"equal"
"690612-2838036",1,1,0,0,1,0,1,1,0,0,"equal"
"570119-2777686",0,0,0,1,0,0,1,1,1,0,"equal"
"860520-3990109",0,1,0,0,0,1,0,0,0,0,"equal"
"580208-4971714",0,1,0,0,1,0,0,0,1,1,"equal"
"960405-4036055",1,1,0,0,1,1,1,1,0,0,"equal"
"880417-1430014",0,1,0,0,1,0,1,1,0,0,"equal"
"710214-4994447",0,1,0,0,0,1,1,0,0,0,"equal"
"860903-2173630",1,1,1,1,1,0,1,0,1,0,"equal"
"760203-2711001",0,1,0,0,0,0,1,1,1,0,"equal"
"680705-3837630",0,0,0,0,0,1,1,0,0,1,"equal"
"980821-4440966",1,0,1,1,0,1,0,0,0,0,"equal"
"730123-1797608",0,0,0,1,1,1,0,1,1,0,"equal"
"890220-1291861",1,1,0,1,0,1,0,1,1,0,"equal"
"721016-3871924",0,0,1,1,0,1,0,0,0,0,"equal"
"910705-3201001",0,0,0,0,1,1,1,0,0,1,"equal"
"981113-3740311",1,1,1,1,1,1,1,1,1,0,"equal"
"740517-4018729",1,0,1,1,1,0,0,1,1,1,"equal"
"670116-1675404",0,0,0,0,0,1,0,1,0,1,"equal"
"730602-4254699",0,0,1,0,0,1,1,1,0,0,"equal"
"791215-4110841",1,0,1,0,1,1,1,0,0,1,"equal"
"890325-1442967",1,1,1,0,0,1,1,0,1,0,"equal"
"750928-2589370",0,0,0,0,0,1,0,0,1,1,"equal"
"780308-3188116",1,1,0,0,1,1,1,0,0,1,"equal"
"701211-3921548",1,1,0,0,1,1,0,0,1,1,"equal"
"851224-2542669",1,0,0,1,0,1,0,0,0,1,"equal"
"730527-3280796",1,1,0,0,0,0,1,0,0,1,"equal"
"561128-4037254",1,1,0,1,1,1,1,0,0,0,"equal"
"820917-3485417",1,1,1,1,1,0,1,1,0,0,"equal"
"921028-3160793",1,0,0,1,1,0,0,1,1,0,"equal"
"800124-2950477",1,0,0,1,0,1,1,0,0,0,"equal"
"520804-2521731",1,1,0,1,1,0,1,1,0,1,"equal"
"570106-4206740",0,0,0,0,1,1,0,1,1,0,"equal"
"871217-4371296",0,0,0,1,0,1,0,0,1,1,"equal"
"670507-4241959",0,0,1,1,1,0,0,0,0,1,"equal"
"640504-3103520",1,0,1,1,1,0,0,1,1,1,"equal"
"560928-3567464",0,1,1,1,1,0,0,0,0,1,"equal"
"510424-1336024",0,0,1,0,0,1,1,0,1,0,"equal"
"710624-2217957",1,1,0,1,0,1,1,1,1,1,"equal"
"591111-4449322",0,1,1,1,1,1,1,1,1,1,"equal"
"620812-4067487",0,1,0,0,1,1,1,0,1,0,"equal"
"510617-2992654",0,0,0,0,1,0,1,1,1,0,"equal"
"911212-3663969",0,0,0,0,1,1,1,0,1,1,"equal"
"750708-4258144",0,0,1,1,1,0,0,1,1,0,"equal"
"650620-1862672",1,1,0,0,0,0,0,1,1,1,"equal"
"660412-1527369",0,0,1,1,0,1,1,1,0,0,"equal"
"590826-1726679",0,1,1,1,0,1,0,1,1,0,"equal"
"790425-4599263",0,1,1,0,0,1,0,1,0,1,"equal"
"570213-2163817",0,1,0,1,0,0,0,1,0,0,"equal"
"810214-3372771",0,1,1,0,0,0,0,0,1,0,"equal"
"610401-3798675",1,0,1,0,0,1,0,1,1,0,"equal"
"571024-1236095",0,0,0,0,1,1,0,0,0,1,"equal"
"800916-3586181",0,1,1,1,1,1,0,1,0,1,"equal"
"870103-4032525",1,0,0,0,0,0,1,1,0,1,"equal"
"970310-2070637",1,1,0,1,0,1,0,1,1,0,"equal"
"940124-3237587",0,1,1,1,0,1,0,0,0,1,"equal"
"821201-4476404",1,1,1,1,0,0,0,1,1,0,"equal"
"510807-3268334",1,1,1,0,0,0,0,0,0,1,"equal"
"650522-3329957",0,1,1,1,1,0,1,0,1,0,"equal"
"520723-1594081",0,0,1,0,1,1,0,0,1,0,"equal"
"571222-3958160",1,0,0,0,1,0,0,1,0,1,"equal"
"551019-2693290",0,0,1,1,1,0,1,0,0,1,"equal"
"960815-4614465",1,0,1,0,1,1,1,1,0,0,"equal"
"690106-4735052",1,1,0,0,1,1,0,1,1,1,"equal"
"890202-3860849",0,0,0,0,0,1,1,0,0,1,"equal"
"720522-1619991",0,1,1,1,0,0,0,1,0,0,"equal"
"790501-3656711",1,0,0,1,1,1,0,0,0,0,"equal"
"910212-2482243",1,0,0,1,1,1,0,0,0,1,"equal"
"601217-4203803",1,0,1,1,1,1,0,1,1,1,"equal"
"500210-4312902",0,1,1,1,0,0,0,1,0,1,"equal"
"771217-2043034",1,0,1,0,1,1,1,0,1,1,"equal"
"961124-3053562",1,1,0,0,0,1,1,1,0,1,"equal"
"960206-3586592",1,1,1,1,1,1,1,0,1,1,"equal"
"800528-2263208",0,1,0,0,0,0,1,0,0,1,"equal"
"860809-1647199",1,1,0,0,1,1,0,0,0,0,"equal"
"620420-4777789",0,0,0,0,0,0,0,0,1,0,"equal"
"890110-2767784",1,1,0,1,0,0,1,0,1,1,"equal"
"531007-4843745",0,0,1,0,1,0,0,0,1,1,"equal"
"980119-3126658",0,0,1,1,1,0,0,0,1,1,"equal"
"970917-4934168",0,0,0,1,1,1,0,0,1,0,"equal"
"800609-3198068",0,1,0,1,1,0,1,0,1,1,"equal"
"520408-4730197",1,1,0,1,0,0,1,0,0,1,"equal"
"890620-3091216",0,0,1,1,1,0,1,1,0,1,"equal"
"720614-4286592",0,0,1,1,1,1,1,1,0,1,"equal"
"530825-3189920",1,0,1,0,0,0,0,1,0,0,"equal"
"960624-2103702",1,0,1,1,1,0,1,1,1,1,"equal"
"670310-3863048",1,0,1,1,0,1,1,0,1,1,"equal"
"570307-1309631",1,1,1,1,0,0,0,1,0,0,"equal"
"560712-3748216",0,0,0,1,1,0,0,0,1,0,"equal"
"750817-3555617",1,0,0,1,0,1,1,0,1,1,"equal"
"790220-3978970",1,0,1,1,1,1,0,1,0,0,"equal"
"620811-2438307",1,0,1,1,1,1,1,1,1,0,"equal"
"520321-3584094",0,1,1,1,0,0,0,1,0,1,"equal"
"740922-3530084",1,1,0,0,1,0,1,1,1,1,"equal"
"600601-1727067",0,1,1,1,0,0,0,0,0,0,"equal"
"900906-3788038",0,0,0,1,0,1,0,1,1,0,"equal"
"870509-4941566",0,1,1,1,0,1,1,0,1,1,"equal"
"780311-2950392",1,0,0,0,1,1,0,0,1,0,"equal"
"900123-3742045",1,1,1,1,0,0,1,0,0,1,"equal"
"761003-4113322",0,1,0,0,0,0,0,0,0,1,"equal"
"850404-1327983",1,1,0,1,1,0,1,1,0,0,"equal"
"701202-3628950",1,1,1,0,1,0,0,1,0,1,"equal"
"610411-3895130",0,0,0,1,1,0,1,0,1,0,"equal"
"870223-1565232",1,0,1,0,1,0,1,0,0,1,"equal"
"641108-3293398",1,0,0,1,0,0,0,0,0,0,"equal"
"520624-3178545",1,1,1,1,1,1,0,0,0,0,"equal"
"640615-1369728",0,0,1,1,1,1,0,1,0,0,"equal"
"591003-1449865",0,1,0,0,0,0,0,1,0,1,"equal"
"611025-3426106",0,1,0,0,1,0,0,0,0,0,"equal"
"561006-3350001",1,1,0,0,1,0,1,1,0,0,"equal"
"611211-3639003",0,1,0,1,1,0,1,1,0,0,"equal"
"960403-3071145",0,0,0,0,0,0,1,0,0,0,"equal"
"571207-1905443",0,1,0,1,0,1,0,0,0,0,"equal"
"810914-3189933",1,0,1,1,0,1,1,0,0,0,"equal"
"590517-2715212",0,0,0,1,0,0,0,0,1,1,"equal"
"701206-3464471",1,1,1,0,0,1,0,1,1,1,"equal"
"530125-4168961",0,1,0,0,0,0,1,1,0,0,"equal"
"910207-3122224",1,0,1,1,0,0,1,0,0,1,"equal"
"790818-2799388",0,1,1,1,0,1,0,0,1,1,"equal"
"980708-1065815",0,1,0,0,0,0,0,0,0,0,"equal"
"681216-2046136",1,0,1,0,0,0,0,1,0,0,"equal"
"620723-4101062",1,0,1,1,0,0,0,1,0,1,"equal"
"870602-1909309",1,1,0,0,1,0,0,1,0,1,"equal"
"820803-2873699",0,1,0,0,1,1,1,0,0,1,"equal"
"780306-3936611",0,0,1,0,0,1,0,0,0,0,"equal"
"600416-3055184",1,0,0,0,1,0,0,0,1,1,"equal"
"520415-1612748",1,0,1,0,1,1,1,0,0,1,"equal"
"681204-3263355",0,1,1,0,0,1,1,1,0,0,"equal"
"700408-1724171",0,1,0,1,0,0,1,1,0,0,"equal"
"681122-3298455",1,0,0,0,1,0,1,0,1,1,"equal"
"670803-3768864",0,1,1,1,0,0,0,0,0,1,"equal"
"780401-4702101",1,0,0,1,0,0,1,1,0,0,"equal"
"820621-4535218",1,0,1,0,1,1,0,0,0,1,"equal"
"780521-3295848",0,0,0,1,0,1,0,1,1,1,"equal"
"880321-4624560",1,0,1,1,1,1,1,1,0,1,"equal"
"960504-3693934",0,1,0,1,1,1,1,0,1,0,"equal"
"520910-4333440",1,0,1,1,0,0,0,0,0,1,"equal"
"730324-2597153",1,1,1,1,1,0,1,1,0,0,"equal"
"620625-3454444",0,1,0,1,0,1,1,1,0,0,"equal"
"950208-1552214",0,0,0,0,1,1,1,1,1,1,"equal"
"831018-4650082",0,0,1,1,0,1,0,1,0,1,"equal"
"720818-1564218",1,0,0,0,1,1,1,0,1,1,"equal"
"550926-4612624",1,1,0,1,0,0,1,1,0,1,"equal"
"730406-4041471",1,1,0,1,0,1,1,1,0,1,"equal"
"790915-2270906",1,0,1,1,1,1,0,0,0,0,"equal"
"880113-3471911",0,0,0,0,0,1,1,1,0,0,"equal"
"871025-4918798",1,0,0,1,1,0,0,1,1,1,"equal"
"751213-4272807",0,0,1,1,0,1,1,1,0,0,"equal"
"991016-2762874",0,1,1,0,1,1,0,0,1,0,"equal"
"830516-1690004",1,1,1,1,0,0,1,1,0,1,"equal"
"730918-2083087",1,0,0,1,0,1,1,0,1,0,"equal"
"881005-4744415",1,1,1,0,1,1,1,0,1,0,"equal"
"550321-1824852",0,1,1,1,1,1,1,0,0,1,"equal"
"691216-4388130",1,1,1,1,1,1,0,1,0,1,"equal"
"540827-3570294",1,1,0,1,0,0,0,1,0,1,"equal"
"850224-4682521",1,0,1,0,1,0,0,1,1,0,"equal"
"850304-1506490",1,0,1,0,0,0,0,0,1,1,"equal"
"970923-2778027",1,0,1,0,0,1,0,0,1,0,"equal"
"540213-3635752",1,0,0,1,1,0,0,1,1,0,"equal"
"900704-1742594",0,0,0,1,0,0,0,0,1,1,"equal"
"720506-1245914",1,0,0,1,1,0,0,1,1,1,"equal"
"970802-4797203",0,0,1,0,1,1,1,0,0,1,"equal"
"500112-3078282",0,0,0,1,0,1,1,0,0,0,"equal"
"510720-3683063",1,1,1,0,0,1,0,1,0,1,"equal"
"891223-1218451",0,0,0,1,1,1,1,1,0,1,"equal"
"550408-4898498",0,0,0,0,1,0,1,0,1,0,"equal"
"920916-3959764",0,1,0,1,1,1,1,0,1,1,"equal"
"880802-3723622",0,0,1,0,1,1,0,0,0,0,"equal"
"820704-4967486",0,0,0,1,0,1,1,1,0,0,"equal"
"510826-2879868",1,0,0,0,0,0,0,1,0,1,"equal"
"801001-1530076",0,1,1,0,0,0,1,0,0,0,"equal"
"960711-3636119",0,1,0,1,0,0,1,1,1,0,"equal"
"870716-1091730",1,1,0,1,1,1,0,1,0,1,"equal"
"681226-2465100",1,1,0,0,1,1,1,0,0,1,"equal"
"780117-2862344",1,1,1,0,1,1,1,1,0,0,"equal"
"910118-4931738",1,0,0,1,1,0,1,0,1,1,"equal"
"701217-4670393",1,1,1,0,0,0,0,1,1,1,"equal"
"831124-4665824",1,0,1,0,0,1,1,0,0,1,"equal"
"510326-4085253",1,1,0,0,0,0,0,1,1,0,"equal"
"500503-2680058",1,1,0,0,1,0,0,0,1,1,"equal"
"550619-4765967",1,1,1,1,1,0,1,1,0,1,"equal"
"811017-4664573",1,1,1,1,1,0,1,0,1,1,"equal"
"830405-4682036",0,0,1,1,1,0,0,0,1,0,"equal"
"970222-1397272",1,1,0,1,0,0,0,1,0,0,"equal"
"851110-1542545",0,1,0,0,0,0,0,0,1,1,"equal"
"620926-3750419",1,0,0,1,0,1,1,1,1,1,"equal"
"930628-1039038",0,0,1,1,1,1,1,1,1,0,"equal"
"910305-4356434",1,1,1,0,1,1,0,1,1,0,"equal"
"970416-2908127",1,1,0,0,0,0,0,1,1,0,"equal"
"860124-2616594",1,0,1,0,0,0,0,0,0,0,"equal"
"911216-1663937",0,0,1,1,0,0,1,0,0,0,"equal"
"571105-2192657",0,1,0,1,1,1,0,0,1,1,"equal"
"901120-1363685",0,1,0,1,1,1,0,0,1,1,"equal"
"751226-3986887",1,1,1,0,1,1,1,1,0,0,"equal"
"940317-2533657",0,0,1,0,1,1,1,0,1,0,"equal"
"500813-3130068",0,0,1,0,1,1,1,0,1,1,"equal"
"740824-1464776",1,0,1,0,1,1,0,0,0,0,"equal"
"770810-1642898",1,0,0,1,0,0,0,0,0,0,"equal"
"500105-4165697",0,1,1,0,0,0,0,1,1,0,"equal"
"870401-1694726",1,1,1,0,1,1,1,1,0,1,"equal"
"921003-4095745",1,0,0,1,0,0,1,0,1,0,"equal"
"960502-2114722",1,0,1,1,0,0,0,1,1,1,"equal"
"550709-3532775",0,0,0,0,1,0,1,1,1,1,"equal"
"501018-4177043",1,0,1,0,1,1,0,0,1,1,"equal"
"880820-3160382",1,0,1,0,0,1,0,1,0,0,"equal"
"870820-4959378",1,1,0,1,1,1,0,1,0,0,"equal"
"850308-2183221",0,1,0,0,0,1,0,0,1,0,"equal"
"660716-2572837",1,1,0,0,1,0,1,0,0,1,"equal"
"660606-3628341",0,1,0,1,0,1,1,0,0,0,"equal"
"810228-1065838",1,1,0,0,0,1,0,0,0,0,"equal"
"690901-2654786",1,1,0,1,0,0,0,0,0,1,"equal"
"931121-2639401",0,1,0,0,0,1,1,1,0,1,"equal"
"871106-4944144",0,1,0,0,1,0,1,1,0,1,"equal"
"860827-3809282",1,0,0,0,1,0,1,1,0,0,"equal"
"510725-2742033",1,1,1,1,1,1,0,1,1,0,"equal"
"510221-3252241",1,1,0,1,0,1,1,0,1,1,"equal"
"980123-4761788",1,1,0,1,0,1,1,0,0,1,"equal"
"610614-2250588",1,0,0,0,1,1,1,1,1,0,"equal"
"770310-4347420",1,1,0,0,1,1,1,0,0,0,"equal"
"920803-2471534",1,1,0,0,1,0,0,0,1,0,"equal"
"700509-1086360",1,0,1,0,1,1,0,0,1,0,"equal"
"870803-3913966",0,0,0,1,1,1,1,0,0,1,"equal"
"540823-3059121",1,0,0,0,0,1,1,1,1,1,"equal"
"960813-2695151",0,1,0,0,1,0,1,1,1,0,"equal"
"930920-3668968",1,0,1,0,0,0,0,0,1,1,"equal"
"610906-3851769",1,1,1,0,1,0,1,1,0,0,"equal"
"571122-2063584",1,1,0,1,0,1,0,0,1,1,"equal"
"810505-4244112",1,1,0,0,0,0,0,0,0,1,"equal"
"780719-1216699",0,1,1,1,0,1,1,1,1,1,"equal"
"841219-3135311",0,0,0,0,0,1,1,0,1,1,"equal"
"501126-1581998",0,1,0,0,1,0,1,0,0,1,"equal"
"650710-2447351",1,1,0,0,1,0,0,0,1,1,"equal"
"570711-1347060",1,0,0,1,1,1,1,1,1,1,"equal"
"760606-4318413",0,0,0,0,1,1,1,0,0,0,"equal"
"831218-3667811",0,0,0,0,1,0,0,1,0,0,"equal"
"520808-3562872",0,0,1,0,1,1,1,0,1,1,"equal"
"690916-1200988",0,1,0,0,0,0,0,0,0,0,"equal"
"670905-3504001",0,1,0,1,0,0,0,0,1,1,"equal"
"670607-1228561",1,0,0,0,0,0,0,0,1,1,"equal"
"960714-4631835",1,1,1,0,0,0,1,0,0,1,"equal"
"631007-4599589",0,1,1,1,1,0,0,1,1,0,"equal"
"780516-2976624",0,0,1,0,0,0,0,1,0,0,"equal"
"920721-1762477",0,0,0,0,0,0,1,1,1,0,"equal"
"991125-4872271",0,0,0,1,0,0,1,0,1,0,"equal"
"530804-2378458",0,1,0,0,1,1,0,1,1,1,"equal"
"641019-2459677",1,0,0,0,1,0,1,0,1,1,"equal"
"811227-1970439",1,0,1,1,0,0,0,1,1,0,"equal"
"700116-2782472",1,0,0,0,1,1,1,1,1,1,"equal"
"790317-2372347",0,0,0,1,1,1,1,1,0,0,"equal"
"820619-3702043",0,0,1,1,1,0,1,0,1,1,"equal"
"860611-2581510",1,1,0,1,0,1,1,0,0,1,"equal"
"530601-4414346",0,0,1,0,0,1,0,0,1,1,"equal"
"510206-3978672",0,1,1,0,0,1,1,1,0,0,"equal"
"521210-2358730",1,0,0,0,1,0,0,0,0,0,"equal"
"720721-1488636",0,0,0,1,1,0,1,1,1,1,"equal"
"900508-1420012",0,1,1,0,1,0,0,0,0,1,"equal"
"731102-2855130",1,1,1,1,1,1,0,1,0,0,"equal"
"860226-2924896",0,1,1,1,0,1,0,1,1,1,"equal"
"991027-3130484",0,0,1,0,0,0,0,0,0,0,"equal"
"560503-4506796",1,1,1,1,0,1,1,0,1,1,"equal"
"520414-1224410",0,1,0,0,0,0,0,0,0,0,"equal"
"551220-1877804",1,1,1,1,0,1,1,1,1,0,"equal"
"931011-3357303",0,0,1,1,1,1,1,0,1,1,"equal"
"610718-3365745",0,0,1,1,1,0,0,0,0,1,"equal"
"670509-4979755",0,0,1,0,1,1,1,0,0,0,"equal"
"970111-2332465",1,0,1,1,0,1,1,1,0,1,"equal"
"780216-1678543",1,0,1,0,0,1,1,0,1,1,"equal"
"990104-3696032",0,1,0,1,1,1,0,1,0,1,"equal"
"570620-2767938",1,1,0,0,0,0,0,0,0,0,"equal"
"700828-4181029",1,0,0,1,1,0,1,1,0,1,"equal"
"800115-2158903",0,1,1,0,1,1,0,0,0,0,"equal"
"560205-1446338",0,1,0,0,0,0,0,0,0,1,"equal"
"841110-3808351",0,0,1,1,1,1,0,0,0,1,"equal"
"840809-3946962",1,1,1,0,0,1,0,0,1,0,"equal"
"890425-3235199",0,1,0,0,0,0,1,1,0,1,"equal"
"860523-4423078",1,0,1,0,0,0,0,0,0,1,"equal"
"590325-1805535",1,0,1,0,0,1,0,0,1,0,"equal"
"801215-1513044",1,1,1,0,0,0,0,1,1,0,"equal"
"720909-3444067",1,1,1,0,0,0,0,1,1,1,"equal"
"750416-2431831",0,1,1,0,0,0,1,0,0,1,"equal"
"950210-2900483",1,1,1,1,1,0,1,0,0,1,"equal"
"630628-1042610",1,1,1,0,1,0,0,0,0,0,"equal"
"540615-4610188",0,1,0,0,1,0,1,0,0,0,"equal"
"770407-3426080",0,1,1,1,0,0,0,0,1,1,"equal"
"570105-2571653",1,1,1,0,1,0,1,0,0,1,"equal"
"870213-2598832",0,1,1,0,1,0,1,1,0,1,"equal"
"830415-3280821",1,0,1,1,0,0,1,1,1,0,"equal"
"771228-3168467",1,1,0,1,1,0,0,0,0,1,"equal"
"780128-4212463",0,0,0,1,1,0,0,1,1,1,"equal"
"760120-1476631",0,0,1,1,1,1,1,0,1,1,"equal"
"910924-2753641",1,0,1,0,1,0,1,1,0,0,"equal"
"751020-2568451",1,1,1,1,0,1,1,0,0,1,"equal"
"640212-3778512",1,0,1,0,1,0,1,1,1,1,"equal"
"630522-4311350",0,0,1,1,0,0,1,1,0,1,"equal"
"551127-1965750",0,0,1,0,1,0,1,1,1,0,"equal"
"851021-2506582",0,0,0,0,0,1,0,0,0,1,"equal"
"960902-2274357",0,0,1,1,0,0,0,0,0,1,"equal"
"580506-2977054",0,1,0,0,1,1,0,0,1,0,"equal"
"570420-4638435",0,1,1,1,0,0,1,1,1,1,"equal"
"821112-1552202",0,0,0,0,1,1,1,0,0,0,"equal"
"970304-2863720",0,1,1,1,0,1,0,0,1,0,"equal"
"760202-3758215",1,0,1,0,1,0,0,1,1,1,"equal"
"980604-3204048",0,1,0,1,1,1,1,0,1,0,"equal"
"820913-3069684",0,1,0,0,0,0,1,0,0,0,"equal"
"501225-2374853",1,0,1,1,0,1,1,1,0,0,"equal"
"860125-1005395",0,1,0,1,1,1,0,1,0,1,"equal"
"740419-1426033",1,1,1,1,1,1,0,0,0,0,"equal"
"840213-1037420",1,1,0,0,0,1,0,1,1,0,"equal"
"760908-2485243",0,1,1,1,0,0,0,1,0,0,"equal"
"710809-4698495",0,1,1,1,1,1,1,1,1,1,"equal"
"851205-2497900",1,0,0,0,1,1,0,1,1,1,"equal"
"751018-4708378",0,0,1,1,0,0,1,0,0,1,"equal"
"961024-2729245",1,1,0,1,0,0,1,0,1,0,"equal"
"941117-2356634",1,0,1,0,1,1,0,1,0,1,"equal"
"591104-1131207",0,0,0,0,0,0,1,1,1,1,"equal"
"600601-3691339",0,1,1,1,1,0,1,1,1,0,"equal"
"770713-2467074",0,1,0,0,0,0,0,1,0,0,"equal"
"750409-2328560",0,1,1,0,0,1,0,1,1,1,"equal"
"711106-1249934",0,1,0,0,0,0,1,0,1,1,"equal"
"760827-4447815",0,0,0,0,0,0,1,0,1,1,"equal"
"621108-3566568",0,1,0,0,0,0,0,1,1,1,"equal"
"801221-1198075",0,1,1,1,0,1,1,0,0,1,"equal"
"640612-1230229",0,1,1,0,0,0,1,0,0,0,"equal"
"910128-1679722",0,0,1,1,1,1,1,1,0,1,"equal"
"800302-4665692",1,1,1,0,1,0,0,1,1,1,"equal"
"771001-1510679",0,0,0,0,1,0,1,0,0,1,"equal"
"760706-1477324",1,1,0,1,1,0,0,0,0,1,"equal"
"631004-1334735",0,0,0,0,0,0,0,0,1,0,"equal"
"530808-2677894",1,0,1,0,1,0,0,1,0,0,"equal"
"871116-1360562",0,0,0,1,1,0,1,0,0,1,"equal"
"720215-2126255",1,1,1,1,0,0,0,0,1,1,"equal"
"740401-2479034",0,0,1,1,1,1,0,1,1,0,"equal"
"991027-2442967",1,1,0,0,1,1,0,0,1,0,"equal"
"780213-1724425",1,0,1,0,1,0,0,1,1,1,"equal"
"590820-2757360",1,1,0,0,1,1,1,1,0,1,"equal"
"670505-2495587",0,0,0,0,0,1,0,1,0,1,"equal"
"520528-1648036",0,1,1,1,1,0,0,0,0,0,"equal"
"871128-2992395",1,1,0,1,1,0,1,0,0,0,"equal"
"590203-2438779",1,0,0,0,0,0,0,1,0,1,"equal"
"830716-2573876",0,0,1,0,0,0,0,0,1,0,"equal"
"830711-4235617",1,0,0,0,0,0,0,0,1,1,"equal"
"880225-1254140",1,1,1,0,1,1,1,0,1,1,"equal"
"990914-1560176",1,1,1,0,1,1,0,0,0,1,"equal"
"780821-4988430",1,1,0,1,0,1,1,1,1,0,"equal"
"711008-2851686",0,1,1,1,1,0,0,1,1,0,"equal"
"680724-2952588",1,0,0,0,1,0,1,1,0,1,"equal"
"740625-2699625",1,0,1,1,1,1,0,0,1,0,"equal"
"961226-2991387",0,1,0,0,0,1,0,1,1,1,"equal"
"850320-4470657",1,1,1,0,1,1,0,0,1,1,"equal"
"581106-4589593",1,1,0,0,1,0,0,1,1,0,"equal"
"891028-1523358",0,1,0,1,0,1,1,1,0,0,"equal"
"550524-2275523",0,1,0,1,1,1,0,1,1,1,"equal"
"541102-2344777",0,1,0,0,0,0,0,0,0,0,"equal"
"700828-4551255",1,1,0,1,1,1,0,1,1,1,"equal"
"740722-4500478",0,0,1,0,1,1,0,1,0,1,"equal"
"910201-1982990",0,0,1,0,0,0,1,1,0,0,"equal"
"580126-2649027",1,1,1,1,0,1,0,1,1,0,"equal"
"800520-2896346",1,1,1,1,0,0,1,0,1,0,"equal"
"930519-4393348",0,0,1,1,0,0,0,1,0,0,"equal"
"710523-4269571",0,1,1,0,0,1,0,1,0,1,"equal"
"980901-2081637",1,1,1,1,1,1,1,1,0,0,"equal"
"511004-3682711",0,0,1,1,1,1,0,1,1,0,"equal"
"540312-3549168",1,0,1,1,1,1,0,0,1,0,"equal"
"890812-1581772",0,1,1,0,0,0,1,1,1,0,"equal"
"971123-2475750",1,0,0,0,0,1,0,0,0,1,"equal"
"870127-1996369",1,0,0,1,0,1,0,1,0,0,"equal"
"990602-3862668",1,0,0,0,0,0,0,1,1,0,"equal"
"540206-3487359",0,1,0,1,1,0,1,1,0,1,"equal"
"840527-4121148",1,1,0,0,0,0,1,0,1,1,"equal"
"580115-2328054",1,1,1,0,1,1,1,0,0,0,"equal"
"530618-1975604",0,0,0,1,1,1,0,0,0,1,"equal"
"780808-4907283",1,1,1,1,0,0,0,0,1,0,"equal"
"800710-4631141",0,0,0,1,0,1,0,1,1,1,"equal"
"970919-2095488",0,1,1,1,0,0,1,1,0,0,"equal"
"730107-1197026",1,0,1,0,0,1,0,1,1,1,"equal"
"571108-3647649",1,1,1,0,1,1,1,1,1,0,"equal"
"910521-3388419",1,0,0,0,1,1,0,0,1,0,"equal"
"990916-3796564",1,0,0,0,0,0,1,0,0,0,"equal"
"700420-3710282",1,1,0,1,1,1,1,1,0,0,"equal"
"770718-1102440",1,0,0,0,1,1,1,0,0,0,"equal"
"960607-1533076",1,0,0,1,1,1,1,1,1,0,"equal"
"910526-3534344",1,0,0,1,0,1,1,0,1,0,"equal"
"900726-4642290",1,0,1,0,0,0,1,0,0,1,"equal"
"960303-4484233",1,0,1,1,0,0,0,0,0,1,"equal"
"651002-1652981",1,1,0,0,0,1,1,1,1,1,"equal"
"600827-2323777",0,1,0,1,0,0,0,1,1,1,"equal"
"751201-1114968",1,0,1,0,1,1,0,1,0,0,"equal"
"680704-2663570",1,1,1,1,0,0,0,1,0,1,"equal"
"860818-4516460",1,1,1,1,1,1,0,0,1,0,"equal"
"810721-4304609",1,1,1,1,0,0,1,0,1,1,"equal"
"710821-3879390",0,1,0,0,1,0,1,1,0,0,"equal"
"700626-3391863",1,0,0,1,1,1,1,0,0,1,"equal"
"890508-1943255",0,0,1,0,1,1,0,0,1,1,"equal"
"660119-2922854",0,0,0,1,0,0,1,1,1,0,"equal"
"951006-2153611",0,0,0,1,1,0,0,0,1,0,"equal"
"630819-2276741",0,0,0,1,1,1,1,0,1,0,"equal"
"541006-1926712",1,1,0,1,0,1,0,1,0,0,"equal"
"730706-2763221",1,1,0,0,1,1,1,0,0,0,"equal"
"680726-3803362",0,0,0,0,1,1,1,1,0,0,"equal"
"680417-2081604",1,0,0,1,0,1,1,1,0,0,"equal"
"861027-2508117",0,1,0,1,1,0,0,1,0,1,"equal"
"810222-2948891",1,0,1,1,1,1,0,1,1,1,"equal"
"980919-2316633",1,0,0,1,1,1,1,1,0,1,"equal"
"590605-3595781",1,1,0,0,0,1,0,0,1,0,"equal"
"780924-1723081",1,1,1,1,0,0,0,1,1,0,"equal"
"961008-2121783",0,0,1,1,1,1,0,0,1,1,"equal"
"990720-2500898",1,0,1,0,0,1,0,1,0,0,"equal"
"650909-4962285",0,0,1,1,1,0,0,0,1,1,"equal"
"690704-1185344",1,0,1,0,0,1,1,0,0,1,"equal"
"500228-3727241",1,1,0,0,0,0,1,1,1,0,"equal"
"891125-3266973",1,0,1,1,1,1,1,1,0,1,"equal"
"520403-2785891",1,0,0,0,1,1,1,1,1,0,"equal"
"510220-2121357",0,0,0,0,1,0,0,1,0,0,"equal"
"570821-1224528",1,1,1,0,1,1,1,1,1,0,"equal"
"710322-1684657",1,0,0,1,1,1,1,1,1,0,"equal"
"570701-3392739",0,0,0,0,1,0,0,1,1,1,"equal"
"860109-3113772",1,1,1,0,1,0,1,1,0,0,"equal"
"970311-2055372",1,0,0,1,0,0,1,0,0,1,"equal"
"740911-4337266",0,1,1,1,1,1,0,0,0,1,"equal"
"810413-3394626",0,0,1,1,0,1,1,1,0,1,"equal"
"830506-2947733",1,1,1,0,0,0,0,1,0,1,"equal"
"590125-4406467",0,1,0,0,0,0,1,1,1,0,"equal"
"680921-4128149",0,1,1,0,0,0,1,0,1,0,"equal"
"721010-2574565",1,1,0,0,1,1,0,1,0,0,"equal"
"860921-4572406",0,0,0,1,0,1,0,0,0,1,"equal"
"500419-4273635",0,0,1,0,1,0,1,1,0,0,"equal"
"780501-4406133",0,0,0,1,1,1,0,0,1,0,"equal"
"860305-2983669",1,0,1,0,1,1,0,1,1,0,"equal"
"830328-1588167",1,1,1,1,1,0,1,0,1,1,"equal"
"920704-1837053",0,0,0,1,1,1,0,0,0,0,"equal"
"671219-3164021",1,1,0,0,0,0,1,0,0,1,"equal"
"650814-2461886",0,0,1,1,1,1,1,0,0,1,"equal"
"591219-3097692",0,0,0,1,0,1,1,1,1,0,"equal"
"940601-4210840",0,1,0,0,0,1,1,0,0,0,"equal"
"630903-3929924",0,1,1,0,0,0,1,1,1,0,"equal"
"620728-1742143",0,1,0,0,1,0,1,0,0,1,"equal"
"861001-4753835",1,1,1,0,1,1,1,1,0,0,"equal"
"981102-1564967",0,1,0,1,1,0,0,1,1,1,"equal"
"710504-4767670",0,0,0,1,1,1,1,0,0,1,"equal"
"541026-4641363",0,0,0,0,1,1,1,0,0,0,"equal"
"650320-3743179",1,0,0,1,0,1,1,1,1,0,"equal"
"550519-4656731",1,1,1,1,0,1,0,1,1,1,"equal"
"940502-3316300",1,0,1,1,0,1,0,0,0,0,"equal"
"880622-2335660",1,0,0,1,0,1,1,0,0,0,"equal"
"990608-2523296",1,0,0,0,0,1,0,0,1,0,"equal"
"500713-1320015",0,0,1,1,0,1,1,0,1,0,"equal"
"580919-4857851",1,1,1,0,0,1,0,0,1,1,"equal"
"991013-2127873",1,0,0,0,0,1,1,0,1,0,"equal"
"660818-1635267",1,1,0,1,1,0,0,0,1,0,"equal"
"750613-1100759",0,1,1,1,1,1,0,1,0,1,"equal"
"861210-4444298",1,1,0,1,0,1,0,1,0,1,"equal"
"691216-2096441",0,0,1,0,1,0,1,1,0,1,"equal"
"990824-3158315",0,1,1,1,0,0,0,0,0,0,"equal"
"770210-2578323",0,1,1,0,1,1,1,1,0,0,"equal"
"501002-1450245",0,1,1,1,0,0,0,1,1,1,"equal"
"550209-2134797",0,0,1,0,0,0,1,0,0,0,"equal"
"570703-1311078",1,1,1,1,1,1,1,1,1,0,"equal"
"600110-4091173",1,0,1,0,1,0,0,1,1,0,"equal"
"540115-2073215",1,0,0,1,0,0,1,1,0,0,"equal"
"580820-4072436",1,0,0,0,0,0,0,0,1,0,"equal"
"851117-4798269",1,1,0,0,0,1,1,1,0,0,"equal"
"660709-2849813",1,0,0,1,1,0,1,1,0,0,"equal"
"890804-3398153",1,1,1,0,1,0,1,0,1,0,"equal"
"730511-1663143",0,0,1,1,0,0,0,0,1,0,"equal"
"680217-3550890",0,1,1,1,0,1,1,1,1,0,"equal"
"890907-3970979",0,1,0,1,0,1,0,0,0,0,"equal"
"961221-3961204",1,1,0,0,0,0,0,1,0,1,"equal"
"810101-4918523",1,1,0,0,0,0,1,0,0,0,"equal"
"581112-4401241",1,1,0,1,1,1,1,1,1,1,"equal"
"600227-4270983",1,0,1,0,0,0,1,0,1,0,"equal"
"830808-1956530",1,0,0,1,1,0,1,0,0,1,"equal"
"990604-3934181",1,0,0,1,1,1,1,0,0,1,"equal"
"600621-1876727",1,1,0,0,1,0,0,1,1,1,"equal"
"561028-3838880",0,1,1,0,1,0,0,0,0,0,"equal"
"930512-1090430",1,1,1,1,0,0,1,1,0,1,"equal"
"910513-2508619",1,1,0,0,0,0,1,0,1,0,"equal"
"691224-2501015",0,1,1,0,0,1,1,0,0,1,"equal"
"721022-2482168",0,1,0,1,0,1,1,1,0,0,"equal"
"960308-1421550",0,0,0,1,1,1,1,1,1,0,"equal"
"940211-1000427",1,1,0,1,1,0,0,1,1,1,"equal"
"731213-1545852",1,1,1,0,1,0,0,0,0,0,"equal"
"510824-2122052",1,0,1,1,0,1,1,1,0,0,"equal"
"640512-2815999",1,0,0,1,1,0,0,1,1,0,"equal"
"570106-1323691",1,1,0,0,0,1,0,1,1,1,"equal"
"530212-4577813",0,0,0,0,1,1,1,0,1,1,"equal"
"601010-3738546",1,1,1,0,0,0,1,1,0,1,"equal"
"620801-1608162",0,1,1,1,0,0,0,0,1,1,"equal"
"520119-2531253",0,1,0,1,0,0,0,1,0,0,"equal"
"561218-1328919",0,0,0,1,0,0,1,0,1,0,"equal"
"761028-4087724",1,1,1,0,0,0,1,0,0,1,"equal"
"840226-4079918",0,0,0,1,1,0,1,0,1,0,"equal"
"651004-4197101",1,0,0,1,1,0,1,0,0,1,"equal"
"930319-1321627",0,0,1,0,1,1,1,0,1,0,"equal"
"680626-2455026",0,1,0,1,1,1,1,0,1,1,"equal"
"770723-4045705",0,1,1,0,0,0,1,0,0,0,"equal"
"800702-3328865",0,1,0,1,0,0,1,1,1,1,"equal"
"801008-1680912",0,0,1,0,0,0,0,0,1,1,"equal"
"650327-4167266",1,0,0,1,0,0,0,1,0,1,"equal"
"670108-4565898",0,0,1,0,0,1,0,1,1,0,"equal"
"830811-3217202",0,0,0,1,1,1,0,1,1,1,"equal"
"750209-3148607",0,1,0,1,0,0,0,0,0,1,"equal"
"930823-2603770",1,1,0,0,1,1,1,1,0,0,"equal"
"690224-3798729",1,1,0,1,0,1,1,0,0,1,"equal"
"590908-4472203",0,1,1,0,1,1,1,1,0,0,"equal"
"660304-3250483",1,1,0,1,0,1,1,1,1,1,"equal"
"770708-2904800",1,0,1,1,1,1,1,0,0,0,"equal"
"850420-3134233",1,1,1,0,1,0,0,1,1,0,"equal"
"791127-4291997",0,1,1,0,1,0,1,0,1,0,"equal"
"770301-2461195",0,1,0,0,1,0,0,1,0,1,"equal"
"990712-2930842",0,1,0,0,0,1,1,0,1,0,"equal"
"751115-4343880",0,0,1,1,0,1,1,0,0,1,"equal"
"920512-4642811",0,1,1,0,0,0,0,0,1,0,"equal"
"621004-1740797",0,0,0,0,0,0,0,0,0,1,"equal"
"801008-4892389",0,1,1,0,0,0,0,0,1,1,"equal"
"930305-2274327",1,1,0,1,0,0,0,0,1,0,"equal"
"800224-1185457",0,1,1,1,0,0,0,0,0,1,"equal"
"991210-1676469",1,1,1,1,1,0,1,0,1,1,"equal"
"590117-4904096",0,1,1,0,0,0,0,0,0,0,"equal"
"831022-1296703",0,1,1,0,1,0,0,1,1,0,"equal"
"750720-2349794",0,0,0,1,1,1,0,1,1,0,"equal"
"640818-1329259",1,1,0,1,0,1,0,0,1,0,"equal"
"800112-3011784",0,1,1,1,1,0,1,1,1,1,"equal"
"810606-4901135",1,0,1,1,1,1,0,1,1,1,"equal"
"751120-2131449",0,0,0,0,1,0,0,1,1,1,"equal"
"950827-4926590",0,1,1,1,1,1,1,0,1,0,"equal"
"680217-3566871",1,0,0,1,0,0,1,0,1,1,"equal"
"570923-1087744",0,1,0,0,1,1,0,1,1,0,"equal"
"500817-1090293",1,0,1,1,0,1,1,0,1,0,"equal"
"631125-1046803",0,0,1,0,0,1,0,1,0,0,"equal"
"590326-4770649",0,1,1,0,0,0,0,1,0,1,"equal"
"950503-2126556",1,1,1,1,0,1,1,0,1,0,"equal"
"971219-3974764",0,0,1,1,1,0,0,1,1,0,"equal"
"940518-4003721",0,1,0,1,1,1,0,0,0,0,"equal"
"620219-4582862",0,1,0,1,1,0,0,1,0,0,"equal"
"941002-1930339",1,0,0,1,0,0,0,0,0,1,"equal"
"600425-4953370",1,0,1,1,0,0,1,1,0,0,"equal"
"621121-2638158",1,1,1,0,1,0,1,0,1,0,"equal"
"930503-3235313",0,0,0,1,1,0,1,1,1,0,"equal"
"840326-1417786",0,1,1,1,1,0,1,0,1,0,"equal"
"670728-4962684",1,1,1,0,0,1,1,1,0,1,"equal"
"810128-4262713",0,0,0,0,0,0,1,1,0,0,"equal"
"701110-2205185",1,1,1,1,0,0,0,1,0,0,"equal"
"781205-4458527",0,0,1,0,0,0,1,0,1,1,"equal"
"850602-4746374",1,1,1,1,1,0,0,1,0,0,"equal"
"890401-3438713",1,0,1,0,1,0,1,1,0,1,"equal"
"850322-4720228",0,0,0,0,0,1,1,1,1,0,"equal"
"680823-1361638",1,1,1,0,0,0,1,1,1,0,"equal"
"620408-4743622",1,1,0,0,0,1,1,0,0,1,"equal"
"610716-1519428",1,0,1,0,1,1,1,1,0,1,"equal"
"780903-1030881",1,0,0,1,1,0,0,0,1,1,"equal"
"680725-1989042",0,0,1,1,1,1,1,1,1,1,"equal"
"861205-3054436",1,0,1,0,0,0,1,1,0,1,"equal"
"571223-4125811",0,1,0,1,0,0,0,0,1,1,"equal"
"910625-4828086",1,0,0,1,0,1,0,0,0,0,"equal"
"861124-3893339",1,0,1,0,0,1,0,0,1,0,"equal"
"701206-4545623",1,0,1,1,1,0,1,1,1,0,"equal"
"890315-4397098",0,1,1,1,0,0,0,0,1,0,"equal"
"851008-4917189",0,1,1,0,1,0,1,1,1,1,"equal"
"880627-1985202",0,1,0,1,1,0,0,1,1,1,"equal"
"741006-3955777",0,1,1,1,1,1,1,0,0,1,"equal"
"990907-3907926",0,0,0,0,1,1,1,0,0,0,"equal"
"740419-2769457",1,1,0,1,0,0,1,0,1,0,"equal"
"740206-3755334",0,0,0,1,0,1,0,0,0,1,"equal"
"960401-2218929",0,0,1,1,0,1,0,1,1,0,"equal"
"930428-2033048",1,1,1,0,0,1,0,0,1,1,"equal"
"870126-4753758",1,1,1,1,1,1,0,0,0,0,"equal"
"970611-2651345",1,1,1,0,0,0,1,0,0,1,"equal"
"970508-2108791",1,1,1,0,0,0,0,0,1,1,"equal"
"610318-2156423",0,1,0,0,0,1,0,1,1,1,"equal"
"950102-4505647",0,0,0,0,0,0,1,0,0,0,"equal"
"900328-4547890",0,1,1,0,1,0,1,0,1,0,"equal"
"710116-2574722",0,0,0,0,1,0,0,0,0,0,"equal"
"851223-1739770",1,1,1,0,1,1,0,1,0,1,"equal"
"781116-2838008",1,1,0,1,1,1,1,0,1,1,"equal"
"831001-4808487",1,0,1,1,1,1,0,1,1,0,"equal"
"510616-4037538",1,0,0,1,0,1,1,0,0,0,"equal"
"800822-3456664",1,1,0,1,1,1,0,0,1,0,"equal"
"991019-4642383",0,1,1,0,1,1,1,1,0,1,"equal"
"660518-1724052",1,0,1,1,1,0,1,1,1,0,"equal"
"720609-4440143",1,0,0,1,0,0,0,1,1,1,"equal"
"931014-1289240",0,0,1,1,1,1,0,0,1,1,"equal"
"840423-4450337",0,0,1,0,0,1,0,0,1,1,"equal"
"510704-1286113",1,1,1,0,0,1,0,1,0,0,"equal"
"690613-3321925",1,0,1,1,0,0,1,1,0,0,"equal"
"790111-3849830",0,1,0,0,0,1,0,1,0,0,"equal"
"630711-2959580",1,1,0,1,0,1,0,0,0,0,"equal"
"930718-1488971",0,0,0,1,0,1,1,1,0,0,"equal"
"951124-1459069",1,1,0,1,0,1,0,1,0,0,"equal"
"870402-3624399",1,0,0,0,0,1,0,0,0,1,"equal"
"690419-3091550",1,1,0,1,0,0,1,1,0,1,"equal"
"831113-4564295",1,0,0,1,0,0,0,0,0,1,"equal"
"610607-1011701",1,1,0,1,1,0,1,0,0,0,"equal"
"840423-1792456",1,0,0,1,1,0,0,1,1,0,"equal"
"730927-3252115",1,1,1,1,1,1,0,1,1,1,"equal"
"870320-4712296",0,0,1,0,1,0,0,1,0,0,"equal"
"840824-1347839",1,0,1,1,1,0,0,1,1,1,"equal"
"631225-3823452",0,1,1,0,1,0,1,1,0,0,"equal"
"610412-1956364",0,0,0,0,1,1,1,0,0,0,"equal"
"780528-1447387",1,1,1,0,0,1,1,1,1,1,"equal"
"850712-1559621",1,0,1,1,0,1,1,1,0,0,"equal"
"890426-1936615",1,1,1,1,0,0,0,1,1,0,"equal"
"990811-1024545",1,0,1,0,0,0,1,1,1,1,"equal"
"780708-2479985",0,1,0,1,0,0,0,1,0,0,"equal"
"500221-3270101",0,0,1,0,1,1,1,1,0,1,"equal"
"720725-3948999",0,1,0,1,0,0,1,1,0,1,"equal"
"690106-2290579",1,0,1,0,1,1,0,1,1,0,"equal"
"531219-1057449",0,1,0,1,1,1,0,0,1,1,"equal"
"780624-3870473",0,0,0,0,1,1,1,1,0,0,"equal"
"610221-3268629",0,0,1,0,0,1,1,1,0,0,"equal"
"700608-2092942",0,1,0,1,0,0,0,0,0,0,"equal"
"560827-1027685",1,0,1,0,1,0,0,0,1,0,"equal"
"750406-2264114",1,0,1,0,0,0,0,1,1,0,"equal"
"670609-4150129",1,0,1,0,1,1,1,1,0,0,"equal"
"960810-2900687",0,1,0,0,0,1,1,0,1,0,"equal"
"780628-1474526",1,1,1,0,1,0,1,0,1,1,"equal"
"910725-4992185",0,1,0,1,1,0,0,1,0,0,"equal"
"671020-3799244",1,1,0,1,1,0,0,1,0,0,"equal"
"860511-4254008",1,0,0,0,1,0,1,1,0,0,"equal"
"940606-2372759",1,0,1,1,1,1,0,0,0,1,"equal"
"900506-3143971",0,1,0,1,0,0,0,0,0,1,"equal"
"560122-4208550",0,1,0,1,1,1,1,0,0,1,"equal"
"780812-1233170",1,1,0,0,0,0,1,1,0,0,"equal"
"760406-3164296",0,1,0,1,0,1,1,1,1,1,"equal"
"630409-2974803",1,1,1,0,0,0,1,1,1,0,"equal"
"580512-4222466",1,0,1,1,1,0,0,0,1,1,"equal"
"980202-3213932",1,0,1,1,0,0,1,0,1,0,"equal"
"590824-1430789",1,0,1,1,1,0,1,1,0,1,"equal"
"830810-4334026",1,1,0,1,1,1,1,0,0,0,"equal"
"721116-3556166",0,0,1,1,0,1,0,1,0,0,"equal"
"761106-1853296",0,0,1,1,1,1,0,0,0,1,"equal"
"510927-4006863",1,1,0,0,1,0,1,0,0,0,"equal"
"780702-4492312",1,1,0,1,0,0,0,1,1,1,"equal"
"680518-1880036",0,1,1,1,0,0,0,1,0,1,"equal"
"520812-2920369",0,1,1,0,1,0,1,0,1,0,"equal"
"810526-3322255",0,1,0,1,0,0,0,0,0,1,"equal"
"600227-4739616",1,1,0,1,1,0,0,0,0,0,"equal"
"891125-3476352",0,1,0,0,0,0,0,0,0,0,"equal"
"700905-4265591",0,1,1,1,1,1,0,0,1,1,"equal"
"601123-1878724",0,1,1,1,1,1,0,1,0,0,"equal"
"881209-4161204",1,1,1,0,1,0,0,0,1,1,"equal"
"980227-3290900",1,0,1,0,1,0,0,0,1,0,"equal"
"680611-4088919",0,1,1,1,1,0,0,1,0,0,"equal"
"600810-4227350",0,0,1,0,1,0,1,1,1,0,"equal"
"931228-2019508",1,0,0,0,0,0,1,1,1,1,"equal"
"670801-1687193",1,0,0,0,1,1,0,1,0,0,"equal"
"951125-3194176",0,1,0,0,0,1,1,0,0,0,"equal"
"580628-3492544",0,1,0,0,0,1,1,0,0,1,"equal"
"680915-4465605",0,0,1,1,1,0,1,1,0,1,"equal"
"990804-4103231",1,1,0,0,0,0,1,1,1,1,"equal"
"641221-4771632",0,1,1,1,0,1,1,0,1,1,"equal"
"890724-4188448",1,1,0,0,0,0,1,1,0,1,"equal"
"790412-3197796",1,1,1,0,1,1,0,0,0,1,"equal"
"960627-2065069",1,1,0,1,0,1,0,0,1,0,"equal"
"850204-1540549",0,0,0,1,1,0,0,1,1,0,"equal"
"530728-4576313",1,0,0,0,0,1,1,1,1,0,"equal"
"710502-1739250",1,1,1,0,1,1,0,0,0,1,"equal"
"910228-1430296",1,0,1,0,0,0,1,1,0,0,"equal"
"780309-3854597",1,0,1,0,0,0,0,0,1,1,"equal"
"590206-4734352",0,0,0,0,0,0,1,1,1,1,"equal"
"670926-1995003",0,1,0,0,1,0,1,0,0,1,"equal"
"710628-3582915",0,0,1,1,0,1,1,1,0,0,"equal"
"740428-2383907",0,1,0,1,1,1,0,1,1,0,"equal"
"940621-3136305",0,1,1,1,0,0,0,0,0,0,"equal"
"990110-3482168",0,0,1,1,1,0,1,1,0,1,"equal"
"860414-4773895",1,0,1,1,1,1,0,1,0,0,"equal"
"571224-4644026",0,0,1,1,1,1,1,1,0,1,"equal"
"971022-4066239",0,1,1,0,0,0,1,0,1,0,"equal"
"970917-4257552",0,0,1,1,0,1,1,0,1,1,"equal"
"960803-2951455",1,1,1,1,0,1,1,0,0,1,"equal"
"900615-2614705",1,1,1,0,1,0,1,0,0,0,"equal"
"580205-2292926",1,1,1,0,0,1,1,0,1,1,"equal"
"720526-4485837",0,0,0,0,1,1,0,0,1,1,"equal"
"731112-3674719",0,1,0,1,1,0,0,1,1,1,"equal"
"510407-1524749",0,0,0,1,1,0,0,0,0,0,"equal"
"740107-2546280",1,1,0,1,1,0,0,1,1,0,"equal"
"710504-1476915",1,1,0,1,0,0,0,1,0,0,"equal"
"630323-4445643",0,1,0,0,0,1,0,0,0,0,"equal"
"720406-2585172",1,1,1,0,1,1,1,0,0,0,"equal"
"600917-3564643",1,0,1,1,0,0,0,1,0,1,"equal"
"520723-4176074",0,0,0,0,1,0,1,0,0,1,"equal"
"950111-2082883",0,1,0,0,0,1,1,1,0,0,"equal"
"810203-4609955",0,0,0,0,1,0,1,0,1,0,"equal"
"810212-2259605",1,1,0,0,0,1,1,1,0,0,"equal"
"840915-4650390",0,1,1,1,1,1,0,0,1,1,"equal"
"860125-4589052",0,1,1,1,1,0,1,1,0,1,"equal"
"940212-3198048",1,0,1,0,0,0,0,1,0,0,"equal"
"890121-3918553",1,0,0,0,0,0,0,0,1,0,"equal"
"890506-1187111",1,1,0,1,1,1,1,1,0,1,"equal"
"930213-2184586",1,1,0,1,1,0,0,0,1,0,"equal"
"650502-3441528",1,1,0,1,1,0,1,1,0,0,"equal"
"951211-3935390",1,1,0,0,0,0,1,0,0,0,"equal"
"770505-1603432",0,0,1,0,1,0,0,0,0,0,"equal"
"910112-4329434",1,1,0,0,1,0,0,1,0,0,"equal"
"971224-2719243",1,1,1,0,0,1,1,1,1,1,"equal"
"700121-3179366",0,1,0,0,0,1,0,1,1,1,"equal"
"890401-2619334",1,1,1,1,0,1,1,0,1,0,"equal"
"701211-3038256",1,1,1,1,1,0,1,1,0,1,"equal"
"900718-2294883",1,0,0,0,0,1,1,1,0,0,"equal"
"760612-2074185",1,0,0,0,0,0,1,1,1,1,"equal"
"790524-1863386",1,0,1,0,0,1,1,1,1,0,"equal"
"670601-1990993",0,0,1,0,0,1,0,1,0,1,"equal"
"720515-4112253",1,1,0,1,0,0,0,0,0,1,"equal"
"520324-4001613",1,0,1,1,1,1,0,0,0,0,"equal"
"830205-1368346",1,0,0,1,0,1,1,0,1,0,"equal"
"980812-1531451",0,0,1,1,1,1,0,0,0,0,"equal"
"630719-3262294",1,0,1,1,0,0,0,1,0,1,"equal"
"801011-1407590",1,0,0,0,1,1,1,0,0,1,"equal"
"560325-3668513",0,0,0,1,0,1,1,1,1,1,"equal"
"780824-2647815",1,0,0,0,1,1,1,0,0,0,"equal"
"671122-2425928",0,0,1,1,1,0,0,0,1,1,"equal"
"990410-4685044",1,1,1,0,0,1,1,1,0,1,"equal"
"710507-3459426",1,0,1,0,0,0,0,1,1,0,"equal"
"630119-3437248",1,1,0,0,1,1,0,0,1,1,"equal"
"601018-1586644",1,1,1,0,0,0,0,1,0,1,"equal"
"940615-3313161",0,0,1,0,0,1,0,0,0,0,"equal"
"700720-3785195",1,0,1,1,1,1,1,1,0,1,"equal"
"641205-3857735",0,1,1,1,1,1,0,0,0,0,"equal"
"680928-2010367",1,0,1,1,0,0,0,1,0,1,"equal"
"670308-4281256",1,1,0,1,0,0,1,0,1,0,"equal"
"531116-2612515",0,0,0,0,0,1,0,1,0,0,"equal"
"730216-3947982",1,1,0,1,0,0,1,0,1,0,"equal"
"860406-1655762",1,0,1,0,1,0,0,0,1,0,"equal"
"690102-1838331",0,1,1,1,1,0,1,1,0,0,"equal"
"580525-4998089",1,1,1,0,0,1,1,1,0,0,"equal"
"741127-1939218",0,0,1,0,1,0,1,0,0,1,"equal"
"610212-2323188",0,0,0,0,0,0,1,1,1,0,"equal"
"871004-4850286",1,0,1,0,0,0,1,1,0,1,"equal"
"970821-3325906",1,1,1,1,1,1,1,1,0,0,"equal"
"901204-1199706",0,0,0,1,0,1,1,0,1,0,"equal"
"531028-1621446",1,1,0,1,1,1,1,1,1,1,"equal"
"730509-2826661",0,0,0,1,1,1,0,0,0,1,"equal"
"730726-2115865",0,1,0,1,0,1,1,1,0,1,"equal"
"700107-1215589",1,0,1,0,0,0,1,0,0,0,"equal"
"650117-1329358",1,0,1,1,0,0,0,0,0,0,"equal"
"871212-2525232",1,0,1,0,1,1,1,0,1,1,"equal"
"821126-2435255",1,1,1,0,1,0,0,0,0,1,"equal"
"750504-4067788",0,1,0,0,0,1,0,1,0,0,"equal"
"640710-4334491",1,1,1,0,1,0,0,1,1,0,"equal"
"611219-2858825",0,1,0,0,0,1,0,0,1,1,"equal"
"830420-1545563",1,0,0,1,1,1,1,0,1,0,"equal"
"620525-2807791",1,0,1,0,0,0,0,1,1,1,"equal"
"950523-3159233",0,1,1,0,0,0,0,1,0,0,"equal"
"720216-1009578",1,1,1,1,0,1,0,0,0,1,"equal"
"680510-3539084",1,1,1,1,0,1,0,0,1,1,"equal"
"600316-4336591",0,1,0,0,1,1,0,1,1,1,"equal"
"990924-4458310",0,1,0,1,1,1,0,0,0,0,"equal"
"540719-1056313",1,1,0,0,0,1,0,1,0,1,"equal"
"681228-1284777",1,0,0,0,0,1,0,0,0,1,"equal"
"591124-1333239",0,0,1,0,0,1,0,0,0,0,"equal"
"590726-2125205",1,0,1,0,1,0,1,1,1,0,"equal"
"921007-3586067",1,0,0,1,1,1,1,0,1,0,"equal"
"811127-3976692",1,1,0,1,1,0,1,1,0,1,"equal"
"910720-3221911",0,0,1,1,0,0,1,0,1,1,"equal"
"790108-3746738",1,0,0,1,1,1,1,1,1,0,"equal"
"650915-4483710",0,1,0,0,1,0,0,1,0,0,"equal"
"520909-4985105",1,1,1,0,1,1,0,0,0,0,"equal"
"891106-4487721",0,1,0,0,1,0,1,1,1,1,"equal"
"910106-4548216",1,1,0,0,0,0,1,0,1,0,"equal"
"661028-2947948",0,1,0,1,1,0,0,0,1,1,"equal"
"630517-1419968",1,0,0,0,1,0,0,0,0,1,"equal"
"870626-1404546",0,0,1,0,1,0,1,1,1,0,"equal"
"730310-4525721",1,1,1,1,0,1,1,0,1,0,"equal"
"530604-1734646",1,1,1,0,1,1,1,0,1,0,"equal"
"980511-1937944",0,0,0,1,1,0,0,0,0,1,"equal"
"950721-1506140",1,0,0,1,1,0,0,0,0,0,"equal"
"720405-1170424",0,0,1,1,1,1,0,1,0,1,"equal"
"700908-1224121",1,0,0,1,1,1,1,1,0,0,"equal"
"531219-1466321",0,1,1,0,1,1,0,0,1,0,"equal"
"780727-3906969",0,1,1,1,0,0,0,1,0,1,"equal"
"800115-1656712",1,1,1,0,1,1,0,1,1,1,"equal"
"850324-2829854",1,0,0,0,0,0,1,1,1,1,"equal"
"860203-1221700",1,0,1,0,0,0,1,1,1,0,"equal"
"910318-3129365",1,0,0,0,0,1,1,1,1,1,"equal"
"550912-2780387",1,1,1,1,1,0,0,1,1,0,"equal"
"641124-1645974",0,0,0,1,0,1,0,1,0,0,"equal"
"660220-4035114",0,0,0,0,1,0,0,1,0,1,"equal"
"980903-1323745",0,1,1,0,0,1,1,0,1,1,"equal"
"630514-2642485",1,0,1,1,0,1,1,0,1,0,"equal"
"900706-1465931",0,1,1,1,1,1,1,0,0,0,"equal"
"940223-1137451",1,0,1,0,1,0,0,1,1,1,"equal"
"711111-4422827",0,1,1,1,0,1,1,1,1,0,"equal"
"570807-3982900",1,0,1,1,1,1,0,0,1,1,"equal"
"940612-4545384",1,0,1,1,0,0,0,0,0,0,"equal"
"760106-2188285",0,1,0,0,0,0,1,0,0,1,"equal"
"951012-2277964",1,0,0,1,1,1,0,0,1,0,"equal"
"720916-2359672",1,1,1,0,1,1,0,1,0,0,"equal"
"621127-4841878",0,0,0,1,0,0,0,1,1,1,"equal"
"860523-3361142",0,0,1,1,1,0,1,0,1,0,"equal"
"880215-4512589",0,1,1,1,0,1,0,1,0,0,"equal"
"590402-1023869",1,0,0,1,1,0,1,1,0,0,"equal"
"711018-4721697",1,1,1,1,0,0,0,0,0,1,"equal"
"770223-2508477",1,1,1,1,0,0,1,0,0,1,"equal"
"690206-3160968",1,1,1,1,0,1,1,1,0,0,"equal"
"970509-2044360",1,1,1,1,1,0,0,1,0,0,"equal"
"720108-1809120",1,0,1,0,1,1,1,1,0,0,"equal"
"610524-3982115",0,0,0,1,0,1,1,1,0,1,"equal"
"881006-3916739",0,1,0,1,0,0,0,0,0,0,"equal"
"770120-3877687",1,1,0,0,0,1,0,0,0,0,"equal"
"900918-2476066",0,0,0,0,1,1,1,1,1,1,"equal"
"940709-4663237",1,0,1,1,1,1,1,1,1,1,"equal"
"680906-3903637",0,0,0,1,0,1,1,0,0,1,"equal"
"740321-4289360",1,1,1,1,1,1,0,1,0,1,"equal"
"871213-1934393",0,1,1,0,0,0,0,0,1,1,"equal"
"930109-4378695",0,1,0,1,1,0,0,1,0,0,"equal"
"760119-1690580",1,1,1,1,0,1,1,1,1,1,"equal"
"781002-4863587",1,0,0,0,1,0,1,1,0,0,"equal"
"531101-2405556",0,0,1,1,1,1,1,0,0,0,"equal"
"980104-4395128",1,1,0,0,0,1,1,1,0,1,"equal"
"890510-4907647",0,1,0,1,0,0,1,1,0,1,"equal"
"950620-1008176",0,1,0,0,1,0,0,0,1,1,"equal"
"670114-2247774",1,0,0,0,1,1,1,0,1,0,"equal"
"900226-4924376",0,0,1,0,0,1,0,0,0,1,"equal"
"540918-1268415",1,1,1,1,1,1,0,1,0,0,"equal"
"890313-4565687",0,1,0,1,1,1,1,0,1,1,"equal"
"850617-1015220",0,1,0,1,1,0,1,0,1,1,"equal"
"530213-3105841",0,1,1,1,0,0,0,1,0,0,"equal"
"751018-2701471",0,0,1,1,1,0,1,0,1,0,"equal"
"710923-2012273",0,0,1,1,1,1,0,1,1,1,"equal"
"740512-1000371",1,1,0,0,1,1,1,0,0,1,"equal"
"550216-1588607",0,1,1,0,1,0,0,1,0,0,"equal"
"951016-3620820",1,1,0,1,0,0,1,0,0,0,"equal"
"910402-1995667",0,1,1,0,1,0,0,0,0,0,"equal"
"831020-2395556",1,0,0,1,0,1,0,1,0,0,"equal"
"761004-2375939",1,1,0,1,0,0,1,0,1,0,"equal"
"610504-2356460",0,1,0,1,0,0,0,1,0,1,"equal"
"670209-2336154",0,1,1,0,0,1,0,0,1,0,"equal"
"940727-2544425",0,1,0,1,1,0,1,0,0,0,"equal"
"700123-4068658",0,0,1,1,1,1,1,0,0,0,"equal"
"911019-2882093",1,1,0,0,1,1,0,1,0,1,"equal"
"840224-1289715",0,0,0,1,1,0,1,1,1,1,"equal"
"890910-4399702",1,1,0,1,1,0,1,0,1,1,"equal"
"870927-3902225",1,1,0,0,1,1,1,1,0,1,"equal"
"620912-1437387",0,1,0,1,1,0,1,1,0,1,"equal"
"770209-1012961",1,1,1,1,0,0,1,1,1,1,"equal"
"921122-1082267",0,0,0,1,0,0,1,1,1,1,"equal"
"750613-3925632",0,1,0,0,0,0,1,0,1,0,"equal"
"520417-4303341",1,0,0,1,0,0,0,1,1,1,"equal"
"620725-2170058",0,0,1,0,0,1,0,1,1,1,"equal"
"800907-3571432",0,1,0,0,1,1,0,0,0,0,"equal"
"500627-1577788",0,0,0,0,1,1,1,0,1,0,"equal"
"570519-1294780",0,0,0,1,0,1,1,1,1,1,"equal"
"750623-4964639",1,1,1,0,1,1,1,1,0,0,"equal"
"761215-3098896",1,0,0,1,0,1,0,0,1,1,"equal"
"940812-2446667",0,1,1,1,0,0,1,0,0,0,"equal"
"580915-4865291",0,1,0,0,1,0,1,0,1,0,"equal"
"911205-4879744",0,0,1,1,1,0,0,0,1,1,"equal"
"900423-3299933",1,1,0,1,1,0,1,1,1,1,"equal"
"570104-1603945",1,0,1,0,0,1,0,0,1,0,"equal"
"980304-4162614",1,1,1,1,0,0,0,1,1,0,"equal"
"981016-1133520",1,0,1,0,0,0,0,0,1,1,"equal"
"900213-3082175",1,0,0,0,0,1,0,1,1,1,"equal"
"841217-3856497",1,1,1,1,1,0,0,0,1,1,"equal"
"800207-2768706",0,0,0,1,0,0,0,1,0,0,"equal"
"590812-4206238",1,1,1,0,1,0,0,1,0,1,"equal"
"680722-3162299",0,0,0,1,0,1,1,0,1,1,"equal"
"691014-1758072",1,0,1,0,0,0,1,1,0,1,"equal"
"550521-1790334",0,1,0,0,1,0,0,0,1,1,"equal"
"531224-4359438",0,0,1,0,1,1,1,1,1,1,"equal"
"581106-2972603",1,0,1,0,0,0,1,0,1,1,"equal"
"770902-1527138",0,1,1,1,0,0,0,0,0,1,"equal"
"581007-3005196",0,1,0,1,0,1,0,0,1,0,"equal"
"820125-2305025",1,0,1,1,0,0,0,0,1,0,"equal"
"950913-4982962",1,1,0,1,1,1,1,0,0,1,"equal"
"781220-3945265",1,0,0,1,0,1,1,0,1,1,"equal"
"940213-3451632",1,0,0,0,0,0,1,1,1,1,"equal"
"740126-4906879",1,1,0,0,1,0,1,1,1,0,"equal"
"500215-1340184",1,0,0,0,1,1,0,0,1,0,"equal"
"591115-4046388",0,0,1,0,0,1,0,0,0,1,"equal"
"601013-1020312",1,0,1,0,0,0,0,0,0,1,"equal"
"510323-4669106",0,1,1,0,0,0,0,1,0,0,"equal"
"580616-1742461",1,1,0,0,0,0,0,0,0,1,"equal"
"930421-4507368",0,1,0,0,1,0,1,0,1,1,"equal"
"670607-1545546",0,1,0,0,1,0,0,1,0,0,"equal"
"880612-1707879",0,0,0,0,0,1,1,1,0,1,"equal"
"881026-4664242",0,1,1,1,1,1,0,0,1,1,"equal"
"750421-3998679",1,1,1,1,1,0,0,0,1,1,"equal"
"810114-4003363",1,1,0,1,1,0,0,0,0,0,"equal"
"841106-4387229",1,1,0,0,0,1,1,0,1,0,"equal"
"650828-2290705",0,1,0,0,1,1,1,1,1,1,"equal"
"740615-1612844",0,1,0,1,0,1,1,1,0,1,"equal"
"520704-1682297",1,1,0,0,0,0,0,0,1,0,"equal"
"810511-4667953",0,1,1,0,0,1,1,0,0,0,"equal"
"781110-1652862",1,1,0,0,1,0,0,1,0,0,"equal"
"500115-2784690",0,0,1,1,0,1,1,0,0,1,"equal"
"640525-3656851",0,0,1,1,1,0,1,0,0,0,"equal"
"971125-1705685",0,1,1,1,0,1,1,1,1,1,"equal"
"630722-3923234",0,0,1,0,0,1,1,1,0,1,"equal"
"670704-4129801",1,1,1,0,0,1,0,0,0,0,"equal"
"801107-4537628",0,1,0,0,0,1,1,0,0,0,"equal"
"860915-4768006",0,0,1,1,0,0,1,0,0,1,"equal"
"850306-2785900",1,1,1,0,0,0,1,1,1,0,"equal"
"830722-1133060",0,0,0,1,1,0,1,0,1,1,"equal"
"550305-4422697",0,1,1,0,1,0,0,1,1,1,"equal"
"600516-2272609",0,0,1,1,0,1,1,1,1,0,"equal"
"850616-1305081",0,1,1,1,1,0,0,0,1,0,"equal"
"981001-2668462",0,0,1,1,0,0,0,0,0,1,"equal"
"550614-1151902",0,1,0,0,1,0,1,0,0,1,"equal"
"800813-4527180",1,0,1,1,0,1,1,0,1,1,"equal"
"621128-1090212",1,0,1,0,0,0,0,0,1,0,"equal"
"690418-3083174",1,1,1,0,1,1,1,0,1,0,"equal"
"901022-1219959",1,1,1,1,0,1,0,0,0,0,"equal"
"580106-1527747",0,0,0,1,1,0,0,0,1,1,"equal"
"511008-3939641",1,1,1,0,1,1,1,0,1,0,"equal"
"580217-2869245",1,0,1,1,1,0,1,0,0,1,"equal"
"821109-2881188",0,1,1,1,1,1,0,1,0,1,"equal"
"840709-3280057",0,0,1,0,0,0,0,1,0,0,"equal"
"910225-1400388",0,1,0,0,1,1,1,1,0,1,"equal"
"620123-2279655",1,0,0,1,0,1,1,1,1,1,"equal"
"680115-3764984",1,1,1,1,1,1,1,0,0,1,"equal"
"890215-3898410",1,1,0,0,1,0,1,1,1,1,"equal"
"920904-3265699",0,1,0,0,0,0,1,1,0,1,"equal"
"750622-4247032",1,1,0,1,1,1,0,0,1,1,"equal"
"770226-1052906",0,0,1,1,0,0,0,1,0,1,"equal"
"960803-2784103",1,0,0,1,0,0,0,0,0,1,"equal"
"920306-3111221",1,0,1,0,0,1,0,0,0,0,"equal"
"510603-2993008",1,0,1,1,0,1,0,1,0,1,"equal"
"901225-4538181",0,1,1,0,1,1,1,0,0,0,"equal"
"830624-4016250",1,1,1,0,1,0,1,1,0,1,"equal"
"680316-4443681",1,0,0,1,1,1,1,1,0,1,"equal"
"621218-2166334",1,0,1,0,0,1,0,0,0,0,"equal"
"610625-1874899",1,0,0,1,0,1,0,0,1,0,"equal"
"980421-2741862",0,1,1,1,0,1,1,0,0,0,"equal"
"871101-4311377",1,1,0,1,0,0,1,0,1,0,"equal"
"891209-4126056",0,1,0,1,0,1,0,1,0,1,"equal"
"741215-3052953",0,0,1,0,0,1,0,1,0,0,"equal"
"990112-2683388",0,1,0,1,1,0,1,0,1,0,"equal"
"760824-3945574",0,1,1,1,1,0,1,0,1,0,"equal"
"710308-2069550",0,0,0,0,1,0,0,0,1,0,"equal"
"520803-3075657",1,1,0,0,1,1,0,0,0,1,"equal"
"600801-2901729",1,1,1,1,1,1,1,0,0,0,"equal"
"690703-1106025",0,0,1,0,1,0,1,0,1,0,"equal"
"790903-4169796",0,1,0,0,1,0,0,0,0,0,"equal"
"730414-2569402",1,1,1,1,0,1,0,0,1,0,"equal"
"530113-2427698",0,0,0,1,1,1,0,1,1,0,"equal"
"760915-4229867",1,1,1,1,1,0,0,1,0,1,"equal"
"670220-1177881",1,0,0,1,1,1,0,1,0,1,"equal"
"960224-4746599",1,1,0,0,1,0,1,0,1,0,"equal"
"920211-4920786",1,0,0,0,1,0,0,1,1,1,"equal"
"741210-1873805",1,0,0,1,1,1,1,1,1,1,"equal"
"940903-3462249",1,1,0,0,0,1,1,1,1,1,"equal"
"641126-2336008",0,0,1,1,1,0,1,0,1,0,"equal"
"660711-1071770",0,0,0,1,1,1,1,1,0,1,"equal"
"620826-3537225",0,0,0,1,0,1,1,1,1,1,"equal"
"570201-3486538",0,1,1,1,1,0,1,0,1,1,"equal"
"681215-4932090",1,0,1,0,0,0,1,1,0,0,"equal"
"950415-1232589",0,1,0,1,1,0,1,0,1,1,"equal"
"700405-2417289",1,0,0,1,1,0,1,0,1,1,"equal"
"670723-2787328",0,1,0,0,1,1,1,1,1,1,"equal"
"580616-2225815",0,1,1,0,1,0,1,1,0,0,"equal"
"670417-2756056",1,0,0,0,0,1,1,0,0,0,"equal"
"780416-4679432",0,0,0,1,0,0,0,1,1,0,"equal"
"560121-3759230",0,1,1,1,0,0,1,0,0,1,"equal"
"680216-2665429",1,0,0,0,1,0,0,0,1,0,"equal"
"991222-4290255",0,0,1,1,0,0,0,0,1,0,"equal"
"950812-3727659",1,1,1,1,1,1,1,0,1,1,"equal"
"830818-3639797",1,1,0,0,0,0,1,1,1,1,"equal"
"640222-1200375",1,1,1,0,1,1,0,0,1,0,"equal"
"650320-3354363",1,0,0,0,0,0,0,1,1,1,"equal"
"540722-2231770",0,0,0,0,0,1,1,1,0,1,"equal"
"530104-4201138",0,1,1,1,1,1,1,0,0,1,"equal"
"521217-1130669",1,0,1,1,1,0,1,0,0,0,"equal"
"960822-1007778",1,0,1,1,1,0,0,0,1,1,"equal"
"530521-2946475",1,1,0,1,0,1,0,1,0,0,"equal"
"781201-1893321",0,1,0,0,0,1,1,0,0,0,"equal"
"730306-2622567",1,1,1,0,1,1,1,0,0,0,"equal"
"650417-2330361",1,0,1,0,1,1,0,0,1,0,"equal"
"640711-1161012",0,0,1,0,0,0,1,0,1,1,"equal"
"620215-1506287",0,1,1,1,1,0,1,0,0,0,"equal"
"530714-1459990",1,1,0,0,1,1,0,0,1,1,"equal"
"970325-2605666",1,1,1,0,1,0,0,1,0,1,"equal"
"550314-3017153",0,1,0,1,0,1,1,0,0,0,"equal"
"680415-2078118",0,0,1,1,0,0,1,0,0,0,"equal"
"870523-1028467",1,1,0,1,1,1,1,1,1,1,"equal"
"631104-4724021",0,0,1,0,1,0,0,0,1,0,"equal"
"760216-1423638",0,1,0,1,1,0,1,1,1,1,"equal"
"910912-4960509",0,0,0,1,1,0,1,1,1,1,"equal"
"590723-2732892",0,0,0,1,0,0,1,0,0,1,"equal"
"610122-3458847",0,0,0,1,1,1,0,0,1,0,"equal"
"920202-1467356",1,1,0,1,1,1,0,0,1,0,"equal"
"961115-3698035",0,0,0,0,0,0,1,1,0,1,"equal"
"641210-4612187",1,0,1,1,0,1,1,1,1,0,"equal"
"790624-3675292",0,0,0,0,1,1,1,1,0,0,"equal"
"990526-1992991",1,0,0,1,1,0,0,0,0,1,"equal"
"531117-3058131",1,1,1,0,0,1,0,0,0,1,"equal"
"890508-1960631",0,1,1,0,0,0,0,1,1,1,"equal"
"861024-1027904",0,0,0,0,0,1,1,0,1,1,"equal"
"820709-3011515",1,1,0,1,0,1,1,0,0,0,"equal"
"891207-4874455",0,1,1,0,1,1,1,1,0,0,"equal"
"781015-4976723",1,0,0,0,1,1,1,0,1,1,"equal"
"680320-1782184",1,0,1,0,1,1,0,1,0,1,"equal"
"650226-1371089",0,0,1,0,0,1,1,1,0,0,"equal"
"600621-3064560",0,0,0,1,0,1,1,0,0,0,"equal"
"510409-1970450",1,1,0,0,1,0,1,1,0,0,"equal"
"931103-4678801",1,1,0,1,1,0,1,1,1,0,"equal"
"661006-2659469",1,0,1,0,0,0,0,1,0,0,"equal"
"801012-1344982",0,1,1,1,0,1,1,0,0,1,"equal"
"510117-3482433",0,0,0,1,0,0,0,0,0,0,"equal"
"841007-1429584",0,0,1,1,1,1,0,1,1,1,"equal"
"880827-4445900",1,1,0,0,0,0,0,1,1,1,"equal"
"720107-4970312",0,1,1,1,1,1,1,1,0,0,"equal"
"760604-4860438",1,0,0,1,1,1,1,1,0,1,"equal"
"560715-1726884",0,0,1,1,1,0,0,0,0,0,"equal"
"900321-3006982",0,1,0,0,1,1,1,0,1,1,"equal"
"590312-3670405",1,1,1,0,1,1,0,1,1,0,"equal"
"980627-3710421",0,1,1,1,0,0,1,1,0,0,"equal"
"650402-1292280",1,0,1,0,1,0,1,1,1,1,"equal"
"560718-3500363",0,1,1,0,0,0,1,1,0,0,"equal"
"581007-3953087",0,1,1,1,0,1,0,0,0,1,"equal"
"810504-2578403",1,0,1,1,0,0,0,1,1,0,"equal"
"570615-1551249",1,0,1,1,0,0,0,1,0,1,"equal"
"591102-2569628",0,0,0,1,1,0,1,0,0,0,"equal"
"910818-4336258",0,0,0,1,0,1,0,1,0,1,"equal"
"991001-1413867",0,0,1,0,1,1,1,1,1,1,"equal"
"710123-3202902",0,1,0,0,1,1,0,0,0,1,"equal"
"990213-4059120",0,0,0,0,0,1,0,0,0,1,"equal"
"940221-2412565",1,1,0,1,1,1,1,0,0,1,"equal"
"601117-2740127",1,1,1,0,0,0,0,0,1,0,"equal"
"630124-3813723",1,1,0,1,1,0,1,0,1,1,"equal"
"700120-2347830",1,1,0,0,0,0,1,1,0,1,"equal"
"730105-2665699",0,0,0,1,0,0,1,1,1,0,"equal"
"540407-2887856",0,0,0,0,1,0,1,1,1,1,"equal"
"660124-4416248",0,0,1,0,1,0,1,0,0,1,"equal"
"990228-2917510",1,0,1,0,0,0,1,0,1,1,"equal"
"770601-3497114",0,0,0,0,1,0,0,1,1,1,"equal"
"860322-3495359",0,0,1,0,0,0,0,1,0,0,"equal"
"801120-3773511",0,1,1,0,0,1,0,0,1,0,"equal"
"611220-2083370",1,0,1,1,1,1,0,0,0,1,"equal"
"970726-1737762",1,0,1,1,0,1,0,0,1,1,"equal"
"740613-4508569",0,0,1,0,1,0,0,1,0,0,"equal"
"970718-4401754",0,1,1,1,0,1,1,1,1,1,"equal"
"600522-4618899",1,0,0,1,1,1,1,0,1,1,"equal"
"651016-3128529",0,0,0,1,0,0,1,0,0,0,"equal"
"791103-2495087",1,0,0,0,0,0,0,0,1,0,"equal"
"970419-2461325",0,0,1,0,0,0,0,1,0,1,"equal"
"650627-1322028",1,0,0,0,0,0,0,0,1,1,"equal"
"611212-3437628",1,0,0,1,1,1,1,0,0,1,"equal"
"880724-1759510",0,1,1,1,0,0,0,0,0,0,"equal"
"620121-4475766",0,1,1,0,1,1,1,0,0,0,"equal"
"960625-1958472",1,1,0,0,0,1,0,1,0,0,"equal"
"640327-1649411",1,0,1,0,1,1,1,0,0,0,"equal"
"900719-4774201",0,0,1,1,0,1,1,0,0,0,"equal"
"850826-4168361",1,1,0,1,1,0,0,0,0,1,"equal"
"851026-2347743",1,1,0,0,0,1,0,0,0,1,"equal"
"740613-3475030",1,0,0,0,1,0,1,1,0,0,"equal"
"961220-4242273",0,1,0,0,1,1,0,0,0,1,"equal"
"701111-2697354",0,0,1,0,0,1,1,0,0,1,"equal"
"960219-4584220",0,1,0,1,0,0,0,0,0,1,"equal"
"650717-3734791",1,1,1,1,1,1,1,1,0,1,"equal"
"710403-3620390",1,0,0,1,0,1,0,1,1,0,"equal"
"980803-1216028",0,1,0,1,0,0,1,1,0,1,"equal"
"790307-1794594",1,0,0,0,1,0,0,1,1,1,"equal"
"851007-1650644",0,1,0,0,1,1,0,0,0,0,"equal"
"780727-1029637",0,0,1,1,1,0,0,0,0,1,"equal"
"980507-3651667",0,0,1,1,1,0,1,1,0,1,"equal"
"980714-3302577",1,1,0,1,1,1,1,1,0,0,"equal"
"541224-1136493",1,0,1,1,1,1,1,0,1,0,"equal"
"861213-3101593",1,0,1,0,1,0,1,0,1,1,"equal"
"691006-2215242",1,1,1,1,0,0,1,1,0,0,"equal"
"810608-2202024",0,1,1,1,1,0,1,1,0,1,"equal"
"681203-4773003",1,1,1,1,0,0,1,1,1,1,"equal"
"950610-1586736",1,0,1,1,1,1,1,1,0,0,"equal"
"711112-3152525",0,1,1,0,1,1,1,0,1,1,"equal"
"620909-4231813",0,0,1,1,0,1,0,1,0,0,"equal"
"880807-4566702",0,1,0,0,0,0,0,0,0,0,"equal"
"660811-2775355",0,1,1,0,0,1,0,0,0,1,"equal"
"550609-4799467",1,1,0,0,1,0,0,0,0,1,"equal"
"621016-1507954",0,0,0,0,1,0,1,0,0,0,"equal"
"930907-1657359",0,1,0,1,1,0,1,1,0,0,"equal"
"861105-3932704",1,0,1,1,1,1,1,0,0,0,"equal"
"680701-3114550",1,0,1,0,1,1,0,0,1,1,"equal"
"621023-4480947",0,0,0,0,1,1,0,1,1,0,"equal"
"741008-3620992",0,0,1,1,1,1,1,1,1,0,"equal"
"820528-3138199",0,0,0,1,0,0,1,1,1,1,"equal"
"721204-4771211",0,1,0,1,1,1,1,1,0,1,"equal"
"531205-1969813",0,1,1,1,1,0,1,0,0,0,"equal"
"651122-3407179",0,0,0,1,0,1,1,0,1,1,"equal"
"940624-1983701",1,0,1,1,0,0,1,0,0,0,"equal"
"810424-1972973",0,1,0,0,0,0,1,1,1,0,"equal"
"780514-1588583",0,1,1,0,0,0,0,1,1,1,"equal"
"871019-2971680",0,0,1,0,1,1,1,1,0,1,"equal"
"671225-1594952",0,1,0,0,1,0,1,1,1,0,"equal"
"780604-4953557",0,0,0,0,0,1,1,0,0,0,"equal"
"841025-4305366",0,1,1,1,0,1,0,0,0,0,"equal"
"991215-1366002",0,1,1,0,0,1,0,1,1,0,"equal"
"690911-2157750",0,0,1,1,0,0,0,1,0,1,"equal"
"700721-2429569",1,0,1,0,1,1,0,0,1,1,"equal"
"891005-2182014",1,0,1,0,1,1,1,0,1,1,"equal"
"500920-4702760",0,1,1,0,1,1,1,0,0,0,"equal"
"591220-3011294",0,0,0,1,1,1,1,0,0,1,"equal"
"860503-4187261",1,1,0,1,1,0,1,0,1,1,"equal"
"930501-4834110",0,0,1,0,0,0,1,0,1,0,"equal"
"810205-3630236",1,0,1,1,0,0,1,1,1,0,"equal"
"501010-1320580",1,1,1,0,0,1,1,1,0,0,"equal"
"581222-1168611",1,0,1,0,0,0,0,0,0,1,"equal"
"530128-4992471",0,1,1,1,1,0,1,0,0,1,"equal"
"711225-2207445",1,0,0,1,0,1,0,0,1,1,"equal"
"971212-4415506",1,1,1,0,0,0,1,1,0,1,"equal"
"540224-4800746",1,0,0,1,1,1,0,0,1,0,"equal"
"930114-2504977",1,1,1,1,0,1,0,0,1,0,"equal"
"690215-3474298",0,0,0,1,1,1,0,0,0,0,"equal"
"940206-2764952",1,0,1,0,0,0,1,1,0,1,"equal"
"851204-1042644",0,0,0,1,0,0,1,1,1,0,"equal"
"921115-1089818",1,1,0,0,1,1,0,1,0,1,"equal"
"680402-4562498",1,1,0,0,0,1,1,0,0,0,"equal"
"791005-3148761",0,0,0,0,1,0,0,0,0,0,"equal"
"890826-4258607",0,1,0,0,1,1,0,0,1,0,"equal"
"911103-1576676",0,0,0,1,1,0,0,0,0,1,"equal"
"690112-4615326",1,0,1,0,0,0,1,0,0,1,"equal"
"611220-3625199",1,0,1,0,0,1,1,1,0,0,"equal"
"750823-1056115",1,1,1,1,0,0,0,1,0,0,"equal"
"501026-1583844",1,0,1,1,0,0,1,0,0,0,"equal"
"990120-1897670",0,0,1,1,1,0,1,0,1,1,"equal"
"750515-1495199",0,1,1,0,0,1,0,0,1,1,"equal"
"751220-2589864",0,1,0,1,1,0,0,1,1,0,"equal"
"720907-4176389",0,0,1,1,1,0,0,1,0,0,"equal"
"820809-3007922",1,0,0,0,1,1,0,0,1,1,"equal"
"630204-4473209",1,0,0,1,1,1,1,1,0,0,"equal"
"900901-4088025",1,0,0,1,1,1,1,0,0,1,"equal"
"730411-1183168",1,1,0,0,0,0,1,0,1,1,"equal"
"700612-1132270",0,0,0,1,0,0,0,1,0,0,"equal"
"870707-4111397",1,0,1,1,1,0,1,1,0,0,"equal"
"571019-4237606",1,1,1,1,0,1,0,0,0,0,"equal"
"780309-2693407",0,1,1,1,0,0,0,0,1,0,"equal"
"561101-2549586",1,1,0,0,1,1,0,1,1,0,"equal"
"950623-1961239",0,0,0,0,0,1,1,1,1,1,"equal"
"630322-4179792",1,0,0,0,0,0,0,1,1,0,"equal"
"501207-2197911",1,0,1,0,1,0,1,0,0,1,"equal"
"500224-2847472",0,1,1,0,0,0,0,0,1,1,"equal"
"820623-2490582",0,0,0,0,0,0,1,1,1,1,"equal"
"710910-4529370",1,1,1,1,0,1,1,0,1,1,"equal"
"701205-2269050",0,1,1,1,1,1,0,1,0,1,"equal"
"810203-1118298",0,0,1,1,1,0,1,0,1,1,"equal"
"670610-4028761",1,1,0,0,0,0,1,1,0,0,"equal"
"550717-1848442",0,0,1,1,0,0,1,0,1,0,"equal"
"850601-4562613",1,1,1,1,0,1,1,0,1,0,"equal"
"671207-3235263",1,1,0,1,1,0,1,0,0,0,"equal"
"681227-2700276",0,0,0,0,0,0,1,1,0,1,"equal"
"681024-1190732",0,1,1,1,1,0,0,0,0,0,"equal"
"500401-1495585",1,0,0,0,0,1,0,0,0,1,"equal"
"580722-2512346",1,0,0,1,0,0,0,0,1,0,"equal"
"761105-1512059",1,1,0,1,0,0,1,1,1,0,"equal"
"760603-3532425",0,1,1,0,1,1,1,0,0,0,"equal"
"750802-4100603",1,0,1,1,1,0,0,1,1,0,"equal"
"910601-1997389",0,0,1,1,0,1,0,0,0,0,"equal"
"631026-3891863",0,0,1,0,1,0,0,0,1,1,"equal"
"920425-1458236",1,1,0,0,1,1,0,0,1,1,"equal"
"691117-2035809",1,0,0,0,1,1,0,0,0,0,"equal"
"971121-2914972",1,1,1,0,1,0,1,0,1,0,"equal"
"670209-3146486",0,0,0,0,0,0,0,0,0,1,"equal"
"740710-3563751",1,1,1,0,0,0,1,0,0,1,"equal"
"710105-1985469",0,0,1,0,0,0,0,0,0,1,"equal"
"691201-2848023",0,0,1,0,0,1,1,0,0,1,"equal"
"630606-3402749",0,0,1,1,1,1,1,0,0,0,"equal"
"901010-1168173",1,1,1,0,0,1,0,1,0,0,"equal"
"500228-4651192",0,0,1,1,0,0,1,1,1,0,"equal"
"720314-1668836",0,0,1,1,1,1,1,1,0,0,"equal"
"511011-3738954",0,1,0,1,1,1,1,0,0,0,"equal"
"950816-1040064",0,1,0,1,0,0,0,0,1,0,"equal"
"761018-1054810",1,1,1,1,1,1,0,0,0,0,"equal"
"671205-2325882",1,0,1,0,0,1,1,1,1,0,"equal"
"940416-3664715",1,1,1,0,1,0,0,1,1,0,"equal"
"920815-3777076",1,1,1,1,1,1,0,1,0,1,"equal"
"800126-4302921",1,0,1,1,1,0,0,0,0,1,"equal"
"671205-2921312",0,1,0,1,0,1,0,1,0,1,"equal"
"620324-3205446",1,0,1,1,1,1,0,1,0,0,"equal"
"670626-4179522",1,1,0,0,0,0,0,1,1,0,"equal"
"790313-2150723",1,0,0,0,1,0,1,0,0,1,"equal"
"540711-2133161",1,0,1,0,1,1,1,0,1,0,"equal"
"540419-3417877",0,0,1,0,0,1,1,1,1,0,"equal"
"650902-3506265",1,0,1,0,0,1,0,0,1,1,"equal"
"730723-3859599",1,1,0,0,1,1,1,0,1,1,"equal"
"841106-3322153",1,0,0,1,1,0,0,1,0,0,"equal"
"980607-2705735",1,1,0,0,1,0,0,0,0,1,"equal"
"870522-1588518",0,1,1,1,1,0,1,0,0,1,"equal"
"940901-3599136",1,1,1,0,0,0,1,0,1,1,"equal"
"630324-3201634",0,0,1,1,1,0,0,0,1,0,"equal"
"960204-1459892",1,0,0,1,1,0,1,1,0,0,"equal"
"630221-1483180",1,0,0,0,0,0,0,0,0,0,"equal"
"681011-1108336",0,0,1,0,1,0,0,0,0,1,"equal"
"940506-4453261",0,1,1,1,1,1,0,1,0,1,"equal"
"920624-2191144",0,0,1,1,1,0,1,1,1,0,"equal"
"971210-3028660",1,1,1,0,0,0,0,1,1,0,"equal"
"570808-1070046",1,1,1,1,0,1,0,0,0,1,"equal"
"910517-3629871",0,1,0,1,1,1,1,0,0,1,"equal"
"970906-4411217",0,0,1,0,1,1,0,0,0,0,"equal"
"700602-2678095",0,0,0,1,1,1,1,1,0,1,"equal"
"611227-1475684",1,0,1,1,1,1,0,1,1,0,"equal"
"981219-1273571",0,1,1,1,0,1,0,0,0,1,"equal"
"710125-4999215",0,1,0,1,1,1,0,0,0,1,"equal"
"811012-3031913",1,0,1,1,0,1,1,0,1,0,"equal"
"550403-2372316",1,1,0,1,1,1,0,1,1,0,"equal"
"531201-3677547",1,1,1,0,1,0,0,1,0,1,"equal"
"521111-3914616",0,0,1,1,0,1,0,0,1,1,"equal"
"500405-2793400",0,0,1,0,0,0,1,0,1,0,"equal"
"821214-1017351",0,0,1,1,1,0,0,1,1,1,"equal"
"760308-1735436",0,0,1,0,1,0,0,1,1,1,"equal"
"530311-4466712",0,0,1,1,1,0,0,1,0,0,"equal"
"571011-2532830",0,1,1,0,0,0,0,1,1,0,"equal"
"570222-2417041",0,1,1,0,0,0,1,0,0,1,"equal"
"900504-4272983",0,1,1,0,0,1,0,0,0,0,"equal"
"591224-4186508",0,0,0,0,0,0,0,1,0,1,"equal"
"661103-2642344",1,0,1,1,1,0,0,0,0,1,"equal"
"911218-3004014",1,0,1,0,1,0,0,0,0,1,"equal"
"651203-3208315",0,0,1,0,1,1,0,0,1,0,"equal"
"821009-4144229",1,1,1,0,1,1,0,0,0,1,"equal"
"601103-3479902",1,0,0,0,1,1,0,0,1,1,"equal"
"830618-1104353",1,0,0,0,1,0,1,0,0,0,"equal"
"900216-3201014",0,0,1,0,0,1,0,0,0,0,"equal"
"500121-3526489",1,0,1,1,1,0,1,0,0,0,"equal"
"860301-3226307",0,1,1,1,1,0,0,1,1,1,"equal"
"570115-1445895",1,1,0,1,0,1,0,1,0,1,"equal"
"731214-3576439",0,0,0,1,0,0,1,1,1,1,"equal"
"520811-4699710",1,1,1,0,0,0,1,0,1,0,"equal"
"900919-2556798",1,1,0,1,1,1,1,0,1,1,"equal"
"650609-4686227",1,0,1,0,0,0,1,1,0,1,"equal"
"521114-2025697",0,0,0,0,0,1,1,1,0,1,"equal"
"810802-1612539",0,0,0,1,0,0,1,0,0,1,"equal"
"790319-4869655",0,0,0,0,0,1,0,1,0,1,"equal"
"630824-3886100",0,1,1,0,0,1,1,0,1,0,"equal"
"880419-4913849",0,1,1,1,1,0,0,1,0,0,"equal"
"820706-3986040",0,0,1,0,0,0,0,0,1,0,"equal"
"730925-4360360",0,1,1,1,1,1,1,0,1,0,"equal"
"830114-4735545",0,0,0,1,0,1,1,1,0,0,"equal"
"520601-2561255",0,1,1,1,0,1,1,0,1,1,"equal"
"511220-4024158",1,0,1,0,0,0,1,1,0,0,"equal"
"751007-2834603",0,1,1,0,0,1,1,0,1,1,"equal"
"801110-4504570",1,0,1,0,0,1,0,1,1,0,"equal"
"680613-3251729",1,1,0,0,0,1,0,0,1,1,"equal"
"611016-4746757",1,1,0,0,1,0,1,0,1,0,"equal"
"570907-2254981",1,0,0,1,0,1,1,0,0,0,"equal"
"600523-1763452",0,0,0,0,1,0,0,1,0,1,"equal"
"500405-4042920",1,1,1,0,0,0,1,1,0,1,"equal"
"850520-2758553",0,0,0,1,0,0,0,1,0,1,"equal"
"920621-4250568",0,1,0,0,1,0,1,0,0,1,"equal"
"510919-3471057",0,1,1,1,0,0,0,0,1,1,"equal"
"910305-2704564",1,1,1,0,0,1,0,1,1,0,"equal"
"720914-3500793",1,0,1,1,1,1,0,0,1,0,"equal"
"991016-1924130",1,0,1,1,0,1,0,0,1,0,"equal"
"900210-3882714",1,0,1,1,1,0,0,0,0,0,"equal"
"580827-4741068",1,0,0,1,0,1,0,0,1,0,"equal"
"720524-1006641",0,0,0,0,0,0,1,1,1,0,"equal"
"830221-4894621",0,0,0,0,0,1,1,0,0,1,"equal"
"750723-1537840",1,1,0,0,1,0,0,0,1,0,"equal"
"940609-1586452",0,0,1,0,1,0,0,1,1,0,"equal"
"710407-4846178",0,0,1,0,0,0,1,1,1,1,"equal"
"870916-1960611",1,0,0,0,1,0,1,0,0,1,"equal"
"831226-4859805",1,0,0,1,0,1,1,0,0,0,"equal"
"831221-3962298",1,1,0,0,1,0,1,0,0,1,"equal"
"950718-3116744",0,1,0,1,0,1,1,1,0,0,"equal"
"930820-1393270",0,0,1,0,1,0,1,0,0,0,"equal"
"650226-1906001",1,1,0,0,1,1,0,1,0,0,"equal"
"930404-2826154",1,0,0,1,0,1,1,1,0,1,"equal"
"810919-1189059",1,1,0,0,1,0,1,1,1,1,"equal"
"841001-3532130",0,0,0,1,1,1,1,1,1,0,"equal"
"660613-2475689",0,0,1,0,0,0,1,0,0,0,"equal"
"930106-2292110",0,1,1,1,0,1,1,1,0,1,"equal"
"620422-3472905",1,0,1,1,1,0,1,1,1,0,"equal"
"620120-3766812",1,0,0,1,1,1,1,1,1,1,"equal"
"911127-4795267",1,1,1,0,1,1,0,0,1,0,"equal"
"540418-1400581",0,1,1,0,0,0,1,0,0,0,"equal"
"561227-1945552",0,1,0,1,1,1,0,0,1,1,"equal"
"760506-4738361",0,1,1,1,1,1,0,1,1,0,"equal"
"540120-3998102",1,0,0,0,0,0,0,1,0,0,"equal"
"510709-4619441",1,1,1,1,1,1,1,0,1,1,"equal"
"820120-2171221",0,0,0,1,0,1,0,0,0,0,"equal"
"910516-2744665",1,1,0,0,1,0,1,0,0,1,"equal"
"771111-1131569",1,1,1,0,0,1,0,1,0,1,"equal"
"521018-3316031",0,0,0,1,0,0,1,1,0,1,"equal"
"520715-2120104",1,0,0,1,0,1,1,1,0,1,"equal"
"680424-3509228",0,0,1,0,0,0,1,0,0,1,"equal"
"981112-4390089",0,1,1,1,1,0,1,1,1,1,"equal"
"530110-3411216",1,1,1,0,1,1,0,1,1,0,"equal"
"881013-4979835",1,0,1,1,1,1,0,1,0,0,"equal"
"741102-2090203",1,0,0,0,0,1,1,0,1,1,"equal"
"880905-3334234",1,1,1,1,0,0,1,0,1,1,"equal"
"700324-2207559",1,0,1,1,0,1,0,0,1,0,"equal"
"800328-4131430",1,0,1,1,0,0,0,1,1,1,"equal"
"970405-4062873",0,1,0,1,1,1,1,1,1,0,"equal"
"830316-2227178",1,1,0,0,1,1,1,1,0,1,"equal"
"560826-2710169",1,1,1,1,1,0,1,0,0,0,"equal"
"810911-4020973",1,0,1,0,1,1,1,0,0,0,"equal"
"821021-3987900",1,0,1,0,1,0,1,0,0,0,"equal"
"580508-2332892",0,1,0,1,1,0,1,0,0,1,"equal"
"990603-1314374",0,0,0,0,0,0,0,1,1,0,"equal"
"821109-3469403",1,0,1,0,0,0,0,0,0,0,"equal"
"580116-1973212",1,1,1,1,1,0,1,1,1,0,"equal"
"521106-3494778",1,0,0,1,1,0,0,0,0,1,"equal"
"900211-4386025",0,1,0,1,1,0,0,0,0,1,"equal"
"610619-3102792",1,1,0,1,0,1,1,0,0,1,"equal"
"680124-4895001",1,1,1,1,0,1,0,0,1,0,"equal"
"530309-1838669",1,1,0,0,1,0,0,0,0,0,"equal"
"930102-1328852",0,0,1,0,0,0,1,1,0,1,"equal"
"800819-2938866",0,0,0,1,1,0,1,0,1,1,"equal"
"701009-4460254",0,0,0,1,0,1,1,0,0,0,"equal"
"531109-1202815",1,0,1,1,0,1,1,0,1,0,"equal"
"530920-3283242",0,0,0,1,1,1,1,0,0,1,"equal"
"540713-4235836",1,1,1,0,0,1,1,1,0,0,"equal"
"681002-4323632",0,0,0,0,1,0,1,0,1,0,"equal"
"951217-2024739",0,0,1,1,0,0,0,1,1,1,"equal"
"780826-1999073",0,0,1,0,0,0,1,1,0,1,"equal"
"860716-1321794",1,1,0,1,0,1,1,0,1,0,"equal"
"801115-1396923",1,0,1,1,1,1,0,0,1,1,"equal"
"910218-1636437",1,0,1,0,0,1,1,0,1,0,"equal"
"820914-3633974",0,0,1,0,1,0,0,0,1,1,"equal"
"950502-4431710",1,1,0,0,1,0,1,1,1,1,"equal"
"750711-1952872",0,0,1,1,1,1,0,1,0,1,"equal"
"950522-1966594",0,0,1,1,1,1,1,0,0,0,"equal"
"540913-3331127",0,1,0,1,1,1,1,0,0,0,"equal"
"880303-4344135",1,1,0,1,1,0,0,0,1,1,"equal"
"870715-3105292",1,0,1,0,0,0,1,0,1,1,"equal"
"660910-3783681",0,0,1,0,0,1,0,0,1,0,"equal"
"981222-3404100",1,1,1,0,1,1,1,1,0,1,"equal"
"900807-2958221",1,1,0,0,0,0,1,0,0,0,"equal"
"720913-4498986",0,0,1,1,0,0,0,0,0,0,"equal"
"761201-2693999",0,1,1,0,1,1,1,0,1,0,"equal"
"670913-4808527",0,1,1,1,0,0,0,0,1,0,"equal"
"521107-3527454",1,0,0,1,0,0,1,0,1,0,"equal"
"920327-3739075",1,0,0,1,0,1,0,0,0,1,"equal"
"900108-3759125",1,0,1,1,1,0,1,0,1,1,"equal"
"980506-3787598",0,1,0,1,0,0,0,1,1,1,"equal"
"851006-3713341",1,1,1,1,0,0,1,1,1,0,"equal"
"690526-4774787",0,0,1,0,1,0,0,1,0,0,"equal"
"810506-3382466",1,0,0,0,0,0,1,1,0,0,"equal"
"920818-4194816",0,0,1,1,1,0,0,1,1,0,"equal"
"730814-4778693",0,0,1,0,1,0,0,1,0,1,"equal"
"550220-1328891",1,0,1,0,1,1,0,1,0,1,"equal"
"990522-2686616",1,1,0,0,1,0,1,1,1,0,"equal"
"851227-2390967",1,1,1,0,1,0,1,1,0,1,"equal"
"660514-3219282",1,1,0,1,0,0,0,0,1,0,"equal"
"710713-2862829",0,0,1,1,0,0,1,0,1,1,"equal"
"520204-4097379",1,1,1,1,1,0,0,1,1,0,"equal"
"780404-4940300",1,0,0,1,0,0,0,0,1,0,"equal"
"651022-1606664",1,0,0,1,0,0,0,0,0,1,"equal"
"981004-3625254",1,1,1,1,1,1,1,0,0,0,"equal"
"580325-3757898",0,1,0,0,1,1,1,1,1,0,"equal"
"620209-4708400",1,0,1,0,0,1,1,0,1,1,"equal"
"890428-4771876",1,0,1,1,0,0,0,0,1,0,"equal"
"600812-2326172",0,1,0,0,0,0,1,0,0,0,"equal"
"751209-4920602",1,0,0,1,0,0,0,1,1,0,"equal"
"781104-1016257",0,1,1,0,0,1,1,0,0,0,"equal"
"900219-3989402",0,0,0,1,0,1,0,1,0,0,"equal"
"500105-2233838",1,0,0,1,0,1,0,0,1,1,"equal"
"540724-1669745",0,1,0,0,0,0,1,1,0,1,"equal"
"630303-2186789",1,1,0,1,1,1,0,1,0,1,"equal"
"960509-2520416",1,1,0,1,0,0,1,1,1,1,"equal"
"720319-4213596",1,0,0,1,1,0,0,1,1,1,"equal"
"610911-2191468",0,1,1,0,1,1,1,1,0,1,"equal"
"781125-3776973",1,1,1,0,1,0,1,1,0,0,"equal"
"500712-3327761",1,0,0,1,0,1,0,1,1,1,"equal"
"701104-4967252",0,1,1,0,1,1,1,0,1,0,"equal"
"720422-4028187",0,0,1,1,0,0,0,0,1,1,"equal"
"800213-2236563",0,1,1,0,0,1,1,1,1,0,"equal"
"711023-4249922",1,0,1,0,1,1,1,0,0,1,"equal"
"690215-1380078",0,1,0,1,1,1,1,0,1,1,"equal"
"701206-4047257",1,1,0,1,0,0,0,1,1,1,"equal"
"690809-3189914",1,1,0,1,1,0,0,1,1,0,"equal"
"540606-4515568",1,0,0,1,1,0,1,0,0,0,"equal"
"720107-2869347",1,1,1,1,1,0,1,0,1,0,"equal"
"570615-2938602",1,0,0,0,0,1,0,0,1,1,"equal"
"630115-4960380",0,0,1,1,1,0,0,0,1,1,"equal"
"500712-3820607",0,1,1,0,0,1,0,0,1,0,"equal"
"841110-3867509",0,0,1,0,1,1,1,1,1,0,"equal"
"760424-2243081",0,0,0,0,1,0,1,1,0,0,"equal"
"780313-1260337",0,1,0,0,1,0,1,0,1,1,"equal"
"910726-1292573",0,0,0,0,0,1,1,0,1,0,"equal"
"630114-1853803",0,1,0,1,1,0,1,0,1,0,"equal"
"870911-2268893",0,1,1,0,0,0,1,1,0,0,"equal"
"860515-1730882",0,1,0,1,1,0,0,0,1,1,"equal"
"590523-1981622",0,1,0,0,0,0,0,0,0,1,"equal"
"811108-1536674",1,1,1,0,0,0,0,0,1,1,"equal"
"560911-3219829",0,1,1,0,1,0,0,0,1,1,"equal"
"830811-3624218",1,1,0,1,1,1,1,1,0,0,"equal"
"500211-4875076",1,0,1,1,0,1,0,1,1,0,"equal"
"960825-2577463",0,0,0,1,0,0,1,0,1,0,"equal"
"610307-2570875",0,0,0,1,1,0,1,0,1,1,"equal"
"600503-1202041",0,0,0,0,0,0,0,1,1,0,"equal"
"930608-4964821",1,1,0,1,1,0,0,0,1,0,"equal"
"751207-4598644",1,0,1,1,0,1,0,0,0,1,"equal"
"500410-3601448",1,0,0,1,0,0,1,0,1,0,"equal"
"680725-3828370",1,0,0,1,1,1,1,0,1,1,"equal"
"770812-3389969",0,0,1,1,0,0,0,1,0,1,"equal"
"690327-3024969",1,1,1,0,0,1,1,1,0,1,"equal"
"761216-1410004",1,1,1,0,0,1,1,0,1,0,"equal"
"841103-3297030",0,1,1,0,1,0,1,0,1,0,"equal"
"641212-1915017",1,0,1,0,0,0,1,1,0,0,"equal"
"680208-1065297",0,0,1,0,0,0,0,0,1,1,"equal"
"841001-3238964",1,0,0,1,0,0,1,0,0,1,"equal"
"600213-3528971",0,0,0,1,0,0,1,0,1,1,"equal"
"670411-4956637",0,1,0,1,1,1,0,1,0,1,"equal"
"770718-1292955",1,1,0,0,0,1,0,0,0,0,"equal"
"660416-3848887",1,0,0,1,0,0,0,0,0,1,"equal"
"600408-4385553",0,0,1,0,1,0,0,1,0,0,"equal"
"770511-3823829",0,1,1,0,0,1,0,1,0,0,"equal"
"551101-1975365",1,0,1,1,0,0,1,0,0,0,"equal"
"990226-2519243",1,1,0,0,1,0,1,1,0,1,"equal"
"701114-1576594",1,1,1,1,1,1,0,0,0,0,"equal"
"621201-2910646",0,0,1,1,1,0,1,1,1,1,"equal"
"551127-3306605",1,0,0,0,0,1,1,0,0,0,"equal"
"861107-1393149",1,0,0,0,0,0,0,1,0,0,"equal"
"901211-4268813",0,0,0,1,0,0,1,0,0,0,"equal"
"520820-2030090",1,0,0,1,0,1,1,1,0,0,"equal"
"600702-2206837",0,1,0,1,0,0,0,0,0,0,"equal"
"730325-1953112",0,0,1,0,0,1,1,1,1,1,"equal"
"760612-1690125",1,1,0,1,0,0,1,0,0,0,"equal"
"631027-4254294",1,0,1,1,1,1,0,0,0,1,"equal"
"840103-4416280",0,1,0,1,0,0,1,0,1,0,"equal"
"940502-4452580",0,1,0,1,1,1,0,1,1,0,"equal"
"590409-1155245",1,1,1,1,0,0,1,1,1,0,"equal"
"620712-2628885",1,0,0,0,0,1,0,1,1,0,"equal"
"680923-2437150",1,0,1,0,0,1,0,0,0,0,"equal"
"800816-2534770",1,0,1,1,0,0,1,0,1,0,"equal"
"771021-2709891",0,1,0,0,0,0,0,1,1,1,"equal"
"820307-1059798",0,1,0,1,1,1,0,0,1,1,"equal"
"891024-3625413",1,1,0,1,1,1,0,0,0,1,"equal"
"770403-3532890",0,1,1,1,1,0,0,1,0,0,"equal"
"950722-4037393",0,0,0,1,1,0,0,0,0,1,"equal"
"540906-2559426",0,0,0,0,0,1,0,1,1,0,"equal"
"640709-2412115",0,0,1,1,0,0,1,0,1,0,"equal"
"941108-3308207",1,0,1,1,1,1,1,0,0,1,"equal"
"880310-4248301",0,0,1,1,0,0,0,0,0,0,"equal"
"700711-3543296",0,1,0,1,0,0,0,1,0,1,"equal"
"561026-3390054",1,1,1,0,1,1,0,1,0,0,"equal"
"540817-4754151",0,1,1,0,1,1,1,1,1,1,"equal"
"550628-4782878",1,1,0,0,1,1,1,0,1,0,"equal"
"600815-1623226",0,1,1,1,0,1,0,0,0,1,"equal"
"590622-2479196",0,1,1,0,1,0,1,0,0,1,"equal"
"840216-4900915",0,1,0,0,1,1,0,1,0,1,"equal"
"530507-2660309",0,0,1,1,0,0,1,0,1,1,"equal"
"780113-3134245",1,0,1,1,1,0,0,0,1,1,"equal"
"730103-4433975",1,0,1,1,0,0,1,0,0,0,"equal"
"991116-1672721",1,0,1,1,1,0,1,0,0,0,"equal"
"990707-3387404",1,1,0,1,1,1,0,0,0,1,"equal"
"930212-3651528",1,0,0,1,1,1,1,1,1,1,"equal"
"700504-3862772",0,1,1,1,1,1,1,1,0,0,"equal"
"940328-2596588",0,1,0,0,1,0,0,0,0,0,"equal"
"910112-3469174",1,0,0,0,0,0,1,1,0,0,"equal"
"570409-2755419",1,1,1,1,0,0,0,1,1,0,"equal"
"820422-1192626",1,1,0,0,0,1,1,0,0,1,"equal"
"780625-2396297",1,0,0,0,1,1,0,1,1,1,"equal"
"930702-4641303",0,1,1,0,1,1,1,1,0,0,"equal"
"601002-4791550",0,0,0,0,1,0,0,0,1,0,"equal"
"880421-3195821",0,0,1,0,0,0,0,0,0,1,"equal"
"770102-4681656",0,0,0,1,0,0,0,1,0,1,"equal"
"631228-2514374",0,0,1,1,0,0,0,0,1,0,"equal"
"810518-1154989",0,0,0,1,1,0,1,1,1,1,"equal"
"711227-4776460",0,0,1,1,1,1,0,0,0,0,"equal"
"680203-2905060",1,1,1,1,1,1,0,0,1,1,"equal"
"710806-3389702",0,1,1,0,0,0,1,1,1,1,"equal"
"960620-3239534",1,1,1,1,0,1,1,0,0,1,"equal"
"841122-3347795",1,1,0,1,1,0,1,0,1,1,"equal"
"831206-3728178",0,1,1,0,0,0,1,0,0,0,"equal"
"990119-3150356",1,0,0,1,0,1,0,0,0,0,"equal"
"620508-1702306",1,1,1,0,0,1,0,0,0,0,"equal"
"960502-2089596",1,1,1,0,1,1,1,1,0,0,"equal"
"720415-1047961",1,0,0,0,1,1,1,0,1,0,"equal"
"991020-3145564",0,1,0,1,1,1,0,1,0,1,"equal"
"790412-3398573",1,1,0,0,0,0,0,0,0,1,"equal"
"850117-1234928",1,0,1,1,0,1,1,0,1,0,"equal"
"950809-4462633",1,0,0,1,0,1,1,1,0,1,"equal"
"900604-3491826",0,0,0,1,1,1,0,1,1,0,"equal"
"850109-2274243",0,0,1,0,1,1,0,0,0,0,"equal"
"971015-1099098",0,1,1,1,1,0,0,0,0,1,"equal"
"920703-3045549",1,0,1,0,0,1,1,1,1,1,"equal"
"940207-2944115",1,0,0,1,1,1,0,0,0,0,"equal"
"871119-2152685",0,1,0,1,1,0,1,1,1,0,"equal"
"580823-2782000",1,0,0,1,0,0,0,0,0,1,"equal"
"890903-2591588",0,0,1,1,1,0,0,1,0,0,"equal"
"960914-3398005",1,1,1,1,1,1,1,1,1,1,"equal"
"761119-4733298",1,1,0,1,0,0,1,1,0,1,"equal"
"711025-2361408",1,0,0,0,1,1,0,1,1,0,"equal"
"960716-3952215",1,0,0,1,0,0,0,0,1,1,"equal"
"930426-3572687",1,0,1,0,0,1,1,1,0,0,"equal"
"640420-4126502",0,1,1,0,0,1,0,0,1,1,"equal"
"570805-4048846",0,0,1,0,0,1,1,0,0,1,"equal"
"530517-4216927",0,0,1,0,0,1,1,0,0,0,"equal"
"620724-4309282",0,1,1,0,0,1,0,0,0,0,"equal"
"910609-1115570",0,0,0,1,1,1,1,0,1,1,"equal"
"781227-1386009",0,1,0,0,1,1,0,0,0,0,"equal"
"910504-3737488",0,1,1,1,1,0,0,0,1,1,"equal"
"641009-3997177",0,0,0,0,1,0,1,0,1,0,"equal"
"631118-2924323",0,1,1,1,0,1,1,1,0,1,"equal"
"550221-3332368",1,0,1,0,1,0,1,0,0,1,"equal"
"540810-1708832",0,0,1,1,1,0,1,0,1,1,"equal"
"510324-3371156",1,0,1,0,0,1,1,0,0,0,"equal"
"900527-3921612",0,1,0,1,0,0,0,0,1,0,"equal"
"610828-1477531",0,0,1,1,1,1,1,1,0,0,"equal"
"820303-2392338",1,0,0,0,0,0,0,0,1,1,"equal"
"660819-1841652",1,0,0,1,1,1,0,1,1,1,"equal"
"710511-3113264",1,0,1,0,0,0,0,1,1,1,"equal"
"630420-1681976",0,0,1,0,0,0,0,1,1,0,"equal"
"900213-1067968",1,1,0,1,1,1,1,1,0,0,"equal"
"621113-3791555",1,0,1,1,1,1,1,0,1,1,"equal"
"520827-4157247",1,0,1,0,1,1,0,0,0,0,"equal"
"820109-3614661",1,0,1,1,0,1,1,1,0,0,"equal"
"840318-4982659",0,0,1,1,0,0,1,0,1,1,"equal"
"921024-2204104",1,0,0,1,0,1,1,1,0,0,"equal"
"780709-2712392",1,0,0,0,1,0,1,0,0,1,"equal"
"990828-3532681",1,0,1,0,1,1,1,1,1,1,"equal"
"611116-1288200",0,0,1,1,1,1,1,0,1,1,"equal"
"760612-1141387",0,0,0,1,0,0,0,0,1,0,"equal"
"820806-4347361",1,1,0,1,1,1,0,0,1,1,"equal"
"891112-4276100",1,1,0,0,0,0,1,0,0,0,"equal"
"990823-3199714",0,0,0,1,0,0,1,1,0,0,"equal"
"841009-4930438",0,0,0,1,0,1,0,1,1,0,"equal"
"930425-2446403",1,1,1,0,0,0,0,1,0,1,"equal"
"550918-1725183",1,0,0,1,1,1,0,1,1,0,"equal"
"961018-2715377",0,0,0,1,0,0,1,0,1,0,"equal"
"990317-4014276",1,0,0,1,0,1,0,0,1,0,"equal"
"830407-3068402",1,1,1,1,0,1,0,0,1,1,"equal"
"700305-4366691",0,0,1,0,0,1,1,0,1,1,"equal"
"701122-2422113",0,0,1,0,1,0,1,1,0,0,"equal"
"860412-3100160",1,0,0,1,0,0,0,0,1,0,"equal"
"560526-1830585",0,1,0,1,0,1,1,1,0,0,"equal"
"991001-2089029",0,1,0,1,0,1,1,0,0,0,"equal"
"670325-4631782",1,0,1,1,0,1,0,1,1,1,"equal"
"770502-1645251",0,0,0,0,1,1,1,0,1,0,"equal"
"891210-1050620",0,0,0,1,0,1,1,0,0,1,"equal"
"890517-4678692",1,1,0,0,1,0,0,1,0,0,"equal"
"711122-1866560",1,0,0,1,0,1,0,1,0,1,"equal"
"850108-1831039",0,0,0,0,0,0,0,0,0,1,"equal"
"670520-3808291",0,0,0,1,0,1,1,0,0,1,"equal"
"910315-3553762",1,1,1,1,1,0,1,1,0,1,"equal"
"610920-2564383",0,0,1,1,1,0,0,1,0,0,"equal"
"870625-3327780",1,1,0,1,0,1,1,0,0,1,"equal"
"980727-2577049",0,0,1,0,0,1,1,0,0,0,"equal"
"671121-1817810",1,0,0,0,0,1,1,1,0,1,"equal"
"540216-1855217",0,0,1,1,1,0,1,1,1,1,"equal"
"820113-4594482",1,0,0,0,0,1,0,1,1,1,"equal"
"900413-4239779",0,1,1,1,0,0,0,0,0,1,"equal"
"640711-4779158",0,1,1,0,1,0,1,0,1,0,"equal"
"740325-1253347",1,0,0,0,0,0,1,1,0,1,"equal"
"501026-2434289",0,0,1,0,1,0,0,0,0,1,"equal"
"780708-4577670",1,0,1,1,1,1,0,1,1,0,"equal"
"821226-3042957",0,1,1,1,1,1,0,0,0,1,"equal"
"870412-2440033",1,0,1,1,1,1,1,1,1,1,"equal"
"920501-4695383",1,1,0,1,0,1,0,1,0,1,"equal"
"691227-1476706",0,0,0,0,1,1,1,1,0,0,"equal"
"890809-4813935",1,0,1,0,1,0,1,0,1,0,"equal"
"961108-2793685",1,0,0,0,0,1,1,0,1,1,"equal"
"590622-3422270",1,1,0,0,1,1,0,0,1,1,"equal"
"680515-3705646",1,0,1,1,1,0,1,0,1,1,"equal"
"761019-1897716",1,1,1,1,1,1,1,0,1,0,"equal"
"530322-2611967",0,0,0,1,0,0,1,0,1,1,"equal"
"851114-1367496",1,1,0,1,0,1,0,1,0,1,"equal"
"740813-3446297",0,0,0,0,0,0,0,1,0,0,"equal"
"980722-1300931",1,0,1,1,0,0,0,1,1,1,"equal"
"960819-1835146",1,1,0,1,0,1,0,0,0,1,"equal"
"610314-3882096",0,1,1,0,1,0,1,0,0,0,"equal"
"860302-4593930",1,0,1,1,1,1,1,0,0,1,"equal"
"820912-2193838",0,0,0,0,0,1,1,1,0,0,"equal"
"790604-4403265",0,0,0,0,1,0,1,0,1,0,"equal"
"970905-3746936",1,0,0,0,1,1,0,1,1,0,"equal"
"561014-2407752",0,0,1,1,0,1,1,1,0,1,"equal"
"790902-1741739",1,0,1,1,1,1,0,0,1,0,"equal"
"810524-1283775",1,0,1,1,1,0,0,0,0,0,"equal"
"930828-3727183",1,0,1,1,1,1,0,0,0,1,"equal"
"900706-2500018",0,1,0,1,1,1,1,0,1,0,"equal"
"591011-4566633",1,1,1,0,0,1,0,1,1,0,"equal"
"870922-1772035",0,1,0,1,1,0,1,1,1,1,"equal"
"930818-3953733",0,0,1,0,0,0,0,1,0,1,"equal"
"921118-3676237",1,1,1,1,1,0,0,1,0,1,"equal"
"930510-4112032",1,1,1,0,1,0,0,1,0,0,"equal"
"700727-1847274",1,1,0,1,0,1,1,0,1,0,"equal"
"610204-2751147",1,0,1,0,0,0,1,0,1,0,"equal"
"890228-2695486",1,1,0,0,0,0,0,0,1,0,"equal"
"830524-1090081",0,1,0,1,1,1,1,1,0,0,"equal"
"610619-3389643",1,0,1,0,1,0,1,0,1,0,"equal"
"761218-1564354",1,1,0,0,1,0,0,0,1,1,"equal"
"830814-4533058",0,0,1,1,1,0,0,0,0,0,"equal"
"810914-2375309",0,0,0,1,1,0,1,0,1,1,"equal"
"601017-1534416",1,0,0,0,0,1,0,0,0,0,"equal"
"750603-2862100",1,0,1,1,1,1,1,1,1,1,"equal"
"610825-3361575",0,1,0,0,0,0,0,1,1,0,"equal"
"800721-2297559",1,0,1,1,1,0,1,1,1,1,"equal"
"570917-4914702",0,0,0,1,0,0,1,0,0,0,"equal"
"690105-2577112",0,0,1,0,0,1,1,1,1,1,"equal"
"590504-1306364",1,1,0,0,0,1,0,1,1,1,"equal"
"780918-4566807",1,1,1,1,0,1,1,0,1,1,"equal"
"950922-4864323",1,0,0,0,0,1,1,1,0,0,"equal"
"720728-4241042",0,1,1,0,0,0,1,0,1,1,"equal"
"600103-1842022",0,1,1,1,1,0,0,1,0,0,"equal"
"701106-1392981",1,0,1,1,0,1,1,0,1,1,"equal"
"941015-1133609",1,1,1,0,0,0,0,0,1,0,"equal"
"820327-4878525",1,0,0,0,0,0,0,1,1,1,"equal"
"990503-2134153",1,0,1,1,1,1,1,1,1,1,"equal"
"850117-4623308",1,0,0,0,1,0,0,1,1,0,"equal"
"781211-4703218",0,0,1,0,1,1,0,0,0,0,"equal"
"530217-4913455",1,1,1,0,1,0,0,1,1,1,"equal"
"590109-2327237",0,0,0,1,1,0,1,0,1,1,"equal"
"500527-4834507",0,0,1,0,0,0,1,0,1,1,"equal"
"660703-4927436",1,1,0,0,0,1,1,1,0,0,"equal"
"980403-4774563",1,0,1,1,0,0,0,1,1,0,"equal"
"710407-3789126",0,1,1,1,0,0,0,0,0,0,"equal"
"930402-4213387",1,1,1,0,1,0,0,1,1,1,"equal"
"861205-1032565",0,1,1,0,0,0,1,1,0,1,"equal"
"880304-1193193",0,0,0,1,0,0,0,1,1,1,"equal"
"940918-1790103",0,1,0,1,1,1,1,1,1,0,"equal"
"651227-3155836",0,0,0,1,1,0,0,1,1,0,"equal"
"600101-1996089",0,1,0,1,1,0,1,0,0,0,"equal"
"790312-3812961",0,1,1,0,1,0,0,1,1,0,"equal"
"580207-4764102",1,0,1,1,0,1,1,1,1,0,"equal"
"531105-4282410",0,0,0,0,1,1,0,0,0,0,"equal"
"520327-4582184",1,0,0,1,0,0,0,0,0,0,"equal"
"940822-3542843",1,1,1,0,0,0,0,0,1,1,"equal"
"840913-2254575",0,0,0,1,1,0,0,1,1,1,"equal"
"920423-4906035",1,0,1,0,1,1,0,1,1,0,"equal"
"850222-3471534",0,1,0,0,1,1,0,1,1,1,"equal"
"671226-4912959",1,1,0,0,1,1,1,1,0,0,"equal"
"761027-2294310",0,0,0,0,0,1,0,0,1,1,"equal"
"631009-2685335",1,0,0,0,1,0,0,0,0,0,"equal"
"530910-4207667",1,1,1,0,0,1,0,0,0,0,"equal"
"920120-3030386",0,1,0,0,0,1,1,0,1,0,"equal"
"670720-1621433",0,1,1,1,0,1,1,0,0,0,"equal"
"671124-2331443",0,1,1,0,1,0,0,1,1,0,"equal"
"511023-3232467",1,1,0,1,0,0,0,1,0,0,"equal"
"990220-4624876",1,1,0,0,1,1,1,0,1,0,"equal"
"660116-3599066",1,0,1,1,0,1,0,0,0,1,"equal"
"840320-1434414",1,0,1,0,1,1,1,0,0,0,"equal"
"510517-2523131",0,0,0,1,0,0,1,1,0,0,"equal"
"790415-2115276",1,1,1,1,0,1,1,1,1,1,"equal"
"921003-3091786",0,1,0,1,1,1,1,0,1,0,"equal"
"600227-4420829",1,0,1,0,1,0,0,1,1,0,"equal"
"551211-4960198",1,0,0,0,0,1,1,0,0,0,"equal"
"531227-4736355",1,0,0,1,1,0,0,0,1,1,"equal"
"991202-2264629",1,0,1,1,0,1,0,0,0,1,"equal"
"780115-2684525",0,0,0,0,1,0,1,0,0,1,"equal"
"981202-3860749",1,1,1,0,0,0,0,0,1,0,"equal"
"940406-1504756",0,1,1,0,1,0,1,1,0,0,"equal"
"550104-3169911",0,1,1,1,1,0,1,0,1,1,"equal"
"651220-3744662",1,0,1,1,1,0,0,1,0,1,"equal"
"560408-1267029",0,0,0,1,0,0,0,1,1,0,"equal"
"861226-1145446",0,0,1,1,0,1,0,0,0,0,"equal"
"921015-1810423",1,1,0,0,0,1,1,0,1,0,"equal"
"520211-4957560",1,1,0,0,1,0,1,1,0,0,"equal"
"780907-1229769",1,1,1,0,0,1,1,0,1,1,"equal"
"591106-1772859",0,1,0,0,0,1,0,1,1,1,"equal"
"500810-3950370",0,0,0,1,1,0,1,1,1,1,"equal"
"760202-2904695",1,0,1,0,1,1,1,1,0,1,"equal"
"840208-1542683",0,0,0,1,1,0,1,0,0,1,"equal"
"831018-3923506",1,1,0,0,0,0,0,0,0,0,"equal"
"860205-2618654",0,0,0,0,1,1,1,1,1,1,"equal"
"500615-2507335",0,0,0,1,1,1,1,1,0,1,"equal"
"720507-1695412",1,1,1,0,0,0,0,0,1,1,"equal"
"730423-3781504",1,1,0,1,0,0,1,0,1,1,"equal"
"980614-1409940",0,1,0,0,0,0,1,0,1,1,"equal"
"510416-1393283",0,1,0,1,1,1,0,0,1,0,"equal"
"550219-1138155",1,0,1,0,0,1,1,1,1,1,"equal"
"890814-4003784",1,1,0,0,0,1,0,0,0,0,"equal"
"870712-4046409",1,0,0,1,0,1,0,1,0,0,"equal"
"651220-2994907",1,1,0,0,0,1,1,0,1,0,"equal"
"601003-3988429",1,0,1,0,1,1,1,1,1,0,"equal"
"610423-1513005",0,0,0,1,1,0,0,1,1,1,"equal"
"640121-1019325",1,0,0,0,1,1,1,0,1,1,"equal"
"630414-1936142",0,1,0,0,0,1,1,0,0,0,"equal"
"590804-1893662",0,1,1,0,1,0,1,1,1,0,"equal"
"691112-2593815",1,1,1,1,0,1,0,0,1,1,"equal"
"800316-1327526",0,1,1,1,1,1,1,0,1,1,"equal"
"870216-2880735",1,0,1,0,1,0,1,0,1,1,"equal"
"950326-4392188",0,0,0,1,0,0,0,0,1,0,"equal"
"541220-3280536",0,0,0,0,0,0,1,0,1,1,"equal"
"690314-4303140",1,1,0,1,1,0,0,1,0,0,"equal"
"840307-2924604",1,1,1,0,0,0,1,0,0,0,"equal"
"740418-2240284",0,0,1,0,1,1,1,0,1,1,"equal"
"750904-3422390",1,1,0,0,0,1,1,1,0,0,"equal"
"681221-3616541",1,0,1,0,0,1,0,1,0,0,"equal"
"520403-3339208",0,0,1,0,1,1,0,0,1,0,"equal"
"920408-1900729",1,0,1,1,1,1,0,1,0,0,"equal"
"880920-1135281",1,0,0,0,0,0,0,1,1,0,"equal"
"621007-2978767",0,1,1,1,0,1,1,1,0,1,"equal"
"780727-1494380",1,0,1,0,0,1,0,0,0,0,"equal"
"990525-2022205",1,0,1,0,1,0,1,1,0,0,"equal"
"550822-1756236",0,1,1,0,1,0,1,0,0,0,"equal"
"860922-1233806",0,0,1,1,1,0,1,1,0,0,"equal"
"690302-1964315",1,0,0,0,1,1,1,0,0,1,"equal"
"820128-1972539",0,0,0,1,1,1,1,0,1,0,"equal"
"720421-2076380",0,1,1,0,0,0,1,0,0,0,"equal"
"930124-2556162",1,0,1,1,1,0,0,1,0,1,"equal"
"810619-1726535",0,1,1,0,1,1,0,1,0,1,"equal"
"511212-3749496",1,0,1,1,1,0,1,1,1,0,"equal"
"760302-4815341",1,0,1,1,1,1,1,0,0,0,"equal"
"661006-4076003",1,0,1,1,1,1,1,0,0,0,"equal"
"901227-4312055",0,0,0,1,1,0,0,1,0,0,"equal"
"880904-1575703",0,0,1,0,0,1,0,0,0,1,"equal"
"840507-1135971",1,0,0,1,0,0,1,0,0,1,"equal"
"560826-4695647",1,0,1,1,0,0,0,1,1,1,"equal"
"901203-1365334",1,0,1,1,0,1,0,0,0,0,"equal"
"540408-1693136",1,1,1,0,1,1,0,0,0,0,"equal"
"700710-2491117",0,1,1,1,1,0,1,0,0,1,"equal"
"850212-1629649",0,0,1,1,1,1,0,1,1,1,"equal"
"511027-1788693",1,0,0,0,1,1,1,0,1,0,"equal"
"630301-2460534",1,0,1,1,0,1,0,0,1,0,"equal"
"720224-1414460",0,1,1,1,0,1,0,0,1,1,"equal"
"810601-1872982",1,1,0,0,1,0,0,1,0,1,"equal"
"900906-2543539",1,0,1,1,0,0,0,1,0,1,"equal"
"550404-3190082",0,0,0,1,0,1,0,1,0,0,"equal"
"680427-1873913",1,1,0,1,0,1,0,1,1,1,"equal"
"510414-1550420",0,1,1,0,0,1,1,0,0,1,"equal"
"540401-3936097",0,0,1,0,0,1,0,1,1,0,"equal"
"940328-2860759",1,1,1,1,1,1,1,0,0,0,"equal"
"690315-3740868",0,1,1,1,0,0,1,1,1,1,"equal"
"921014-3367385",0,1,0,0,0,0,0,0,0,1,"equal"
"690228-2351202",0,0,1,0,0,0,0,1,1,0,"equal"
"570120-2913492",1,0,0,0,1,1,0,1,0,1,"equal"
"760321-3037648",0,0,0,1,0,1,1,1,1,1,"equal"
"630211-3206591",0,1,1,0,0,0,0,1,0,1,"equal"
"510118-1558405",1,1,0,0,0,0,0,1,0,0,"equal"
"670626-1514207",1,1,0,1,1,0,1,0,1,1,"equal"
"870223-3950239",0,0,0,0,1,1,0,1,1,1,"equal"
"910905-1843874",1,1,0,1,1,1,0,0,0,1,"equal"
"780915-3720173",0,1,1,0,0,0,0,0,1,1,"equal"
"640902-2888600",1,1,0,0,1,1,1,1,0,1,"equal"
"800105-4163093",0,0,0,0,0,0,0,1,1,1,"equal"
"890306-1378205",1,0,1,0,1,1,0,1,1,1,"equal"
"790213-4361759",1,0,0,0,0,0,0,1,0,0,"equal"
"750303-4818222",1,0,1,1,1,1,0,0,0,0,"equal"
"550302-1311615",1,0,1,1,0,1,1,1,1,0,"equal"
"960707-3326016",0,0,1,0,1,1,0,0,0,0,"equal"
"561218-3776444",1,1,1,1,1,1,1,1,0,0,"equal"
"780127-1510359",0,0,1,1,0,1,0,1,1,0,"equal"
"870607-2299142",0,0,0,0,1,0,1,1,1,1,"equal"
"840211-4062017",0,0,0,0,1,1,1,1,0,1,"equal"
"970701-2568598",1,1,0,0,1,1,1,1,0,1,"equal"
"630810-3482159",1,1,1,0,1,1,1,0,0,0,"equal"
"780310-4822332",0,1,1,1,1,0,0,0,0,0,"equal"
"800902-2418601",0,1,0,0,0,1,0,0,1,1,"equal"
"720405-2939668",0,1,0,1,1,0,1,1,0,1,"equal"
"910911-2479729",0,1,0,0,0,0,0,0,0,0,"equal"
"701221-4290909",1,1,1,1,1,1,1,1,0,0,"equal"
"641101-4796365",1,1,1,1,0,0,0,1,0,0,"equal"
"500511-4800991",0,0,0,1,1,1,0,0,0,0,"equal"
"930620-3702703",0,1,1,1,0,1,0,0,1,0,"equal"
"590613-2042417",1,1,0,0,0,1,1,0,0,0,"equal"
"600310-1379315",1,1,1,1,0,1,0,0,0,0,"equal"
"760624-3515037",0,1,1,0,0,1,1,1,1,1,"equal"
"650402-3003023",1,0,0,0,1,0,0,1,1,0,"equal"
"620301-1616625",0,1,0,0,1,0,0,0,1,1,"equal"
"790625-1917564",0,1,1,1,0,0,0,0,1,0,"equal"
"540910-4232780",1,1,1,0,0,1,1,0,1,1,"equal"
"670514-4822660",1,0,0,1,0,1,0,1,0,1,"equal"
"940725-2866803",1,0,0,1,0,1,1,1,0,0,"equal"
"550921-1058748",1,0,0,1,1,1,1,1,0,1,"equal"
"960324-3494176",0,0,1,0,1,0,1,1,0,1,"equal"
"590912-2870511",1,0,1,0,1,1,0,1,0,1,"equal"
"700323-3873501",0,1,1,0,1,0,1,1,1,1,"equal"
"550503-3849994",0,0,0,0,0,1,1,1,0,0,"equal"
"990520-2536423",0,0,0,0,1,1,1,0,1,0,"equal"
"530805-1631057",0,0,0,0,1,0,1,1,1,1,"equal"
"610418-4891641",0,1,1,0,1,1,0,1,1,1,"equal"
"770218-1959158",1,1,1,0,0,1,0,0,0,1,"equal"
"781008-3950522",0,0,0,0,0,0,0,0,0,1,"equal"
"880209-4038366",0,0,1,1,0,0,0,1,1,0,"equal"
"841201-2097647",0,0,0,1,0,0,0,0,1,0,"equal"
"740827-1521295",0,0,0,1,1,1,0,1,0,0,"equal"
"790706-4168439",1,0,1,0,1,1,0,0,0,0,"equal"
"991027-3013913",0,1,1,0,1,1,0,1,1,0,"equal"
"900301-3040048",1,0,0,0,0,1,0,0,1,0,"equal"
"941202-4194240",1,0,1,1,0,0,1,1,1,0,"equal"
"550912-3818338",1,0,1,1,0,0,1,1,1,0,"equal"
"931103-2838632",0,1,0,0,1,1,0,0,0,1,"equal"
"631003-4275915",1,1,1,1,1,1,0,0,1,1,"equal"
"821027-4553166",0,0,1,1,0,1,1,1,0,1,"equal"
"651008-2175750",1,1,1,0,0,1,0,1,0,1,"equal"
"690428-3631734",0,1,1,1,0,1,1,1,1,1,"equal"
"770927-2671612",0,1,0,0,1,0,0,1,0,1,"equal"
"570803-3040950",0,1,0,1,0,1,0,0,0,1,"equal"
"861125-4700925",1,0,0,1,0,0,1,1,1,1,"equal"
"830317-4191129",0,0,1,1,0,1,0,0,1,1,"equal"
"940211-3681004",1,1,0,1,1,0,1,0,0,0,"equal"
"750416-3632925",1,1,1,0,1,1,1,1,0,0,"equal"
"511113-3998993",1,0,0,0,1,0,0,0,0,1,"equal"
"740511-1329870",1,1,1,0,1,1,1,0,1,1,"equal"
"920212-4961303",1,0,0,0,1,0,0,1,0,1,"equal"
"640416-4058264",0,0,0,1,0,1,1,1,1,1,"equal"
"510909-1089758",1,1,1,1,0,0,1,0,0,0,"equal"
"721103-2592115",1,0,0,0,0,0,1,1,1,0,"equal"
"550809-4780380",0,0,0,0,0,1,1,1,1,0,"equal"
"881118-2465490",1,1,1,0,1,1,0,1,1,1,"equal"
"680208-3992677",0,1,0,0,0,1,0,0,0,0,"equal"
"700701-4417686",0,0,1,1,1,1,1,1,1,1,"equal"
"720701-4846586",0,1,1,0,0,1,1,0,0,0,"equal"
"840211-2289338",1,0,0,0,0,1,1,0,0,0,"equal"
"980127-1631779",1,1,0,1,1,1,0,1,1,1,"equal"
"501207-4931557",0,1,1,0,0,1,1,1,1,0,"equal"
"751018-3928521",0,0,1,0,1,1,0,0,1,0,"equal"
"830403-4558834",1,1,1,0,1,0,0,0,0,0,"equal"
"801114-1888059",0,0,0,0,1,0,0,0,1,0,"equal"
"860403-4917186",1,1,1,0,0,1,0,1,1,0,"equal"
"550217-4761983",1,1,0,0,1,1,1,0,0,1,"equal"
"790124-4083468",0,0,0,1,0,0,0,1,0,0,"equal"
"891020-4955933",0,0,0,0,0,0,0,1,0,0,"equal"
"970217-3146890",0,0,0,1,1,0,0,0,1,0,"equal"
"721118-4054905",0,1,1,0,1,0,0,0,1,0,"equal"
"720106-1904275",0,0,1,1,0,0,0,1,0,0,"equal"
"911003-2569638",1,0,1,1,0,1,1,1,0,1,"equal"
"810104-3278456",0,1,0,1,1,1,0,0,1,0,"equal"
"960216-2427583",1,0,0,0,1,0,1,1,0,0,"equal"
"560719-3078462",1,0,1,1,1,1,0,0,1,0,"equal"
"781007-4779278",1,0,0,1,0,0,0,1,0,1,"equal"
"881102-1999423",0,1,1,1,0,1,0,1,1,1,"equal"
"541112-1082924",1,0,1,1,1,0,1,1,0,0,"equal"
"501201-1141467",1,1,0,0,1,1,0,0,1,0,"equal"
"541120-1754874",0,1,1,0,0,1,0,1,1,0,"equal"
"991224-1611336",1,0,0,0,1,0,1,0,0,1,"equal"
"680701-2681018",1,0,1,0,0,0,1,0,1,1,"equal"
"731119-4256144",1,1,0,0,1,1,0,0,0,1,"equal"
"800423-3209642",0,0,1,0,1,0,1,1,0,1,"equal"
"501108-2836316",0,1,1,0,1,0,1,0,0,0,"equal"
"580823-1179063",1,0,0,0,0,0,1,1,0,1,"equal"
"910302-2824591",1,1,1,1,0,0,1,0,0,1,"equal"
"731124-2426028",0,1,1,1,1,0,1,1,0,1,"equal"
"530602-2722232",0,1,1,0,1,0,1,1,1,1,"equal"
"950605-2351428",1,0,1,1,1,1,0,1,1,0,"equal"
"750324-1786387",0,0,0,0,0,0,0,1,0,1,"equal"
"720810-1080446",0,0,0,1,1,1,0,1,0,1,"equal"
"750108-4844211",0,1,1,0,0,0,0,0,1,1,"equal"
"811202-4032512",0,1,1,1,0,1,0,0,1,1,"equal"
"910206-2076274",1,1,1,1,0,0,0,0,0,0,"equal"
"970416-3337820",1,1,1,1,1,1,0,1,1,1,"equal"
"900720-3823164",0,0,0,0,0,1,1,1,1,0,"equal"
"880524-2759997",0,1,1,1,1,1,1,0,1,1,"equal"
"810315-3317151",0,0,1,0,0,1,1,1,1,0,"equal"
"550304-1103539",1,1,0,1,0,0,1,1,0,1,"equal"
"950405-2236322",0,0,0,1,0,1,1,0,1,1,"equal"
"860819-3229785",1,0,1,0,1,0,1,0,1,0,"equal"
"650921-2655240",0,0,1,1,0,1,0,0,1,1,"equal"
"900909-2546368",0,1,0,1,1,1,0,1,1,0,"equal"
"660521-3792587",1,0,1,0,0,0,0,1,1,0,"equal"
"590611-4881205",0,1,1,1,0,1,0,0,1,0,"equal"
"930302-4223952",0,1,0,0,1,0,0,0,1,1,"equal"
"701016-4275831",0,0,1,0,1,1,1,1,1,1,"equal"
"760409-2277399",1,1,0,0,0,0,0,1,0,0,"equal"
"620117-4697256",1,0,1,0,1,1,0,0,0,0,"equal"
"960405-2579749",1,0,1,0,1,0,1,0,0,1,"equal"
"580902-2444788",0,1,1,0,0,1,1,0,0,0,"equal"
"920718-3678954",0,1,0,0,0,1,1,1,0,1,"equal"
"500123-1184074",0,1,0,1,0,0,0,0,0,0,"equal"
"571024-4807998",0,1,1,1,1,1,0,1,0,1,"equal"
"530811-1421000",1,0,1,0,0,1,0,1,0,0,"equal"
"901116-2584565",0,1,1,0,1,0,0,0,0,1,"equal"
"860828-2313862",1,0,1,1,0,1,1,1,0,1,"equal"
"520314-2232491",0,0,1,0,1,0,1,0,0,1,"equal"
"831017-2083112",0,1,1,1,1,1,0,1,1,0,"equal"
"560502-2339637",1,0,1,0,1,1,0,0,1,1,"equal"
"871109-2606033",0,0,0,1,0,0,1,0,1,0,"equal"
"860601-2936592",0,0,0,0,1,0,0,1,1,1,"equal"
"670621-2547110",1,0,1,0,1,1,0,0,1,1,"equal"
"900517-1657545",0,0,0,0,0,1,1,0,1,1,"equal"
"800223-3635213",0,0,1,1,1,1,1,0,1,1,"equal"
"860611-3991632",0,0,0,1,1,1,1,1,0,1,"equal"
"521128-4128469",1,1,1,1,1,1,1,1,1,1,"equal"
"900715-4725831",0,0,0,1,0,1,1,1,0,0,"equal"
"980319-2163761",1,1,0,1,1,0,1,0,0,0,"equal"
"600107-4084477",0,0,1,0,0,0,0,0,0,0,"equal"
"720524-1371366",0,1,1,1,1,0,0,1,1,1,"equal"
"670728-4679242",1,1,1,1,0,1,0,0,0,1,"equal"
"950218-1478363",1,1,0,1,1,1,0,0,1,1,"equal"
"550522-2897995",0,0,1,1,0,0,0,1,1,1,"equal"
"700914-1086045",1,0,0,1,0,0,1,0,0,0,"equal"
"620707-1822421",1,1,1,1,1,0,1,0,0,1,"equal"
"560522-1534240",0,0,1,1,1,1,1,1,1,1,"equal"
"991111-3184203",0,1,1,0,0,1,0,0,1,1,"equal"
"520302-3931469",0,1,1,1,0,1,0,1,0,1,"equal"
"601119-1169998",1,1,0,1,1,0,0,0,0,0,"equal"
"650601-4947830",1,1,1,0,0,0,1,0,0,0,"equal"
"751116-3977373",0,1,0,0,0,1,0,1,0,1,"equal"
"500227-1271306",1,1,0,1,1,0,0,0,1,0,"equal"
"911110-2732387",1,1,0,1,0,0,0,1,1,1,"equal"
"801005-4403990",1,0,0,1,0,0,1,1,0,0,"equal"
"921222-3710102",0,1,1,1,0,0,0,1,0,0,"equal"
"531217-3607586",0,0,0,1,0,0,0,1,1,1,"equal"
"560301-3192809",0,0,0,0,1,1,0,1,1,0,"equal"
"620711-2364903",0,1,1,1,1,0,1,1,1,0,"equal"
"701024-1727642",0,0,0,0,1,1,0,0,0,1,"equal"
"650505-3603336",0,1,0,0,1,0,0,0,1,0,"equal"
"880404-4539368",1,0,0,1,0,1,1,0,0,0,"equal"
"711019-2712862",0,0,0,0,0,0,0,0,0,1,"equal"
"680405-3625301",0,1,0,0,1,1,1,1,0,1,"equal"
"870202-1143712",0,1,1,0,1,1,0,0,0,1,"equal"
"940524-4293863",0,1,1,1,1,0,0,0,1,0,"equal"
"701018-2385507",0,1,1,1,1,1,1,1,0,1,"equal"
"631127-4308479",0,0,0,0,0,0,0,1,1,1,"equal"
"860309-1844817",1,0,1,1,0,1,0,1,1,1,"equal"
"870919-2748958",0,0,0,1,1,0,0,1,0,0,"equal"
"650719-4656652",0,1,1,0,0,1,0,0,0,0,"equal"
"961122-4845202",0,0,1,0,1,0,1,1,1,1,"equal"
"770407-3581631",1,1,0,0,0,0,1,1,1,0,"equal"
"810517-4494218",1,0,0,1,0,1,0,1,1,0,"equal"
"560702-1199856",1,0,1,0,0,1,1,1,1,0,"equal"
"650808-3679500",0,0,0,0,1,1,0,1,1,1,"equal"
"880125-3575483",0,0,0,1,0,1,1,1,1,1,"equal"
"700928-1346020",0,1,0,1,0,0,0,0,1,1,"equal"
"910717-2583012",1,1,0,0,0,1,1,1,1,1,"equal"
"990422-1963437",1,1,0,0,0,0,0,0,1,1,"equal"
"811019-3122849",0,1,0,0,1,1,0,0,1,0,"equal"
"520726-1859067",0,1,1,0,0,0,0,1,0,0,"equal"
"990825-3111698",0,0,0,1,1,0,1,1,0,1,"equal"
"850526-2195576",1,0,1,1,1,1,0,1,0,0,"equal"
"900128-1274432",0,1,0,1,1,1,1,1,0,1,"equal"
"680514-3832844",0,1,0,1,1,0,1,1,0,0,"equal"
"570626-1648282",0,0,1,0,1,1,0,1,0,1,"equal"
"551204-3495095",1,0,0,0,0,0,0,1,1,0,"equal"
"750928-4121894",1,0,0,0,0,1,1,0,0,0,"equal"
"800520-2626534",1,1,1,1,1,1,1,1,0,1,"equal"
"590914-4165793",1,1,1,1,0,0,0,1,0,0,"equal"
"620226-4926579",1,1,0,1,0,1,0,0,1,0,"equal"
"731109-2570099",1,1,0,1,1,1,1,0,1,0,"equal"
"641120-4333530",1,0,0,1,1,1,1,0,0,0,"equal"
"900812-3269534",0,1,1,0,0,0,1,1,0,0,"equal"
"900828-4617556",1,0,1,0,0,0,1,0,1,1,"equal"
"740103-2601096",0,1,1,0,0,1,1,1,1,0,"equal"
"540123-3913206",1,0,0,0,1,1,0,0,0,1,"equal"
"810519-2373203",1,0,1,0,0,1,1,0,1,1,"equal"
"730517-1662553",1,0,0,1,0,0,1,0,1,0,"equal"
"990518-4343204",0,1,0,0,1,1,0,0,0,0,"equal"
"900708-1196404",0,0,1,0,1,0,0,1,0,0,"equal"
"781115-1205614",1,1,1,1,1,1,1,1,0,0,"equal"
"501222-3038045",0,0,0,1,1,0,1,1,0,0,"equal"
"730115-3040476",0,0,1,0,1,0,0,1,0,1,"equal"
"551011-3130917",0,1,0,0,1,0,0,1,1,1,"equal"
"980623-1810171",1,0,1,1,1,0,0,1,1,0,"equal"
"790811-1727841",0,0,1,1,1,1,0,0,0,0,"equal"
"960814-1288615",0,0,0,0,0,1,0,0,0,1,"equal"
"970617-2802889",0,0,0,0,0,0,0,0,0,0,"equal"
"510106-2178910",0,0,1,1,1,1,1,1,1,0,"equal"
"500821-4466616",1,0,0,0,0,1,1,1,1,1,"equal"
"560522-3572270",1,1,1,1,1,1,0,1,0,1,"equal"
"710909-4802441",0,0,1,0,1,0,1,1,1,1,"equal"
"991010-4844057",1,0,1,0,1,0,1,0,0,0,"equal"
"740823-3170362",0,0,1,0,1,0,1,1,0,1,"equal"
"610709-2375040",1,1,0,0,0,0,1,0,1,0,"equal"
"840821-1215868",0,1,1,1,0,1,1,1,0,0,"equal"
"580228-4912046",0,1,1,0,0,0,0,1,0,0,"equal"
"790417-2732669",1,1,0,1,1,1,0,1,1,0,"equal"
"571220-4465260",1,0,1,1,1,0,1,0,0,0,"equal"
"690711-2203768",1,0,1,0,0,1,0,0,0,0,"equal"
"721127-3426354",0,1,1,1,1,1,0,0,0,0,"equal"
"510511-1757489",1,0,0,0,0,1,1,0,0,0,"equal"
"950711-3250099",0,1,1,0,0,0,1,1,0,0,"equal"
"620818-2568347",1,0,1,0,1,1,1,0,1,1,"equal"
"810410-1370793",1,1,0,0,1,1,0,1,0,0,"equal"
"680502-1227185",1,1,0,1,0,1,0,1,1,1,"equal"
"500816-4541493",0,1,0,0,0,0,1,1,0,0,"equal"
"760714-2378535",1,0,1,0,0,1,0,0,1,1,"equal"
"720623-4031777",1,0,0,0,1,1,1,1,1,1,"equal"
"641124-3392401",0,0,1,0,1,1,0,0,1,0,"equal"
"550526-1528162",0,1,0,1,0,1,0,0,0,0,"equal"
"640617-4236163",1,1,1,1,1,0,1,1,1,0,"equal"
"851209-3925211",0,1,0,1,0,0,0,0,1,1,"equal"
"620704-4526200",0,1,0,1,1,0,0,0,0,1,"equal"
"820427-4154107",1,0,0,0,1,1,1,0,0,1,"equal"
"570322-3898899",1,1,0,0,0,1,0,0,1,0,"equal"
"840128-3783721",1,0,0,0,0,1,1,0,1,1,"equal"
"731219-1545011",0,0,0,1,0,0,1,0,1,1,"equal"
"770411-2553464",0,1,1,0,0,0,0,0,0,1,"equal"
"660912-4817657",0,0,1,1,1,1,1,0,0,1,"equal"
"830510-3099697",0,1,1,0,0,0,0,0,0,0,"equal"
"830915-1201037",1,1,0,0,1,0,0,0,1,1,"equal"
"570813-2005186",0,0,1,1,0,1,1,0,0,1,"equal"
"900414-1954055",0,0,1,0,1,1,1,1,0,0,"equal"
"530814-3675243",1,0,1,1,0,1,1,1,0,1,"equal"
"850607-3079870",1,1,0,0,1,1,0,1,1,1,"equal"
"850307-2900669",0,1,0,0,1,1,1,0,0,0,"equal"
"780907-1679445",0,1,0,1,1,0,0,1,1,1,"equal"
"731104-1295096",1,1,1,1,1,1,0,1,1,0,"equal"
"640203-1115527",0,0,0,0,1,1,0,0,0,0,"equal"
"511119-2943445",0,1,1,1,1,0,1,0,0,0,"equal"
"960803-1604686",1,1,0,1,0,0,0,0,0,0,"equal"
"560812-1585985",0,0,0,0,1,1,1,1,1,0,"equal"
"670206-2080502",0,1,0,1,1,0,0,0,1,0,"equal"
"540513-3845394",0,1,1,0,1,0,0,1,0,0,"equal"
"611119-4185621",1,0,0,0,0,1,1,1,0,1,"equal"
"800411-4804267",1,0,1,0,1,0,1,1,1,0,"equal"
"870709-1952738",0,0,0,1,0,1,0,1,0,1,"equal"
"720926-3176684",1,1,0,1,1,1,0,1,0,0,"equal"
"941120-3227140",0,1,0,0,0,0,1,0,0,0,"equal"
"970418-4173094",0,1,0,0,0,1,1,1,1,1,"equal"
"721005-2125198",1,1,1,1,0,0,0,1,0,0,"equal"
"641212-1773948",0,0,1,1,0,1,0,0,1,1,"equal"
"560918-1992214",0,1,1,1,0,1,1,0,0,1,"equal"
"780116-1200165",1,0,0,1,0,0,0,0,0,1,"equal"
"930101-3931787",0,0,1,1,0,0,1,0,1,0,"equal"
"850308-2630237",0,1,1,0,1,1,1,1,0,0,"equal"
"991120-2677459",0,1,0,0,1,1,0,1,0,0,"equal"
"850520-1581055",1,0,0,0,1,1,1,1,0,0,"equal"
"640920-2508154",0,1,1,0,1,1,1,1,1,1,"equal"
"530121-2944857",0,0,1,1,0,1,1,0,0,0,"equal"
"550316-2881468",1,1,1,0,1,1,1,1,1,1,"equal"
"730307-3489446",1,1,1,1,1,0,1,1,0,1,"equal"
"540719-3674556",0,0,1,1,0,1,1,0,0,0,"equal"
"721219-4456947",1,1,0,0,1,1,1,0,1,1,"equal"
"771025-3386771",1,1,0,1,0,1,1,0,0,0,"equal"
"820203-4015742",1,0,0,0,1,1,0,1,1,1,"equal"
"620120-2245804",1,0,0,1,1,0,1,1,0,1,"equal"
"720907-3964321",0,1,1,0,1,1,0,1,1,0,"equal"
"840313-1538764",1,1,1,0,1,1,0,1,1,0,"equal"
"990410-4160291",1,1,0,1,0,0,1,1,1,1,"equal"
"770205-2219843",1,0,0,1,1,0,1,0,0,0,"equal"
"880406-2467070",1,1,0,0,1,0,0,1,1,1,"equal"
"870622-1029313",0,0,1,0,1,0,0,1,1,1,"equal"
"680617-2570574",1,0,0,0,0,1,1,0,0,0,"equal"
"780327-1324844",0,0,1,0,0,1,1,1,0,1,"equal"
"980321-2012929",0,0,0,0,1,0,1,1,0,1,"equal"
"701228-1061685",0,1,0,1,1,1,1,1,0,0,"equal"
"650912-3505814",0,0,1,1,0,0,1,1,1,0,"equal"
"840206-4066759",0,1,1,1,0,0,0,0,0,0,"equal"
"650809-3802927",1,1,1,0,1,1,1,0,1,0,"equal"
"710816-1443733",0,1,0,1,1,1,0,1,0,1,"equal"
"920407-1163356",0,0,1,0,0,1,1,0,1,1,"equal"
"541113-2493445",1,0,1,0,0,1,0,0,0,0,"equal"
"891206-4016067",1,0,1,0,1,0,1,1,0,0,"equal"
"930822-2730090",0,0,0,0,1,0,1,0,0,0,"equal"
"960709-1108248",1,1,1,0,0,1,1,1,0,1,"equal"
"860906-1383484",0,1,1,0,0,0,1,0,0,0,"equal"
"971210-3974317",1,0,0,0,1,1,0,0,1,1,"equal"
"710725-4560055",1,1,0,0,1,0,0,1,0,0,"equal"
"931225-2555690",1,0,1,1,0,1,0,0,1,1,"equal"
"780920-2637755",0,0,0,0,0,1,0,1,1,1,"equal"
"910420-2278432",0,0,0,0,1,0,0,0,1,0,"equal"
"820928-2983958",0,0,1,0,0,1,1,0,0,1,"equal"
"551205-4521549",0,0,1,1,0,1,1,0,1,1,"equal"
"770110-1670284",0,0,1,1,1,1,1,0,1,0,"equal"
"740103-1745539",1,0,0,1,0,0,0,0,1,1,"equal"
"550113-3864027",1,1,1,1,0,0,1,1,1,0,"equal"
"690512-1134217",0,1,0,1,1,1,0,0,1,1,"equal"
"800514-1621018",0,1,1,1,1,1,0,0,1,0,"equal"
"890614-2819644",0,0,0,0,0,0,1,1,0,0,"equal"
"540416-2625617",1,0,1,0,1,0,1,0,0,0,"equal"
"530715-4530526",0,0,1,1,0,0,0,1,1,1,"equal"
"830811-3520978",0,1,1,1,1,0,0,1,0,0,"equal"
"540203-2321434",0,1,1,1,0,1,0,0,0,0,"equal"
"730815-2484382",1,1,0,1,0,1,0,1,1,0,"equal"
"611209-4945325",1,0,1,0,0,0,1,1,0,1,"equal"
"951119-1610985",1,0,1,1,1,0,0,0,0,1,"equal"
"950427-2903647",1,0,1,1,0,1,0,0,0,0,"equal"
"820303-2680493",1,0,0,1,0,0,1,0,1,1,"equal"
"791004-2149846",1,0,0,1,0,0,1,0,1,1,"equal"
"840116-1476290",0,1,0,1,0,0,1,1,1,1,"equal"
"761205-2877935",1,0,1,1,0,0,0,1,0,0,"equal"
"800211-2146104",1,0,0,1,1,0,0,0,0,1,"equal"
"500426-3195776",0,1,1,0,1,1,0,1,0,0,"equal"
"580417-2343138",1,1,1,1,1,0,1,1,1,0,"equal"
"540307-3659540",1,0,1,1,1,0,1,0,1,0,"equal"
"831223-4566878",0,0,0,0,1,0,1,0,0,1,"equal"
"620803-4783220",0,1,0,1,1,1,0,1,1,0,"equal"
"561126-2663083",1,1,0,0,1,0,1,0,0,1,"equal"
"780719-4639791",1,0,1,1,0,1,0,1,0,1,"equal"
"770328-3851096",0,0,1,1,1,1,0,1,1,1,"equal"
"800812-2046560",0,1,0,1,0,1,0,1,0,1,"equal"
"710603-4273355",1,1,0,0,0,0,1,1,1,1,"equal"
"860813-2426134",0,1,0,0,0,1,1,0,0,1,"equal"
"710108-3748510",1,0,0,0,0,1,1,1,0,1,"equal"
"610302-2376345",1,1,1,0,0,0,1,0,0,0,"equal"
"730324-3712327",1,1,1,1,1,0,0,0,0,1,"equal"
"761120-1840091",0,1,1,0,0,0,1,0,0,0,"equal"
"770609-4327348",1,1,0,1,1,0,1,1,1,0,"equal"
"670520-3203081",0,1,0,0,0,0,1,1,0,1,"equal"
"930603-3307780",0,0,0,1,1,0,0,0,1,1,"equal"
"741116-1407250",1,0,0,1,0,0,0,1,0,0,"equal"
"881218-4206941",0,1,1,0,0,1,1,0,0,0,"equal"
"601022-1290905",0,1,0,1,1,1,1,1,1,1,"equal"
"510628-4111505",1,0,1,0,0,1,0,1,1,0,"equal"
"950920-2442972",1,1,0,0,1,0,0,0,0,0,"equal"
"680607-4929082",1,0,0,0,0,0,0,1,1,1,"equal"
"970317-2555866",1,0,0,1,1,0,0,1,0,1,"equal"
"620418-2821931",0,0,0,1,1,0,1,1,1,1,"equal"
"840320-4008462",0,0,0,0,0,1,0,0,1,0,"equal"
"881007-1279476",0,0,0,0,1,0,1,0,0,0,"equal"
"980117-1688350",0,0,1,0,0,0,1,0,1,1,"equal"
"521116-2477190",1,1,0,1,1,1,1,1,1,0,"equal"
"671124-4953502",0,0,1,1,0,1,1,0,1,0,"equal"
"590523-4572704",1,1,0,1,1,0,0,1,1,1,"equal"
"720902-2501123",0,1,0,1,0,0,0,0,0,0,"equal"
"860409-4974021",1,0,0,0,0,0,1,0,0,1,"equal"
"741215-3001874",0,1,1,0,1,0,1,0,0,1,"equal"
"840401-2115614",1,0,1,0,0,1,1,1,1,1,"equal"
"650301-3754973",0,0,0,1,0,0,0,1,0,1,"equal"
"540615-1369033",1,0,0,0,0,0,0,0,0,0,"equal"
"511116-4226174",1,1,1,1,0,0,0,1,1,0,"equal"
"661107-3167185",0,1,0,1,0,0,1,1,1,1,"equal"
"570407-2785310",0,1,0,1,0,1,1,0,1,0,"equal"
"931116-1185453",1,0,1,0,1,1,1,0,1,1,"equal"
"960912-3960159",0,1,1,1,0,0,0,0,1,1,"equal"
"790711-3780271",0,1,0,0,1,1,1,0,1,1,"equal"
"980216-1197046",0,1,1,0,0,0,1,0,1,1,"equal"
"861101-3613128",1,1,1,0,1,0,0,1,1,0,"equal"
"510316-3437364",0,1,1,1,0,1,0,1,0,1,"equal"
"690303-1914569",0,1,1,1,0,1,1,0,1,1,"equal"
"900607-2524362",1,0,1,1,1,0,0,0,0,0,"equal"
"821114-2593910",0,0,1,0,0,0,1,1,1,1,"equal"
"520713-2345614",0,0,0,1,1,1,0,0,0,0,"equal"
"631123-1053807",1,1,1,1,0,0,1,1,0,0,"equal"
"810108-4334555",1,1,1,0,0,1,1,1,0,0,"equal"
"601110-3654975",1,0,0,1,0,1,0,1,0,0,"equal"
"650517-1314262",1,0,1,1,0,1,1,1,1,1,"equal"
"830712-2290053",0,0,1,1,0,1,0,0,0,0,"equal"
"761202-4885687",0,0,1,0,1,0,1,0,0,0,"equal"
"500304-3755220",1,1,1,0,0,0,0,0,0,0,"equal"
"620721-1625126",1,1,1,0,0,1,0,0,1,1,"equal"
"700917-2390350",1,0,1,1,0,1,1,1,1,1,"equal"
"841123-4997003",1,1,0,0,1,1,0,0,0,0,"equal"
"800701-4277608",1,0,1,1,0,0,1,1,0,1,"equal"
"990722-3540743",0,0,0,1,0,1,1,0,1,1,"equal"
"581010-3649669",0,1,1,0,0,0,0,0,1,0,"equal"
"970621-2254864",0,0,0,1,0,1,0,0,1,0,"equal"
"660908-1427332",0,1,0,1,0,0,1,0,0,1,"equal"
"800828-4689243",1,1,0,1,1,1,1,1,1,0,"equal"
"920609-3707468",1,1,0,1,1,1,1,1,0,1,"equal"
"530824-2825700",1,1,1,1,0,1,1,1,0,0,"equal"
"920502-1540292",0,1,1,0,0,1,0,0,1,1,"equal"
"540919-4345635",0,1,1,0,1,0,0,1,1,0,"equal"
"651024-1177631",0,0,0,0,1,1,1,0,0,0,"equal"
"891215-2097693",1,0,1,0,1,0,1,0,1,1,"equal"
"520904-3162462",1,1,0,1,1,1,0,0,0,0,"equal"
"901214-1891617",0,1,1,1,1,0,1,0,0,1,"equal"
"930205-2816229",0,1,0,0,0,1,0,1,1,0,"equal"
"800311-4995272",0,1,0,1,1,1,1,1,1,1,"equal"
"720707-1676644",0,0,1,1,1,0,1,0,1,1,"equal"
"581118-4216053",0,1,1,1,0,0,1,1,0,0,"equal"
"830803-2798284",1,1,1,0,0,1,0,0,1,1,"equal"
"510506-3332072",1,0,1,0,0,1,0,0,1,0,"equal"
"960712-4395788",0,0,1,0,0,0,0,1,0,0,"disease_code_miss"
"790924-1462886",0,1,1,0,0,0,1,0,1,0,"disease_code_miss"
"500802-2856593",0,0,0,0,0,0,0,0,0,1,"disease_code_miss"
"650604-1128101",0,0,0,1,0,0,1,1,0,0,"disease_code_miss"
"820221-3551901",1,1,0,0,0,0,1,0,0,1,"disease_code_miss"
"650220-3157861",0,1,0,0,1,0,0,1,1,0,"disease_code_miss"
"910808-4909402",1,0,1,1,0,1,1,0,1,0,"disease_code_miss"
"760602-1126051",1,1,0,0,1,0,1,1,1,1,"disease_code_miss"
"940314-1449803",1,1,1,1,1,1,1,0,1,0,"disease_code_miss"
"780526-4587179",1,0,1,0,0,0,1,0,0,0,"disease_code_miss"
"980911-3824597",1,0,0,0,1,0,1,0,1,0,"disease_code_miss"
"920203-3443115",1,1,1,1,1,1,0,1,0,1,"disease_code_miss"
"981002-2561723",0,0,0,1,1,1,0,0,0,1,"disease_code_miss"
"610405-1504181",1,1,1,1,0,1,0,1,0,0,"disease_code_miss"
"580216-4667746",0,1,0,1,0,1,0,1,1,0,"disease_code_miss"
"930910-2999674",0,1,1,1,0,0,0,1,0,1,"disease_code_miss"
"680909-1265418",1,0,1,1,0,1,0,1,1,1,"disease_code_miss"
"910308-4972587",1,0,0,0,1,1,1,1,0,1,"disease_code_miss"
"950717-3607827",1,0,1,0,1,0,1,1,0,0,"disease_code_miss"
"660221-3332250",1,1,0,1,0,0,0,1,0,1,"disease_code_miss"
"980407-4134879",0,1,0,1,0,0,1,0,0,0,"disease_code_miss"
"740407-4954102",1,0,0,1,1,0,1,0,0,1,"disease_code_miss"
"690419-2108621",0,1,0,1,1,1,0,1,1,1,"disease_code_miss"
"750212-2962271",0,1,0,0,0,0,1,1,1,1,"disease_code_miss"
"651007-3306573",1,1,1,1,1,1,1,1,0,1,"disease_code_miss"
"780905-1954578",1,0,0,0,1,0,0,0,0,1,"disease_code_miss"
"660723-1596728",1,1,0,1,1,1,1,0,1,0,"disease_code_miss"
"841212-2071032",0,1,0,0,1,1,0,1,0,0,"disease_code_miss"
"751206-1847026",0,0,1,1,1,1,0,1,0,0,"disease_code_miss"
"681114-2149129",0,0,1,1,1,0,1,1,0,1,"disease_code_miss"
"510314-2147239",0,0,0,1,1,0,1,0,1,1,"disease_code_miss"
"501024-4265642",0,1,0,0,1,0,0,0,0,0,"disease_code_miss"
"760723-4489739",0,1,1,1,0,1,1,0,0,0,"disease_code_miss"
"970823-1541456",1,1,0,0,1,1,0,0,0,1,"disease_code_miss"
"790920-1406015",1,0,1,0,0,0,0,0,1,1,"disease_code_miss"
"560120-1239981",1,0,0,1,0,1,1,1,0,0,"disease_code_miss"
"710710-1101701",1,1,1,0,0,0,0,1,1,0,"disease_code_miss"
"530316-2288854",1,0,1,1,1,0,1,1,0,1,"disease_code_miss"
"760901-3981504",0,0,1,0,0,1,1,0,0,0,"disease_code_miss"
"510626-2534680",1,1,1,1,1,0,1,1,0,1,"disease_code_miss"
"800511-4390531",0,0,1,1,1,1,0,0,0,0,"disease_code_miss"
"630212-3905652",0,1,1,0,0,0,1,0,0,1,"disease_code_miss"
"800606-4137614",0,1,1,0,1,0,0,0,1,0,"disease_code_miss"
"910228-1611676",1,0,1,1,0,0,0,0,0,0,"disease_code_miss"
"561128-3082257",0,0,0,0,1,0,1,1,0,1,"disease_code_miss"
"890620-2822276",1,1,0,1,0,1,0,0,0,1,"disease_code_miss"
"820106-1068780",1,1,0,1,1,0,1,0,0,1,"disease_code_miss"
"751111-1020180",1,0,1,1,1,0,1,0,0,0,"disease_code_miss"
"910906-4780421",0,1,1,1,1,0,1,0,1,0,"disease_code_miss"
"930214-1264808",0,0,1,0,0,0,1,0,0,0,"disease_code_miss"
"740915-3832011",0,0,1,1,0,1,1,1,0,1,"disease_code_miss"
"931009-1970502",0,1,0,0,1,0,0,1,1,1,"disease_code_miss"
"730718-3369273",0,1,1,1,0,1,0,0,0,0,"disease_code_miss"
"731223-3785238",1,0,1,1,1,0,1,1,0,0,"disease_code_miss"
"580702-2178667",1,0,0,1,1,0,1,0,1,1,"disease_code_miss"
"820302-2987983",0,1,1,0,0,0,1,0,1,0,"disease_code_miss"
"970922-3873995",1,0,0,1,0,1,1,1,1,1,"disease_code_miss"
"880924-3384112",1,0,0,0,0,1,0,0,1,0,"disease_code_miss"
"911207-3672100",1,1,0,1,0,1,1,1,0,0,"disease_code_miss"
"871025-3274956",0,1,1,1,1,0,1,0,0,1,"disease_code_miss"
"840914-4680643",0,0,1,1,0,1,0,1,1,0,"disease_code_miss"
"571103-2976414",1,1,1,0,1,0,1,1,0,1,"disease_code_miss"
"820328-4600495",0,0,1,0,1,0,0,0,0,1,"disease_code_miss"
"700604-1879695",0,0,1,1,0,0,1,0,0,0,"disease_code_miss"
"870728-2939442",1,1,0,1,1,0,1,0,1,0,"disease_code_miss"
"631006-1242259",1,1,1,0,1,1,0,0,0,0,"disease_code_miss"
"940807-4314011",0,1,0,0,0,0,1,0,1,1,"disease_code_miss"
"680816-1807531",0,0,0,0,1,1,1,0,1,1,"disease_code_miss"
"871127-4729791",0,0,1,1,0,1,1,0,1,0,"disease_code_miss"
"630617-3036278",0,1,0,0,1,0,1,1,0,0,"disease_code_miss"
"581219-2808126",0,0,0,0,0,0,0,1,0,1,"disease_code_miss"
"600716-4568855",0,1,0,1,0,1,1,1,0,0,"disease_code_miss"
"830626-4731586",1,1,1,1,0,0,1,0,1,0,"disease_code_miss"
"900115-3938598",0,0,1,1,1,1,1,0,1,0,"disease_code_miss"
"541211-3525040",0,0,0,1,1,0,1,0,1,0,"disease_code_miss"
"950603-3383857",1,0,1,1,1,1,1,1,1,0,"disease_code_miss"
"700826-1197872",0,1,1,0,1,0,0,0,1,0,"disease_code_miss"
"770423-4146157",1,1,0,1,1,1,0,1,1,1,"disease_code_miss"
"760928-2546459",1,1,0,0,0,0,1,1,0,1,"disease_code_miss"
"940817-4408654",0,1,1,0,0,0,1,1,0,1,"disease_code_miss"
"511205-4155738",1,0,1,0,1,1,0,0,1,1,"disease_code_miss"
"650718-3827880",1,1,0,0,0,1,0,0,0,0,"disease_code_miss"
"750222-4048023",1,0,1,0,1,1,0,0,0,0,"disease_code_miss"
"951016-2048891",0,1,1,0,0,0,1,1,1,1,"disease_code_miss"
"730203-3490027",1,1,1,1,0,0,0,1,1,1,"disease_code_miss"
"751011-1832708",1,0,0,1,1,1,0,1,0,1,"disease_code_miss"
"780520-2070139",0,1,0,1,0,1,0,1,0,1,"disease_code_miss"
"880713-3110092",0,0,0,1,1,1,0,0,1,1,"disease_code_miss"
"940208-2561893",1,0,0,0,1,0,1,1,1,0,"disease_code_miss"
"940706-2376158",1,0,1,0,1,0,0,0,0,0,"disease_code_miss"
"650507-2253660",0,0,1,1,0,0,0,0,1,1,"disease_code_miss"
"940105-4842173",0,0,1,1,0,1,1,0,1,1,"disease_code_miss"
"710107-4668693",1,1,0,0,1,1,1,1,0,0,"disease_code_miss"
"861218-2910085",1,0,0,0,1,0,1,0,1,0,"disease_code_miss"
"950909-3135386",0,1,0,0,0,1,1,1,1,0,"disease_code_miss"
"630705-4732850",1,0,0,0,0,0,1,0,0,1,"disease_code_miss"
"920523-2778327",0,0,0,0,0,0,1,0,1,1,"disease_code_miss"
"720212-4649361",0,1,0,1,0,1,0,0,0,0,"disease_code_miss"
"890616-2380137",0,1,0,1,1,1,1,0,0,0,"disease_code_miss"
"770726-2949198",1,1,1,1,0,1,1,0,0,0,"disease_code_miss"
"740810-1189145",1,1,1,1,0,0,1,0,1,1,"disease_code_miss"
"960516-4048508",1,1,1,0,0,1,0,1,1,1,"disease_code_miss"
"981122-3640330",1,1,0,0,1,0,1,0,1,0,"disease_code_miss"
"910108-4063504",0,0,1,0,0,0,0,1,0,0,"disease_code_miss"
"940813-2617505",0,0,0,0,0,1,1,0,0,1,"disease_code_miss"
"790220-4111105",0,0,1,1,0,1,1,0,1,1,"disease_code_miss"
"790807-2708369",0,1,1,0,1,1,0,0,0,0,"disease_code_miss"
"910306-2397891",1,1,0,0,0,1,0,1,1,0,"disease_code_miss"
"850801-3686300",1,1,0,0,0,0,0,0,1,1,"disease_code_miss"
"780626-1029807",1,0,1,0,1,0,0,1,1,0,"disease_code_miss"
"560620-1175790",1,0,0,0,1,0,1,1,0,0,"disease_code_miss"
"870804-2125011",0,0,0,1,0,1,1,1,0,1,"disease_code_miss"
"601201-1682905",0,1,0,1,0,1,1,1,0,0,"disease_code_miss"
"590819-3209738",0,1,1,1,1,1,0,0,1,0,"disease_code_miss"
"710310-1263913",1,1,1,1,0,1,1,0,0,0,"disease_code_miss"
"620216-4168453",1,0,1,1,1,0,0,1,0,1,"disease_code_miss"
"580813-3066295",1,0,0,0,1,1,0,1,1,0,"disease_code_miss"
"920404-4794641",1,0,1,1,0,1,1,0,1,0,"disease_code_miss"
"650628-4585809",0,0,1,1,0,0,0,1,1,1,"disease_code_miss"
"890520-1274922",1,1,0,1,0,0,1,0,0,0,"disease_code_miss"
"960726-1412568",1,1,0,0,1,1,0,0,1,1,"disease_code_miss"
"991121-1293277",1,0,1,0,0,1,0,1,1,1,"disease_code_miss"
"611106-2853823",1,0,0,0,0,1,0,0,0,1,"disease_code_miss"
"750104-2332857",0,1,1,1,0,0,0,0,1,0,"disease_code_miss"
"810619-2436108",1,1,0,1,1,1,0,1,0,0,"disease_code_miss"
"800220-1946804",1,1,0,1,0,0,0,0,1,1,"disease_code_miss"
"540607-1410004",0,0,0,0,1,0,0,1,0,1,"disease_code_miss"
"770328-2924396",1,0,1,0,0,1,1,0,0,1,"disease_code_miss"
"641022-3708188",0,1,1,1,1,1,0,1,0,1,"disease_code_miss"
"521105-3788706",1,1,0,1,1,1,0,0,0,0,"disease_code_miss"
"640326-4384876",0,0,1,1,1,1,1,0,0,0,"disease_code_miss"
"531119-2782528",1,0,1,1,0,0,1,1,0,0,"disease_code_miss"
"530827-2552789",1,1,1,1,0,1,0,1,0,1,"disease_code_miss"
"770703-2025093",1,1,1,0,1,0,0,1,0,0,"disease_code_miss"
"970314-1599960",1,0,1,0,0,0,0,1,0,1,"disease_code_miss"
"991112-4444437",0,0,1,1,0,0,1,1,0,1,"disease_code_miss"
"731127-1203517",0,1,1,1,1,0,1,1,1,1,"disease_code_miss"
"910925-3369968",1,1,0,1,0,0,1,0,0,1,"disease_code_miss"
"620206-3497070",0,1,0,0,0,0,1,0,0,0,"disease_code_miss"
"630603-3717850",0,1,0,0,1,0,1,0,1,0,"disease_code_miss"
"751010-1698215",1,1,1,0,1,0,1,1,0,0,"disease_code_miss"
"571127-3705346",1,1,1,0,0,1,0,0,0,0,"disease_code_miss"
"620910-3013286",0,0,1,0,1,0,1,1,1,1,"disease_code_miss"
"940716-3508666",0,1,0,0,0,1,0,0,0,1,"disease_code_miss"
"970208-4619221",0,1,0,1,1,1,0,0,1,0,"disease_code_miss"
"710106-1610559",1,1,1,1,0,1,1,1,0,0,"disease_code_miss"
"560811-3699471",0,0,1,1,0,0,1,0,0,0,"disease_code_miss"
"560911-1686582",0,0,0,0,0,0,0,1,0,0,"disease_code_miss"
"990402-1225425",1,1,1,0,1,0,0,1,0,0,"disease_code_miss"
"970703-4199379",1,0,0,1,1,0,1,0,1,1,"disease_code_miss"
"830313-4713374",0,0,1,0,1,0,0,1,1,1,"disease_code_miss"
"750302-3624371",1,1,1,1,1,0,1,1,0,1,"disease_code_miss"
"870612-4436282",1,0,1,1,0,1,0,0,0,0,"disease_code_miss"
"800219-4280379",0,1,0,1,1,0,0,1,0,1,"disease_code_miss"
"600314-1752880",1,0,1,0,0,0,1,1,0,0,"disease_code_miss"
"830327-3836789",0,0,1,1,0,1,0,1,1,1,"disease_code_miss"
"980522-4347794",1,1,1,0,1,1,0,0,0,1,"disease_code_miss"
"840312-1400516",0,0,0,0,1,0,0,1,0,0,"disease_code_miss"
"911022-3958428",0,1,1,0,0,1,0,0,0,1,"disease_code_miss"
"701019-3648425",1,0,1,0,0,0,0,0,0,0,"disease_code_miss"
"721127-2044023",1,1,1,0,1,1,0,0,1,0,"disease_code_miss"
"560518-2324528",1,0,0,1,0,0,1,0,1,1,"disease_code_miss"
"681210-3337619",0,0,0,0,1,1,0,1,0,1,"disease_code_miss"
"650904-2526436",0,1,1,1,1,1,0,1,1,1,"disease_code_miss"
"951226-2031654",0,0,1,1,0,1,1,1,1,1,"disease_code_miss"
"730425-3356253",1,1,0,1,1,1,0,0,0,0,"disease_code_miss"
"930613-2984016",1,0,0,0,0,1,0,0,1,0,"disease_code_miss"
"810427-2188794",1,0,1,1,0,1,1,0,1,1,"disease_code_miss"
"960420-2170168",1,1,0,0,1,0,0,0,0,1,"disease_code_miss"
"910802-2071951",0,1,0,1,0,1,0,0,1,1,"disease_code_miss"
"810102-4426850",1,0,0,0,0,0,0,1,0,1,"disease_code_miss"
"540505-2667861",1,1,1,1,1,1,1,0,0,0,"disease_code_miss"
"950827-1369804",0,0,1,1,1,0,1,0,0,0,"disease_code_miss"
"580218-1332002",0,0,0,0,0,1,1,1,1,0,"disease_code_miss"
"601228-1834379",0,1,0,1,0,1,0,0,0,1,"disease_code_miss"
"520120-1833871",0,0,1,1,1,1,0,1,0,1,"disease_code_miss"
"920206-4743312",1,0,1,1,0,1,0,1,0,0,"disease_code_miss"
"650908-2954356",1,1,1,1,0,0,1,0,1,1,"disease_code_miss"
"780417-2416625",1,0,0,1,0,1,0,0,1,0,"disease_code_miss"
"650427-2938747",0,1,1,0,1,0,0,1,1,0,"disease_code_miss"
"990813-4960478",1,0,0,0,1,1,1,1,0,0,"disease_code_miss"
"590111-1303323",0,1,1,1,1,0,0,1,1,0,"disease_code_miss"
"961015-4239605",0,1,0,1,0,1,0,0,0,0,"disease_code_miss"
"570328-4389537",0,0,1,0,1,0,1,0,1,1,"disease_code_miss"
"971223-4959196",1,0,0,0,1,1,0,1,1,0,"disease_code_miss"
"850218-3475871",0,1,1,0,1,0,1,0,0,1,"disease_code_miss"
"630518-3601602",1,1,0,0,1,1,1,1,1,0,"disease_code_miss"
"910316-2209897",0,1,1,0,1,1,1,1,0,0,"disease_code_miss"
"710914-2011886",0,1,0,1,0,0,1,1,0,0,"disease_code_miss"
"960712-1061057",1,0,0,1,0,1,0,1,0,1,"disease_code_miss"
"820312-3916679",0,0,0,1,1,1,0,1,0,0,"disease_code_miss"
"760624-3763595",0,1,1,0,1,1,1,0,1,0,"disease_code_miss"
"980316-3319533",0,0,1,0,1,1,1,0,1,1,"disease_code_miss"
"950210-4989928",1,0,1,0,0,1,0,1,0,1,"disease_code_miss"
"761119-3802673",1,0,1,1,1,1,0,1,0,0,"disease_code_miss"
"860407-2423587",1,0,0,1,1,1,1,0,0,0,"disease_code_miss"
"950911-4200360",1,0,0,0,1,0,0,0,0,0,"disease_code_miss"
"760113-2908755",0,1,0,1,0,1,1,0,1,1,"disease_code_miss"
"980524-1365117",1,0,1,0,0,1,0,0,0,0,"disease_code_miss"
"590215-1347202",0,0,0,1,0,0,0,1,1,0,"disease_code_miss"
"541025-4943741",0,0,1,1,1,0,0,1,1,1,"disease_code_miss"
"620119-1857880",1,0,1,0,1,0,1,1,0,0,"disease_code_miss"
"641206-4277282",0,1,0,1,0,1,1,0,1,0,"disease_code_miss"
"810614-4571382",0,0,0,0,1,0,1,0,1,0,"disease_code_miss"
"520303-3139002",0,1,1,1,1,1,0,0,1,0,"disease_code_miss"
"610920-4524305",1,0,0,0,1,1,1,1,0,1,"disease_code_miss"
"801117-2067680",1,1,1,0,1,0,0,0,1,0,"disease_code_miss"
"811021-4498154",1,1,0,1,0,1,1,0,0,1,"disease_code_miss"
"801221-2452307",0,1,0,1,0,1,0,1,1,1,"disease_code_miss"
"570414-1937718",1,1,0,0,0,0,0,0,1,1,"disease_code_miss"
"580404-1717617",1,0,1,0,0,0,0,0,1,0,"disease_code_miss"
"660412-1530307",0,1,0,0,0,1,1,0,0,0,"disease_code_miss"
"760425-1820356",0,1,0,0,1,0,1,0,0,1,"disease_code_miss"
"550613-1154914",1,0,0,1,1,1,0,1,0,1,"disease_code_miss"
"591012-1887342",0,0,0,1,0,1,1,1,1,1,"disease_code_miss"
"510421-3497385",1,0,1,1,0,0,1,1,0,1,"disease_code_miss"
"551215-1167528",1,1,1,1,0,0,1,0,0,0,"disease_code_miss"
"770803-1461811",0,1,0,0,1,1,0,0,0,0,"disease_code_miss"
"860119-2487585",0,0,1,1,0,0,1,1,0,1,"disease_code_miss"
"630305-4077443",1,0,0,1,1,1,0,0,0,0,"disease_code_miss"
"520710-1345127",1,1,0,1,0,1,1,0,1,0,"disease_code_miss"
"870217-3072192",0,1,1,1,1,0,0,0,1,1,"disease_code_miss"
"761225-4861033",1,0,1,0,1,1,0,1,1,1,"disease_code_miss"
"840627-2010140",0,0,1,1,0,1,1,1,0,0,"disease_code_miss"
"730114-4663528",1,0,1,0,1,0,1,1,0,0,"disease_code_miss"
"591006-1595026",0,1,1,1,1,0,1,1,0,0,"disease_code_miss"
"570311-4403908",1,1,1,1,0,1,0,0,0,0,"disease_code_miss"
"560518-3685115",1,1,1,1,0,1,0,1,1,1,"disease_code_miss"
"521019-3120921",0,0,1,1,0,1,0,1,0,0,"disease_code_miss"
"711226-1718689",0,1,0,0,1,1,0,1,0,0,"disease_code_miss"
"880511-2081710",0,0,1,0,1,1,1,0,0,0,"disease_code_miss"
"580322-3172801",0,0,1,0,1,1,0,0,1,0,"disease_code_miss"
"570126-3362976",1,1,0,0,1,0,1,0,0,1,"disease_code_miss"
"550811-1992954",0,1,1,0,1,1,0,1,1,0,"disease_code_miss"
"690916-2068082",1,0,0,0,0,0,1,0,0,0,"disease_code_miss"
"510713-2482494",1,1,1,0,0,0,0,1,1,1,"disease_code_miss"
"941222-4687981",0,1,1,1,0,0,1,1,1,1,"disease_code_miss"
"680915-4112480",0,1,0,1,0,0,0,0,1,0,"disease_code_miss"
"540606-4114698",1,1,1,0,1,0,1,1,1,1,"disease_code_miss"
"731227-3382468",1,0,1,1,1,0,1,0,1,0,"disease_code_miss"
"630418-4646557",0,1,1,1,0,0,1,0,0,0,"disease_code_miss"
"970216-3043019",0,1,1,1,0,0,0,0,0,1,"disease_code_miss"
"501223-4813772",1,0,0,1,1,0,0,1,1,1,"disease_code_miss"
"580616-1615312",0,0,0,1,0,1,1,0,0,1,"disease_code_miss"
"510819-2682340",1,1,0,1,1,1,1,0,0,0,"disease_code_miss"
"520228-1468805",0,0,1,1,1,0,0,1,0,0,"disease_code_miss"
"500721-2968560",1,0,0,1,1,0,1,0,1,1,"disease_code_miss"
"901111-3247722",0,1,1,0,1,1,0,0,0,1,"disease_code_miss"
"670922-4453536",0,0,1,0,0,1,0,1,0,0,"disease_code_miss"
"820125-1200571",0,0,1,1,1,1,0,0,0,0,"disease_code_miss"
"810920-4310048",1,0,0,0,1,1,1,0,1,0,"disease_code_miss"
"951203-3304634",1,1,0,0,0,0,0,1,1,0,"disease_code_miss"
"811106-2215843",1,0,0,0,1,1,0,0,1,0,"disease_code_miss"
"771019-4325199",0,1,1,0,1,1,0,0,1,0,"disease_code_miss"
"900403-2121742",1,1,0,0,0,1,0,0,0,1,"disease_code_miss"
"860501-2679721",1,0,1,0,1,1,1,0,0,1,"disease_code_miss"
"971221-1185368",0,0,1,0,0,1,0,1,1,0,"disease_code_miss"
"710217-4603576",1,0,0,0,1,1,0,0,0,1,"disease_code_miss"
"900405-2140367",1,1,1,0,1,1,1,1,0,1,"disease_code_miss"
"910501-3414809",1,0,1,0,0,1,1,1,1,1,"disease_code_miss"
"660713-3021435",0,0,1,1,0,0,0,0,1,1,"disease_code_miss"
"820918-4584251",0,1,1,1,1,1,0,1,1,1,"disease_code_miss"
"831010-1261270",0,1,1,1,1,0,1,1,0,1,"disease_code_miss"
"650524-3875093",1,0,0,0,0,1,1,0,0,0,"disease_code_miss"
"950202-3949188",1,1,1,1,0,0,1,0,1,1,"disease_code_miss"
"961019-3602183",0,1,0,1,0,1,0,1,1,0,"disease_code_miss"
"991210-2305186",0,0,1,1,1,1,1,0,1,0,"disease_code_miss"
"881015-1258263",1,1,1,1,1,1,1,1,0,0,"disease_code_miss"
"610508-1735882",0,1,1,0,1,0,1,1,0,0,"disease_code_miss"
"570701-1078893",1,0,0,0,1,1,0,0,1,0,"disease_code_miss"
"980304-4938328",1,0,0,0,1,1,1,0,1,0,"disease_code_miss"
"800922-1476087",1,1,1,1,1,0,0,1,0,0,"disease_code_miss"
"810801-2780562",0,1,0,0,0,1,0,0,0,0,"disease_code_miss"
"510716-1263442",1,1,1,0,0,0,1,1,1,0,"disease_code_miss"
"640218-3699436",0,0,0,0,1,1,0,0,0,1,"disease_code_miss"
"770723-1722149",1,0,1,0,0,1,1,1,0,0,"disease_code_miss"
"870506-2501923",1,0,0,0,1,0,1,0,1,1,"disease_code_miss"
"671122-1207389",1,0,1,1,1,1,1,0,1,1,"disease_code_miss"
"620501-4414936",0,0,1,1,0,1,0,0,0,0,"disease_code_miss"
"760115-3090233",0,0,0,1,0,0,0,0,1,1,"disease_code_miss"
"721101-4480762",0,0,0,1,0,1,1,0,1,1,"disease_code_miss"
"950810-4757798",0,0,1,0,1,0,0,0,1,0,"disease_code_miss"
"760315-4813949",0,1,0,0,0,0,1,1,0,0,"disease_code_miss"
"930317-2826468",0,1,0,1,1,1,1,0,0,0,"disease_code_miss"
"840526-3456430",0,0,0,1,0,1,1,1,1,1,"disease_code_miss"
"710422-4487065",0,0,0,1,0,1,0,1,1,1,"disease_code_miss"
"870503-2291913",1,1,0,0,1,0,0,0,1,1,"disease_code_miss"
"721204-1470561",1,1,1,0,0,0,0,0,1,0,"disease_code_miss"
"540703-1771918",1,1,1,1,1,0,1,1,0,1,"disease_code_miss"
"570122-4736999",0,1,1,0,0,0,1,1,0,1,"disease_code_miss"
"670210-3067289",1,0,1,0,0,0,0,1,1,1,"disease_code_miss"
"651016-1551363",1,1,1,0,0,1,0,1,1,1,"disease_code_miss"
"870722-4058198",0,1,0,0,1,0,1,0,0,1,"disease_code_miss"
"610707-3215354",1,1,0,0,1,1,0,1,1,1,"disease_code_miss"
"930302-1514833",1,0,1,0,0,1,1,0,1,1,"disease_code_miss"
"840516-2524193",0,0,1,0,0,1,0,0,0,0,"disease_code_miss"
"590118-3724708",0,0,0,1,0,1,0,1,1,0,"disease_code_miss"
"510702-1149028",0,1,1,1,0,0,1,0,1,0,"disease_code_miss"
"731210-2573876",0,1,0,0,0,0,1,0,0,1,"disease_code_miss"
"510623-2940594",0,1,0,0,0,0,0,1,1,1,"disease_code_miss"
"830919-4860277",1,0,0,0,1,0,0,0,1,0,"disease_code_miss"
"790312-1587867",0,0,1,1,0,1,1,0,0,0,"disease_code_miss"
"731212-2881884",1,1,1,1,1,1,1,0,1,1,"disease_code_miss"
"830403-3855353",0,0,1,1,0,0,0,1,0,1,"disease_code_miss"
"640801-1559916",0,1,1,0,0,0,1,1,1,1,"disease_code_miss"
"591217-4385269",1,1,1,1,1,0,0,0,1,1,"disease_code_miss"
"980808-2414287",1,1,0,0,0,1,0,1,1,0,"disease_code_miss"
"671226-1552634",1,0,0,1,0,1,0,1,0,1,"disease_code_miss"
"571202-1384581",1,0,0,0,1,0,1,1,0,1,"disease_code_miss"
"871203-1857105",0,0,1,1,1,0,0,1,1,0,"disease_code_miss"
"810107-2627860",1,1,1,0,1,0,0,1,0,0,"disease_code_miss"
"801227-4775701",0,0,0,1,1,0,1,0,0,1,"disease_code_miss"
"920903-1691014",1,1,1,0,0,0,0,1,1,1,"disease_code_miss"
"961117-4766094",1,1,0,1,0,1,1,0,0,0,"disease_code_miss"
"621116-3618552",1,0,1,0,1,0,1,0,0,1,"disease_code_miss"
"640320-2258680",1,1,1,1,0,1,1,0,0,1,"disease_code_miss"
"930606-3476458",1,1,1,0,1,0,0,0,1,0,"disease_code_miss"
"790708-3700354",1,0,0,1,0,0,0,1,0,0,"disease_code_miss"
"860418-3297053",0,1,0,1,0,1,1,0,1,1,"disease_code_miss"
"541104-4534271",0,1,1,1,0,1,0,0,0,0,"disease_code_miss"
"720517-3829011",1,0,0,0,0,0,0,1,0,1,"disease_code_miss"
"600721-4758949",1,0,1,1,1,0,1,1,0,1,"disease_code_miss"
"901118-1149803",1,0,0,1,0,0,0,1,1,1,"disease_code_miss"
"620123-3354135",1,1,0,1,1,1,0,1,0,1,"disease_code_miss"
"950827-1204510",0,1,0,1,0,0,0,1,1,0,"disease_code_miss"
"960201-4444227",1,1,1,0,1,1,0,1,1,1,"disease_code_miss"
"831214-1494126",0,1,1,0,0,0,1,0,1,1,"disease_code_miss"
"521009-4443557",0,0,1,0,0,1,0,0,1,0,"disease_code_miss"
"911106-2070040",0,0,0,0,1,0,1,1,1,0,"disease_code_miss"
"971016-3818603",1,0,1,0,1,1,0,1,0,1,"disease_code_miss"
"690626-1010810",0,0,0,1,0,0,1,0,0,1,"disease_code_miss"
"880422-4390812",0,0,0,1,1,1,0,1,1,1,"disease_code_miss"
"560117-3545557",1,0,1,0,0,0,0,0,1,1,"disease_code_miss"
"830315-4370745",1,0,1,1,0,1,0,0,1,1,"disease_code_miss"
"900707-3886538",1,0,0,0,1,0,0,1,0,1,"disease_code_miss"
"530806-1817760",0,1,0,1,1,1,1,1,0,1,"disease_code_miss"
"611016-2817802",0,0,1,1,0,1,0,1,0,0,"disease_code_miss"
"571005-2585272",1,0,0,1,1,1,1,1,0,1,"disease_code_miss"
"730323-2942375",0,1,1,1,0,1,1,1,0,0,"disease_code_miss"
"860723-1305714",0,1,1,0,1,1,1,1,0,1,"disease_code_miss"
"840807-1023991",0,1,1,0,1,0,0,0,1,0,"disease_code_miss"
"761126-1434994",0,0,1,1,1,0,1,1,1,0,"disease_code_miss"
"611002-3157941",0,0,1,0,1,1,1,1,0,0,"disease_code_miss"
"550411-1938050",1,1,0,0,1,1,0,0,0,0,"disease_code_miss"
"931213-4829945",1,1,0,0,1,1,0,1,1,1,"disease_code_miss"
"950305-4906850",1,0,0,1,0,0,1,0,0,1,"disease_code_miss"
"821227-3306680",1,1,1,1,1,0,0,0,1,1,"disease_code_miss"
"790509-3799561",0,1,0,1,0,0,0,1,1,0,"disease_code_miss"
"740628-2728678",0,0,1,1,1,1,0,0,1,1,"disease_code_miss"
"950214-2936405",1,0,1,1,1,1,1,1,0,1,"disease_code_miss"
"950428-4608378",1,1,1,1,1,0,1,1,1,0,"disease_code_miss"
"950527-2302707",0,1,1,0,0,1,1,1,1,1,"disease_code_miss"
"820724-3523367",0,1,0,0,0,1,1,0,1,1,"disease_code_miss"
"750903-3068329",1,0,1,0,1,1,1,0,0,1,"disease_code_miss"
"830308-2843795",1,1,1,1,1,0,0,1,1,0,"disease_code_miss"
"930118-2614195",0,0,0,0,1,0,0,1,0,0,"disease_code_miss"
"850606-4974034",1,1,1,0,1,0,1,0,0,0,"disease_code_miss"
"680227-4350088",1,1,1,0,0,0,1,1,0,0,"disease_code_miss"
"880313-3550355",0,1,1,0,1,1,0,1,1,0,"disease_code_miss"
"521023-1093546",1,0,1,0,0,0,1,1,1,0,"disease_code_miss"
"931006-2215968",1,1,0,1,1,1,1,0,0,1,"disease_code_miss"
"950209-4095423",1,1,0,0,1,1,1,0,1,0,"disease_code_miss"
"990107-1296613",0,0,1,0,0,1,1,1,1,0,"disease_code_miss"
"550728-3084640",0,1,1,0,0,0,1,1,0,0,"disease_code_miss"
"770520-2937356",0,1,0,0,1,1,0,0,1,1,"disease_code_miss"
"851018-2404112",0,1,1,0,0,1,1,0,0,0,"disease_code_miss"
"890902-4859165",0,1,1,1,0,0,0,1,0,0,"disease_code_miss"
"570824-3334373",1,0,0,1,0,0,1,0,0,0,"disease_code_miss"
"520318-2779055",0,0,0,1,1,0,0,1,1,1,"disease_code_miss"
"610710-4567488",1,1,0,1,0,0,1,0,0,0,"disease_code_miss"
"640103-1331756",1,0,0,0,0,0,0,0,1,0,"disease_code_miss"
"551227-1288566",0,1,1,0,1,1,0,1,1,1,"disease_code_miss"
"750109-2801258",1,1,1,1,1,0,1,0,0,0,"disease_code_miss"
"840821-1619859",0,0,0,0,1,0,1,0,0,1,"disease_code_miss"
"520927-3461213",1,1,0,1,1,0,1,0,0,1,"disease_code_miss"
"940807-2759760",0,1,0,0,0,1,1,0,1,0,"disease_code_miss"
"930928-4045918",0,1,1,0,0,1,0,1,1,0,"disease_code_miss"
"930910-2104142",0,1,0,0,0,0,0,1,0,0,"disease_code_miss"
"510506-2099559",0,0,1,1,0,0,1,1,1,1,"disease_code_miss"
"620412-3355647",0,1,0,1,1,1,1,1,0,0,"disease_code_miss"
"760920-1346195",1,0,0,0,0,0,0,0,0,0,"disease_code_miss"
"900805-4338130",0,1,1,0,1,0,1,1,1,0,"disease_code_miss"
"710427-1678362",1,1,0,1,0,0,0,0,1,0,"disease_code_miss"
"530425-1576301",0,1,0,0,1,0,0,0,0,1,"disease_code_miss"
"571004-2227248",0,1,0,1,0,0,0,1,1,1,"disease_code_miss"
"980718-4344397",1,1,1,1,1,0,1,1,1,1,"disease_code_miss"
"990203-1021760",0,0,1,0,0,0,0,1,1,0,"disease_code_miss"
"560902-4217068",0,1,0,1,1,1,0,0,1,1,"disease_code_miss"
"790414-1603270",1,1,0,1,1,0,0,0,0,1,"disease_code_miss"
"740408-4041254",1,1,0,1,1,1,1,0,0,0,"disease_code_miss"
"691014-2609060",1,0,1,0,1,1,0,1,0,0,"disease_code_miss"
"881101-3038402",0,0,0,1,1,0,1,0,1,1,"disease_code_miss"
"500407-4004318",1,0,0,1,1,0,0,1,1,0,"disease_code_miss"
"530724-2555019",1,0,1,0,0,1,1,1,0,0,"disease_code_miss"
"710725-4666490",0,1,1,1,0,0,1,0,0,0,"disease_code_miss"
"860201-4828971",0,1,1,1,0,1,1,1,0,0,"disease_code_miss"
"960817-2589004",0,1,1,1,1,0,0,1,0,1,"disease_code_miss"
"621101-1831723",0,1,0,1,0,1,1,0,0,0,"disease_code_miss"
"590712-1767842",1,0,0,0,1,1,1,1,0,1,"disease_code_miss"
"680318-4279082",0,1,1,1,0,1,1,1,0,0,"disease_code_miss"
"580804-2198110",0,0,0,0,1,1,1,0,1,0,"disease_code_miss"
"750307-1808934",1,0,1,0,1,0,0,0,0,1,"disease_code_miss"
"961109-1686920",1,0,0,1,1,0,1,0,0,0,"disease_code_miss"
"630915-1874943",1,0,1,1,0,0,0,1,1,0,"disease_code_miss"
"640205-2264314",1,1,1,1,0,1,1,1,0,1,"disease_code_miss"
"811211-3494832",1,1,1,1,0,0,1,0,1,1,"disease_code_miss"
"810120-3938512",1,0,1,0,0,1,1,0,1,1,"disease_code_miss"
"660324-3756228",1,0,1,1,1,0,0,1,0,1,"disease_code_miss"
"900208-2283383",0,0,1,0,1,1,1,0,1,0,"disease_code_miss"
"660907-2388612",1,0,1,0,0,1,0,0,0,0,"disease_code_miss"
"920828-1994348",1,0,0,1,0,0,0,1,0,0,"disease_code_miss"
"500903-4065172",0,0,0,1,1,0,0,0,0,0,"disease_code_miss"
"770824-4153665",0,0,1,0,0,0,0,0,1,1,"disease_code_miss"
"570610-4086108",0,0,1,1,1,0,0,1,1,1,"disease_code_miss"
"791215-3763464",0,1,1,0,0,0,0,1,0,0,"disease_code_miss"
"551007-3615314",0,1,1,1,0,1,1,1,0,1,"disease_code_miss"
"560101-2051243",0,1,0,1,0,0,0,0,1,1,"disease_code_miss"
"790423-3231211",0,0,1,1,1,1,1,0,0,0,"disease_code_miss"
"820804-1568410",1,1,0,0,1,1,1,0,0,0,"disease_code_miss"
"810212-3700608",1,0,0,0,0,1,1,0,1,0,"disease_code_miss"
"600110-2061758",0,1,1,1,0,1,1,1,1,1,"disease_code_miss"
"591122-4179305",1,0,1,0,0,0,1,1,0,0,"disease_code_miss"
"780122-1830898",0,0,0,0,1,0,1,0,1,0,"disease_code_miss"
"740409-1564506",0,1,1,0,0,0,0,0,0,1,"disease_code_miss"
"541116-4536689",1,0,0,1,1,1,0,1,1,1,"disease_code_miss"
"800427-2614931",0,0,0,0,0,0,0,1,0,1,"disease_code_miss"
"520412-1825782",0,1,1,1,1,0,1,1,0,0,"disease_code_miss"
"871119-3788181",1,0,0,1,1,1,1,1,1,1,"disease_code_miss"
"640214-2042192",1,0,0,1,1,0,0,0,1,0,"disease_code_miss"
"620504-3241550",1,1,0,0,1,1,0,0,0,0,"disease_code_miss"
"510421-4556631",0,1,1,0,1,0,0,0,1,1,"disease_code_miss"
"650428-3493906",0,1,0,1,0,0,1,1,0,1,"disease_code_miss"
"930106-2999284",0,0,1,0,0,0,1,0,1,0,"disease_code_miss"
"790111-2378303",1,0,1,1,1,0,1,1,0,1,"disease_code_miss"
"730122-2587681",1,1,1,0,1,0,0,0,1,0,"disease_code_miss"
"781113-3619985",0,1,1,0,0,0,1,0,1,0,"disease_code_miss"
"580916-1225323",0,1,1,0,1,1,0,1,1,1,"disease_code_miss"
"910824-2774821",1,0,1,0,0,0,0,0,1,0,"disease_code_miss"
"640619-3662416",0,1,0,1,0,0,0,0,0,0,"disease_code_miss"
"630110-1008508",0,0,0,0,0,1,1,1,0,1,"disease_code_miss"
"730906-4468032",0,1,1,0,0,0,1,0,1,0,"disease_code_miss"
"700909-2635984",1,0,1,0,1,1,0,0,0,1,"disease_code_miss"
"900207-1890068",1,1,0,0,0,1,0,1,0,0,"disease_code_miss"
"650614-2292407",0,0,0,0,1,1,0,0,0,0,"disease_code_miss"
"810804-3232560",0,1,0,0,1,0,1,1,1,0,"disease_code_miss"
"520628-1405442",0,0,1,1,0,1,0,0,1,0,"disease_code_miss"
"590307-1447701",0,0,0,0,0,0,1,1,0,0,"disease_code_miss"
"920906-2228343",1,0,0,1,1,1,1,1,0,1,"disease_code_miss"
"721004-2411237",0,1,1,0,0,1,0,0,0,1,"disease_code_miss"
"730901-3198239",1,0,0,1,1,1,0,1,0,0,"disease_code_miss"
"510127-4109172",0,0,0,1,1,1,1,1,1,0,"disease_code_miss"
"500614-4230120",0,1,1,0,0,0,1,0,1,1,"disease_code_miss"
"550119-3326320",1,1,1,1,1,0,0,1,1,1,"disease_code_miss"
"570813-4741645",0,0,0,1,1,0,1,0,1,0,"disease_code_miss"
"550401-3927167",1,0,1,1,1,1,1,1,0,1,"disease_code_miss"
"861004-2325701",1,0,0,0,1,1,1,0,1,0,"disease_code_miss"
"650219-3291197",0,1,1,0,1,0,1,1,1,1,"disease_code_miss"
"771125-3489913",0,0,1,1,1,1,1,1,1,0,"disease_code_miss"
"960511-2496424",0,0,0,1,0,0,1,1,0,0,"disease_code_miss"
"560126-2944557",0,1,1,0,0,1,0,1,0,1,"disease_code_miss"
"980701-1705124",0,1,1,1,0,0,0,1,0,0,"disease_code_miss"
"860923-4433054",0,0,0,0,1,1,1,0,1,1,"disease_code_miss"
"680402-2356993",1,0,1,0,0,1,0,1,1,0,"disease_code_miss"
"991024-3884398",0,1,1,0,1,0,1,0,0,1,"disease_code_miss"
"670412-1392880",1,0,0,0,1,1,0,0,0,0,"disease_code_miss"
"580227-2589875",1,0,1,1,0,1,0,0,1,1,"disease_code_miss"
"941219-4348798",1,0,1,0,1,0,0,1,0,0,"disease_code_miss"
"520411-4863048",1,0,0,0,1,1,1,0,0,1,"disease_code_miss"
"570215-1412050",1,1,1,1,1,0,0,1,1,0,"disease_code_miss"
"790324-3174770",1,0,0,0,0,1,0,1,1,0,"disease_code_miss"
"571020-3171415",0,1,0,1,1,0,0,1,1,1,"disease_code_miss"
"990608-4465453",0,0,1,1,0,0,0,1,0,0,"disease_code_miss"
"800928-4790816",1,1,1,1,1,1,1,1,1,0,"disease_code_miss"
"560303-2288043",0,0,1,1,1,0,1,1,0,1,"disease_code_miss"
"910919-2429120",0,1,1,1,1,1,0,1,0,0,"disease_code_miss"
"680626-2820001",0,1,1,0,0,1,0,0,0,0,"disease_code_miss"
"541225-1872839",1,0,1,1,1,0,0,0,0,1,"disease_code_miss"
"580119-1091543",0,1,0,1,1,1,1,1,1,1,"disease_code_miss"
"761110-1302915",0,0,0,1,0,1,1,0,0,1,"disease_code_miss"
"680516-2519634",0,0,0,1,0,1,1,0,1,0,"disease_code_miss"
"990711-4331987",0,0,0,0,0,1,0,1,0,1,"disease_code_miss"
"770902-2015723",1,0,1,0,1,1,0,1,0,0,"disease_code_miss"
"800217-1736843",0,0,0,0,0,1,0,1,1,1,"disease_code_miss"
"851226-2825722",1,0,1,1,1,1,1,0,1,0,"disease_code_miss"
"650127-4247003",0,0,1,0,1,0,0,1,1,0,"disease_code_miss"
"730218-2810508",0,1,0,0,1,1,0,1,0,1,"disease_code_miss"
"731001-4800281",1,0,1,0,1,1,1,0,0,0,"disease_code_miss"
"560113-4501439",1,0,0,1,0,0,0,0,0,0,"disease_code_miss"
"680124-4516488",0,0,1,0,1,0,0,0,1,0,"disease_code_miss"
"610720-2966702",1,1,0,1,1,0,1,0,1,0,"disease_code_miss"
"890610-2583030",1,1,0,1,1,1,1,0,0,1,"disease_code_miss"
"670918-1361981",1,0,0,1,0,1,0,1,1,1,"disease_code_miss"
"521018-1869504",0,1,1,0,1,0,1,1,1,1,"disease_code_miss"
"990122-1991947",0,0,0,1,0,0,0,0,1,0,"disease_code_miss"
"640726-1822400",0,1,0,1,0,0,0,1,1,0,"disease_code_miss"
"971015-4015213",0,0,1,0,0,0,0,1,0,1,"disease_code_miss"
"691023-2209824",0,1,1,0,0,0,0,1,1,1,"disease_code_miss"
"600404-1901536",0,0,1,0,0,0,0,1,1,1,"disease_code_miss"
"770516-1161260",1,0,1,0,0,1,0,0,0,1,"disease_code_miss"
"881118-4832893",1,0,1,0,0,1,0,1,0,0,"disease_code_miss"
"720522-1280375",0,0,0,0,1,0,0,1,0,0,"disease_code_miss"
"690120-4355556",0,1,1,0,0,1,1,0,1,1,"disease_code_miss"
"541226-1231300",0,1,0,1,1,1,0,1,1,1,"disease_code_miss"
"810727-1548837",0,0,1,1,1,1,1,1,1,1,"disease_code_miss"
"580707-1896534",0,0,1,0,1,1,0,1,0,0,"disease_code_miss"
"950626-3518551",1,0,0,1,0,1,1,0,0,1,"disease_code_miss"
"981119-2334190",1,1,1,1,1,1,0,1,0,0,"disease_code_miss"
"911105-2693521",0,1,0,0,0,0,1,1,0,1,"disease_code_miss"
"840822-3289763",1,0,0,1,1,1,0,0,0,1,"disease_code_miss"
"590826-3108846",0,0,0,1,1,1,1,1,1,1,"disease_code_miss"
"941212-1452659",1,0,1,0,1,0,1,0,1,1,"disease_code_miss"
"580903-2738099",1,1,1,1,1,0,1,1,1,0,"disease_code_miss"
"761012-3960552",1,1,0,0,1,0,0,0,1,1,"disease_code_miss"
"660814-3772123",1,0,0,1,0,1,0,0,1,0,"disease_code_miss"
"850605-4069853",0,0,0,1,1,0,1,0,1,1,"disease_code_miss"
"680117-4659739",0,1,1,0,1,1,0,1,1,1,"disease_code_miss"
"610523-2569063",1,1,0,1,1,1,1,1,1,1,"disease_code_miss"
"580404-2769161",1,0,1,1,0,0,0,1,0,0,"disease_code_miss"
"711124-1138502",1,0,1,1,1,0,1,0,0,1,"disease_code_miss"
"701207-3994134",1,0,0,0,1,0,1,1,1,1,"disease_code_miss"
"760419-3011530",0,0,0,0,0,1,1,0,1,1,"disease_code_miss"
"871228-3413940",1,0,0,0,1,1,1,0,1,0,"disease_code_miss"
"640305-3384240",1,1,0,0,1,0,1,0,1,1,"disease_code_miss"
"990303-2152858",1,0,0,0,0,1,0,0,0,1,"disease_code_miss"
"670927-2688410",0,1,1,1,0,0,0,1,1,1,"disease_code_miss"
"830711-4188354",0,1,0,0,1,0,1,1,1,1,"disease_code_miss"
"951017-1707202",0,0,1,1,1,0,1,1,0,1,"disease_code_miss"
"640215-2892073",1,1,1,0,1,1,1,1,1,1,"disease_code_miss"
"690908-1384490",1,0,0,0,0,1,0,1,0,1,"disease_code_miss"
"780402-4823618",1,0,0,1,0,1,1,0,1,1,"disease_code_miss"
"710613-1406598",1,1,0,1,1,1,0,0,1,1,"disease_code_miss"
"890607-4769334",1,0,1,1,1,1,0,1,1,0,"disease_code_miss"
"500619-4957147",0,1,0,0,1,0,1,1,1,0,"disease_code_miss"
"510909-1121555",1,0,1,0,1,1,0,0,0,0,"disease_code_miss"
"720224-2581286",0,0,0,0,0,1,1,0,0,1,"disease_code_miss"
"820521-4024544",1,1,0,1,1,1,1,1,1,0,"disease_code_miss"
"610626-1954105",1,0,1,0,0,0,1,0,0,0,"disease_code_miss"
"710922-1661182",1,1,1,1,1,0,1,1,1,0,"disease_code_miss"
"620801-1995270",0,0,0,1,0,0,0,1,1,1,"disease_code_miss"
"590523-4279383",1,1,0,0,1,0,1,0,1,0,"disease_code_miss"
"790102-3786417",0,1,0,0,1,1,1,1,0,1,"disease_code_miss"
"701210-1355127",0,0,1,1,0,1,1,1,0,1,"disease_code_miss"
"580704-1649404",0,1,1,1,1,1,0,0,0,1,"disease_code_miss"
"531217-3043556",0,0,0,1,0,1,1,0,1,0,"disease_code_miss"
"631216-3438839",0,0,1,0,1,1,0,1,1,1,"disease_code_miss"
"671217-3119369",1,1,1,1,0,1,0,0,0,1,"disease_code_miss"
"711201-4377617",0,1,0,1,0,0,0,1,0,1,"disease_code_miss"
"571202-3752469",1,0,1,1,0,1,1,0,1,1,"disease_code_miss"
"861006-4988086",0,1,1,0,0,1,1,1,0,0,"disease_code_miss"
"660426-2727578",1,1,0,0,1,1,1,0,0,0,"disease_code_miss"
"971209-4382443",1,0,0,1,1,0,1,1,0,1,"disease_code_miss"
"950323-4099854",0,0,1,0,1,0,0,0,1,1,"disease_code_miss"
"920915-1056634",1,1,1,1,1,0,1,0,1,1,"disease_code_miss"
"600606-2299333",1,1,0,1,1,0,1,0,0,0,"disease_code_miss"
"700114-1384715",1,1,0,1,1,1,0,1,0,1,"disease_code_miss"
"650727-4354105",1,0,0,1,1,0,1,1,1,1,"disease_code_miss"
"821217-4325247",0,1,1,1,0,0,0,1,1,1,"disease_code_miss"
"650506-1259831",1,1,0,0,0,1,1,0,1,1,"disease_code_miss"
"760215-4226322",0,1,1,0,0,1,0,1,0,0,"disease_code_miss"
"660503-1065182",0,1,1,1,1,0,0,0,1,1,"disease_code_miss"
"970927-3840132",1,1,1,1,0,1,0,0,1,0,"disease_code_miss"
"930519-4698339",0,0,1,1,0,1,1,0,0,1,"disease_code_miss"
"621012-4349029",1,0,0,1,1,1,1,0,0,1,"disease_code_miss"
"890307-2190591",1,0,0,1,1,1,1,1,1,1,"disease_code_miss"
"740120-2406450",0,1,1,1,1,1,1,0,1,1,"disease_code_miss"
"640404-2418805",0,1,1,1,0,1,0,0,1,0,"disease_code_miss"
"941002-4982360",0,1,0,0,0,0,1,0,0,1,"disease_code_miss"
"931023-1006351",1,1,0,1,1,0,0,0,0,1,"disease_code_miss"
"990520-1422648",1,0,0,1,1,0,1,0,0,0,"disease_code_miss"
"730815-4320444",0,0,1,1,1,0,1,0,1,1,"disease_code_miss"
"590226-3816826",1,0,1,0,0,0,0,1,0,1,"disease_code_miss"
"521225-4233177",0,1,0,1,0,1,0,1,1,0,"disease_code_miss"
"870625-4031483",0,0,1,0,1,0,0,1,1,0,"disease_code_miss"
"810215-4338956",0,1,1,0,0,0,0,0,1,0,"disease_code_miss"
"741116-4826716",1,1,0,1,0,0,0,1,0,1,"disease_code_miss"
"600106-1075883",1,0,1,0,1,0,1,0,1,1,"disease_code_miss"
"541022-2347333",0,1,1,1,0,1,1,0,0,1,"disease_code_miss"
"880614-4987139",0,0,0,0,1,1,0,0,0,0,"disease_code_miss"
"620311-1124683",0,0,1,1,0,0,1,1,1,0,"disease_code_miss"
"950902-2528951",1,1,1,0,0,1,0,0,1,1,"disease_code_miss"
"750508-1306924",1,1,1,1,1,0,1,1,0,1,"disease_code_miss"
"960803-2926204",1,0,0,0,0,1,0,0,1,0,"disease_code_miss"
"770407-2131099",1,0,1,0,0,0,0,1,0,1,"disease_code_miss"
"620825-3565321",0,0,1,1,1,1,1,1,0,1,"disease_code_miss"
"840208-4014940",0,0,1,0,0,1,0,1,1,1,"disease_code_miss"
"640310-3726823",0,1,1,1,1,0,0,0,1,1,"disease_code_miss"
"850212-2710137",1,1,0,0,0,0,0,1,0,0,"disease_code_miss"
"580615-1066548",1,0,1,0,0,0,0,1,1,0,"disease_code_miss"
"840610-1142148",0,1,1,1,1,1,0,0,1,1,"disease_code_miss"
"881109-4025195",0,0,1,0,0,1,1,1,0,0,"disease_code_miss"
"790422-2983210",0,0,1,1,1,0,1,0,1,1,"disease_code_miss"
"550204-2383271",1,0,1,0,1,1,0,1,0,0,"disease_code_miss"
"931103-4442723",1,0,1,1,0,0,1,0,1,0,"disease_code_miss"
"560823-1025336",0,1,1,0,0,1,1,1,1,0,"disease_code_miss"
"600122-1771677",0,0,1,1,0,1,0,1,0,1,"disease_code_miss"
"710209-2565013",1,1,1,0,0,1,1,0,1,0,"disease_code_miss"
"690126-1799435",0,0,0,0,0,0,0,0,1,0,"disease_code_miss"
"610116-3345074",1,0,0,1,1,0,0,0,1,0,"disease_code_miss"
"660428-3122313",1,1,0,1,1,0,0,0,1,1,"disease_code_miss"
"900123-1020877",0,1,1,0,1,1,1,1,1,0,"disease_code_miss"
"930928-3385520",0,0,1,0,1,0,0,0,0,1,"disease_code_miss"
"681021-1110110",1,1,0,1,1,1,1,1,0,1,"disease_code_miss"
"710807-2327773",1,1,0,1,0,1,0,0,0,0,"disease_code_miss"
"680410-2730337",0,0,1,0,0,1,1,1,1,0,"disease_code_miss"
"800924-1057192",1,1,0,0,0,0,1,0,0,1,"disease_code_miss"
"930321-1667794",0,0,1,1,1,0,1,0,1,0,"disease_code_miss"
"871027-4520351",1,1,0,0,0,0,1,1,1,0,"disease_code_miss"
"590509-3317875",0,1,1,1,1,0,1,1,0,0,"disease_code_miss"
"700325-1048015",0,0,1,0,0,1,1,1,0,0,"disease_code_miss"
"840121-4311200",1,1,0,0,1,1,0,0,1,1,"disease_code_miss"
"600606-2855747",0,1,0,0,0,0,0,0,1,1,"disease_code_miss"
"991108-3428674",1,1,0,0,0,1,1,1,0,1,"disease_code_miss"
"540427-1385549",0,1,0,1,1,1,1,1,0,0,"disease_code_miss"
"640219-2915803",1,1,0,1,1,1,1,1,1,0,"disease_code_miss"
"940517-3745112",1,1,0,1,1,1,1,1,0,1,"disease_code_miss"
"720426-1069700",1,0,0,0,0,1,0,0,1,0,"disease_code_miss"
"950922-1902315",1,0,1,1,1,1,1,0,0,0,"disease_code_miss"
"860826-3037494",0,1,1,0,1,1,1,1,0,0,"disease_code_miss"
"730613-1850881",0,1,1,0,0,0,1,0,1,1,"disease_code_miss"
"781007-4133702",0,1,1,0,1,1,0,1,1,1,"disease_code_miss"
"870117-3194323",1,1,1,1,1,0,1,0,0,0,"disease_code_miss"
"640110-3284540",0,1,1,1,1,1,0,1,1,1,"disease_code_miss"
"830202-1991602",0,0,0,1,0,0,0,0,0,0,"disease_code_miss"
"951028-4707249",1,0,0,1,0,1,1,0,1,0,"disease_code_miss"
"780917-2899776",1,1,1,1,0,0,1,1,0,1,"disease_code_miss"
"730908-3372333",0,1,1,0,0,1,1,1,1,0,"disease_code_miss"
"890813-4489181",1,0,1,0,1,0,1,0,0,1,"disease_code_miss"
"560218-4034150",0,0,1,1,0,0,0,1,1,0,"disease_code_miss"
"720820-4614468",1,0,0,1,0,0,0,0,0,1,"disease_code_miss"
"940320-3457695",1,1,0,1,0,0,0,1,1,0,"disease_code_miss"
"570417-1135845",0,1,0,1,1,0,1,0,0,1,"disease_code_miss"
"980603-1974549",0,0,1,0,0,0,0,0,0,1,"disease_code_miss"
"560117-4916774",0,0,1,0,0,0,1,1,1,1,"disease_code_miss"
"900127-3314905",1,1,1,1,0,0,0,0,1,1,"disease_code_miss"
"900309-1382699",0,1,0,0,1,0,1,1,1,0,"disease_code_miss"
"600308-4979965",1,1,1,0,0,1,1,1,1,1,"disease_code_miss"
"630811-1915441",0,0,0,1,0,1,0,0,1,1,"disease_code_miss"
"601012-1654199",1,1,0,0,1,1,1,1,1,0,"disease_code_miss"
"940510-1235929",1,0,0,0,1,1,0,1,0,1,"disease_code_miss"
"800928-4676368",1,1,0,1,1,1,0,1,0,0,"disease_code_miss"
"670714-2629345",0,0,0,1,1,1,1,0,0,0,"disease_code_miss"
"810528-2449852",1,1,1,0,1,0,1,0,1,1,"disease_code_miss"
"830702-1584902",1,1,1,1,1,1,0,0,0,1,"disease_code_miss"
"541010-2119226",1,0,1,0,0,0,1,1,0,1,"disease_code_miss"
"810127-4136328",1,1,0,0,1,0,0,0,0,1,"disease_code_miss"
"991205-1113113",0,0,1,0,1,1,0,0,0,1,"disease_code_miss"
"730120-2507130",0,1,1,0,0,1,0,0,0,0,"disease_code_miss"
"860120-1211764",1,0,1,1,0,0,0,0,1,1,"disease_code_miss"
"860103-1257786",1,1,0,1,0,1,1,1,1,1,"disease_code_miss"
"680817-4842941",0,0,0,1,1,1,1,0,1,0,"disease_code_miss"
"820409-3890562",1,1,1,0,0,1,1,0,1,1,"disease_code_miss"
"931012-3512725",1,1,1,0,0,0,1,0,1,1,"disease_code_miss"
"650701-4171779",0,1,1,1,0,1,0,0,1,1,"disease_code_miss"
"610422-2129475",1,0,0,0,0,0,1,1,1,0,"disease_code_miss"
"550102-2248592",0,1,1,1,1,0,0,0,1,1,"disease_code_miss"
"651106-1092177",0,0,0,1,1,1,1,1,0,0,"disease_code_miss"
"980305-4154322",0,1,0,0,0,0,1,1,1,1,"disease_code_miss"
"540805-3732574",0,1,1,1,0,1,0,0,0,0,"disease_code_miss"
"920206-1888364",1,0,0,0,1,1,0,1,0,1,"disease_code_miss"
"780927-1373862",0,0,0,0,1,0,1,0,1,0,"disease_code_miss"
"790513-1769684",0,0,1,0,0,1,0,0,1,1,"disease_code_miss"
"580918-2509204",0,1,0,1,1,1,0,0,1,1,"disease_code_miss"
"540224-2109982",0,1,1,0,0,1,1,1,0,0,"disease_code_miss"
"511227-3933279",0,1,0,0,1,1,1,0,0,0,"disease_code_miss"
"761219-2664825",1,1,0,1,1,1,0,1,0,1,"disease_code_miss"
"970728-1969280",1,1,0,0,1,0,0,0,1,1,"disease_code_miss"
"800427-1225734",0,0,0,1,0,1,0,0,1,1,"disease_code_miss"
"910606-3286407",1,0,0,1,0,1,1,0,0,0,"disease_code_miss"
"880507-1986075",0,1,0,1,1,0,1,1,1,0,"disease_code_miss"
"940727-4449364",1,1,1,0,0,1,0,1,1,1,"disease_code_miss"
"580311-1778841",0,1,1,0,1,0,0,1,0,0,"disease_code_miss"
"920426-1297545",0,0,0,0,1,0,1,1,0,0,"disease_code_miss"
"930910-1536147",1,0,1,0,0,1,1,0,0,1,"disease_code_miss"
"660105-1732769",0,0,0,0,0,0,0,0,0,0,"disease_code_miss"
"790109-1662674",0,1,0,0,1,0,1,1,0,1,"disease_code_miss"
"971207-1821604",0,1,1,0,0,1,1,1,1,0,"disease_code_miss"
"831127-4974737",0,0,0,0,0,0,0,0,1,1,"disease_code_miss"
"951028-3806063",1,0,0,1,0,1,0,0,1,0,"disease_code_miss"
"730109-1087781",0,0,1,1,0,1,1,1,0,0,"disease_code_miss"
"610204-2014760",1,0,0,0,1,0,1,1,1,0,"disease_code_miss"
"661211-2874328",0,0,0,1,1,0,1,1,1,0,"disease_code_miss"
"890523-3797032",0,1,1,1,1,0,1,1,0,0,"disease_code_miss"
"940123-4833269",1,0,1,1,0,0,0,1,1,0,"disease_code_miss"
"930209-1085335",0,0,1,0,0,1,1,1,1,1,"disease_code_miss"
"820221-1341870",0,1,0,0,0,0,0,0,0,0,"disease_code_miss"
"690421-3110347",0,1,0,1,1,1,0,0,0,0,"disease_code_miss"
"761114-2064645",0,0,1,0,0,0,0,1,1,1,"disease_code_miss"
"620613-3876509",1,0,1,0,0,1,1,0,1,1,"disease_code_miss"
"890714-4831325",1,0,1,1,0,0,1,0,0,0,"disease_code_miss"
"550612-4573201",0,1,1,1,1,0,1,0,1,0,"disease_code_miss"
"760323-2283692",0,1,0,1,0,1,1,0,0,1,"disease_code_miss"
"940602-4592190",0,1,1,1,0,1,0,1,1,0,"disease_code_miss"
"650706-3492039",0,0,1,0,0,0,0,0,1,0,"disease_code_miss"
"911104-1198089",1,1,1,1,1,0,0,1,0,0,"disease_code_miss"
"991102-3533886",0,0,1,0,1,0,0,1,1,1,"disease_code_miss"
"751203-1395501",0,1,0,1,1,0,0,0,0,0,"disease_code_miss"
"670807-3611226",0,1,1,1,1,0,1,1,0,1,"disease_code_miss"
"890812-3660663",1,1,0,0,1,0,1,0,1,1,"disease_code_miss"
"860321-3770022",0,1,1,1,0,0,0,1,1,0,"disease_code_miss"
"840312-1138857",0,1,1,1,0,1,1,1,1,1,"disease_code_miss"
"920315-2723139",1,1,1,1,1,1,0,0,1,1,"disease_code_miss"
"870716-4565592",0,0,1,1,0,0,1,1,1,1,"disease_code_miss"
"730121-1589486",1,1,1,0,0,0,0,0,1,1,"disease_code_miss"
"810723-3694137",1,0,0,1,1,1,0,0,1,1,"disease_code_miss"
"550224-3951872",0,1,0,0,1,1,0,1,0,1,"disease_code_miss"
"980908-3288134",1,0,0,1,1,0,1,1,0,0,"disease_code_miss"
"590808-4638597",1,1,1,1,0,1,1,0,1,0,"disease_code_miss"
"570223-4394829",1,0,1,0,1,1,1,1,1,1,"disease_code_miss"
"760616-2489888",0,0,1,0,1,1,1,0,1,0,"disease_code_miss"
"861202-2673435",1,0,1,1,1,0,1,0,0,1,"disease_code_miss"
"990422-4128302",1,0,0,1,0,1,1,1,1,0,"disease_code_miss"
"900617-1884590",0,0,0,0,0,1,0,1,0,0,"disease_code_miss"
"670211-3759393",1,1,1,1,0,1,0,1,0,0,"disease_code_miss"
"510105-1319621",0,0,0,0,1,1,1,0,1,1,"disease_code_miss"
"880912-2004840",0,1,1,0,1,1,0,1,1,0,"disease_code_miss"
"830716-3120274",1,1,0,0,0,1,0,1,0,1,"disease_code_miss"
"870824-3734539",0,0,0,1,0,0,1,0,1,0,"disease_code_miss"
"850519-1844013",0,0,0,1,1,1,0,1,1,0,"disease_code_miss"
"751021-1695941",0,1,0,0,1,1,1,1,1,0,"disease_code_miss"
"650807-4273862",1,0,0,0,1,0,0,1,1,1,"disease_code_miss"
"620610-1243448",0,0,1,0,0,1,1,1,1,0,"disease_code_miss"
"780425-4362597",1,1,1,0,0,1,1,0,0,1,"disease_code_miss"
"990906-4357755",0,1,1,1,0,1,1,1,1,1,"disease_code_miss"
"941017-2929607",0,0,1,1,0,0,1,0,1,0,"disease_code_miss"
"741027-3742073",1,0,1,0,0,0,1,0,0,1,"disease_code_miss"
"570217-2145007",0,0,1,1,0,1,0,0,0,0,"disease_code_miss"
"521007-3608511",0,0,1,0,1,1,0,1,1,1,"disease_code_miss"
"750216-3760914",0,1,1,1,0,0,0,1,0,1,"disease_code_miss"
"560325-1876854",0,1,0,1,1,0,0,1,1,1,"disease_code_miss"
"660608-3297218",1,0,0,1,0,0,1,1,0,0,"disease_code_miss"
"910706-4561165",1,0,1,0,1,0,0,1,0,0,"disease_code_miss"
"690501-4172930",0,1,1,0,0,1,0,0,1,0,"disease_code_miss"
"841111-2443922",1,1,0,0,1,1,1,1,1,1,"disease_code_miss"
"970203-1319161",1,1,0,1,0,0,1,0,0,0,"disease_code_miss"
"770506-1467248",1,1,0,1,0,0,0,0,0,0,"disease_code_miss"
"900106-2609891",1,0,0,1,1,0,0,1,1,1,"disease_code_miss"
"810106-3522404",0,0,1,1,1,1,0,0,0,1,"disease_code_miss"
"940426-4501743",0,0,1,0,1,0,1,0,1,0,"disease_code_miss"
"950205-2358372",0,1,0,1,1,0,0,0,1,0,"disease_code_miss"
"541009-1483783",0,0,0,0,0,1,1,0,0,1,"disease_code_miss"
"900411-4723076",0,1,0,1,0,1,1,0,0,0,"disease_code_miss"
"581222-1013788",0,1,1,1,0,1,0,1,0,1,"disease_code_miss"
"860915-1867092",1,0,0,1,0,1,0,1,0,0,"disease_code_miss"
"610822-1780784",0,1,1,0,1,1,1,0,1,0,"disease_code_miss"
"830712-2171240",0,1,0,0,1,1,0,0,1,0,"disease_code_miss"
"690608-4242342",0,0,1,1,1,0,0,1,1,1,"disease_code_miss"
"590401-4150929",1,1,1,0,0,1,0,1,0,1,"disease_code_miss"
"570906-3723387",1,0,1,1,0,1,0,0,1,1,"disease_code_miss"
"650415-1175710",1,0,0,1,1,1,1,0,1,0,"disease_code_miss"
"690112-3824367",0,0,1,0,0,0,1,0,0,1,"disease_code_miss"
"980517-3639002",0,1,0,0,1,1,0,0,0,0,"disease_code_miss"
"610627-3736778",0,0,1,1,0,1,1,1,0,1,"disease_code_miss"
"600707-1709075",0,1,0,1,0,0,0,0,0,0,"disease_code_miss"
"861117-1315788",0,1,1,1,0,0,1,1,1,1,"disease_code_miss"
"700114-2443671",0,1,1,1,1,0,1,0,1,1,"disease_code_miss"
"990225-3247444",0,0,1,0,1,1,1,1,0,1,"disease_code_miss"
"880409-3164746",1,1,0,1,0,0,0,0,1,1,"disease_code_miss"
"590902-3521606",1,1,0,1,0,0,0,0,0,0,"disease_code_miss"
"571228-3032419",0,0,0,1,1,1,0,1,0,0,"disease_code_miss"
"640527-3492320",1,0,0,0,0,1,1,0,1,0,"disease_code_miss"
"990916-4814406",1,0,0,0,0,0,1,1,1,1,"disease_code_miss"
"610624-3499636",1,1,1,0,0,1,0,0,1,1,"disease_code_miss"
"600916-1337630",0,1,1,0,1,0,0,1,0,0,"disease_code_miss"
"750207-2947411",1,0,0,1,0,0,1,0,1,0,"disease_code_miss"
"551023-3089863",0,0,0,1,0,1,1,1,1,0,"disease_code_miss"
"780818-2682389",1,1,0,0,0,0,1,1,1,1,"disease_code_miss"
"760221-1148481",0,0,1,0,1,1,0,1,0,1,"disease_code_miss"
"500301-1871943",1,1,0,0,1,1,1,0,0,1,"disease_code_miss"
"620212-3690079",0,0,1,0,0,1,1,1,0,0,"disease_code_miss"
"630625-2273853",0,0,0,1,0,0,1,0,0,1,"disease_code_miss"
"620123-2472225",1,0,0,0,1,1,0,0,1,0,"disease_code_miss"
"890823-4178191",0,0,0,1,0,1,0,0,0,0,"disease_code_miss"
"610127-2164544",0,0,1,0,1,0,1,1,1,0,"disease_code_miss"
"510223-2648841",0,0,0,1,1,0,0,0,0,0,"disease_code_miss"
"701024-2289212",1,1,1,0,0,1,0,0,0,0,"disease_code_miss"
"890510-2760818",0,0,1,1,0,0,0,0,1,0,"disease_code_miss"
"690509-3664969",1,0,0,1,1,1,1,0,0,0,"disease_code_miss"
"550815-3045456",0,1,1,1,0,1,0,1,0,0,"disease_code_miss"
"760407-3149474",0,0,0,1,0,0,1,0,0,0,"disease_code_miss"
"620206-2684533",1,1,0,1,1,0,1,0,0,1,"disease_code_miss"
"560404-4036089",0,0,1,1,0,1,0,1,1,1,"disease_code_miss"
"711211-4262029",1,1,1,0,0,0,1,1,0,1,"disease_code_miss"
"850418-4206235",0,1,1,0,0,0,0,0,0,1,"disease_code_miss"
"581025-4296401",0,1,1,0,1,1,1,0,0,1,"disease_code_miss"
"920401-1990563",1,0,1,1,0,1,1,0,1,1,"disease_code_miss"
"811016-2505346",0,0,1,0,0,1,1,1,1,1,"disease_code_miss"
"510312-3309238",1,1,1,0,1,0,1,0,0,0,"disease_code_miss"
"671118-3439771",1,1,0,1,0,1,1,0,0,1,"disease_code_miss"
"520601-2355843",1,1,1,0,1,1,0,0,0,1,"disease_code_miss"
"680210-1278556",0,1,0,1,0,0,0,0,1,1,"disease_code_miss"
"670918-4104378",0,0,1,1,0,0,0,0,0,1,"disease_code_miss"
"531107-1090350",1,1,0,1,1,1,1,0,1,1,"disease_code_miss"
"740207-1804739",1,0,1,1,1,0,0,1,1,0,"disease_code_miss"
"890805-4809904",0,0,0,1,1,0,1,0,0,0,"disease_code_miss"
"700428-3499426",0,0,0,0,0,1,0,0,1,0,"disease_code_miss"
"580313-3419905",1,1,1,0,0,1,0,1,0,1,"disease_code_miss"
"750707-1633805",1,1,0,1,1,0,0,0,0,0,"disease_code_miss"
"900615-2981776",0,0,0,0,1,1,1,1,0,0,"disease_code_miss"
"840625-1382356",1,0,0,1,1,1,1,1,0,1,"disease_code_miss"
"910924-4690284",1,0,1,1,0,0,0,1,0,1,"disease_code_miss"
"920827-2657487",0,0,1,0,0,1,1,0,1,0,"disease_code_miss"
"701106-3443746",0,1,0,0,0,1,0,1,1,1,"disease_code_miss"
"940911-1628490",1,0,0,1,1,0,1,0,0,0,"disease_code_miss"
"511219-2037875",0,1,0,0,0,0,0,0,1,1,"disease_code_miss"
"620405-1981028",0,0,1,0,1,1,0,1,0,1,"disease_code_miss"
"970905-3653973",1,1,1,1,0,0,1,0,1,0,"disease_code_miss"
"610214-4822548",1,0,0,1,1,1,0,1,0,0,"disease_code_miss"
"521003-4504189",0,0,1,0,0,0,1,1,0,0,"disease_code_miss"
"810102-4589542",1,0,1,0,0,0,1,0,0,0,"disease_code_miss"
"771218-4950558",1,1,1,0,0,1,0,1,1,1,"disease_code_miss"
"730124-2998885",0,1,1,0,1,0,1,0,0,1,"disease_code_miss"
"651203-3691313",0,1,1,1,1,1,0,1,1,0,"disease_code_miss"
"550917-1867770",0,1,0,1,1,1,1,0,1,1,"disease_code_miss"
"720912-1114908",0,1,0,0,0,1,1,1,0,1,"disease_code_miss"
"590710-4903749",0,0,0,1,1,0,0,0,1,1,"disease_code_miss"
"780817-2886150",1,0,0,0,0,1,0,1,0,0,"disease_code_miss"
"580606-1541396",0,0,1,1,0,0,0,1,1,1,"disease_code_miss"
"811019-1147200",1,1,1,0,0,0,1,1,0,0,"disease_code_miss"
"931206-2109264",0,0,0,0,1,0,1,0,0,0,"disease_code_miss"
"991120-4524046",0,1,1,1,1,1,0,0,0,0,"disease_code_miss"
"660110-2461235",1,1,0,0,1,0,1,1,1,0,"disease_code_miss"
"670824-4294089",0,1,1,1,0,0,0,1,0,0,"disease_code_miss"
"580627-2807946",0,1,0,0,1,1,1,1,0,1,"disease_code_miss"
"840602-2255150",0,1,1,0,0,1,0,1,0,1,"disease_code_miss"
"780619-3754003",1,1,0,1,1,1,0,0,0,1,"disease_code_miss"
"621121-2257344",0,1,1,1,1,1,1,0,0,0,"disease_code_miss"
"790527-4351307",1,0,1,1,0,0,0,0,0,0,"disease_code_miss"
"770306-3498835",1,0,1,1,0,1,1,0,1,0,"disease_code_miss"
"960628-2016240",1,0,0,1,1,1,1,0,0,1,"disease_code_miss"
"800922-2580221",1,0,0,1,1,1,1,0,0,1,"disease_code_miss"
"511020-3638895",0,1,0,1,0,0,1,0,0,0,"disease_code_miss"
"810111-1662164",0,1,1,0,1,1,1,0,0,1,"disease_code_miss"
"630408-3609715",1,0,0,0,1,0,1,1,1,0,"disease_code_miss"
"530817-3245567",0,0,0,1,0,1,1,1,0,0,"disease_code_miss"
"590925-2198268",1,1,0,1,1,1,1,0,0,0,"disease_code_miss"
"861211-4601737",1,0,1,1,1,0,0,0,0,0,"disease_code_miss"
"980114-3682455",1,1,0,1,1,1,1,1,1,0,"disease_code_miss"
"900808-1246096",1,1,0,1,0,0,1,0,1,0,"disease_code_miss"
"640807-2336182",1,0,0,1,0,1,1,0,0,0,"disease_code_miss"
"860727-2759678",0,0,1,0,0,0,1,1,1,1,"disease_code_miss"
"651207-4056608",1,1,0,1,1,0,0,1,0,1,"disease_code_miss"
"800607-2463561",0,1,1,1,0,0,0,0,0,0,"disease_code_miss"
"910808-1876915",1,0,1,1,1,0,0,1,0,0,"disease_code_miss"
"601006-1457607",1,0,0,0,1,0,0,0,0,0,"disease_code_miss"
"990410-4006388",1,1,0,0,0,1,0,0,0,0,"disease_code_miss"
"520406-4512245",1,1,0,1,1,1,1,0,1,0,"disease_code_miss"
"980207-4637473",1,1,1,0,1,1,0,0,0,1,"disease_code_miss"
"910205-3060327",1,0,1,0,0,1,0,0,0,0,"disease_code_miss"
"600211-1629998",0,1,1,1,1,0,0,1,1,0,"disease_code_miss"
"890420-3100404",0,1,0,0,1,0,0,1,1,1,"disease_code_miss"
"570106-1554989",1,1,0,0,1,1,1,0,0,1,"disease_code_miss"
"540810-1143489",0,1,1,0,1,1,0,0,0,0,"disease_code_miss"
"810901-1821879",1,1,0,0,0,0,1,0,0,0,"disease_code_miss"
"660125-2224280",1,0,0,0,0,1,0,1,0,1,"disease_code_miss"
"951221-4021059",1,0,0,1,0,1,0,1,1,1,"disease_code_miss"
"751114-2811991",1,1,1,0,1,0,0,1,1,1,"disease_code_miss"
"880521-2876914",1,0,0,1,1,1,0,0,1,1,"disease_code_miss"
"770522-1089071",0,0,0,1,0,1,1,0,1,1,"disease_code_miss"
"731024-1013755",0,1,1,0,0,1,0,0,0,1,"disease_code_miss"
"570218-1452387",1,0,0,1,1,0,1,1,1,1,"disease_code_miss"
"640203-2730699",1,1,1,1,1,1,0,0,1,0,"disease_code_miss"
"771210-1387260",0,1,0,1,1,0,0,0,0,0,"disease_code_miss"
"510328-1758165",0,0,1,1,0,1,1,1,0,1,"disease_code_miss"
"690311-4972180",1,1,1,1,1,0,1,0,1,1,"disease_code_miss"
"600917-3997409",0,0,0,1,0,1,1,1,0,0,"disease_code_miss"
"770501-3400858",0,0,0,1,1,1,0,0,0,1,"disease_code_miss"
"690902-1860180",0,1,0,1,1,0,1,0,0,0,"disease_code_miss"
"670912-2296584",0,0,0,1,1,1,0,1,1,1,"disease_code_miss"
"891215-2770628",0,1,0,1,1,0,1,0,0,1,"disease_code_miss"
"840612-3743853",0,1,0,1,0,1,0,1,0,0,"disease_code_miss"
"690821-4739365",1,0,1,1,1,1,1,1,1,0,"disease_code_miss"
"760102-3921666",1,1,0,0,1,0,0,0,1,1,"disease_code_miss"
"720119-2010677",0,1,1,0,0,0,0,0,0,1,"disease_code_miss"
"911115-4075307",1,1,0,0,0,0,0,1,0,0,"disease_code_miss"
"650919-4368200",1,0,1,1,0,0,1,0,1,1,"disease_code_miss"
"510111-3959455",0,1,0,0,1,0,0,1,1,0,"disease_code_miss"
"751112-4601587",0,1,0,0,1,0,1,0,0,1,"disease_code_miss"
"940816-4220968",0,0,1,1,1,0,0,1,0,0,"disease_code_miss"
"580320-2076431",1,1,0,1,1,0,1,1,1,1,"disease_code_miss"
"550507-1715651",1,1,1,1,1,1,1,1,0,1,"disease_code_miss"
"881205-4056863",0,1,0,0,0,0,0,1,1,1,"disease_code_miss"
"800503-2540121",1,0,1,1,0,0,0,0,0,1,"disease_code_miss"
"770504-3760523",1,1,1,1,0,1,0,0,0,1,"disease_code_miss"
"840901-2612222",0,0,0,1,1,0,1,1,1,0,"disease_code_miss"
"530122-3909940",0,0,1,1,0,1,0,0,1,0,"disease_code_miss"
"520616-4416284",1,1,1,1,1,1,0,1,0,0,"disease_code_miss"
"800125-4447340",0,1,1,1,0,1,1,1,0,1,"disease_code_miss"
"650707-1714948",0,1,0,1,0,0,1,0,0,1,"disease_code_miss"
"850823-2554720",0,1,1,0,0,0,1,0,1,1,"disease_code_miss"
"870212-2376728",1,1,0,1,0,0,1,1,0,1,"disease_code_miss"
"550318-1482670",1,1,0,0,0,0,0,0,0,0,"disease_code_miss"
"770816-1795724",1,0,0,1,1,0,1,0,1,0,"disease_code_miss"
"580819-4065304",1,0,1,0,0,1,1,1,0,1,"disease_code_miss"
"820209-3230037",0,1,1,0,1,0,0,1,0,1,"disease_code_miss"
"810418-3029328",1,0,0,0,1,1,1,1,0,1,"disease_code_miss"
"820527-3059619",1,1,1,0,1,1,0,1,1,0,"disease_code_miss"
"930308-1118344",1,0,1,0,1,1,0,0,1,0,"disease_code_miss"
"650118-1769706",0,0,1,1,0,0,0,1,1,0,"disease_code_miss"
"990426-2197153",1,0,1,1,1,1,0,0,1,0,"disease_code_miss"
"891228-2663710",1,0,1,1,1,1,0,1,0,0,"disease_code_miss"
"541216-4133511",0,0,1,1,1,1,0,1,1,0,"disease_code_miss"
"620406-2635341",1,1,0,1,1,1,1,0,1,1,"disease_code_miss"
"671108-3364750",1,1,1,0,1,0,0,1,1,1,"disease_code_miss"
"620110-2371219",0,0,0,0,0,0,0,0,0,0,"disease_code_miss"
"950312-4974655",0,0,0,0,1,1,1,0,1,1,"disease_code_miss"
"520803-4274569",1,0,1,0,0,1,1,0,1,0,"disease_code_miss"
"820915-2423244",0,0,0,1,1,1,1,0,1,0,"disease_code_miss"
"600925-2810263",0,1,1,0,0,1,1,1,1,1,"disease_code_miss"
"981008-2030880",1,1,0,1,0,1,1,0,0,1,"disease_code_miss"
"581204-3705691",0,1,1,0,0,0,1,1,1,1,"disease_code_miss"
"880924-4522372",0,0,1,0,0,0,1,0,0,1,"disease_code_miss"
"530614-2099316",0,1,0,0,1,1,0,0,0,1,"disease_code_miss"
"730324-4054739",1,1,0,1,1,1,0,0,0,1,"disease_code_miss"
"890604-1307684",0,1,1,0,0,0,0,1,1,1,"disease_code_miss"
"640306-1739445",1,1,0,0,0,0,0,0,0,0,"disease_code_miss"
"900426-4101681",1,0,1,1,0,0,1,1,0,1,"disease_code_miss"
"960113-4092442",0,0,1,0,1,1,0,1,0,0,"disease_code_miss"
"580925-2075461",0,0,0,1,1,1,1,0,1,0,"disease_code_miss"
"530302-1260129",0,0,1,1,1,0,1,0,1,0,"disease_code_miss"
"540908-1214264",0,1,0,0,1,1,0,1,0,1,"disease_code_miss"
"980424-4470322",0,0,1,1,1,1,1,0,1,1,"disease_code_miss"
"990525-4331150",1,1,1,0,0,1,1,0,0,0,"disease_code_miss"
"740703-4922920",1,0,1,1,0,1,0,1,1,1,"disease_code_miss"
"930704-2274350",0,1,1,0,1,1,1,1,0,0,"disease_code_miss"
"930904-2341329",0,1,0,1,1,1,0,0,1,1,"disease_code_miss"
"930517-2077936",0,1,1,0,1,1,1,1,1,0,"disease_code_miss"
"500604-2176992",0,1,0,1,1,1,0,1,0,0,"disease_code_miss"
"920305-4883255",0,0,1,0,1,1,1,0,0,0,"disease_code_miss"
"820701-2997948",1,1,1,0,0,0,1,1,1,0,"disease_code_miss"
"780118-3998739",0,1,0,0,0,0,1,1,0,0,"disease_code_miss"
"910402-4997022",0,1,0,0,1,1,0,1,0,1,"disease_code_miss"
"680617-2625719",1,1,0,0,1,0,1,1,1,1,"disease_code_miss"
"690925-1843821",1,0,0,1,0,1,1,1,0,1,"disease_code_miss"
"860406-2919922",0,1,1,1,1,0,0,1,0,1,"disease_code_miss"
"930628-3609596",1,0,0,0,0,0,1,1,1,0,"disease_code_miss"
"710106-3726403",1,1,1,0,1,1,0,0,0,0,"disease_code_miss"
"850108-2278111",0,0,1,0,0,0,0,1,1,0,"disease_code_miss"
"721210-4395532",0,1,0,1,0,1,1,0,1,0,"disease_code_miss"
"920904-1455666",1,0,1,1,1,0,1,1,1,1,"disease_code_miss"
"801113-4000808",0,0,1,1,0,1,0,0,1,0,"disease_code_miss"
"690809-1865926",0,0,0,1,1,1,0,1,1,0,"disease_code_miss"
"810710-3583462",0,1,1,0,1,1,0,1,0,0,"disease_code_miss"
"960226-4197720",1,1,0,0,1,1,0,1,0,1,"disease_code_miss"
"880321-3568924",0,0,1,0,0,1,1,1,1,0,"disease_code_miss"
"800911-1883287",1,1,1,1,0,0,1,0,1,0,"disease_code_miss"
"551204-1250945",0,1,1,0,0,1,0,0,0,1,"disease_code_miss"
"890609-1750991",0,1,0,0,1,0,0,0,0,0,"disease_code_miss"
"910621-4175999",0,1,1,0,1,0,1,1,1,1,"disease_code_miss"
"830920-1929245",0,1,1,1,1,1,1,1,1,0,"disease_code_miss"
"810225-1276597",0,0,1,0,0,0,0,1,1,0,"disease_code_miss"
"960127-4644165",0,0,1,1,0,1,0,1,1,1,"disease_code_miss"
"540828-3244849",1,1,0,1,1,0,0,0,0,1,"disease_code_miss"
"530414-2079868",0,1,0,1,0,0,1,1,0,1,"disease_code_miss"
"750802-2371916",0,1,1,0,1,0,0,1,0,1,"disease_code_miss"
"910818-2699461",1,0,0,0,0,0,1,1,0,0,"disease_code_miss"
"560518-3639887",1,1,0,0,0,0,1,0,0,1,"disease_code_miss"
"720220-4398992",1,1,1,1,1,0,1,1,0,0,"disease_code_miss"
"831011-3271405",0,0,1,1,1,0,0,0,1,1,"disease_code_miss"
"770422-3947106",0,1,0,0,1,1,1,1,1,0,"disease_code_miss"
"910827-3335872",0,0,0,0,0,1,1,1,1,0,"disease_code_miss"
"561111-3900095",0,1,1,1,1,1,1,1,0,0,"disease_code_miss"
"530726-2590733",0,0,1,0,0,0,0,1,1,0,"disease_code_miss"
"780607-1951638",1,1,1,1,1,1,1,0,0,0,"disease_code_miss"
"930727-2207715",1,0,1,1,0,1,0,1,1,0,"disease_code_miss"
"611119-1442772",0,1,0,1,0,1,1,0,1,1,"disease_code_miss"
"930109-1367193",1,1,1,0,1,1,0,1,1,0,"disease_code_miss"
"900109-2769137",1,0,0,0,0,1,0,1,0,0,"disease_code_miss"
"820602-3485477",0,1,1,0,0,1,1,0,1,0,"disease_code_miss"
"720610-1484099",0,0,1,0,0,0,0,0,1,1,"disease_code_miss"
"730212-4478889",1,1,0,1,0,1,0,0,0,0,"disease_code_miss"
"530409-4936038",0,0,0,0,0,1,1,1,1,0,"disease_code_miss"
"621001-4479166",1,0,1,0,1,0,0,0,1,0,"disease_code_miss"
"621023-1953142",0,0,1,0,0,1,0,0,0,0,"disease_code_miss"
"951006-2591748",0,1,0,0,0,0,0,1,1,1,"disease_code_miss"
"880525-4496844",0,1,0,0,1,0,1,1,1,0,"disease_code_miss"
"711124-4130437",1,0,0,1,1,1,0,0,0,0,"disease_code_miss"
"500709-1926803",1,0,0,0,1,1,1,0,0,1,"disease_code_miss"
"680414-3899522",1,0,0,1,1,0,1,1,0,0,"disease_code_miss"
"971005-1004486",0,0,1,1,1,1,1,0,0,1,"disease_code_miss"
"560809-1014053",1,0,0,0,1,0,1,0,0,0,"disease_code_miss"
"910606-3171051",0,0,1,1,0,0,1,0,0,1,"disease_code_miss"
"700807-2160170",1,1,0,1,0,0,0,0,1,1,"disease_code_miss"
"821211-1881937",1,1,0,0,0,0,0,1,1,1,"disease_code_miss"
"941006-2597687",0,0,1,0,0,0,0,1,0,1,"disease_code_miss"
"910523-3485021",0,0,0,1,1,0,0,0,1,0,"disease_code_miss"
"901120-3472267",0,0,1,0,1,0,0,1,0,0,"disease_code_miss"
"850204-2146843",1,0,0,0,0,0,1,0,1,1,"disease_code_miss"
"710213-2001512",1,0,1,0,0,0,1,1,0,1,"disease_code_miss"
"900711-4010801",1,0,0,0,1,0,1,0,0,0,"disease_code_miss"
"860406-2065227",1,0,1,1,1,1,0,0,0,0,"disease_code_miss"
"570205-3727233",0,0,1,1,0,1,1,0,0,1,"disease_code_miss"
"890617-4688054",1,0,0,1,0,1,1,0,1,1,"disease_code_miss"
"920528-4904769",1,0,0,1,0,1,0,1,0,1,"disease_code_miss"
"830108-3840236",1,1,0,0,0,0,0,0,1,1,"disease_code_miss"
"660927-4399515",1,0,0,1,1,1,0,0,1,0,"disease_code_miss"
"960928-3189938",0,0,0,0,1,0,1,1,0,1,"disease_code_miss"
"810614-1182484",0,1,1,0,0,0,0,1,0,0,"disease_code_miss"
"521001-3537907",0,1,0,1,0,0,1,0,0,1,"disease_code_miss"
"510120-3356651",0,1,1,0,1,1,1,1,1,1,"disease_code_miss"
"631110-2347012",0,0,0,0,0,0,0,0,0,0,"disease_code_miss"
"950611-2383682",1,0,1,0,0,0,1,1,0,1,"disease_code_miss"
"780212-1888064",0,1,1,0,0,0,0,1,0,0,"disease_code_miss"
"910120-4202977",0,1,1,1,1,0,0,1,0,1,"disease_code_miss"
"790216-1988580",1,0,1,0,0,1,1,1,0,1,"disease_code_miss"
"770328-1590291",1,0,0,0,0,1,0,1,1,0,"disease_code_miss"
"740407-2589209",0,0,0,0,0,0,0,1,0,1,"disease_code_miss"
"571012-4118949",1,0,0,1,1,1,1,0,1,1,"disease_code_miss"
"751222-1357134",0,0,1,0,1,0,1,1,1,0,"disease_code_miss"
"920821-2595164",0,1,0,0,0,1,1,0,0,1,"disease_code_miss"
"760426-3573077",0,1,0,1,1,1,1,0,0,0,"disease_code_miss"
"971112-3199952",1,1,1,1,0,0,0,1,1,0,"disease_code_miss"
"950908-2049566",0,0,0,0,0,1,1,0,1,1,"disease_code_miss"
"660619-1795718",0,0,1,0,0,0,1,0,0,0,"disease_code_miss"
"800421-3869887",0,0,0,1,0,1,0,1,0,1,"disease_code_miss"
"660823-4755108",0,0,1,0,1,1,1,1,1,0,"disease_code_miss"
"610814-3721834",1,0,1,0,1,1,1,1,0,1,"disease_code_miss"
"780805-2006301",1,1,1,1,0,0,1,1,0,0,"disease_code_miss"
"830223-4618633",0,0,1,1,0,0,0,0,0,1,"disease_code_miss"
"660724-1236581",0,1,0,1,1,0,1,0,0,0,"disease_code_miss"
"760323-1738074",1,1,1,0,0,0,0,0,1,0,"disease_code_miss"
"811223-4991940",1,0,0,1,0,0,0,1,0,1,"disease_code_miss"
"721225-2667229",1,1,1,0,1,1,1,0,0,1,"disease_code_miss"
"780301-3276052",0,0,0,0,1,1,1,0,1,1,"disease_code_miss"
"931007-4753356",1,0,1,1,1,0,0,0,0,1,"disease_code_miss"
"571007-4717205",1,1,1,0,1,1,0,0,1,1,"disease_code_miss"
"501107-2264657",0,1,0,1,1,0,1,1,0,0,"disease_code_miss"
"800802-3978801",0,1,1,1,0,0,1,0,1,0,"disease_code_miss"
"541218-3165565",1,1,1,0,0,1,0,1,0,1,"disease_code_miss"
"880410-4154555",1,0,1,1,1,1,1,0,1,0,"disease_code_miss"
"780905-3332920",0,1,1,1,1,0,1,0,0,0,"disease_code_miss"
"761121-1922647",1,0,0,1,1,1,1,1,1,1,"disease_code_miss"
"550723-1451397",0,1,1,0,1,0,0,0,1,0,"disease_code_miss"
"920428-3640511",1,0,1,1,1,1,0,1,1,0,"disease_code_miss"
"660922-3278284",1,1,0,1,1,0,1,0,0,0,"disease_code_miss"
"890612-4958559",0,0,1,0,0,1,1,0,1,0,"disease_code_miss"
"520418-4798559",1,0,0,0,1,0,1,1,0,1,"disease_code_miss"
"941207-2557074",1,1,0,0,0,1,1,1,0,0,"disease_code_miss"
"990523-3498541",0,0,0,1,1,1,0,0,0,0,"disease_code_miss"
"970317-4642047",1,0,0,1,0,0,1,1,0,0,"disease_code_miss"
"981127-3990793",1,0,0,0,0,1,1,1,1,0,"disease_code_miss"
"900622-2446423",0,0,0,0,1,0,1,0,0,1,"disease_code_miss"
"800803-2816650",0,1,0,1,0,1,1,1,0,0,"disease_code_miss"
"710628-1201980",1,1,0,0,1,0,1,0,0,0,"disease_code_miss"
"850201-4041124",1,0,1,0,0,0,0,1,1,1,"disease_code_miss"
"780902-3571405",0,1,1,1,1,1,0,0,1,0,"disease_code_miss"
"790827-1587601",0,1,0,1,1,0,1,0,1,1,"disease_code_miss"
"931020-1818636",0,0,1,1,1,1,1,0,1,0,"disease_code_miss"
"630626-4708915",1,0,1,0,1,0,0,0,1,0,"disease_code_miss"
"810722-2743861",1,0,1,1,1,0,1,1,1,0,"disease_code_miss"
"880211-2119205",0,0,1,0,1,0,1,0,1,1,"disease_code_miss"
"851211-3029170",0,0,0,1,0,0,0,1,0,1,"disease_code_miss"
"981025-3236332",1,0,0,1,1,0,0,1,1,1,"disease_code_miss"
"791009-3117966",1,0,0,1,0,0,1,0,0,1,"disease_code_miss"
"670611-2243782",0,1,1,0,0,1,0,1,0,1,"disease_code_miss"
"780728-1763580",1,0,1,0,0,0,1,1,1,1,"disease_code_miss"
"801211-1410619",0,1,1,0,0,0,0,1,1,1,"disease_code_miss"
"681101-4289877",0,1,1,0,0,1,0,1,0,0,"disease_code_miss"
"651106-1840844",0,1,0,0,0,1,0,0,0,0,"disease_code_miss"
"730716-2199175",0,0,1,0,1,1,1,1,0,0,"disease_code_miss"
"691128-1312614",0,0,1,0,1,1,0,1,1,1,"disease_code_miss"
"880719-3828867",0,0,0,0,1,1,0,0,1,0,"disease_code_miss"
"871002-3208972",1,1,1,0,1,0,0,1,1,1,"disease_code_miss"
"640906-4588918",0,0,1,1,1,0,1,0,1,0,"disease_code_miss"
"940916-4785140",1,0,1,0,0,1,1,1,1,0,"disease_code_miss"
"760201-2064161",0,1,0,1,1,0,0,0,1,0,"disease_code_miss"
"730702-3334369",1,0,1,1,0,0,1,1,0,0,"disease_code_miss"
"500208-3011124",1,1,0,1,0,0,1,1,0,1,"disease_code_miss"
"890218-4078542",1,0,1,1,0,1,0,1,0,0,"disease_code_miss"
"690922-1278438",1,1,0,1,1,1,0,1,1,1,"disease_code_miss"
"970816-3083681",0,0,1,1,1,0,1,0,0,1,"disease_code_miss"
"841011-1326775",1,1,1,1,1,0,1,0,0,0,"disease_code_miss"
"810919-2976441",0,1,1,0,1,1,1,1,1,1,"disease_code_miss"
"870802-2060803",1,0,1,1,1,1,0,0,0,1,"disease_code_miss"
"861105-4800209",1,1,1,1,0,0,0,0,0,1,"disease_code_miss"
"500328-3197993",1,1,1,0,0,0,1,1,1,0,"disease_code_miss"
"960606-2170952",0,1,1,0,1,0,0,0,1,1,"disease_code_miss"
"920823-2824909",1,1,1,1,1,1,0,1,1,0,"disease_code_miss"
"751204-1545036",1,1,1,1,1,0,1,0,0,0,"disease_code_miss"
"840526-2032691",0,1,0,1,1,0,0,1,0,0,"disease_code_miss"
"550505-3382208",0,1,1,1,0,0,0,1,0,0,"disease_code_miss"
"690622-2567764",0,1,1,0,0,1,1,0,0,1,"disease_code_miss"
"840624-1691756",0,0,0,0,0,0,1,1,0,0,"disease_code_miss"
"580119-4198025",1,0,1,0,0,0,0,0,0,0,"disease_code_miss"
"730527-3735176",0,0,1,0,0,1,1,0,0,1,"disease_code_miss"
"651011-4308332",0,1,1,0,0,0,1,0,1,1,"disease_code_miss"
"600320-3299672",0,1,0,0,1,1,0,1,1,1,"disease_code_miss"
"840421-3806482",1,1,0,1,0,1,0,0,1,1,"disease_code_miss"
"950105-4044559",0,1,0,0,1,1,0,1,1,0,"disease_code_miss"
"660217-3557402",0,1,1,1,1,1,1,1,1,1,"disease_code_miss"
"820518-3453241",0,1,0,0,0,1,0,1,0,0,"disease_code_miss"
"610116-3200537",0,0,1,1,1,1,1,1,0,0,"disease_code_miss"
"720925-1924434",0,0,1,0,0,1,1,1,0,1,"disease_code_miss"
"790228-4998524",1,0,0,1,1,0,1,0,1,1,"disease_code_miss"
"570807-4472881",0,0,1,1,0,1,1,1,1,0,"disease_code_miss"
"860815-3726145",1,0,1,1,1,0,1,0,0,0,"disease_code_miss"
"550327-1922373",1,1,0,0,0,0,1,1,1,1,"disease_code_miss"
"560717-3698965",1,0,0,1,1,0,0,1,0,1,"disease_code_miss"
"751206-2527319",0,0,1,1,0,1,0,1,1,0,"disease_code_miss"
"750608-3817294",1,1,1,0,0,1,1,0,0,0,"disease_code_miss"
"840101-2988059",0,0,0,0,1,0,1,0,0,1,"disease_code_miss"
"531124-3116795",1,0,0,1,1,1,1,0,1,0,"disease_code_miss"
"730416-3556894",0,1,1,1,1,0,1,0,1,0,"disease_code_miss"
"921101-3296745",0,1,1,0,1,1,0,0,0,1,"disease_code_miss"
"820502-4874870",0,0,0,1,0,0,1,0,0,1,"disease_code_miss"
"651124-1597956",1,0,0,1,1,0,1,0,0,1,"disease_code_miss"
"600401-2673902",1,0,1,0,1,1,0,0,1,1,"disease_code_miss"
"950327-2742851",0,1,1,1,0,0,0,1,1,1,"disease_code_miss"
"780406-1424287",0,1,0,1,0,0,1,1,1,1,"person_id_miss"
"500515-1728579",1,1,1,0,0,1,0,0,0,1,"person_id_miss"
"510508-2558590",1,1,1,0,1,0,0,0,1,1,"person_id_miss"
"970528-4475660",0,1,0,1,1,1,1,0,1,0,"person_id_miss"
"870619-4420574",0,1,1,1,0,1,1,0,0,0,"person_id_miss"
"630609-1674226",0,1,0,0,0,0,1,1,0,1,"person_id_miss"
"791002-3948652",1,0,1,0,1,0,1,1,1,0,"person_id_miss"
"690210-1027199",0,1,1,0,0,0,0,0,1,0,"person_id_miss"
"770102-3629499",1,1,0,0,0,1,0,1,1,1,"person_id_miss"
"780924-4146782",1,1,1,0,1,0,0,1,1,0,"person_id_miss"
"580912-1664725",1,1,1,1,1,1,1,0,0,0,"person_id_miss"
"820302-2421403",1,0,1,0,1,1,0,0,0,0,"person_id_miss"
"920427-4249856",0,0,0,1,1,0,1,1,1,1,"person_id_miss"
"730514-1042320",0,1,1,1,1,1,1,0,0,1,"person_id_miss"
"790628-4197721",1,1,1,0,1,1,0,1,0,1,"person_id_miss"
"561107-4050508",0,1,0,1,0,1,0,1,0,0,"person_id_miss"
"831106-3476278",1,1,1,0,1,1,1,1,0,0,"person_id_miss"
"950207-1755290",1,0,0,0,0,1,0,0,0,0,"person_id_miss"
"940714-2989660",0,1,1,1,0,1,0,1,1,1,"person_id_miss"
"850412-2297357",1,1,0,1,0,0,1,1,0,1,"person_id_miss"
"610728-2876570",0,0,1,0,0,1,0,0,0,1,"person_id_miss"
"981205-3052180",1,1,0,0,1,1,1,0,1,1,"person_id_miss"
"840412-3289842",0,0,0,1,1,0,1,0,0,0,"person_id_miss"
"680917-1696755",1,1,0,0,0,0,0,0,0,0,"person_id_miss"
"680128-4424567",0,0,1,0,0,1,0,0,0,1,"person_id_miss"
"940708-3229185",1,1,0,1,0,1,1,0,1,0,"person_id_miss"
"640113-4494912",1,0,1,0,1,0,1,0,1,1,"person_id_miss"
"690509-4844295",0,1,1,1,1,1,1,1,0,0,"person_id_miss"
"970809-3833741",0,0,1,1,1,1,0,0,1,0,"person_id_miss"
"520106-1274255",1,1,1,1,0,0,1,0,1,0,"person_id_miss"
"880409-3147988",1,0,0,0,1,1,0,1,1,0,"person_id_miss"
"740913-2465677",0,1,0,1,1,0,0,0,0,1,"person_id_miss"
"691207-3147058",1,0,1,0,0,0,0,0,1,1,"person_id_miss"
"840725-2613612",1,0,0,0,1,0,1,0,0,0,"person_id_miss"
"540621-3684750",0,1,1,1,0,1,1,0,1,0,"person_id_miss"
"501117-2598792",0,0,0,0,0,0,1,0,1,0,"person_id_miss"
"621017-2062034",1,0,0,0,1,1,1,1,0,1,"person_id_miss"
"790815-3587425",0,0,1,0,0,0,1,0,0,0,"person_id_miss"
"780123-3446681",1,1,0,1,0,0,0,1,1,1,"person_id_miss"
"960415-2251351",1,1,0,0,1,1,1,0,1,1,"person_id_miss"
"590626-2628157",0,0,0,1,1,1,0,0,1,1,"person_id_miss"
"890915-3451735",1,0,1,1,1,1,0,0,1,1,"person_id_miss"
"761228-3579771",1,1,1,1,1,1,1,0,1,1,"person_id_miss"
"660215-2275717",0,0,1,0,1,1,0,0,1,1,"person_id_miss"
"771218-3519266",0,0,1,1,1,1,0,1,1,1,"person_id_miss"
"610315-4951284",0,1,0,1,0,0,1,1,1,0,"person_id_miss"
"880718-4924868",1,1,0,1,0,1,0,1,0,0,"person_id_miss"
"890726-4700649",1,0,0,1,1,0,0,0,0,1,"person_id_miss"
"700920-1280179",1,0,1,1,1,1,1,0,1,1,"person_id_miss"
"860824-1778464",0,0,0,1,1,1,0,0,1,0,"person_id_miss"
"970211-4075776",1,1,1,0,0,1,1,0,1,0,"person_id_miss"
"630318-3912522",1,1,1,1,0,1,1,1,1,1,"person_id_miss"
"540803-1551489",1,1,1,0,0,1,0,1,0,1,"person_id_miss"
"610413-4194247",1,0,1,0,1,1,0,0,1,0,"person_id_miss"
"760114-1668671",1,1,0,0,0,1,1,0,1,0,"person_id_miss"
"710709-2996705",0,0,1,1,0,1,1,0,0,1,"person_id_miss"
"901105-2152512",0,1,0,0,0,0,0,0,0,0,"person_id_miss"
"910617-3619229",1,1,1,1,0,0,0,0,1,0,"person_id_miss"
"940624-2320208",0,0,0,0,1,1,1,1,0,1,"person_id_miss"
"931124-3656368",1,0,0,1,1,1,0,1,1,1,"person_id_miss"
"750228-1117662",0,0,0,1,1,0,0,0,0,0,"person_id_miss"
"730313-1225835",1,1,1,0,0,0,1,1,0,0,"person_id_miss"
"710804-1906767",0,0,0,0,0,0,1,0,0,1,"person_id_miss"
"610810-4598661",0,1,0,1,1,1,0,0,1,1,"person_id_miss"
"610325-1219847",1,1,0,0,0,0,0,0,0,0,"person_id_miss"
"950716-2204888",0,0,1,0,1,1,1,1,1,1,"person_id_miss"
"980704-3165255",0,0,1,1,0,1,0,1,0,1,"person_id_miss"
"510809-1126638",1,1,1,0,1,1,1,1,0,0,"person_id_miss"
"550904-3770711",1,0,1,1,1,0,1,0,0,1,"person_id_miss"
"710221-4354090",1,1,0,1,1,0,0,1,0,1,"person_id_miss"
"610704-2134233",1,0,1,1,0,0,1,0,1,0,"person_id_miss"
"580921-3334936",1,0,0,0,1,0,1,1,1,1,"person_id_miss"
"560623-4753721",1,1,0,0,1,1,0,0,1,0,"person_id_miss"
"850807-1446107",0,1,1,1,0,1,0,1,1,0,"person_id_miss"
"961207-4217546",0,1,1,0,0,1,0,0,1,1,"person_id_miss"
"790106-3578383",1,1,0,1,0,1,0,0,1,1,"person_id_miss"
"950902-4625206",1,0,1,1,1,1,1,0,0,1,"person_id_miss"
"921002-4096866",0,1,1,1,0,1,1,0,0,0,"person_id_miss"
"500826-1241880",0,1,0,1,1,1,1,1,0,1,"person_id_miss"
"581201-3247866",1,0,0,1,1,0,1,1,1,0,"person_id_miss"
"890906-4431946",0,1,0,0,1,1,1,1,0,0,"person_id_miss"
"760701-2520757",1,0,1,0,1,1,0,0,0,0,"person_id_miss"
"541216-2755622",1,1,0,1,0,0,1,1,1,0,"person_id_miss"
"940609-2149252",0,0,1,0,1,1,1,0,0,1,"person_id_miss"
"750121-4936450",0,1,0,0,1,0,1,0,1,0,"person_id_miss"
"770403-1440768",0,0,1,1,1,1,0,1,0,0,"person_id_miss"
"991202-2265705",1,1,1,0,0,1,1,1,0,1,"person_id_miss"
"571025-2897405",1,0,0,0,0,0,1,1,0,1,"person_id_miss"
"541017-1679902",1,0,0,1,1,0,1,0,0,0,"person_id_miss"
"931023-2254293",0,0,1,0,0,1,1,0,0,0,"person_id_miss"
"780118-1542839",1,1,1,1,1,1,0,1,0,1,"person_id_miss"
"650422-4312866",0,1,0,1,0,0,0,0,1,0,"person_id_miss"
"751111-4338368",0,0,0,0,1,1,0,1,0,0,"person_id_miss"
"600413-3658948",1,0,0,0,1,1,0,1,1,1,"person_id_miss"
"730810-2425661",1,0,1,1,0,1,0,1,0,0,"person_id_miss"
"830911-1311069",0,1,1,0,1,0,0,1,1,0,"person_id_miss"
"560721-2372443",0,1,1,0,0,1,1,0,0,0,"person_id_miss"
"900227-1343372",1,0,0,1,1,0,1,0,0,1,"person_id_miss"
"800704-2442217",1,0,1,0,0,1,0,1,0,1,"person_id_miss"
"760510-4541145",0,1,1,0,0,0,0,1,1,0,"person_id_miss"
"800805-2435729",0,0,0,1,0,1,0,0,1,0,"person_id_miss"
"880609-2174694",0,0,0,0,1,0,1,0,1,1,"person_id_miss"
"820807-3029971",1,0,0,1,0,0,1,0,1,0,"person_id_miss"
"931206-2618701",1,1,1,1,1,0,0,0,0,1,"person_id_miss"
"991116-3011791",0,1,1,0,1,0,1,1,1,0,"person_id_miss"
"831106-1591582",0,0,1,0,0,1,1,0,1,1,"person_id_miss"
"680715-3130082",0,1,0,1,0,0,1,1,0,1,"person_id_miss"
"960223-4507480",1,0,1,0,1,0,0,0,1,1,"person_id_miss"
"830907-4398371",1,1,1,1,1,0,1,0,0,1,"person_id_miss"
"540224-1654874",0,1,1,0,0,0,0,0,1,0,"person_id_miss"
"980116-3640045",0,0,1,1,0,0,1,1,1,1,"person_id_miss"
"870411-4656782",1,1,0,0,0,0,0,1,0,1,"person_id_miss"
"960803-4339297",1,0,0,1,1,0,0,0,0,0,"person_id_miss"
"890123-4167704",0,1,1,1,1,1,0,1,0,0,"person_id_miss"
"571207-2767128",0,1,1,0,1,1,0,1,0,1,"person_id_miss"
"910102-2453103",0,1,1,0,1,0,0,0,0,1,"person_id_miss"
"810118-3331961",1,1,0,0,0,1,1,0,1,0,"person_id_miss"
"790923-1721501",1,0,1,0,0,1,0,1,0,0,"person_id_miss"
"790515-3453955",1,1,1,0,1,1,0,1,0,0,"person_id_miss"
"881008-3505400",1,1,1,0,0,0,0,0,1,0,"person_id_miss"
"900104-3120956",1,1,0,0,0,0,1,0,0,1,"person_id_miss"
"530109-1420654",1,1,1,0,0,1,0,1,1,0,"person_id_miss"
"731123-1911149",1,0,1,0,0,1,1,1,1,1,"person_id_miss"
"570125-2906091",1,0,1,0,1,1,0,1,0,1,"person_id_miss"
"720506-4648787",1,0,1,1,1,0,0,0,0,0,"person_id_miss"
"631021-3622734",1,0,1,1,1,0,0,0,1,0,"person_id_miss"
"810726-1139671",1,0,0,1,1,0,0,0,1,1,"person_id_miss"
"780624-2453966",1,0,1,0,0,1,1,1,1,1,"person_id_miss"
"851206-3411410",0,0,0,1,1,1,0,0,1,0,"person_id_miss"
"971121-2282353",0,1,0,1,0,1,0,1,0,1,"person_id_miss"
"750728-2916647",0,0,0,0,0,0,1,0,0,0,"person_id_miss"
"860814-2820950",0,0,0,0,1,0,0,0,0,1,"person_id_miss"
"640322-2175210",0,0,0,0,1,1,1,0,0,0,"person_id_miss"
"671224-4874066",0,1,0,0,0,1,0,0,1,1,"person_id_miss"
"581203-3814183",1,1,1,0,1,0,0,0,0,1,"person_id_miss"
"700808-3324563",1,1,1,1,0,1,0,1,0,0,"person_id_miss"
"600202-2119868",0,1,1,1,1,1,1,0,1,0,"person_id_miss"
"801023-1120634",1,1,0,1,1,1,1,0,1,0,"person_id_miss"
"510109-2561536",0,1,1,1,1,0,0,0,0,0,"person_id_miss"
"610426-2281199",0,0,1,1,1,0,1,0,0,1,"person_id_miss"
"540617-4396078",1,1,1,0,0,0,1,1,1,0,"person_id_miss"
"830927-2317708",0,1,1,0,1,1,1,0,1,1,"person_id_miss"
"941114-4407337",1,1,1,1,0,1,0,0,1,1,"person_id_miss"
"730825-2508214",0,1,1,0,1,0,1,1,1,0,"person_id_miss"
"600806-1062872",1,1,0,1,1,0,0,1,1,1,"person_id_miss"
"800702-1038371",0,1,1,1,1,1,1,1,1,1,"person_id_miss"
"680102-4118940",0,1,1,0,1,1,0,1,0,1,"person_id_miss"
"690127-3882876",0,0,0,0,0,1,1,1,1,0,"person_id_miss"
"831119-1939983",1,0,1,0,0,0,1,1,0,1,"person_id_miss"
"790707-1052827",0,1,0,0,1,1,0,1,0,0,"person_id_miss"
"991108-2343630",0,1,1,0,0,0,1,0,1,0,"person_id_miss"
"720918-3308345",1,1,1,0,0,0,1,0,1,1,"person_id_miss"
"861224-3065931",0,1,0,1,1,1,1,0,1,1,"person_id_miss"
"701112-1404516",0,1,1,1,1,0,0,0,0,1,"person_id_miss"
"860906-4222781",1,0,0,1,0,0,0,1,1,0,"person_id_miss"
"790727-4372910",1,1,1,0,0,1,0,1,1,0,"person_id_miss"
"870321-4468068",1,1,1,1,1,1,1,0,1,0,"person_id_miss"
"831208-2283005",1,0,0,1,1,0,1,0,1,1,"person_id_miss"
"571124-1550202",1,1,0,1,0,1,0,0,0,0,"person_id_miss"
"751006-2676643",0,1,0,1,0,0,1,0,1,0,"person_id_miss"
"530516-2636881",1,0,0,1,1,0,1,1,0,0,"person_id_miss"
"940310-4968649",0,0,1,0,0,0,0,0,1,1,"person_id_miss"
"560414-1570241",0,1,1,1,1,0,0,0,0,1,"person_id_miss"
"950825-3752065",1,1,1,1,1,0,1,0,1,0,"person_id_miss"
"810705-1918970",1,0,1,1,1,0,1,1,0,0,"person_id_miss"
"760619-2771532",0,1,0,0,0,1,1,0,0,1,"person_id_miss"
"760204-2228411",1,1,1,0,1,1,1,0,1,1,"person_id_miss"
"970410-4252707",0,0,0,1,0,0,0,1,0,0,"person_id_miss"
"910218-2247827",1,0,1,1,1,0,0,1,0,1,"person_id_miss"
"570219-4255380",1,0,1,0,1,0,1,0,0,0,"person_id_miss"
"560106-2089639",1,0,1,1,1,0,1,0,1,1,"person_id_miss"
"570428-4173927",0,1,0,0,1,1,0,0,0,1,"person_id_miss"
"700804-3106848",0,1,1,0,0,1,0,1,1,0,"person_id_miss"
"541004-4743573",0,0,1,0,1,1,1,1,1,0,"person_id_miss"
"810414-4477873",1,0,0,1,1,0,0,0,0,1,"person_id_miss"
"820812-4987835",1,0,0,0,1,1,1,1,1,0,"person_id_miss"
"910607-3428052",1,1,0,0,0,1,0,0,0,0,"person_id_miss"
"590314-4821967",0,1,0,0,1,1,0,0,0,1,"person_id_miss"
"990326-4418260",1,1,1,1,1,0,0,1,1,0,"person_id_miss"
"940423-2006330",0,0,1,1,1,0,1,1,1,0,"person_id_miss"
"500611-3493517",1,1,0,1,0,1,0,0,1,0,"person_id_miss"
"670203-2286249",0,0,1,0,1,1,0,0,1,0,"person_id_miss"
"550612-2162395",1,1,0,0,1,1,0,0,1,1,"person_id_miss"
"970222-3977517",1,0,1,0,1,0,0,1,0,1,"person_id_miss"
"760907-2207599",0,0,1,1,0,1,0,0,0,0,"person_id_miss"
"970324-3336270",1,1,0,0,0,1,1,1,1,0,"person_id_miss"
"580706-3390254",1,0,1,1,1,1,1,0,0,0,"person_id_miss"
"910323-3736767",1,1,0,0,1,1,0,0,0,1,"person_id_miss"
"980605-2340626",0,0,1,1,1,1,0,1,0,0,"person_id_miss"
"510827-3468385",0,1,1,1,0,0,0,0,1,1,"person_id_miss"
"960626-4571865",0,0,1,1,0,0,1,1,0,0,"person_id_miss"
"800314-3303207",0,1,0,1,1,1,0,1,1,0,"person_id_miss"
"880312-1980870",1,0,0,1,0,1,0,1,0,1,"person_id_miss"
"620425-1698533",0,1,1,0,1,0,0,0,1,0,"person_id_miss"
"530706-3861396",1,0,0,1,0,1,1,0,0,1,"person_id_miss"
"510118-3096439",0,0,1,0,0,1,1,1,0,1,"person_id_miss"
"780503-3763164",0,0,0,0,0,0,0,1,0,0,"person_id_miss"
"570916-1151810",0,0,0,1,1,0,0,1,0,1,"person_id_miss"
"670305-3438020",0,0,1,1,0,0,0,0,0,0,"person_id_miss"
"891017-4929135",0,1,0,1,1,0,1,0,1,0,"person_id_miss"
"761026-3259805",0,0,1,1,0,1,1,1,0,1,"person_id_miss"
"611220-1743555",0,1,1,0,1,0,0,1,1,0,"person_id_miss"
"550327-3546462",1,1,0,0,0,1,0,1,0,1,"person_id_miss"
"541118-1768333",1,0,1,0,0,0,1,1,1,1,"person_id_miss"
"570315-1413663",0,0,1,1,0,0,0,0,0,0,"person_id_miss"
"970916-3999312",1,0,0,1,1,0,0,1,0,1,"person_id_miss"
"840818-1229804",1,1,0,0,1,1,0,0,0,1,"person_id_miss"
"771016-4731686",0,0,1,1,0,0,1,1,1,1,"person_id_miss"
"580203-1843221",1,1,1,1,0,1,0,0,1,0,"person_id_miss"
"890425-4059889",0,0,0,0,0,1,1,1,1,1,"person_id_miss"
"710806-2187697",1,0,1,0,1,1,0,0,1,0,"person_id_miss"
"500601-4944620",0,0,1,0,0,0,0,0,1,1,"person_id_miss"
"640119-3171441",0,1,1,0,0,1,1,1,0,1,"person_id_miss"
"510126-2537197",1,0,1,0,1,0,1,1,0,0,"person_id_miss"
"941227-4094280",1,0,1,0,0,1,1,1,1,1,"person_id_miss"
"720728-3347989",0,0,1,1,0,1,0,0,1,0,"person_id_miss"
"760811-2801783",0,1,0,1,0,1,1,0,0,0,"person_id_miss"
"851220-2453737",1,1,1,0,0,1,1,0,1,1,"person_id_miss"
"931108-2076506",1,1,0,0,0,0,1,0,1,0,"person_id_miss"
"711227-3718299",1,0,1,0,1,1,0,0,1,0,"person_id_miss"
"680310-1790794",0,1,1,0,0,0,1,1,1,0,"person_id_miss"
"700828-4289708",1,0,0,1,0,0,1,1,0,0,"person_id_miss"
"710118-2860690",1,0,1,0,0,0,0,1,1,1,"person_id_miss"
"791210-1383821",0,1,1,1,1,1,1,1,1,1,"person_id_miss"
"700505-4463389",1,1,0,1,0,0,1,0,1,0,"person_id_miss"
"770623-1890561",1,1,0,1,1,1,1,1,1,1,"person_id_miss"
"620424-3945340",1,1,0,1,1,0,0,0,1,0,"person_id_miss"
"870905-1789884",0,1,0,1,1,0,1,0,1,1,"person_id_miss"
"740421-4895782",0,0,0,0,0,1,0,0,0,0,"person_id_miss"
"620314-1639662",1,1,0,1,1,1,0,1,0,0,"person_id_miss"
"860718-2051499",0,0,0,0,1,1,1,1,0,1,"person_id_miss"
"840814-3706667",1,0,1,1,1,0,1,1,1,0,"person_id_miss"
"620821-2036238",1,1,1,0,1,1,1,0,0,1,"person_id_miss"
"701124-4681176",1,1,1,1,0,0,0,1,1,1,"person_id_miss"
"530524-2903760",1,0,1,1,1,0,0,1,0,1,"person_id_miss"
"960208-4509840",1,0,1,0,1,1,1,0,0,1,"person_id_miss"
"700611-4991261",0,0,1,0,1,0,1,1,1,1,"person_id_miss"
"900521-4858622",1,1,0,1,1,0,0,0,1,0,"person_id_miss"
"650428-2700807",0,1,1,1,0,1,0,1,0,1,"person_id_miss"
"680924-1556252",0,1,0,0,0,0,0,0,1,1,"person_id_miss"
"840921-4872172",0,0,0,1,1,0,1,1,0,1,"person_id_miss"
"530828-4279726",0,1,0,0,0,1,1,0,0,1,"person_id_miss"
"821112-4418725",0,0,1,1,1,1,0,0,1,0,"person_id_miss"
"580227-4293447",1,1,1,0,0,0,0,1,0,1,"person_id_miss"
"660913-4022624",1,0,1,0,0,0,1,0,0,1,"person_id_miss"
"540901-1540148",1,1,1,1,1,0,0,1,1,0,"person_id_miss"
"810318-1441689",0,0,1,0,0,0,1,0,1,0,"person_id_miss"
"680308-4725365",0,1,0,1,0,1,0,0,0,0,"person_id_miss"
"890208-2093543",0,0,0,0,1,1,0,0,0,0,"person_id_miss"
"540923-2202723",1,1,1,0,1,1,1,0,1,0,"person_id_miss"
"991106-1767265",0,1,1,0,1,0,1,1,0,0,"person_id_miss"
"820825-3953540",0,0,1,1,0,1,1,1,0,1,"person_id_miss"
"990326-4348397",1,1,1,1,0,1,1,1,0,1,"person_id_miss"
"600126-1663149",1,0,0,1,1,0,1,1,1,0,"person_id_miss"
"800513-2158121",1,0,0,0,0,1,1,0,1,1,"person_id_miss"
"770801-1690839",0,1,0,0,1,1,0,1,1,0,"person_id_miss"
"920422-1575446",1,1,0,1,0,0,1,1,1,0,"person_id_miss"
"980703-4640008",1,0,0,1,1,1,1,1,1,1,"person_id_miss"
"610423-3455622",0,1,0,0,1,0,0,0,1,0,"person_id_miss"
"570617-2965768",1,0,1,1,1,0,0,1,1,0,"person_id_miss"
"630315-1121476",1,0,0,1,1,0,0,1,1,1,"person_id_miss"
"940825-1564707",1,1,0,1,0,1,1,1,1,0,"person_id_miss"
"620417-1444425",1,1,0,1,1,0,1,1,0,0,"person_id_miss"
"610613-4764119",1,1,0,1,0,0,1,0,0,0,"person_id_miss"
"830907-4050251",0,0,1,0,0,0,0,1,1,0,"person_id_miss"
"840419-2488537",1,1,1,1,1,1,1,1,1,0,"person_id_miss"
"701112-2543091",0,0,1,1,1,1,1,1,1,0,"person_id_miss"
"940309-1894927",1,0,1,1,0,1,0,0,0,1,"person_id_miss"
"501220-1888331",1,0,0,0,0,1,0,0,1,0,"person_id_miss"
"701221-3915986",1,1,1,0,0,0,1,1,0,0,"person_id_miss"
"610210-1976401",1,0,0,0,1,0,1,0,1,1,"person_id_miss"
"640926-2310910",1,1,1,0,0,0,1,0,1,1,"person_id_miss"
"821201-2464906",0,0,0,0,0,0,0,1,1,0,"person_id_miss"
"831114-2945443",1,0,0,1,0,0,1,1,1,1,"person_id_miss"
"640320-3980952",0,0,1,0,0,0,0,1,0,0,"person_id_miss"
"990511-2287045",0,0,0,0,0,1,0,0,0,0,"person_id_miss"
"950227-2799381",1,1,1,0,1,0,0,1,0,0,"person_id_miss"
"640409-4269943",1,0,0,0,0,0,0,1,1,1,"person_id_miss"
"830614-2478551",0,0,0,0,0,0,1,0,0,1,"person_id_miss"
"540906-2197203",0,1,0,1,0,0,1,0,1,1,"person_id_miss"
"500414-3331214",1,1,0,1,0,0,1,1,1,1,"person_id_miss"
"850914-2391894",0,1,1,0,0,0,1,0,0,1,"person_id_miss"
"700403-2178393",1,1,0,1,0,0,1,1,1,1,"person_id_miss"
"830904-2909983",1,0,1,1,0,1,1,1,1,0,"person_id_miss"
"891107-4268628",1,1,0,0,0,0,1,1,1,1,"person_id_miss"
"760306-2234273",1,1,0,1,0,0,0,1,0,1,"person_id_miss"
"730308-3097203",0,0,1,0,0,0,0,1,1,0,"person_id_miss"
"870125-2148667",1,0,1,0,1,1,0,1,1,1,"person_id_miss"
"840215-2562568",0,1,0,1,1,0,0,1,1,1,"person_id_miss"
"651103-4839689",0,0,0,0,1,1,0,0,1,0,"person_id_miss"
"561208-2613674",0,0,1,0,1,0,0,1,0,0,"person_id_miss"
"650808-4116736",0,1,0,0,1,1,1,0,0,0,"person_id_miss"
"831026-2091489",1,1,0,1,0,0,1,0,1,1,"person_id_miss"
"590811-3667427",1,0,1,1,0,1,1,1,1,0,"person_id_miss"
"551201-3206704",0,0,1,0,1,0,0,1,0,1,"person_id_miss"
"751010-2003938",1,1,1,0,1,1,1,1,0,0,"person_id_miss"
"511105-1246708",0,0,0,1,0,1,1,1,1,1,"person_id_miss"
"871028-2370836",0,0,1,1,0,0,0,1,0,0,"person_id_miss"
"970714-3428881",1,0,0,0,1,1,0,0,0,0,"person_id_miss"
"540523-2539687",1,0,0,1,1,1,0,1,1,1,"person_id_miss"
"980627-2443423",1,0,0,0,1,0,0,0,0,0,"person_id_miss"
"540826-3302452",0,1,1,0,1,1,1,0,1,0,"person_id_miss"
"550728-4562796",1,1,1,0,0,1,1,1,1,1,"person_id_miss"
"710414-3711701",0,0,1,0,1,1,1,0,1,1,"person_id_miss"
"750514-3239422",1,1,0,0,0,0,1,1,0,1,"person_id_miss"
"710603-1397314",0,0,0,1,0,0,1,0,1,0,"person_id_miss"
"810823-2478010",1,1,1,0,1,0,1,1,1,1,"person_id_miss"
"770512-2134367",1,0,1,0,0,0,1,0,0,0,"person_id_miss"
"510709-3074088",0,1,0,0,1,1,1,1,1,0,"person_id_miss"
"950911-1128998",1,1,0,1,1,1,1,1,1,0,"person_id_miss"
"760311-2184116",1,0,0,0,0,1,0,1,0,1,"person_id_miss"
"730524-3242654",1,0,0,1,0,1,1,0,1,1,"person_id_miss"
"830427-2023866",1,0,1,0,1,1,1,0,0,0,"person_id_miss"
"651203-4470975",0,0,0,0,1,0,0,0,0,1,"person_id_miss"
"681206-2257959",1,0,1,1,0,0,0,0,0,0,"person_id_miss"
"730821-3364362",0,1,0,0,0,0,1,1,0,1,"person_id_miss"
"910401-4650724",1,1,1,1,1,1,0,0,1,0,"person_id_miss"
"721020-2126268",1,0,0,1,1,1,1,0,1,1,"person_id_miss"
"861121-3726975",1,1,1,0,1,1,1,1,0,0,"person_id_miss"
"700502-1041632",0,0,0,1,1,1,1,0,1,1,"person_id_miss"
"850922-3116884",1,1,0,0,0,1,0,0,1,0,"person_id_miss"
"550822-1397340",1,1,1,1,0,1,1,1,0,0,"person_id_miss"
"620415-1280208",1,1,0,1,0,1,0,0,0,0,"person_id_miss"
"960215-4375966",0,0,0,1,1,0,1,1,1,0,"person_id_miss"
"780313-4146966",0,1,0,1,1,1,0,0,1,1,"person_id_miss"
"970511-3684665",0,0,1,0,1,1,1,1,1,1,"person_id_miss"
"860122-1600984",1,1,0,0,1,1,1,1,1,0,"person_id_miss"
"590901-1528958",1,1,1,0,1,0,0,1,0,1,"person_id_miss"
"500915-3436818",1,0,0,0,1,0,0,0,0,0,"person_id_miss"
"510814-2543131",0,1,0,0,0,0,0,1,0,1,"person_id_miss"
"870115-3618541",0,1,0,0,0,0,0,1,1,1,"person_id_miss"
"660917-4199420",1,0,0,1,1,0,0,0,0,0,"person_id_miss"
"580315-1640304",1,0,0,1,1,1,0,0,0,0,"person_id_miss"
"781113-2800091",0,1,1,0,0,0,0,0,1,0,"person_id_miss"
"650901-3141277",1,0,0,1,0,1,0,0,1,0,"person_id_miss"
"910826-1399207",1,1,1,1,0,0,1,1,0,1,"person_id_miss"
"720402-3127615",1,0,0,0,0,0,1,1,0,0,"person_id_miss"
"510615-3029050",1,0,1,0,0,1,1,0,0,0,"person_id_miss"
"561001-1735452",1,1,1,0,1,1,1,1,0,0,"person_id_miss"
"630925-2149152",0,0,1,1,1,0,0,1,0,0,"person_id_miss"
"651220-2203927",0,1,0,1,1,1,0,0,0,1,"person_id_miss"
"830222-2667482",1,1,1,0,1,0,0,0,0,0,"person_id_miss"
"581210-4008313",1,1,0,0,1,0,0,1,1,0,"person_id_miss"
"590414-3186060",1,0,0,1,0,1,0,0,0,0,"person_id_miss"
"650114-2535121",1,1,0,1,0,1,0,1,0,0,"person_id_miss"
"930511-4765414",1,1,1,0,1,1,0,1,0,0,"person_id_miss"
"910722-1907570",0,0,0,0,0,1,1,0,0,1,"person_id_miss"
"950907-1810635",1,0,1,1,1,1,1,1,1,1,"person_id_miss"
"660203-4081690",1,1,0,0,1,0,1,1,1,1,"person_id_miss"
"630809-3687074",1,1,1,1,0,0,1,0,1,1,"person_id_miss"
"650706-4704682",1,0,1,0,0,0,1,1,1,0,"person_id_miss"
"990820-2711118",1,1,0,0,0,1,0,0,0,0,"person_id_miss"
"570306-1808200",1,1,1,0,1,1,1,0,0,0,"person_id_miss"
"750815-2256767",0,0,1,0,0,1,0,0,1,0,"person_id_miss"
"641003-3290020",1,0,0,0,1,0,1,1,0,1,"person_id_miss"
"800214-4630716",0,1,0,0,0,1,1,0,1,0,"person_id_miss"
"511119-2796059",0,0,1,1,0,1,0,0,0,1,"person_id_miss"
"580614-1356437",1,0,1,1,1,1,0,0,0,1,"person_id_miss"
"610714-1912531",1,0,0,0,0,1,1,0,1,0,"person_id_miss"
"680717-2078125",0,0,0,1,0,0,0,0,0,1,"person_id_miss"
"860303-1574433",1,0,1,0,0,1,0,0,0,1,"person_id_miss"
"721023-4111199",0,0,1,0,0,1,1,0,1,1,"person_id_miss"
"731104-4278208",0,0,0,1,0,1,0,1,1,0,"person_id_miss"
"871101-4480861",0,0,0,1,0,0,1,1,0,1,"person_id_miss"
"840610-2140418",0,0,0,0,1,0,1,1,0,1,"person_id_miss"
"500517-1214756",1,1,1,1,0,1,1,1,1,1,"person_id_miss"
"860119-3015706",1,0,0,0,1,0,1,1,1,0,"person_id_miss"
"701124-3415753",0,1,1,0,0,1,0,0,0,0,"person_id_miss"
"610521-3606009",1,1,1,1,1,1,1,1,0,0,"person_id_miss"
"990811-2825430",1,0,0,1,1,0,0,1,0,0,"person_id_miss"
"860116-1977435",1,0,0,1,0,0,1,0,1,0,"person_id_miss"
"740123-2686624",1,1,0,0,1,0,0,0,0,1,"person_id_miss"
"820108-3952362",0,1,1,1,1,0,0,0,1,0,"person_id_miss"
"820225-1918567",1,0,1,1,0,1,1,0,1,0,"person_id_miss"
"711219-4296586",1,1,0,1,1,1,0,0,1,1,"person_id_miss"
"721018-1197109",0,1,0,0,1,0,1,1,0,0,"person_id_miss"
"530612-2602380",1,0,0,0,0,0,1,1,0,1,"person_id_miss"
"910919-4941184",0,1,0,1,1,1,0,1,1,0,"person_id_miss"
"721220-3230333",0,0,1,0,0,1,1,1,1,1,"person_id_miss"
"820503-1883395",1,0,1,1,0,0,1,0,1,0,"person_id_miss"
"661107-3616210",1,0,1,1,0,1,0,1,1,1,"person_id_miss"
"690825-2127243",0,1,1,1,1,0,1,1,1,0,"person_id_miss"
"851024-3208811",1,1,0,1,0,1,1,0,1,1,"person_id_miss"
"971228-2600939",0,1,0,0,0,0,0,0,0,1,"person_id_miss"
"551127-2181990",0,0,0,0,0,0,1,1,1,0,"person_id_miss"
"750106-2004066",0,0,0,0,0,1,1,0,1,0,"person_id_miss"
"870319-4805497",1,1,1,0,1,0,1,0,0,0,"person_id_miss"
"500921-4364376",1,1,0,1,0,1,0,0,1,1,"person_id_miss"
"850815-2504520",0,0,0,0,0,0,1,0,1,0,"person_id_miss"
"650607-4698165",0,1,1,0,0,1,1,0,1,0,"person_id_miss"
"630423-3192189",0,0,0,0,0,0,1,0,1,1,"person_id_miss"
"580604-1595554",1,0,0,0,1,1,0,0,0,1,"person_id_miss"
"970811-4545208",1,1,1,1,0,1,1,0,0,1,"person_id_miss"
"911026-3242966",0,1,1,0,1,1,1,0,0,0,"person_id_miss"
"670803-3792592",1,1,1,0,1,1,0,0,0,1,"person_id_miss"
"710125-1197094",1,0,0,1,1,1,0,0,1,0,"person_id_miss"
"700905-3366516",0,1,1,0,0,1,0,0,0,0,"person_id_miss"
"680601-2369068",1,1,1,1,1,0,1,0,1,0,"person_id_miss"
"600917-3706047",1,0,1,1,1,0,0,1,1,0,"person_id_miss"
"530104-3423237",0,1,0,1,1,0,1,1,1,1,"person_id_miss"
"940105-1880847",1,1,1,0,1,0,0,0,0,0,"person_id_miss"
"520927-2350497",1,0,1,1,1,0,1,1,1,0,"person_id_miss"
"950625-1980772",0,0,1,0,1,1,0,1,0,0,"person_id_miss"
"540114-1043744",1,0,0,0,1,0,1,0,0,0,"person_id_miss"
"710416-3542785",1,0,1,1,0,0,1,0,0,1,"person_id_miss"
"641104-1557055",0,0,0,1,1,1,1,0,1,0,"person_id_miss"
"711107-3920427",0,1,1,0,0,1,0,1,1,0,"person_id_miss"
"770818-1855330",1,0,0,0,1,0,1,0,0,0,"person_id_miss"
"630727-3205732",0,1,0,0,0,0,0,1,0,1,"person_id_miss"
"901127-3572779",1,1,1,1,0,1,0,0,1,1,"person_id_miss"
"720621-2343508",0,0,1,0,1,1,0,1,0,1,"person_id_miss"
"570218-3647016",1,0,0,0,0,0,1,0,1,1,"person_id_miss"
"921226-4772498",1,0,1,0,1,0,1,1,0,1,"person_id_miss"
"860827-1785966",1,1,0,0,0,0,1,0,1,0,"person_id_miss"
"680525-4775976",1,1,0,1,1,1,1,1,0,1,"person_id_miss"
"550104-2987741",0,1,0,0,1,0,0,0,0,1,"person_id_miss"
"601005-1767176",1,0,1,1,1,0,0,1,0,0,"person_id_miss"
"520601-1227834",1,1,0,0,1,1,0,1,0,0,"person_id_miss"
"590902-4589208",0,0,0,1,1,1,1,1,0,1,"person_id_miss"
"600425-4588443",0,1,0,1,0,0,0,1,0,1,"person_id_miss"
"861128-1248998",0,1,0,0,1,1,1,0,0,0,"person_id_miss"
"700610-2230034",0,1,0,0,0,1,0,0,0,0,"person_id_miss"
"820428-4712830",0,1,1,1,1,0,1,0,0,1,"person_id_miss"
"740517-2389323",0,1,0,1,1,0,1,1,0,0,"person_id_miss"
"981006-1382517",1,1,1,1,1,1,0,0,0,1,"person_id_miss"
"921126-2119899",0,0,0,0,1,0,0,0,1,1,"person_id_miss"
"590927-1974037",0,0,1,1,1,1,1,1,0,0,"person_id_miss"
"650102-4860104",0,0,0,0,1,1,1,1,1,0,"person_id_miss"
"550420-1900643",0,1,1,0,0,1,1,1,0,1,"person_id_miss"
"720706-4523121",0,1,1,1,0,0,0,0,0,0,"person_id_miss"
"760611-4938214",1,0,1,1,1,0,1,1,1,0,"person_id_miss"
"550314-3266705",1,0,0,1,1,1,0,0,1,0,"person_id_miss"
"801215-1363667",0,0,1,1,1,0,0,1,1,1,"person_id_miss"
"550722-2904812",0,0,0,1,0,1,1,1,1,0,"person_id_miss"
"620213-3509416",1,0,1,0,0,0,1,1,0,1,"person_id_miss"
"550927-3763808",1,1,1,1,0,0,0,0,1,0,"person_id_miss"
"750310-2950012",1,1,1,1,0,1,0,0,0,1,"person_id_miss"
"720222-1125701",0,0,1,1,0,1,1,1,1,1,"person_id_miss"
"650509-3080238",0,1,1,0,1,0,0,1,1,1,"person_id_miss"
"611106-3344845",1,0,0,1,1,1,1,1,1,0,"person_id_miss"
"990718-3346384",0,1,0,0,1,0,1,1,0,0,"person_id_miss"
"750105-1692767",1,1,0,1,0,1,0,1,1,0,"person_id_miss"
"680819-3680011",0,1,1,0,0,1,1,1,1,1,"person_id_miss"
"740703-4967083",1,1,0,1,1,1,1,0,0,1,"person_id_miss"
"960813-2846657",0,1,0,0,0,0,0,0,0,1,"person_id_miss"
"730301-2826861",0,1,1,1,1,0,1,1,1,0,"person_id_miss"
"990325-2330699",0,1,0,0,1,0,1,0,0,1,"person_id_miss"
"551016-1912759",0,0,1,0,0,0,1,0,0,0,"person_id_miss"
"620317-1982399",0,1,0,1,0,1,1,0,1,1,"person_id_miss"
"751021-3630819",1,1,1,0,1,1,0,0,0,1,"person_id_miss"
"760817-3181129",1,0,0,0,0,1,0,0,1,0,"person_id_miss"
"810216-3398276",1,0,0,1,1,0,1,0,0,1,"person_id_miss"
"840402-3764527",0,0,0,0,1,1,0,1,0,1,"person_id_miss"
"930210-4348652",0,1,0,1,0,1,1,0,1,1,"person_id_miss"
"960603-3461072",1,0,0,0,0,1,1,0,1,0,"person_id_miss"
"790927-4770944",0,1,0,0,0,0,0,0,1,1,"person_id_miss"
"730626-2563347",1,1,0,0,0,0,1,0,0,0,"person_id_miss"
"520318-4704244",0,0,1,1,0,1,1,0,1,1,"person_id_miss"
"510228-1670624",1,0,1,0,1,0,1,1,1,1,"person_id_miss"
"561216-4076025",1,0,0,1,1,1,1,0,0,1,"person_id_miss"
"650816-3203729",0,1,1,1,0,0,0,1,1,1,"person_id_miss"
"600209-3492629",1,0,1,1,0,0,0,0,0,1,"person_id_miss"
"880208-2104143",0,1,0,0,0,0,1,1,1,1,"person_id_miss"
"551005-4261064",0,1,0,1,1,1,0,1,0,1,"person_id_miss"
"860719-3849103",0,1,0,0,0,0,0,1,1,0,"person_id_miss"
"810906-4788304",1,0,0,0,0,0,0,1,1,0,"person_id_miss"
"600224-2955802",1,0,1,0,0,1,0,0,1,0,"person_id_miss"
"770519-4408436",1,0,0,1,0,1,0,1,1,0,"person_id_miss"
"841202-4996648",0,1,0,1,1,0,0,0,1,0,"person_id_miss"
"920314-1022371",0,1,1,0,0,0,0,0,1,1,"person_id_miss"
"670703-3354845",0,1,0,1,1,1,0,0,0,1,"person_id_miss"
"930905-1933923",1,0,0,0,1,1,1,1,0,0,"person_id_miss"
"920401-4297605",1,1,1,1,1,1,1,1,1,0,"person_id_miss"
"880114-4635001",1,1,1,1,1,0,1,1,0,1,"person_id_miss"
"820407-4939263",1,0,0,1,0,0,1,0,1,1,"person_id_miss"
"600120-2289016",1,0,1,1,1,0,1,0,0,0,"person_id_miss"
"750509-2133373",1,0,1,0,1,0,1,1,1,0,"person_id_miss"
"540210-4229630",0,1,0,1,0,1,0,1,1,0,"person_id_miss"
"670710-2641376",1,0,0,1,1,1,0,0,0,1,"person_id_miss"
"751020-2350369",1,1,0,1,1,1,1,1,0,1,"person_id_miss"
"841221-4789499",0,1,0,0,0,0,1,1,0,0,"person_id_miss"
"851125-1946919",1,0,1,0,0,0,0,0,0,0,"person_id_miss"
"590302-3356145",0,0,1,1,1,1,1,1,1,0,"person_id_miss"
"500222-2323929",1,0,0,1,1,0,0,1,1,1,"person_id_miss"
"860904-4742023",0,0,0,0,1,0,0,0,0,0,"person_id_miss"
"971013-3500370",1,1,1,1,1,0,1,1,1,0,"person_id_miss"
"690826-4682847",0,0,0,1,0,0,1,0,1,0,"person_id_miss"
"870722-1824085",1,1,0,1,1,1,1,0,0,0,"person_id_miss"
"550728-4093730",1,1,1,0,1,1,0,0,1,1,"person_id_miss"
"900921-2717864",1,0,1,0,0,1,1,0,1,1,"person_id_miss"
"601215-3502791",0,1,0,0,1,1,1,1,0,0,"person_id_miss"
"791219-3607821",1,0,0,1,0,0,0,1,1,1,"person_id_miss"
"601210-2415062",1,0,0,1,0,1,1,0,0,1,"person_id_miss"
"940713-4341386",1,1,1,0,1,0,1,1,1,1,"person_id_miss"
"980904-2078317",0,0,0,1,0,0,1,0,1,0,"person_id_miss"
"850801-4932772",0,0,1,0,0,0,1,1,0,0,"person_id_miss"
"970415-4670168",0,1,1,1,0,1,0,0,1,0,"person_id_miss"
"520205-1113649",0,1,0,0,0,1,1,0,1,1,"person_id_miss"
"641205-3128880",1,0,1,1,0,1,1,1,0,1,"person_id_miss"
"670127-4792023",1,0,1,1,1,0,0,0,1,0,"person_id_miss"
"921023-2715145",0,0,0,1,1,0,1,0,1,0,"person_id_miss"
"680205-2443989",1,1,1,0,0,1,0,0,1,0,"person_id_miss"
"940706-4325871",0,0,0,1,1,0,1,0,1,1,"person_id_miss"
"750321-3034844",1,1,0,1,0,0,0,0,0,1,"person_id_miss"
"650410-3324911",1,1,1,0,1,1,0,1,0,1,"person_id_miss"
"650803-2659683",0,0,0,1,0,1,1,1,1,1,"person_id_miss"
"960106-4665755",0,0,0,1,1,1,0,1,1,1,"person_id_miss"
"740418-4343073",0,1,1,1,0,1,0,1,0,0,"person_id_miss"
"960205-1562576",1,0,1,1,0,1,1,1,0,1,"person_id_miss"
"800902-1558439",0,0,0,1,0,1,0,0,1,0,"person_id_miss"
"510706-3595864",0,1,1,0,1,0,0,1,0,0,"person_id_miss"
"600611-2035261",1,1,0,0,0,1,1,1,0,0,"person_id_miss"
"640903-4897161",1,1,1,1,0,1,0,1,1,0,"person_id_miss"
"791222-3576109",0,0,0,0,1,0,1,0,0,1,"person_id_miss"
"660123-1382889",1,1,0,1,0,0,1,0,0,0,"person_id_miss"
"910911-3616636",0,0,0,0,1,0,1,0,1,1,"person_id_miss"
"601120-1403242",1,1,0,0,0,1,0,1,1,0,"person_id_miss"
"900902-3060160",0,1,0,0,0,1,0,0,0,1,"person_id_miss"
"751219-2083342",1,0,0,0,0,1,1,0,1,0,"person_id_miss"
"860316-3945542",1,0,0,1,0,0,0,1,1,1,"person_id_miss"
"631025-3403563",0,1,1,0,1,0,0,1,1,0,"person_id_miss"
"541025-4561940",1,1,0,0,0,1,1,0,0,0,"person_id_miss"
"661201-4376881",0,0,0,1,0,0,0,1,1,1,"person_id_miss"
"581013-2650752",0,1,1,1,1,0,1,0,0,1,"person_id_miss"
"571207-2883679",1,0,1,1,0,1,0,0,0,1,"person_id_miss"
"540817-2811013",0,0,1,0,0,1,1,1,1,1,"person_id_miss"
"560603-3469291",1,1,1,1,0,0,1,1,1,1,"person_id_miss"
"670902-3351579",0,0,0,0,0,0,1,1,1,0,"person_id_miss"
"691004-4635539",1,1,0,1,1,0,0,1,1,1,"person_id_miss"
"900919-2179795",0,1,0,0,1,0,1,1,1,1,"person_id_miss"
"801020-1820759",1,1,0,1,0,0,0,0,1,1,"person_id_miss"
"960516-2207022",1,1,1,1,0,1,0,0,1,1,"person_id_miss"
"690228-2948466",0,0,1,1,0,0,0,1,0,1,"person_id_miss"
"950117-2873112",0,1,1,1,0,1,1,1,1,0,"person_id_miss"
"711016-4010398",1,0,1,1,0,1,0,0,0,1,"person_id_miss"
"590326-1186780",1,0,0,0,1,0,1,1,1,1,"person_id_miss"
"910301-1507013",0,0,0,0,1,1,1,1,1,1,"person_id_miss"
"610116-2494932",1,0,0,0,1,0,0,0,1,1,"person_id_miss"
"701109-3930974",0,0,0,0,0,0,1,1,0,1,"person_id_miss"
"580607-4459728",1,1,1,0,0,1,0,0,0,1,"person_id_miss"
"591228-1356483",0,0,1,1,1,0,0,0,0,1,"person_id_miss"
"690814-3461326",1,1,0,0,1,0,0,1,1,0,"person_id_miss"
"880822-4506912",0,1,0,0,0,0,0,0,0,1,"person_id_miss"
"860327-2687920",1,1,1,1,0,0,0,0,0,1,"person_id_miss"
"720811-2375428",1,1,1,1,0,0,0,0,0,0,"person_id_miss"
"831101-4169531",0,1,0,0,0,1,0,0,1,0,"person_id_miss"
"651220-4604427",1,0,1,0,0,1,1,1,0,0,"person_id_miss"
"650518-4946114",1,0,1,1,0,1,0,0,1,0,"person_id_miss"
"890401-1294433",1,0,1,0,1,1,0,1,1,1,"person_id_miss"
"760706-4158727",1,1,1,0,0,1,1,0,0,0,"person_id_miss"
"660107-3041096",0,0,1,1,1,1,0,0,0,1,"person_id_miss"
"920804-4449194",0,0,0,1,1,1,1,1,0,1,"person_id_miss"
"990609-4051134",0,0,0,0,1,0,0,0,0,0,"person_id_miss"
"640801-1745229",0,0,1,0,1,1,0,0,1,0,"person_id_miss"
